scope,code,name,kind,profile,timing,model,n,mae_mm,bias_mm,observed_change_mm,predicted_change_mm,observed_per_day_mm,predicted_per_day_mm
all_valid,RDS,Ribera de Sió,daily,linear_5_20_50,end,regulated_hg_one,59,0.4031295322029645,0.09996575540011665,-0.09915254237288132,0.000813213027235328,-0.09915254237288132,0.000813213027235328
all_valid,RDS,Ribera de Sió,daily,linear_5_20_50,end,regulated_hg_two,59,0.38312641159508454,0.09893717619243639,-0.09915254237288132,-0.00021536618044493684,-0.09915254237288132,-0.00021536618044493684
all_valid,RDS,Ribera de Sió,daily,linear_5_20_50,end,regulated_pm_one,59,0.402648504548169,0.100510149229374,-0.09915254237288132,0.0013576068564926723,-0.09915254237288132,0.0013576068564926723
all_valid,RDS,Ribera de Sió,daily,linear_5_20_50,end,regulated_pm_two,59,0.38605113255342166,0.09885247871579197,-0.09915254237288132,-0.0003000636570893442,-0.09915254237288132,-0.0003000636570893442
all_valid,RDS,Ribera de Sió,daily,linear_5_20_50,mean,regulated_hg_one,59,0.3474690965338076,0.10114866500463637,-0.10033545197740104,0.000813213027235328,-0.10033545197740104,0.000813213027235328
all_valid,RDS,Ribera de Sió,daily,linear_5_20_50,mean,regulated_hg_two,59,0.33139825906674725,0.10012008579695611,-0.10033545197740104,-0.00021536618044493684,-0.10033545197740104,-0.00021536618044493684
all_valid,RDS,Ribera de Sió,daily,linear_5_20_50,mean,regulated_pm_one,59,0.3465916781383992,0.1016930588338937,-0.10033545197740104,0.0013576068564926723,-0.10033545197740104,0.0013576068564926723
all_valid,RDS,Ribera de Sió,daily,linear_5_20_50,mean,regulated_pm_two,59,0.33474290831486414,0.1000353883203117,-0.10033545197740104,-0.0003000636570893442,-0.10033545197740104,-0.0003000636570893442
all_valid,RDS,Ribera de Sió,daily,hold_20,end,regulated_hg_one,59,0.4124105221252134,0.10505050116282859,-0.10423728813559326,0.000813213027235328,-0.10423728813559326,0.000813213027235328
all_valid,RDS,Ribera de Sió,daily,hold_20,end,regulated_hg_two,59,0.3914997390869473,0.10402192195514832,-0.10423728813559326,-0.00021536618044493684,-0.10423728813559326,-0.00021536618044493684
all_valid,RDS,Ribera de Sió,daily,hold_20,end,regulated_pm_one,59,0.4120115690295063,0.10559489499208592,-0.10423728813559326,0.0013576068564926723,-0.10423728813559326,0.0013576068564926723
all_valid,RDS,Ribera de Sió,daily,hold_20,end,regulated_pm_two,59,0.39454448028062417,0.10393722447850391,-0.10423728813559326,-0.0003000636570893442,-0.10423728813559326,-0.0003000636570893442
all_valid,RDS,Ribera de Sió,daily,hold_20,mean,regulated_hg_one,59,0.35475487807806316,0.10616278929842181,-0.10534957627118649,0.000813213027235328,-0.10534957627118649,0.000813213027235328
all_valid,RDS,Ribera de Sió,daily,hold_20,mean,regulated_hg_two,59,0.33846040595940197,0.10513421009074154,-0.10534957627118649,-0.00021536618044493684,-0.10534957627118649,-0.00021536618044493684
all_valid,RDS,Ribera de Sió,daily,hold_20,mean,regulated_pm_one,59,0.35387745968265477,0.10670718312767916,-0.10534957627118649,0.0013576068564926723,-0.10534957627118649,0.0013576068564926723
all_valid,RDS,Ribera de Sió,daily,hold_20,mean,regulated_pm_two,59,0.34180505520751886,0.10504951261409715,-0.10534957627118649,-0.0003000636570893442,-0.10534957627118649,-0.0003000636570893442
all_valid,RDS,Ribera de Sió,daily,blocks_10_20,end,regulated_hg_one,59,0.41325797975233186,0.11267761980689636,-0.11186440677966104,0.000813213027235328,-0.11186440677966104,0.000813213027235328
all_valid,RDS,Ribera de Sió,daily,blocks_10_20,end,regulated_hg_two,59,0.39149973908694713,0.1116490405992161,-0.11186440677966104,-0.00021536618044493684,-0.11186440677966104,-0.00021536618044493684
all_valid,RDS,Ribera de Sió,daily,blocks_10_20,end,regulated_pm_one,59,0.4128590266566247,0.11322201363615371,-0.11186440677966104,0.0013576068564926723,-0.11186440677966104,0.0013576068564926723
all_valid,RDS,Ribera de Sió,daily,blocks_10_20,end,regulated_pm_two,59,0.39480193426885696,0.1115643431225717,-0.11186440677966104,-0.0003000636570893442,-0.11186440677966104,-0.0003000636570893442
all_valid,RDS,Ribera de Sió,daily,blocks_10_20,mean,regulated_hg_one,59,0.3521065729933179,0.11331321302723538,-0.11250000000000004,0.000813213027235328,-0.11250000000000004,0.000813213027235328
all_valid,RDS,Ribera de Sió,daily,blocks_10_20,mean,regulated_hg_two,59,0.3356489753940387,0.11228463381955511,-0.11250000000000004,-0.00021536618044493684,-0.11250000000000004,-0.00021536618044493684
all_valid,RDS,Ribera de Sió,daily,blocks_10_20,mean,regulated_pm_one,59,0.3512431954070397,0.11385760685649272,-0.11250000000000004,0.0013576068564926723,-0.11250000000000004,0.0013576068564926723
all_valid,RDS,Ribera de Sió,daily,blocks_10_20,mean,regulated_pm_two,59,0.33875474212295154,0.1121999363429107,-0.11250000000000004,-0.0003000636570893442,-0.11250000000000004,-0.0003000636570893442
all_valid,RDS,Ribera de Sió,recharge_next,linear_5_20_50,end,regulated_hg_one,3,2.5888008686014325,2.5888008686014325,-0.7249999999999991,1.8638008686014333,-0.36249999999999954,0.9319004343007167
all_valid,RDS,Ribera de Sió,recharge_next,linear_5_20_50,end,regulated_hg_two,3,2.2241302197581856,2.2241302197581856,-0.7249999999999991,1.4991302197581866,-0.36249999999999954,0.7495651098790933
all_valid,RDS,Ribera de Sió,recharge_next,linear_5_20_50,end,regulated_pm_one,3,2.630973655402546,2.630973655402546,-0.7249999999999991,1.905973655402547,-0.36249999999999954,0.9529868277012735
all_valid,RDS,Ribera de Sió,recharge_next,linear_5_20_50,end,regulated_pm_two,3,2.280901700632137,2.280901700632137,-0.7249999999999991,1.555901700632138,-0.36249999999999954,0.777950850316069
all_valid,RDS,Ribera de Sió,recharge_next,linear_5_20_50,mean,regulated_hg_one,3,2.370166609342176,2.370166609342176,-0.5063657407407428,1.8638008686014333,-0.2531828703703714,0.9319004343007167
all_valid,RDS,Ribera de Sió,recharge_next,linear_5_20_50,mean,regulated_hg_two,3,2.0054959604989295,2.0054959604989295,-0.5063657407407428,1.4991302197581866,-0.2531828703703714,0.7495651098790933
all_valid,RDS,Ribera de Sió,recharge_next,linear_5_20_50,mean,regulated_pm_one,3,2.41233939614329,2.41233939614329,-0.5063657407407428,1.905973655402547,-0.2531828703703714,0.9529868277012735
all_valid,RDS,Ribera de Sió,recharge_next,linear_5_20_50,mean,regulated_pm_two,3,2.0622674413728808,2.0622674413728808,-0.5063657407407428,1.555901700632138,-0.2531828703703714,0.777950850316069
all_valid,RDS,Ribera de Sió,recharge_next,hold_20,end,regulated_hg_one,3,2.6388008686014306,2.6388008686014306,-0.7749999999999974,1.8638008686014333,-0.3874999999999987,0.9319004343007167
all_valid,RDS,Ribera de Sió,recharge_next,hold_20,end,regulated_hg_two,3,2.274130219758184,2.274130219758184,-0.7749999999999974,1.4991302197581866,-0.3874999999999987,0.7495651098790933
all_valid,RDS,Ribera de Sió,recharge_next,hold_20,end,regulated_pm_one,3,2.6809736554025445,2.6809736554025445,-0.7749999999999974,1.905973655402547,-0.3874999999999987,0.9529868277012735
all_valid,RDS,Ribera de Sió,recharge_next,hold_20,end,regulated_pm_two,3,2.3309017006321353,2.3309017006321353,-0.7749999999999974,1.555901700632138,-0.3874999999999987,0.777950850316069
all_valid,RDS,Ribera de Sió,recharge_next,hold_20,mean,regulated_hg_one,3,2.398870313045879,2.398870313045879,-0.5350694444444457,1.8638008686014333,-0.26753472222222285,0.9319004343007167
all_valid,RDS,Ribera de Sió,recharge_next,hold_20,mean,regulated_hg_two,3,2.0341996642026325,2.0341996642026325,-0.5350694444444457,1.4991302197581866,-0.26753472222222285,0.7495651098790933
all_valid,RDS,Ribera de Sió,recharge_next,hold_20,mean,regulated_pm_one,3,2.441043099846993,2.441043099846993,-0.5350694444444457,1.905973655402547,-0.26753472222222285,0.9529868277012735
all_valid,RDS,Ribera de Sió,recharge_next,hold_20,mean,regulated_pm_two,3,2.0909711450765838,2.0909711450765838,-0.5350694444444457,1.555901700632138,-0.26753472222222285,0.777950850316069
all_valid,RDS,Ribera de Sió,recharge_next,blocks_10_20,end,regulated_hg_one,3,2.6638008686014327,2.6638008686014327,-0.7999999999999995,1.8638008686014333,-0.39999999999999974,0.9319004343007167
all_valid,RDS,Ribera de Sió,recharge_next,blocks_10_20,end,regulated_hg_two,3,2.299130219758186,2.299130219758186,-0.7999999999999995,1.4991302197581866,-0.39999999999999974,0.7495651098790933
all_valid,RDS,Ribera de Sió,recharge_next,blocks_10_20,end,regulated_pm_one,3,2.7059736554025466,2.7059736554025466,-0.7999999999999995,1.905973655402547,-0.39999999999999974,0.9529868277012735
all_valid,RDS,Ribera de Sió,recharge_next,blocks_10_20,end,regulated_pm_two,3,2.3559017006321374,2.3559017006321374,-0.7999999999999995,1.555901700632138,-0.39999999999999974,0.777950850316069
all_valid,RDS,Ribera de Sió,recharge_next,blocks_10_20,mean,regulated_hg_one,3,2.396439757490321,2.396439757490321,-0.5326388888888877,1.8638008686014333,-0.26631944444444383,0.9319004343007167
all_valid,RDS,Ribera de Sió,recharge_next,blocks_10_20,mean,regulated_hg_two,3,2.031769108647074,2.031769108647074,-0.5326388888888877,1.4991302197581866,-0.26631944444444383,0.7495651098790933
all_valid,RDS,Ribera de Sió,recharge_next,blocks_10_20,mean,regulated_pm_one,3,2.4386125442914346,2.4386125442914346,-0.5326388888888877,1.905973655402547,-0.26631944444444383,0.9529868277012735
all_valid,RDS,Ribera de Sió,recharge_next,blocks_10_20,mean,regulated_pm_two,3,2.0885405895210254,2.0885405895210254,-0.5326388888888877,1.555901700632138,-0.26631944444444383,0.777950850316069
all_valid,RDS,Ribera de Sió,recharge_day3,linear_5_20_50,end,regulated_hg_one,3,2.0578732078603403,2.0578732078603403,-0.6861111111111123,1.3717620967492279,-0.17152777777777808,0.34294052418730697
all_valid,RDS,Ribera de Sió,recharge_day3,linear_5_20_50,end,regulated_hg_two,3,1.6162040245913716,1.6162040245913716,-0.6861111111111123,0.9300929134802592,-0.17152777777777808,0.2325232283700648
all_valid,RDS,Ribera de Sió,recharge_day3,linear_5_20_50,end,regulated_pm_one,3,2.124955285908551,2.124955285908551,-0.6861111111111123,1.4388441747974385,-0.17152777777777808,0.35971104369935963
all_valid,RDS,Ribera de Sió,recharge_day3,linear_5_20_50,end,regulated_pm_two,3,1.6816778803717345,1.6816778803717345,-0.6861111111111123,0.9955667692606222,-0.17152777777777808,0.24889169231515554
all_valid,RDS,Ribera de Sió,recharge_day3,linear_5_20_50,mean,regulated_hg_one,3,1.9819472819344204,1.9819472819344204,-0.6101851851851924,1.3717620967492279,-0.1525462962962981,0.34294052418730697
all_valid,RDS,Ribera de Sió,recharge_day3,linear_5_20_50,mean,regulated_hg_two,3,1.5402780986654516,1.5402780986654516,-0.6101851851851924,0.9300929134802592,-0.1525462962962981,0.2325232283700648
all_valid,RDS,Ribera de Sió,recharge_day3,linear_5_20_50,mean,regulated_pm_one,3,2.049029359982631,2.049029359982631,-0.6101851851851924,1.4388441747974385,-0.1525462962962981,0.35971104369935963
all_valid,RDS,Ribera de Sió,recharge_day3,linear_5_20_50,mean,regulated_pm_two,3,1.6057519544458145,1.6057519544458145,-0.6101851851851924,0.9955667692606222,-0.1525462962962981,0.24889169231515554
all_valid,RDS,Ribera de Sió,recharge_day3,hold_20,end,regulated_hg_one,3,2.096762096749227,2.096762096749227,-0.7249999999999991,1.3717620967492279,-0.18124999999999977,0.34294052418730697
all_valid,RDS,Ribera de Sió,recharge_day3,hold_20,end,regulated_hg_two,3,1.6550929134802583,1.6550929134802583,-0.7249999999999991,0.9300929134802592,-0.18124999999999977,0.2325232283700648
all_valid,RDS,Ribera de Sió,recharge_day3,hold_20,end,regulated_pm_one,3,2.1638441747974375,2.1638441747974375,-0.7249999999999991,1.4388441747974385,-0.18124999999999977,0.35971104369935963
all_valid,RDS,Ribera de Sió,recharge_day3,hold_20,end,regulated_pm_two,3,1.7205667692606212,1.7205667692606212,-0.7249999999999991,0.9955667692606222,-0.18124999999999977,0.24889169231515554
all_valid,RDS,Ribera de Sió,recharge_day3,hold_20,mean,regulated_hg_one,3,2.0169009856381175,2.0169009856381175,-0.6451388888888895,1.3717620967492279,-0.16128472222222237,0.34294052418730697
all_valid,RDS,Ribera de Sió,recharge_day3,hold_20,mean,regulated_hg_two,3,1.5752318023691487,1.5752318023691487,-0.6451388888888895,0.9300929134802592,-0.16128472222222237,0.2325232283700648
all_valid,RDS,Ribera de Sió,recharge_day3,hold_20,mean,regulated_pm_one,3,2.083983063686328,2.083983063686328,-0.6451388888888895,1.4388441747974385,-0.16128472222222237,0.35971104369935963
all_valid,RDS,Ribera de Sió,recharge_day3,hold_20,mean,regulated_pm_two,3,1.6407056581495116,1.6407056581495116,-0.6451388888888895,0.9955667692606222,-0.16128472222222237,0.24889169231515554
all_valid,RDS,Ribera de Sió,recharge_day3,blocks_10_20,end,regulated_hg_one,3,2.1717620967492297,2.1717620967492297,-0.8000000000000019,1.3717620967492279,-0.20000000000000048,0.34294052418730697
all_valid,RDS,Ribera de Sió,recharge_day3,blocks_10_20,end,regulated_hg_two,3,1.7300929134802612,1.7300929134802612,-0.8000000000000019,0.9300929134802592,-0.20000000000000048,0.2325232283700648
all_valid,RDS,Ribera de Sió,recharge_day3,blocks_10_20,end,regulated_pm_one,3,2.2388441747974404,2.2388441747974404,-0.8000000000000019,1.4388441747974385,-0.20000000000000048,0.35971104369935963
all_valid,RDS,Ribera de Sió,recharge_day3,blocks_10_20,end,regulated_pm_two,3,1.795566769260624,1.795566769260624,-0.8000000000000019,0.9955667692606222,-0.20000000000000048,0.24889169231515554
all_valid,RDS,Ribera de Sió,recharge_day3,blocks_10_20,mean,regulated_hg_one,3,2.068289874527007,2.068289874527007,-0.6965277777777791,1.3717620967492279,-0.17413194444444477,0.34294052418730697
all_valid,RDS,Ribera de Sió,recharge_day3,blocks_10_20,mean,regulated_hg_two,3,1.6266206912580383,1.6266206912580383,-0.6965277777777791,0.9300929134802592,-0.17413194444444477,0.2325232283700648
all_valid,RDS,Ribera de Sió,recharge_day3,blocks_10_20,mean,regulated_pm_one,3,2.1353719525752175,2.1353719525752175,-0.6965277777777791,1.4388441747974385,-0.17413194444444477,0.35971104369935963
all_valid,RDS,Ribera de Sió,recharge_day3,blocks_10_20,mean,regulated_pm_two,3,1.6920945470384012,1.6920945470384012,-0.6965277777777791,0.9955667692606222,-0.17413194444444477,0.24889169231515554
all_valid,RDS,Ribera de Sió,drying5,linear_5_20_50,end,regulated_hg_one,1,0.014650723314948433,0.014650723314948433,0.6166666666666671,0.6313173899816156,0.12333333333333343,0.12626347799632312
all_valid,RDS,Ribera de Sió,drying5,linear_5_20_50,end,regulated_hg_two,1,0.12755014191831526,-0.12755014191831526,0.6166666666666671,0.4891165247483519,0.12333333333333343,0.09782330494967037
all_valid,RDS,Ribera de Sió,drying5,linear_5_20_50,end,regulated_pm_one,1,0.16807820846468147,0.16807820846468147,0.6166666666666671,0.7847448751313486,0.12333333333333343,0.15694897502626973
all_valid,RDS,Ribera de Sió,drying5,linear_5_20_50,end,regulated_pm_two,1,0.0029955666433655326,0.0029955666433655326,0.6166666666666671,0.6196622333100327,0.12333333333333343,0.12393244666200653
all_valid,RDS,Ribera de Sió,drying5,linear_5_20_50,mean,regulated_hg_one,1,0.29798405664827987,0.29798405664827987,0.3333333333333357,0.6313173899816156,0.06666666666666714,0.12626347799632312
all_valid,RDS,Ribera de Sió,drying5,linear_5_20_50,mean,regulated_hg_two,1,0.15578319141501618,0.15578319141501618,0.3333333333333357,0.4891165247483519,0.06666666666666714,0.09782330494967037
all_valid,RDS,Ribera de Sió,drying5,linear_5_20_50,mean,regulated_pm_one,1,0.4514115417980129,0.4514115417980129,0.3333333333333357,0.7847448751313486,0.06666666666666714,0.15694897502626973
all_valid,RDS,Ribera de Sió,drying5,linear_5_20_50,mean,regulated_pm_two,1,0.28632889997669697,0.28632889997669697,0.3333333333333357,0.6196622333100327,0.06666666666666714,0.12393244666200653
all_valid,RDS,Ribera de Sió,drying5,hold_20,end,regulated_hg_one,1,0.01868261001838656,-0.01868261001838656,0.6500000000000021,0.6313173899816156,0.13000000000000042,0.12626347799632312
all_valid,RDS,Ribera de Sió,drying5,hold_20,end,regulated_hg_two,1,0.16088347525165025,-0.16088347525165025,0.6500000000000021,0.4891165247483519,0.13000000000000042,0.09782330494967037
all_valid,RDS,Ribera de Sió,drying5,hold_20,end,regulated_pm_one,1,0.13474487513134648,0.13474487513134648,0.6500000000000021,0.7847448751313486,0.13000000000000042,0.15694897502626973
all_valid,RDS,Ribera de Sió,drying5,hold_20,end,regulated_pm_two,1,0.03033776668996946,-0.03033776668996946,0.6500000000000021,0.6196622333100327,0.13000000000000042,0.12393244666200653
all_valid,RDS,Ribera de Sió,drying5,hold_20,mean,regulated_hg_one,1,0.30110905664828413,0.30110905664828413,0.33020833333333144,0.6313173899816156,0.06604166666666629,0.12626347799632312
all_valid,RDS,Ribera de Sió,drying5,hold_20,mean,regulated_hg_two,1,0.15890819141502044,0.15890819141502044,0.33020833333333144,0.4891165247483519,0.06604166666666629,0.09782330494967037
all_valid,RDS,Ribera de Sió,drying5,hold_20,mean,regulated_pm_one,1,0.45453654179801717,0.45453654179801717,0.33020833333333144,0.7847448751313486,0.06604166666666629,0.15694897502626973
all_valid,RDS,Ribera de Sió,drying5,hold_20,mean,regulated_pm_two,1,0.28945389997670123,0.28945389997670123,0.33020833333333144,0.6196622333100327,0.06604166666666629,0.12393244666200653
all_valid,RDS,Ribera de Sió,drying5,blocks_10_20,end,regulated_hg_one,1,0.06868261001838016,-0.06868261001838016,0.6999999999999957,0.6313173899816156,0.13999999999999915,0.12626347799632312
all_valid,RDS,Ribera de Sió,drying5,blocks_10_20,end,regulated_hg_two,1,0.21088347525164386,-0.21088347525164386,0.6999999999999957,0.4891165247483519,0.13999999999999915,0.09782330494967037
all_valid,RDS,Ribera de Sió,drying5,blocks_10_20,end,regulated_pm_one,1,0.08474487513135287,0.08474487513135287,0.6999999999999957,0.7847448751313486,0.13999999999999915,0.15694897502626973
all_valid,RDS,Ribera de Sió,drying5,blocks_10_20,end,regulated_pm_two,1,0.08033776668996306,-0.08033776668996306,0.6999999999999957,0.6196622333100327,0.13999999999999915,0.12393244666200653
all_valid,RDS,Ribera de Sió,drying5,blocks_10_20,mean,regulated_hg_one,1,0.27090072331494985,0.27090072331494985,0.3604166666666657,0.6313173899816156,0.07208333333333314,0.12626347799632312
all_valid,RDS,Ribera de Sió,drying5,blocks_10_20,mean,regulated_hg_two,1,0.12869985808168616,0.12869985808168616,0.3604166666666657,0.4891165247483519,0.07208333333333314,0.09782330494967037
all_valid,RDS,Ribera de Sió,drying5,blocks_10_20,mean,regulated_pm_one,1,0.4243282084646829,0.4243282084646829,0.3604166666666657,0.7847448751313486,0.07208333333333314,0.15694897502626973
all_valid,RDS,Ribera de Sió,drying5,blocks_10_20,mean,regulated_pm_two,1,0.25924556664336695,0.25924556664336695,0.3604166666666657,0.6196622333100327,0.07208333333333314,0.12393244666200653
all_valid,CDLP,Clot de Les Peres,daily,linear_5_20_50,end,regulated_hg_one,14,0.3636440697040528,0.07308241778591608,-0.8026819642857141,-0.7295995464997981,-0.8026819642857141,-0.7295995464997981
all_valid,CDLP,Clot de Les Peres,daily,linear_5_20_50,end,regulated_hg_two,14,0.3717258263807087,0.11639732836774239,-0.8026819642857141,-0.6862846359179717,-0.8026819642857141,-0.6862846359179717
all_valid,CDLP,Clot de Les Peres,daily,linear_5_20_50,end,regulated_pm_one,14,0.36643957754853723,0.034910230909926,-0.8026819642857141,-0.7677717333757882,-0.8026819642857141,-0.7677717333757882
all_valid,CDLP,Clot de Les Peres,daily,linear_5_20_50,end,regulated_pm_two,14,0.3854309456286728,0.08367856882799465,-0.8026819642857141,-0.7190033954577195,-0.8026819642857141,-0.7190033954577195
all_valid,CDLP,Clot de Les Peres,daily,linear_5_20_50,mean,regulated_hg_one,14,0.3094940505507386,0.2183179993831386,-0.9479175458829366,-0.7295995464997981,-0.9479175458829366,-0.7295995464997981
all_valid,CDLP,Clot de Les Peres,daily,linear_5_20_50,mean,regulated_hg_two,14,0.3542003551940825,0.2616329099649649,-0.9479175458829366,-0.6862846359179717,-0.9479175458829366,-0.6862846359179717
all_valid,CDLP,Clot de Les Peres,daily,linear_5_20_50,mean,regulated_pm_one,14,0.3089870826236065,0.1801458125071485,-0.9479175458829366,-0.7677717333757882,-0.9479175458829366,-0.7677717333757882
all_valid,CDLP,Clot de Les Peres,daily,linear_5_20_50,mean,regulated_pm_two,14,0.3583014305146872,0.22891415042521715,-0.9479175458829366,-0.7190033954577195,-0.9479175458829366,-0.7190033954577195
all_valid,CDLP,Clot de Les Peres,daily,hold_20,end,regulated_hg_one,14,0.3871341887516745,0.12507277492877383,-0.8546723214285719,-0.7295995464997981,-0.8546723214285719,-0.7295995464997981
all_valid,CDLP,Clot de Les Peres,daily,hold_20,end,regulated_hg_two,14,0.39900880257118765,0.16838768551060013,-0.8546723214285719,-0.6862846359179717,-0.8546723214285719,-0.6862846359179717
all_valid,CDLP,Clot de Les Peres,daily,hold_20,end,regulated_pm_one,14,0.3899296965961589,0.08690058805278375,-0.8546723214285719,-0.7677717333757882,-0.8546723214285719,-0.7677717333757882
all_valid,CDLP,Clot de Les Peres,daily,hold_20,end,regulated_pm_two,14,0.40633221071728115,0.1356689259708524,-0.8546723214285719,-0.7190033954577195,-0.8546723214285719,-0.7190033954577195
all_valid,CDLP,Clot de Les Peres,daily,hold_20,mean,regulated_hg_one,14,0.3519170972786794,0.2795880465061543,-1.0091875930059524,-0.7295995464997981,-1.0091875930059524,-0.7295995464997981
all_valid,CDLP,Clot de Les Peres,daily,hold_20,mean,regulated_hg_two,14,0.3857608933885251,0.3229029570879806,-1.0091875930059524,-0.6862846359179717,-1.0091875930059524,-0.6862846359179717
all_valid,CDLP,Clot de Les Peres,daily,hold_20,mean,regulated_pm_one,14,0.3389283388888336,0.24141585963016424,-1.0091875930059524,-0.7677717333757882,-1.0091875930059524,-0.7677717333757882
all_valid,CDLP,Clot de Les Peres,daily,hold_20,mean,regulated_pm_two,14,0.3898619687091298,0.2901841975482329,-1.0091875930059524,-0.7190033954577195,-1.0091875930059524,-0.7190033954577195
all_valid,CDLP,Clot de Les Peres,daily,blocks_10_20,end,regulated_hg_one,14,0.38775091664585454,0.12496259635734479,-0.8545621428571428,-0.7295995464997981,-0.8545621428571428,-0.7295995464997981
all_valid,CDLP,Clot de Les Peres,daily,blocks_10_20,end,regulated_hg_two,14,0.38313469542832906,0.1682775069391711,-0.8545621428571428,-0.6862846359179717,-0.8545621428571428,-0.6862846359179717
all_valid,CDLP,Clot de Les Peres,daily,blocks_10_20,end,regulated_pm_one,14,0.37574026731643173,0.08679040948135472,-0.8545621428571428,-0.7677717333757882,-0.8545621428571428,-0.7677717333757882
all_valid,CDLP,Clot de Les Peres,daily,blocks_10_20,end,regulated_pm_two,14,0.3854563243330923,0.13555874739942336,-0.8545621428571428,-0.7190033954577195,-0.8545621428571428,-0.7190033954577195
all_valid,CDLP,Clot de Les Peres,daily,blocks_10_20,mean,regulated_hg_one,14,0.33382154296320293,0.28483374219067825,-1.0144332886904763,-0.7295995464997981,-1.0144332886904763,-0.7295995464997981
all_valid,CDLP,Clot de Les Peres,daily,blocks_10_20,mean,regulated_hg_two,14,0.3627810513491205,0.32814865277250455,-1.0144332886904763,-0.6862846359179717,-1.0144332886904763,-0.6862846359179717
all_valid,CDLP,Clot de Les Peres,daily,blocks_10_20,mean,regulated_pm_one,14,0.3100158574470841,0.2466615553146882,-1.0144332886904763,-0.7677717333757882,-1.0144332886904763,-0.7677717333757882
all_valid,CDLP,Clot de Les Peres,daily,blocks_10_20,mean,regulated_pm_two,14,0.3541075155841305,0.2954298932327568,-1.0144332886904763,-0.7190033954577195,-1.0144332886904763,-0.7190033954577195
all_valid,CDLP,Clot de Les Peres,drying5,linear_5_20_50,end,regulated_hg_one,1,0.4676826511073333,-0.4676826511073333,4.57362333333333,4.105940682225997,0.9147246666666661,0.8211881364451994
all_valid,CDLP,Clot de Les Peres,drying5,linear_5_20_50,end,regulated_hg_two,1,0.4481486618126205,-0.4481486618126205,4.57362333333333,4.12547467152071,0.9147246666666661,0.8250949343041419
all_valid,CDLP,Clot de Les Peres,drying5,linear_5_20_50,end,regulated_pm_one,1,0.22976130824173246,-0.22976130824173246,4.57362333333333,4.343862025091598,0.9147246666666661,0.8687724050183195
all_valid,CDLP,Clot de Les Peres,drying5,linear_5_20_50,end,regulated_pm_two,1,0.226949303237312,-0.226949303237312,4.57362333333333,4.346674030096018,0.9147246666666661,0.8693348060192037
all_valid,CDLP,Clot de Les Peres,drying5,linear_5_20_50,mean,regulated_hg_one,1,0.08318039416289658,-0.08318039416289658,4.1891210763888935,4.105940682225997,0.8378242152777787,0.8211881364451994
all_valid,CDLP,Clot de Les Peres,drying5,linear_5_20_50,mean,regulated_hg_two,1,0.06364640486818374,-0.06364640486818374,4.1891210763888935,4.12547467152071,0.8378242152777787,0.8250949343041419
all_valid,CDLP,Clot de Les Peres,drying5,linear_5_20_50,mean,regulated_pm_one,1,0.15474094870270427,0.15474094870270427,4.1891210763888935,4.343862025091598,0.8378242152777787,0.8687724050183195
all_valid,CDLP,Clot de Les Peres,drying5,linear_5_20_50,mean,regulated_pm_two,1,0.15755295370712474,0.15755295370712474,4.1891210763888935,4.346674030096018,0.8378242152777787,0.8693348060192037
all_valid,CDLP,Clot de Les Peres,drying5,hold_20,end,regulated_hg_one,1,0.7888843177740075,-0.7888843177740075,4.894825000000004,4.105940682225997,0.9789650000000009,0.8211881364451994
all_valid,CDLP,Clot de Les Peres,drying5,hold_20,end,regulated_hg_two,1,0.7693503284792946,-0.7693503284792946,4.894825000000004,4.12547467152071,0.9789650000000009,0.8250949343041419
all_valid,CDLP,Clot de Les Peres,drying5,hold_20,end,regulated_pm_one,1,0.5509629749084066,-0.5509629749084066,4.894825000000004,4.343862025091598,0.9789650000000009,0.8687724050183195
all_valid,CDLP,Clot de Les Peres,drying5,hold_20,end,regulated_pm_two,1,0.5481509699039862,-0.5481509699039862,4.894825000000004,4.346674030096018,0.9789650000000009,0.8693348060192037
all_valid,CDLP,Clot de Les Peres,drying5,hold_20,mean,regulated_hg_one,1,0.4091212969406701,-0.4091212969406701,4.515061979166667,4.105940682225997,0.9030123958333334,0.8211881364451994
all_valid,CDLP,Clot de Les Peres,drying5,hold_20,mean,regulated_hg_two,1,0.3895873076459573,-0.3895873076459573,4.515061979166667,4.12547467152071,0.9030123958333334,0.8250949343041419
all_valid,CDLP,Clot de Les Peres,drying5,hold_20,mean,regulated_pm_one,1,0.17119995407506927,-0.17119995407506927,4.515061979166667,4.343862025091598,0.9030123958333334,0.8687724050183195
all_valid,CDLP,Clot de Les Peres,drying5,hold_20,mean,regulated_pm_two,1,0.1683879490706488,-0.1683879490706488,4.515061979166667,4.346674030096018,0.9030123958333334,0.8693348060192037
all_valid,CDLP,Clot de Les Peres,drying5,blocks_10_20,end,regulated_hg_one,1,0.8108393177740059,-0.8108393177740059,4.916780000000003,4.105940682225997,0.9833560000000006,0.8211881364451994
all_valid,CDLP,Clot de Les Peres,drying5,blocks_10_20,end,regulated_hg_two,1,0.791305328479293,-0.791305328479293,4.916780000000003,4.12547467152071,0.9833560000000006,0.8250949343041419
all_valid,CDLP,Clot de Les Peres,drying5,blocks_10_20,end,regulated_pm_one,1,0.572917974908405,-0.572917974908405,4.916780000000003,4.343862025091598,0.9833560000000006,0.8687724050183195
all_valid,CDLP,Clot de Les Peres,drying5,blocks_10_20,end,regulated_pm_two,1,0.5701059699039845,-0.5701059699039845,4.916780000000003,4.346674030096018,0.9833560000000006,0.8693348060192037
all_valid,CDLP,Clot de Les Peres,drying5,blocks_10_20,mean,regulated_hg_one,1,0.5978164011073392,-0.5978164011073392,4.703757083333336,4.105940682225997,0.9407514166666673,0.8211881364451994
all_valid,CDLP,Clot de Les Peres,drying5,blocks_10_20,mean,regulated_hg_two,1,0.5782824118126264,-0.5782824118126264,4.703757083333336,4.12547467152071,0.9407514166666673,0.8250949343041419
all_valid,CDLP,Clot de Les Peres,drying5,blocks_10_20,mean,regulated_pm_one,1,0.3598950582417384,-0.3598950582417384,4.703757083333336,4.343862025091598,0.9407514166666673,0.8687724050183195
all_valid,CDLP,Clot de Les Peres,drying5,blocks_10_20,mean,regulated_pm_two,1,0.3570830532373179,-0.3570830532373179,4.703757083333336,4.346674030096018,0.9407514166666673,0.8693348060192037
all_valid,SCA,Serra de Costa Ampla,daily,linear_5_20_50,end,regulated_hg_one,59,1.2872229582166004,0.07340198992358905,-0.056638418079095955,0.01676357184449309,-0.056638418079095955,0.01676357184449309
all_valid,SCA,Serra de Costa Ampla,daily,linear_5_20_50,end,regulated_hg_two,59,1.2488650195758582,0.07984835086385347,-0.056638418079095955,0.02320993278475751,-0.056638418079095955,0.02320993278475751
all_valid,SCA,Serra de Costa Ampla,daily,linear_5_20_50,end,regulated_pm_one,59,1.2996439770459431,0.07003691229682106,-0.056638418079095955,0.013398494217725113,-0.056638418079095955,0.013398494217725113
all_valid,SCA,Serra de Costa Ampla,daily,linear_5_20_50,end,regulated_pm_two,59,1.2615722656627946,0.07659696987922934,-0.056638418079095955,0.01995855180013338,-0.056638418079095955,0.01995855180013338
all_valid,SCA,Serra de Costa Ampla,daily,linear_5_20_50,mean,regulated_hg_one,59,1.2631515191949607,0.07048885433036883,-0.05372528248587574,0.01676357184449309,-0.05372528248587574,0.01676357184449309
all_valid,SCA,Serra de Costa Ampla,daily,linear_5_20_50,mean,regulated_hg_two,59,1.2257501832387503,0.07693521527063325,-0.05372528248587574,0.02320993278475751,-0.05372528248587574,0.02320993278475751
all_valid,SCA,Serra de Costa Ampla,daily,linear_5_20_50,mean,regulated_pm_one,59,1.2719199920765816,0.06712377670360085,-0.05372528248587574,0.013398494217725113,-0.05372528248587574,0.013398494217725113
all_valid,SCA,Serra de Costa Ampla,daily,linear_5_20_50,mean,regulated_pm_two,59,1.2345693377363318,0.07368383428600912,-0.05372528248587574,0.01995855180013338,-0.05372528248587574,0.01995855180013338
all_valid,SCA,Serra de Costa Ampla,daily,hold_20,end,regulated_hg_one,59,1.2981890783166592,0.07396696167500157,-0.057203389830508475,0.01676357184449309,-0.057203389830508475,0.01676357184449309
all_valid,SCA,Serra de Costa Ampla,daily,hold_20,end,regulated_hg_two,59,1.2601644546041062,0.08041332261526599,-0.057203389830508475,0.02320993278475751,-0.057203389830508475,0.02320993278475751
all_valid,SCA,Serra de Costa Ampla,daily,hold_20,end,regulated_pm_one,59,1.3116076723380632,0.07060188404823359,-0.057203389830508475,0.013398494217725113,-0.057203389830508475,0.013398494217725113
all_valid,SCA,Serra de Costa Ampla,daily,hold_20,end,regulated_pm_two,59,1.2728717006910426,0.07716194163064186,-0.057203389830508475,0.01995855180013338,-0.057203389830508475,0.01995855180013338
all_valid,SCA,Serra de Costa Ampla,daily,hold_20,mean,regulated_hg_one,59,1.270919880776881,0.07115975828517121,-0.05439618644067811,0.01676357184449309,-0.05439618644067811,0.01676357184449309
all_valid,SCA,Serra de Costa Ampla,daily,hold_20,mean,regulated_hg_two,59,1.2349704647149007,0.07760611922543562,-0.05439618644067811,0.02320993278475751,-0.05439618644067811,0.02320993278475751
all_valid,SCA,Serra de Costa Ampla,daily,hold_20,mean,regulated_pm_one,59,1.2796883536585018,0.06779468065840323,-0.05439618644067811,0.013398494217725113,-0.05439618644067811,0.013398494217725113
all_valid,SCA,Serra de Costa Ampla,daily,hold_20,mean,regulated_pm_two,59,1.2449178025802754,0.0743547382408115,-0.05439618644067811,0.01995855180013338,-0.05439618644067811,0.01995855180013338
all_valid,SCA,Serra de Costa Ampla,daily,blocks_10_20,end,regulated_hg_one,59,1.2742022131140551,0.0726957752343238,-0.0559322033898307,0.01676357184449309,-0.0559322033898307,0.01676357184449309
all_valid,SCA,Serra de Costa Ampla,daily,blocks_10_20,end,regulated_hg_two,59,1.239653702197,0.0791421361745882,-0.0559322033898307,0.02320993278475751,-0.0559322033898307,0.02320993278475751
all_valid,SCA,Serra de Costa Ampla,daily,blocks_10_20,end,regulated_pm_one,59,1.2884857849555482,0.06933069760755581,-0.0559322033898307,0.013398494217725113,-0.0559322033898307,0.013398494217725113
all_valid,SCA,Serra de Costa Ampla,daily,blocks_10_20,end,regulated_pm_two,59,1.2528035005722151,0.07589075518996409,-0.0559322033898307,0.01995855180013338,-0.0559322033898307,0.01995855180013338
all_valid,SCA,Serra de Costa Ampla,daily,blocks_10_20,mean,regulated_hg_one,59,1.2643596031589712,0.07004747014957803,-0.05328389830508494,0.01676357184449309,-0.05328389830508494,0.01676357184449309
all_valid,SCA,Serra de Costa Ampla,daily,blocks_10_20,mean,regulated_hg_two,59,1.2320749844889125,0.07649383108984245,-0.05328389830508494,0.02320993278475751,-0.05328389830508494,0.02320993278475751
all_valid,SCA,Serra de Costa Ampla,daily,blocks_10_20,mean,regulated_pm_one,59,1.2743401357083008,0.06668239252281005,-0.05328389830508494,0.013398494217725113,-0.05328389830508494,0.013398494217725113
all_valid,SCA,Serra de Costa Ampla,daily,blocks_10_20,mean,regulated_pm_two,59,1.2420223223542872,0.07324245010521832,-0.05328389830508494,0.01995855180013338,-0.05328389830508494,0.01995855180013338
all_valid,SCA,Serra de Costa Ampla,recharge_next,linear_5_20_50,end,regulated_hg_one,3,4.905040577160409,4.905040577160409,2.241666666666658,7.146707243827066,1.1841666666666621,3.4168845711428855
all_valid,SCA,Serra de Costa Ampla,recharge_next,linear_5_20_50,end,regulated_hg_two,3,4.571033338481641,4.571033338481641,2.241666666666658,6.812700005148299,1.1841666666666621,3.3253638210417087
all_valid,SCA,Serra de Costa Ampla,recharge_next,linear_5_20_50,end,regulated_pm_one,3,5.024928449120685,5.024928449120685,2.241666666666658,7.266595115787342,1.1841666666666621,3.485575940341618
all_valid,SCA,Serra de Costa Ampla,recharge_next,linear_5_20_50,end,regulated_pm_two,3,4.694570878740059,4.694570878740059,2.241666666666658,6.936237545406717,1.1841666666666621,3.397029803054263
all_valid,SCA,Serra de Costa Ampla,recharge_next,linear_5_20_50,mean,regulated_hg_one,3,4.926047521604842,4.926047521604842,2.220659722222225,7.146707243827066,1.1562673611111127,3.4168845711428855
all_valid,SCA,Serra de Costa Ampla,recharge_next,linear_5_20_50,mean,regulated_hg_two,3,4.592040282926074,4.592040282926074,2.220659722222225,6.812700005148299,1.1562673611111127,3.3253638210417087
all_valid,SCA,Serra de Costa Ampla,recharge_next,linear_5_20_50,mean,regulated_pm_one,3,5.0459353935651166,5.0459353935651166,2.220659722222225,7.266595115787342,1.1562673611111127,3.485575940341618
all_valid,SCA,Serra de Costa Ampla,recharge_next,linear_5_20_50,mean,regulated_pm_two,3,4.715577823184492,4.715577823184492,2.220659722222225,6.936237545406717,1.1562673611111127,3.397029803054263
all_valid,SCA,Serra de Costa Ampla,recharge_next,hold_20,end,regulated_hg_one,3,4.788373910493732,4.788373910493732,2.3583333333333343,7.146707243827066,1.244166666666667,3.4168845711428855
all_valid,SCA,Serra de Costa Ampla,recharge_next,hold_20,end,regulated_hg_two,3,4.454366671814965,4.454366671814965,2.3583333333333343,6.812700005148299,1.244166666666667,3.3253638210417087
all_valid,SCA,Serra de Costa Ampla,recharge_next,hold_20,end,regulated_pm_one,3,4.908261782454008,4.908261782454008,2.3583333333333343,7.266595115787342,1.244166666666667,3.485575940341618
all_valid,SCA,Serra de Costa Ampla,recharge_next,hold_20,end,regulated_pm_two,3,4.577904212073383,4.577904212073383,2.3583333333333343,6.936237545406717,1.244166666666667,3.397029803054263
all_valid,SCA,Serra de Costa Ampla,recharge_next,hold_20,mean,regulated_hg_one,3,4.79028363271596,4.79028363271596,2.3564236111111065,7.146707243827066,1.224670138888887,3.4168845711428855
all_valid,SCA,Serra de Costa Ampla,recharge_next,hold_20,mean,regulated_hg_two,3,4.456276394037192,4.456276394037192,2.3564236111111065,6.812700005148299,1.224670138888887,3.3253638210417087
all_valid,SCA,Serra de Costa Ampla,recharge_next,hold_20,mean,regulated_pm_one,3,4.910171504676235,4.910171504676235,2.3564236111111065,7.266595115787342,1.224670138888887,3.485575940341618
all_valid,SCA,Serra de Costa Ampla,recharge_next,hold_20,mean,regulated_pm_two,3,4.57981393429561,4.57981393429561,2.3564236111111065,6.936237545406717,1.224670138888887,3.397029803054263
all_valid,SCA,Serra de Costa Ampla,recharge_next,blocks_10_20,end,regulated_hg_one,3,4.480040577160409,4.480040577160409,2.666666666666657,7.146707243827066,1.4033333333333289,3.4168845711428855
all_valid,SCA,Serra de Costa Ampla,recharge_next,blocks_10_20,end,regulated_hg_two,3,4.146033338481642,4.146033338481642,2.666666666666657,6.812700005148299,1.4033333333333289,3.3253638210417087
all_valid,SCA,Serra de Costa Ampla,recharge_next,blocks_10_20,end,regulated_pm_one,3,4.599928449120685,4.599928449120685,2.666666666666657,7.266595115787342,1.4033333333333289,3.485575940341618
all_valid,SCA,Serra de Costa Ampla,recharge_next,blocks_10_20,end,regulated_pm_two,3,4.26957087874006,4.26957087874006,2.666666666666657,6.936237545406717,1.4033333333333289,3.397029803054263
all_valid,SCA,Serra de Costa Ampla,recharge_next,blocks_10_20,mean,regulated_hg_one,3,4.4265683549381745,4.4265683549381745,2.720138888888892,7.146707243827066,1.4061111111111122,3.4168845711428855
all_valid,SCA,Serra de Costa Ampla,recharge_next,blocks_10_20,mean,regulated_hg_two,3,4.092561116259406,4.092561116259406,2.720138888888892,6.812700005148299,1.4061111111111122,3.3253638210417087
all_valid,SCA,Serra de Costa Ampla,recharge_next,blocks_10_20,mean,regulated_pm_one,3,4.546456226898449,4.546456226898449,2.720138888888892,7.266595115787342,1.4061111111111122,3.485575940341618
all_valid,SCA,Serra de Costa Ampla,recharge_next,blocks_10_20,mean,regulated_pm_two,3,4.216098656517825,4.216098656517825,2.720138888888892,6.936237545406717,1.4061111111111122,3.397029803054263
all_valid,SCA,Serra de Costa Ampla,recharge_day3,linear_5_20_50,end,regulated_hg_one,3,1.7932484942246485,1.6801931607654732,3.1361111111111106,4.816304271876584,0.7762896825396823,1.2023945084520777
all_valid,SCA,Serra de Costa Ampla,recharge_day3,linear_5_20_50,end,regulated_hg_two,3,1.8761040300232312,1.3489601555002375,3.1361111111111106,4.485071266611348,0.7762896825396823,1.1417695718356164
all_valid,SCA,Serra de Costa Ampla,recharge_day3,linear_5_20_50,end,regulated_pm_one,3,1.6687448804170333,1.4861099956333932,3.1361111111111106,4.622221106744504,0.7762896825396823,1.1576011931328685
all_valid,SCA,Serra de Costa Ampla,recharge_day3,linear_5_20_50,end,regulated_pm_two,3,1.732369522186567,1.1491303683244671,3.1361111111111106,4.2852414794355775,0.7762896825396823,1.094817229291983
all_valid,SCA,Serra de Costa Ampla,recharge_day3,linear_5_20_50,mean,regulated_hg_one,3,2.0372878460765067,1.9443714015062208,2.871932870370363,4.816304271876584,0.7113239914021146,1.2023945084520777
all_valid,SCA,Serra de Costa Ampla,recharge_day3,linear_5_20_50,mean,regulated_hg_two,3,2.1201433818750894,1.613138396240985,2.871932870370363,4.485071266611348,0.7113239914021146,1.1417695718356164
all_valid,SCA,Serra de Costa Ampla,recharge_day3,linear_5_20_50,mean,regulated_pm_one,3,1.9127842322688913,1.7502882363741408,2.871932870370363,4.622221106744504,0.7113239914021146,1.1576011931328685
all_valid,SCA,Serra de Costa Ampla,recharge_day3,linear_5_20_50,mean,regulated_pm_two,3,1.9764088740384251,1.4133086090652147,2.871932870370363,4.2852414794355775,0.7113239914021146,1.094817229291983
all_valid,SCA,Serra de Costa Ampla,recharge_day3,hold_20,end,regulated_hg_one,3,1.6765818275579814,1.541304271876585,3.2749999999999986,4.816304271876584,0.8098214285714282,1.2023945084520777
all_valid,SCA,Serra de Costa Ampla,recharge_day3,hold_20,end,regulated_hg_two,3,1.759437363356564,1.2100712666113493,3.2749999999999986,4.485071266611348,0.8098214285714282,1.1417695718356164
all_valid,SCA,Serra de Costa Ampla,recharge_day3,hold_20,end,regulated_pm_one,3,1.5520782137503661,1.3472211067445052,3.2749999999999986,4.622221106744504,0.8098214285714282,1.1576011931328685
all_valid,SCA,Serra de Costa Ampla,recharge_day3,hold_20,end,regulated_pm_two,3,1.6157028555198998,1.010241479435579,3.2749999999999986,4.2852414794355775,0.8098214285714282,1.094817229291983
all_valid,SCA,Serra de Costa Ampla,recharge_day3,hold_20,mean,regulated_hg_one,3,1.9347415497802103,1.8175195496543675,2.9987847222222164,4.816304271876584,0.7417348710317444,1.2023945084520777
all_valid,SCA,Serra de Costa Ampla,recharge_day3,hold_20,mean,regulated_hg_two,3,2.0175970855787932,1.4862865443891318,2.9987847222222164,4.485071266611348,0.7417348710317444,1.1417695718356164
all_valid,SCA,Serra de Costa Ampla,recharge_day3,hold_20,mean,regulated_pm_one,3,1.810237935972595,1.6234363845222874,2.9987847222222164,4.622221106744504,0.7417348710317444,1.1576011931328685
all_valid,SCA,Serra de Costa Ampla,recharge_day3,hold_20,mean,regulated_pm_two,3,1.873862577742129,1.2864567572133614,2.9987847222222164,4.2852414794355775,0.7417348710317444,1.094817229291983
all_valid,SCA,Serra de Costa Ampla,recharge_day3,blocks_10_20,end,regulated_hg_one,3,1.4182484942246532,1.3163042718765883,3.499999999999995,4.816304271876584,0.8678571428571416,1.2023945084520777
all_valid,SCA,Serra de Costa Ampla,recharge_day3,blocks_10_20,end,regulated_hg_two,3,1.501104030023236,0.9850712666113527,3.499999999999995,4.485071266611348,0.8678571428571416,1.1417695718356164
all_valid,SCA,Serra de Costa Ampla,recharge_day3,blocks_10_20,end,regulated_pm_one,3,1.293744880417038,1.1222211067445085,3.499999999999995,4.622221106744504,0.8678571428571416,1.1576011931328685
all_valid,SCA,Serra de Costa Ampla,recharge_day3,blocks_10_20,end,regulated_pm_two,3,1.3573695221865718,0.7852414794355823,3.499999999999995,4.2852414794355775,0.8678571428571416,1.094817229291983
all_valid,SCA,Serra de Costa Ampla,recharge_day3,blocks_10_20,mean,regulated_hg_one,3,1.691859605335757,1.5801931607654693,3.2361111111111143,4.816304271876584,0.8013640873015879,1.2023945084520777
all_valid,SCA,Serra de Costa Ampla,recharge_day3,blocks_10_20,mean,regulated_hg_two,3,1.7747151411343398,1.2489601555002336,3.2361111111111143,4.485071266611348,0.8013640873015879,1.1417695718356164
all_valid,SCA,Serra de Costa Ampla,recharge_day3,blocks_10_20,mean,regulated_pm_one,3,1.5673559915281419,1.3861099956333895,3.2361111111111143,4.622221106744504,0.8013640873015879,1.1576011931328685
all_valid,SCA,Serra de Costa Ampla,recharge_day3,blocks_10_20,mean,regulated_pm_two,3,1.6309806332976755,1.0491303683244633,3.2361111111111143,4.2852414794355775,0.8013640873015879,1.094817229291983
all_valid,SCA,Serra de Costa Ampla,drying5,linear_5_20_50,end,regulated_hg_one,1,6.733362795049819,6.733362795049819,1.2666666666666657,8.000029461716485,0.25333333333333313,1.600005892343297
all_valid,SCA,Serra de Costa Ampla,drying5,linear_5_20_50,end,regulated_hg_two,1,6.414038515639387,6.414038515639387,1.2666666666666657,7.680705182306053,0.25333333333333313,1.5361410364612105
all_valid,SCA,Serra de Costa Ampla,drying5,linear_5_20_50,end,regulated_pm_one,1,6.8765879588754295,6.8765879588754295,1.2666666666666657,8.143254625542095,0.25333333333333313,1.6286509251084191
all_valid,SCA,Serra de Costa Ampla,drying5,linear_5_20_50,end,regulated_pm_two,1,6.448603396891048,6.448603396891048,1.2666666666666657,7.715270063557714,0.25333333333333313,1.5430540127115429
all_valid,SCA,Serra de Costa Ampla,drying5,linear_5_20_50,mean,regulated_hg_one,1,7.436140572827602,7.436140572827602,0.5638888888888829,8.000029461716485,0.11277777777777657,1.600005892343297
all_valid,SCA,Serra de Costa Ampla,drying5,linear_5_20_50,mean,regulated_hg_two,1,7.11681629341717,7.11681629341717,0.5638888888888829,7.680705182306053,0.11277777777777657,1.5361410364612105
all_valid,SCA,Serra de Costa Ampla,drying5,linear_5_20_50,mean,regulated_pm_one,1,7.579365736653212,7.579365736653212,0.5638888888888829,8.143254625542095,0.11277777777777657,1.6286509251084191
all_valid,SCA,Serra de Costa Ampla,drying5,linear_5_20_50,mean,regulated_pm_two,1,7.151381174668831,7.151381174668831,0.5638888888888829,7.715270063557714,0.11277777777777657,1.5430540127115429
all_valid,SCA,Serra de Costa Ampla,drying5,hold_20,end,regulated_hg_one,1,6.600029461716494,6.600029461716494,1.3999999999999915,8.000029461716485,0.2799999999999983,1.600005892343297
all_valid,SCA,Serra de Costa Ampla,drying5,hold_20,end,regulated_hg_two,1,6.280705182306061,6.280705182306061,1.3999999999999915,7.680705182306053,0.2799999999999983,1.5361410364612105
all_valid,SCA,Serra de Costa Ampla,drying5,hold_20,end,regulated_pm_one,1,6.743254625542104,6.743254625542104,1.3999999999999915,8.143254625542095,0.2799999999999983,1.6286509251084191
all_valid,SCA,Serra de Costa Ampla,drying5,hold_20,end,regulated_pm_two,1,6.315270063557723,6.315270063557723,1.3999999999999915,7.715270063557714,0.2799999999999983,1.5430540127115429
all_valid,SCA,Serra de Costa Ampla,drying5,hold_20,mean,regulated_hg_one,1,7.323987795049822,7.323987795049822,0.6760416666666629,8.000029461716485,0.13520833333333257,1.600005892343297
all_valid,SCA,Serra de Costa Ampla,drying5,hold_20,mean,regulated_hg_two,1,7.00466351563939,7.00466351563939,0.6760416666666629,7.680705182306053,0.13520833333333257,1.5361410364612105
all_valid,SCA,Serra de Costa Ampla,drying5,hold_20,mean,regulated_pm_one,1,7.467212958875432,7.467212958875432,0.6760416666666629,8.143254625542095,0.13520833333333257,1.6286509251084191
all_valid,SCA,Serra de Costa Ampla,drying5,hold_20,mean,regulated_pm_two,1,7.039228396891051,7.039228396891051,0.6760416666666629,7.715270063557714,0.13520833333333257,1.5430540127115429
all_valid,SCA,Serra de Costa Ampla,drying5,blocks_10_20,end,regulated_hg_one,1,6.400029461716491,6.400029461716491,1.5999999999999943,8.000029461716485,0.31999999999999884,1.600005892343297
all_valid,SCA,Serra de Costa Ampla,drying5,blocks_10_20,end,regulated_hg_two,1,6.080705182306058,6.080705182306058,1.5999999999999943,7.680705182306053,0.31999999999999884,1.5361410364612105
all_valid,SCA,Serra de Costa Ampla,drying5,blocks_10_20,end,regulated_pm_one,1,6.543254625542101,6.543254625542101,1.5999999999999943,8.143254625542095,0.31999999999999884,1.6286509251084191
all_valid,SCA,Serra de Costa Ampla,drying5,blocks_10_20,end,regulated_pm_two,1,6.11527006355772,6.11527006355772,1.5999999999999943,7.715270063557714,0.31999999999999884,1.5430540127115429
all_valid,SCA,Serra de Costa Ampla,drying5,blocks_10_20,mean,regulated_hg_one,1,7.122946128383154,7.122946128383154,0.8770833333333314,8.000029461716485,0.17541666666666628,1.600005892343297
all_valid,SCA,Serra de Costa Ampla,drying5,blocks_10_20,mean,regulated_hg_two,1,6.803621848972721,6.803621848972721,0.8770833333333314,7.680705182306053,0.17541666666666628,1.5361410364612105
all_valid,SCA,Serra de Costa Ampla,drying5,blocks_10_20,mean,regulated_pm_one,1,7.266171292208764,7.266171292208764,0.8770833333333314,8.143254625542095,0.17541666666666628,1.6286509251084191
all_valid,SCA,Serra de Costa Ampla,drying5,blocks_10_20,mean,regulated_pm_two,1,6.838186730224383,6.838186730224383,0.8770833333333314,7.715270063557714,0.17541666666666628,1.5430540127115429
all_valid,CMN,Camí dels Nerets,daily,linear_5_20_50,end,regulated_hg_one,59,0.9926025888186062,0.016475870003169392,-0.014406779661016974,0.0020690903421524175,-0.014406779661016974,0.0020690903421524175
all_valid,CMN,Camí dels Nerets,daily,linear_5_20_50,end,regulated_hg_two,59,0.9402812775513015,0.014118375169599065,-0.014406779661016974,-0.00028840449141791013,-0.014406779661016974,-0.00028840449141791013
all_valid,CMN,Camí dels Nerets,daily,linear_5_20_50,end,regulated_pm_one,59,0.9995418691623916,0.017237929241309877,-0.014406779661016974,0.0028311495802929056,-0.014406779661016974,0.0028311495802929056
all_valid,CMN,Camí dels Nerets,daily,linear_5_20_50,end,regulated_pm_two,59,0.9534377410979056,0.01395653958483792,-0.014406779661016974,-0.00045024007617906823,-0.014406779661016974,-0.00045024007617906823
all_valid,CMN,Camí dels Nerets,daily,linear_5_20_50,mean,regulated_hg_one,59,0.9363837458621819,0.0161786713214368,-0.014109580979284383,0.0020690903421524175,-0.014109580979284383,0.0020690903421524175
all_valid,CMN,Camí dels Nerets,daily,linear_5_20_50,mean,regulated_hg_two,59,0.885005122796412,0.013821176487866472,-0.014109580979284383,-0.00028840449141791013,-0.014109580979284383,-0.00028840449141791013
all_valid,CMN,Camí dels Nerets,daily,linear_5_20_50,mean,regulated_pm_one,59,0.9407601529155901,0.01694073055957729,-0.014109580979284383,0.0028311495802929056,-0.014109580979284383,0.0028311495802929056
all_valid,CMN,Camí dels Nerets,daily,linear_5_20_50,mean,regulated_pm_two,59,0.8976749834216623,0.013659340903105313,-0.014109580979284383,-0.00045024007617906823,-0.014109580979284383,-0.00045024007617906823
all_valid,CMN,Camí dels Nerets,daily,hold_20,end,regulated_hg_one,59,0.9970558667702512,0.01647587000316933,-0.014406779661016913,0.0020690903421524175,-0.014406779661016913,0.0020690903421524175
all_valid,CMN,Camí dels Nerets,daily,hold_20,end,regulated_hg_two,59,0.9448010515626004,0.014118375169598988,-0.014406779661016913,-0.00028840449141791013,-0.014406779661016913,-0.00028840449141791013
all_valid,CMN,Camí dels Nerets,daily,hold_20,end,regulated_pm_one,59,1.0037283326084645,0.01723792924130982,-0.014406779661016913,0.0028311495802929056,-0.014406779661016913,0.0028311495802929056
all_valid,CMN,Camí dels Nerets,daily,hold_20,end,regulated_pm_two,59,0.9579575151092045,0.01395653958483786,-0.014406779661016913,-0.00045024007617906823,-0.014406779661016913,-0.00045024007617906823
all_valid,CMN,Camí dels Nerets,daily,hold_20,mean,regulated_hg_one,59,0.9370781903066256,0.016166901076615697,-0.01409781073446328,0.0020690903421524175,-0.01409781073446328,0.0020690903421524175
all_valid,CMN,Camí dels Nerets,daily,hold_20,mean,regulated_hg_two,59,0.8857348779753191,0.01380940624304537,-0.01409781073446328,-0.00028840449141791013,-0.01409781073446328,-0.00028840449141791013
all_valid,CMN,Camí dels Nerets,daily,hold_20,mean,regulated_pm_one,59,0.9418194749494879,0.016928960314756186,-0.01409781073446328,0.0028311495802929056,-0.01409781073446328,0.0028311495802929056
all_valid,CMN,Camí dels Nerets,daily,hold_20,mean,regulated_pm_two,59,0.8983811981109272,0.013647570658284213,-0.01409781073446328,-0.00045024007617906823,-0.01409781073446328,-0.00045024007617906823
all_valid,CMN,Camí dels Nerets,daily,blocks_10_20,end,regulated_hg_one,59,0.9902762057533023,0.015628412376050674,-0.013559322033898256,0.0020690903421524175,-0.013559322033898256,0.0020690903421524175
all_valid,CMN,Camí dels Nerets,daily,blocks_10_20,end,regulated_hg_two,59,0.9380709551826332,0.013270917542480349,-0.013559322033898256,-0.00028840449141791013,-0.013559322033898256,-0.00028840449141791013
all_valid,CMN,Camí dels Nerets,daily,blocks_10_20,end,regulated_pm_one,59,0.9969486715915157,0.016390471614191163,-0.013559322033898256,0.0028311495802929056,-0.013559322033898256,0.0028311495802929056
all_valid,CMN,Camí dels Nerets,daily,blocks_10_20,end,regulated_pm_two,59,0.9511778540922556,0.013109081957719204,-0.013559322033898256,-0.00045024007617906823,-0.013559322033898256,-0.00045024007617906823
all_valid,CMN,Camí dels Nerets,daily,blocks_10_20,mean,regulated_hg_one,59,0.9329733174252698,0.015381237234807782,-0.013312146892655363,0.0020690903421524175,-0.013312146892655363,0.0020690903421524175
all_valid,CMN,Camí dels Nerets,daily,blocks_10_20,mean,regulated_hg_two,59,0.8808334659889958,0.013023742401237453,-0.013312146892655363,-0.00028840449141791013,-0.013312146892655363,-0.00028840449141791013
all_valid,CMN,Camí dels Nerets,daily,blocks_10_20,mean,regulated_pm_one,59,0.937598659551724,0.01614329647294827,-0.013312146892655363,0.0028311495802929056,-0.013312146892655363,0.0028311495802929056
all_valid,CMN,Camí dels Nerets,daily,blocks_10_20,mean,regulated_pm_two,59,0.8938349410487803,0.012861906816476296,-0.013312146892655363,-0.00045024007617906823,-0.013312146892655363,-0.00045024007617906823
all_valid,CMN,Camí dels Nerets,recharge_next,linear_5_20_50,end,regulated_hg_one,3,3.0346304601380014,2.9057644930092175,-0.11666666666666477,2.7890978263425525,-0.06916666666666582,1.2064190406841921
all_valid,CMN,Camí dels Nerets,recharge_next,linear_5_20_50,end,regulated_hg_two,3,2.271969882884147,2.271969882884147,-0.11666666666666477,2.155303216217482,-0.06916666666666582,1.0305818655442258
all_valid,CMN,Camí dels Nerets,recharge_next,linear_5_20_50,end,regulated_pm_one,3,3.29106748035584,3.1375340778006597,-0.11666666666666477,3.020867411133995,-0.06916666666666582,1.281052524609352
all_valid,CMN,Camí dels Nerets,recharge_next,linear_5_20_50,end,regulated_pm_two,3,2.500669373742454,2.500669373742454,-0.11666666666666477,2.384002707075789,-0.06916666666666582,1.1146277154237623
all_valid,CMN,Camí dels Nerets,recharge_next,linear_5_20_50,mean,regulated_hg_one,3,3.0506026823602244,2.866065418935144,-0.07696759259259167,2.7890978263425525,-0.04179976851851812,1.2064190406841921
all_valid,CMN,Camí dels Nerets,recharge_next,linear_5_20_50,mean,regulated_hg_two,3,2.232270808810074,2.232270808810074,-0.07696759259259167,2.155303216217482,-0.04179976851851812,1.0305818655442258
all_valid,CMN,Camí dels Nerets,recharge_next,linear_5_20_50,mean,regulated_pm_one,3,3.3070397025780633,3.0978350037265865,-0.07696759259259167,3.020867411133995,-0.04179976851851812,1.281052524609352
all_valid,CMN,Camí dels Nerets,recharge_next,linear_5_20_50,mean,regulated_pm_two,3,2.460970299668381,2.460970299668381,-0.07696759259259167,2.384002707075789,-0.04179976851851812,1.1146277154237623
all_valid,CMN,Camí dels Nerets,recharge_next,hold_20,end,regulated_hg_one,3,3.0346304601380014,2.905764493009222,-0.11666666666666951,2.7890978263425525,-0.07083333333333475,1.2064190406841921
all_valid,CMN,Camí dels Nerets,recharge_next,hold_20,end,regulated_hg_two,3,2.271969882884152,2.271969882884152,-0.11666666666666951,2.155303216217482,-0.07083333333333475,1.0305818655442258
all_valid,CMN,Camí dels Nerets,recharge_next,hold_20,end,regulated_pm_one,3,3.29106748035584,3.1375340778006646,-0.11666666666666951,3.020867411133995,-0.07083333333333475,1.281052524609352
all_valid,CMN,Camí dels Nerets,recharge_next,hold_20,end,regulated_pm_two,3,2.500669373742459,2.500669373742459,-0.11666666666666951,2.384002707075789,-0.07083333333333475,1.1146277154237623
all_valid,CMN,Camí dels Nerets,recharge_next,hold_20,mean,regulated_hg_one,3,3.0488665712491128,2.8647922707869933,-0.07569444444444073,2.7890978263425525,-0.04248263888888708,1.2064190406841921
all_valid,CMN,Camí dels Nerets,recharge_next,hold_20,mean,regulated_hg_two,3,2.230997660661923,2.230997660661923,-0.07569444444444073,2.155303216217482,-0.04248263888888708,1.0305818655442258
all_valid,CMN,Camí dels Nerets,recharge_next,hold_20,mean,regulated_pm_one,3,3.3053035914669513,3.0965618555784356,-0.07569444444444073,3.020867411133995,-0.04248263888888708,1.281052524609352
all_valid,CMN,Camí dels Nerets,recharge_next,hold_20,mean,regulated_pm_two,3,2.45969715152023,2.45969715152023,-0.07569444444444073,2.384002707075789,-0.04248263888888708,1.1146277154237623
all_valid,CMN,Camí dels Nerets,recharge_next,blocks_10_20,end,regulated_hg_one,3,3.0346304601380014,2.9224311596758854,-0.13333333333333286,2.7890978263425525,-0.07666666666666622,1.2064190406841921
all_valid,CMN,Camí dels Nerets,recharge_next,blocks_10_20,end,regulated_hg_two,3,2.288636549550815,2.288636549550815,-0.13333333333333286,2.155303216217482,-0.07666666666666622,1.0305818655442258
all_valid,CMN,Camí dels Nerets,recharge_next,blocks_10_20,end,regulated_pm_one,3,3.29106748035584,3.1542007444673277,-0.13333333333333286,3.020867411133995,-0.07666666666666622,1.281052524609352
all_valid,CMN,Camí dels Nerets,recharge_next,blocks_10_20,end,regulated_pm_two,3,2.517336040409122,2.517336040409122,-0.13333333333333286,2.384002707075789,-0.07666666666666622,1.1146277154237623
all_valid,CMN,Camí dels Nerets,recharge_next,blocks_10_20,mean,regulated_hg_one,3,3.0506026823602235,2.8717367152314397,-0.08263888888888715,2.7890978263425525,-0.04402777777777693,1.2064190406841921
all_valid,CMN,Camí dels Nerets,recharge_next,blocks_10_20,mean,regulated_hg_two,3,2.2379421051063693,2.2379421051063693,-0.08263888888888715,2.155303216217482,-0.04402777777777693,1.0305818655442258
all_valid,CMN,Camí dels Nerets,recharge_next,blocks_10_20,mean,regulated_pm_one,3,3.307039702578062,3.103506300022882,-0.08263888888888715,3.020867411133995,-0.04402777777777693,1.281052524609352
all_valid,CMN,Camí dels Nerets,recharge_next,blocks_10_20,mean,regulated_pm_two,3,2.4666415959646764,2.4666415959646764,-0.08263888888888715,2.384002707075789,-0.04402777777777693,1.1146277154237623
all_valid,CMN,Camí dels Nerets,recharge_day3,linear_5_20_50,end,regulated_hg_one,3,2.3522167999267944,0.6820622847250067,0.19166666666666762,0.8737289513916743,0.029464285714285984,0.24777572570009979
all_valid,CMN,Camí dels Nerets,recharge_day3,linear_5_20_50,end,regulated_hg_two,3,2.0612559376395976,0.15051404464757523,0.19166666666666762,0.3421807113142428,0.029464285714285984,0.15156030794553169
all_valid,CMN,Camí dels Nerets,recharge_day3,linear_5_20_50,end,regulated_pm_one,3,2.2749643786283493,0.7918511730367106,0.19166666666666762,0.9835178397033782,0.029464285714285984,0.2591184690236549
all_valid,CMN,Camí dels Nerets,recharge_day3,linear_5_20_50,end,regulated_pm_two,3,2.101976979552321,0.18971925976759385,0.19166666666666762,0.38138592643426145,0.029464285714285984,0.15417008553911965
all_valid,CMN,Camí dels Nerets,recharge_day3,linear_5_20_50,mean,regulated_hg_one,3,2.1754806888156843,0.7409743217620427,0.13275462962963167,0.8737289513916743,0.019113756613757023,0.24777572570009979
all_valid,CMN,Camí dels Nerets,recharge_day3,linear_5_20_50,mean,regulated_hg_two,3,1.8845198265284873,0.2094260816846112,0.13275462962963167,0.3421807113142428,0.019113756613757023,0.15156030794553169
all_valid,CMN,Camí dels Nerets,recharge_day3,linear_5_20_50,mean,regulated_pm_one,3,2.098228267517239,0.8507632100737466,0.13275462962963167,0.9835178397033782,0.019113756613757023,0.2591184690236549
all_valid,CMN,Camí dels Nerets,recharge_day3,linear_5_20_50,mean,regulated_pm_two,3,1.9252408684412108,0.2486312968046298,0.13275462962963167,0.38138592643426145,0.019113756613757023,0.15417008553911965
all_valid,CMN,Camí dels Nerets,recharge_day3,hold_20,end,regulated_hg_one,3,2.368883466593465,0.665395618058341,0.20833333333333334,0.8737289513916743,0.03244047619047604,0.24777572570009979
all_valid,CMN,Camí dels Nerets,recharge_day3,hold_20,end,regulated_hg_two,3,2.077922604306268,0.1338473779809095,0.20833333333333334,0.3421807113142428,0.03244047619047604,0.15156030794553169
all_valid,CMN,Camí dels Nerets,recharge_day3,hold_20,end,regulated_pm_one,3,2.2916310452950195,0.7751845063700449,0.20833333333333334,0.9835178397033782,0.03244047619047604,0.2591184690236549
all_valid,CMN,Camí dels Nerets,recharge_day3,hold_20,end,regulated_pm_two,3,2.1186436462189917,0.17305259310092813,0.20833333333333334,0.38138592643426145,0.03244047619047604,0.15417008553911965
all_valid,CMN,Camí dels Nerets,recharge_day3,hold_20,mean,regulated_hg_one,3,2.185897355482352,0.7261595069472268,0.1475694444444476,0.8737289513916743,0.02189980158730231,0.24777572570009979
all_valid,CMN,Camí dels Nerets,recharge_day3,hold_20,mean,regulated_hg_two,3,1.8949364931951551,0.19461126686979524,0.1475694444444476,0.3421807113142428,0.02189980158730231,0.15156030794553169
all_valid,CMN,Camí dels Nerets,recharge_day3,hold_20,mean,regulated_pm_one,3,2.1086449341839066,0.8359483952589306,0.1475694444444476,0.9835178397033782,0.02189980158730231,0.2591184690236549
all_valid,CMN,Camí dels Nerets,recharge_day3,hold_20,mean,regulated_pm_two,3,1.9356575351078786,0.23381648198981386,0.1475694444444476,0.38138592643426145,0.02189980158730231,0.15417008553911965
all_valid,CMN,Camí dels Nerets,recharge_day3,blocks_10_20,end,regulated_hg_one,3,2.3438834665934603,0.7070622847250064,0.16666666666666785,0.8737289513916743,0.023809523809524103,0.24777572570009979
all_valid,CMN,Camí dels Nerets,recharge_day3,blocks_10_20,end,regulated_hg_two,3,2.0529226043062634,0.175514044647575,0.16666666666666785,0.3421807113142428,0.023809523809524103,0.15156030794553169
all_valid,CMN,Camí dels Nerets,recharge_day3,blocks_10_20,end,regulated_pm_one,3,2.266631045295015,0.8168511730367104,0.16666666666666785,0.9835178397033782,0.023809523809524103,0.2591184690236549
all_valid,CMN,Camí dels Nerets,recharge_day3,blocks_10_20,end,regulated_pm_two,3,2.093643646218987,0.21471925976759362,0.16666666666666785,0.38138592643426145,0.023809523809524103,0.15417008553911965
all_valid,CMN,Camí dels Nerets,recharge_day3,blocks_10_20,mean,regulated_hg_one,3,2.1716612443712395,0.7556733958361196,0.11805555555555476,0.8737289513916743,0.016269841269841063,0.24777572570009979
all_valid,CMN,Camí dels Nerets,recharge_day3,blocks_10_20,mean,regulated_hg_two,3,1.8807003820840429,0.22412515575868808,0.11805555555555476,0.3421807113142428,0.016269841269841063,0.15156030794553169
all_valid,CMN,Camí dels Nerets,recharge_day3,blocks_10_20,mean,regulated_pm_one,3,2.0944088230727944,0.8654622841478234,0.11805555555555476,0.9835178397033782,0.016269841269841063,0.2591184690236549
all_valid,CMN,Camí dels Nerets,recharge_day3,blocks_10_20,mean,regulated_pm_two,3,1.9214214239967664,0.2633303708787067,0.11805555555555476,0.38138592643426145,0.016269841269841063,0.15417008553911965
all_valid,CMN,Camí dels Nerets,drying5,linear_5_20_50,end,regulated_hg_one,1,4.503846911891572,4.503846911891572,-0.7083333333333321,3.79551357855824,-0.14166666666666644,0.759102715711648
all_valid,CMN,Camí dels Nerets,drying5,linear_5_20_50,end,regulated_hg_two,1,4.046967245477267,4.046967245477267,-0.7083333333333321,3.3386339121439352,-0.14166666666666644,0.667726782428787
all_valid,CMN,Camí dels Nerets,drying5,linear_5_20_50,end,regulated_pm_one,1,4.564929705188678,4.564929705188678,-0.7083333333333321,3.856596371855346,-0.14166666666666644,0.7713192743710693
all_valid,CMN,Camí dels Nerets,drying5,linear_5_20_50,end,regulated_pm_two,1,4.143618510836925,4.143618510836925,-0.7083333333333321,3.435285177503592,-0.14166666666666644,0.6870570355007184
all_valid,CMN,Camí dels Nerets,drying5,linear_5_20_50,mean,regulated_hg_one,1,4.419819134113792,4.419819134113792,-0.6243055555555515,3.79551357855824,-0.12486111111111028,0.759102715711648
all_valid,CMN,Camí dels Nerets,drying5,linear_5_20_50,mean,regulated_hg_two,1,3.9629394676994867,3.9629394676994867,-0.6243055555555515,3.3386339121439352,-0.12486111111111028,0.667726782428787
all_valid,CMN,Camí dels Nerets,drying5,linear_5_20_50,mean,regulated_pm_one,1,4.480901927410898,4.480901927410898,-0.6243055555555515,3.856596371855346,-0.12486111111111028,0.7713192743710693
all_valid,CMN,Camí dels Nerets,drying5,linear_5_20_50,mean,regulated_pm_two,1,4.059590733059144,4.059590733059144,-0.6243055555555515,3.435285177503592,-0.12486111111111028,0.6870570355007184
all_valid,CMN,Camí dels Nerets,drying5,hold_20,end,regulated_hg_one,1,4.5205135785582415,4.5205135785582415,-0.7250000000000014,3.79551357855824,-0.1450000000000003,0.759102715711648
all_valid,CMN,Camí dels Nerets,drying5,hold_20,end,regulated_hg_two,1,4.063633912143937,4.063633912143937,-0.7250000000000014,3.3386339121439352,-0.1450000000000003,0.667726782428787
all_valid,CMN,Camí dels Nerets,drying5,hold_20,end,regulated_pm_one,1,4.581596371855348,4.581596371855348,-0.7250000000000014,3.856596371855346,-0.1450000000000003,0.7713192743710693
all_valid,CMN,Camí dels Nerets,drying5,hold_20,end,regulated_pm_two,1,4.160285177503594,4.160285177503594,-0.7250000000000014,3.435285177503592,-0.1450000000000003,0.6870570355007184
all_valid,CMN,Camí dels Nerets,drying5,hold_20,mean,regulated_hg_one,1,4.4267635785582415,4.4267635785582415,-0.6312500000000014,3.79551357855824,-0.12625000000000028,0.759102715711648
all_valid,CMN,Camí dels Nerets,drying5,hold_20,mean,regulated_hg_two,1,3.9698839121439367,3.9698839121439367,-0.6312500000000014,3.3386339121439352,-0.12625000000000028,0.667726782428787
all_valid,CMN,Camí dels Nerets,drying5,hold_20,mean,regulated_pm_one,1,4.487846371855348,4.487846371855348,-0.6312500000000014,3.856596371855346,-0.12625000000000028,0.7713192743710693
all_valid,CMN,Camí dels Nerets,drying5,hold_20,mean,regulated_pm_two,1,4.066535177503594,4.066535177503594,-0.6312500000000014,3.435285177503592,-0.12625000000000028,0.6870570355007184
all_valid,CMN,Camí dels Nerets,drying5,blocks_10_20,end,regulated_hg_one,1,4.495513578558236,4.495513578558236,-0.6999999999999957,3.79551357855824,-0.13999999999999915,0.759102715711648
all_valid,CMN,Camí dels Nerets,drying5,blocks_10_20,end,regulated_hg_two,1,4.038633912143931,4.038633912143931,-0.6999999999999957,3.3386339121439352,-0.13999999999999915,0.667726782428787
all_valid,CMN,Camí dels Nerets,drying5,blocks_10_20,end,regulated_pm_one,1,4.556596371855342,4.556596371855342,-0.6999999999999957,3.856596371855346,-0.13999999999999915,0.7713192743710693
all_valid,CMN,Camí dels Nerets,drying5,blocks_10_20,end,regulated_pm_two,1,4.135285177503588,4.135285177503588,-0.6999999999999957,3.435285177503592,-0.13999999999999915,0.6870570355007184
all_valid,CMN,Camí dels Nerets,drying5,blocks_10_20,mean,regulated_hg_one,1,4.370513578558239,4.370513578558239,-0.5749999999999993,3.79551357855824,-0.11499999999999985,0.759102715711648
all_valid,CMN,Camí dels Nerets,drying5,blocks_10_20,mean,regulated_hg_two,1,3.9136339121439345,3.9136339121439345,-0.5749999999999993,3.3386339121439352,-0.11499999999999985,0.667726782428787
all_valid,CMN,Camí dels Nerets,drying5,blocks_10_20,mean,regulated_pm_one,1,4.4315963718553455,4.4315963718553455,-0.5749999999999993,3.856596371855346,-0.11499999999999985,0.7713192743710693
all_valid,CMN,Camí dels Nerets,drying5,blocks_10_20,mean,regulated_pm_two,1,4.010285177503592,4.010285177503592,-0.5749999999999993,3.435285177503592,-0.11499999999999985,0.6870570355007184
all_valid,EBX,El Boixer,daily,linear_5_20_50,end,regulated_hg_one,59,2.0075681043301215,-0.03108673456693091,0.09166666666666663,0.06057993209973572,0.09166666666666663,0.06057993209973572
all_valid,EBX,El Boixer,daily,linear_5_20_50,end,regulated_hg_two,59,1.9577059655489455,0.013403917368426936,0.09166666666666663,0.10507058403509358,0.09166666666666663,0.10507058403509358
all_valid,EBX,El Boixer,daily,linear_5_20_50,end,regulated_pm_one,59,2.044888598081855,-0.036600496086951456,0.09166666666666663,0.055066170579715176,0.09166666666666663,0.055066170579715176
all_valid,EBX,El Boixer,daily,linear_5_20_50,end,regulated_pm_two,59,1.9742277431809312,0.0052928926000502885,0.09166666666666663,0.09695955926671693,0.09166666666666663,0.09695955926671693
all_valid,EBX,El Boixer,daily,linear_5_20_50,mean,regulated_hg_one,59,2.714896929587846,-0.03256390029197805,0.09314383239171378,0.06057993209973572,0.09314383239171378,0.06057993209973572
all_valid,EBX,El Boixer,daily,linear_5_20_50,mean,regulated_hg_two,59,2.6532513338683543,0.011926751643379793,0.09314383239171378,0.10507058403509358,0.09314383239171378,0.10507058403509358
all_valid,EBX,El Boixer,daily,linear_5_20_50,mean,regulated_pm_one,59,2.7440797713389133,-0.038077661811998585,0.09314383239171378,0.055066170579715176,0.09314383239171378,0.055066170579715176
all_valid,EBX,El Boixer,daily,linear_5_20_50,mean,regulated_pm_two,59,2.6836233456499574,0.0038157268750031456,0.09314383239171378,0.09695955926671693,0.09314383239171378,0.09695955926671693
all_valid,EBX,El Boixer,daily,hold_20,end,regulated_hg_one,59,2.0571305966512066,-0.03814888145958642,0.09872881355932214,0.06057993209973572,0.09872881355932214,0.06057993209973572
all_valid,EBX,El Boixer,daily,hold_20,end,regulated_hg_two,59,2.0123631400553497,0.0063417704757714275,0.09872881355932214,0.10507058403509358,0.09872881355932214,0.10507058403509358
all_valid,EBX,El Boixer,daily,hold_20,end,regulated_pm_one,59,2.0789006104092658,-0.04366264297960695,0.09872881355932214,0.055066170579715176,0.09872881355932214,0.055066170579715176
all_valid,EBX,El Boixer,daily,hold_20,end,regulated_pm_two,59,2.0171414503820455,-0.0017692542926052194,0.09872881355932214,0.09695955926671693,0.09872881355932214,0.09695955926671693
all_valid,EBX,El Boixer,daily,hold_20,mean,regulated_hg_one,59,2.7239586533574176,-0.03929648032964277,0.0998764124293785,0.06057993209973572,0.0998764124293785,0.06057993209973572
all_valid,EBX,El Boixer,daily,hold_20,mean,regulated_hg_two,59,2.6729436722107764,0.005194171605715071,0.0998764124293785,0.10507058403509358,0.0998764124293785,0.10507058403509358
all_valid,EBX,El Boixer,daily,hold_20,mean,regulated_pm_one,59,2.7514575848000167,-0.044810241849663306,0.0998764124293785,0.055066170579715176,0.0998764124293785,0.055066170579715176
all_valid,EBX,El Boixer,daily,hold_20,mean,regulated_pm_two,59,2.701623942128344,-0.002916853162661576,0.0998764124293785,0.09695955926671693,0.0998764124293785,0.09695955926671693
all_valid,EBX,El Boixer,daily,blocks_10_20,end,regulated_hg_one,59,2.038024331137799,-0.042809898408738875,0.1033898305084746,0.06057993209973572,0.1033898305084746,0.06057993209973572
all_valid,EBX,El Boixer,daily,blocks_10_20,end,regulated_hg_two,59,1.9834296454468856,0.0016807535266189705,0.1033898305084746,0.10507058403509358,0.1033898305084746,0.10507058403509358
all_valid,EBX,El Boixer,daily,blocks_10_20,end,regulated_pm_one,59,2.0783540381644845,-0.04832365992875942,0.1033898305084746,0.055066170579715176,0.1033898305084746,0.055066170579715176
all_valid,EBX,El Boixer,daily,blocks_10_20,end,regulated_pm_two,59,2.004972954839479,-0.006430271241757678,0.1033898305084746,0.09695955926671693,0.1033898305084746,0.09695955926671693
all_valid,EBX,El Boixer,daily,blocks_10_20,mean,regulated_hg_one,59,2.6539450095376727,-0.04425763852173329,0.10483757062146902,0.06057993209973572,0.10483757062146902,0.06057993209973572
all_valid,EBX,El Boixer,daily,blocks_10_20,mean,regulated_hg_two,59,2.5954105082484054,0.00023301341362455118,0.10483757062146902,0.10507058403509358,0.10483757062146902,0.10507058403509358
all_valid,EBX,El Boixer,daily,blocks_10_20,mean,regulated_pm_one,59,2.6864892614841906,-0.049771400041753844,0.10483757062146902,0.055066170579715176,0.10483757062146902,0.055066170579715176
all_valid,EBX,El Boixer,daily,blocks_10_20,mean,regulated_pm_two,59,2.6231067539371815,-0.007878011354752096,0.10483757062146902,0.09695955926671693,0.10483757062146902,0.09695955926671693
all_valid,EBX,El Boixer,recharge_next,linear_5_20_50,end,regulated_hg_one,3,9.185599507090108,-9.185599507090108,12.977777777777787,3.792178270687677,3.360879629629632,0.8046183419944389
all_valid,EBX,El Boixer,recharge_next,linear_5_20_50,end,regulated_hg_two,3,9.48210321703687,-9.48210321703687,12.977777777777787,3.4956745607409148,3.360879629629632,0.7342448834762418
all_valid,EBX,El Boixer,recharge_next,linear_5_20_50,end,regulated_pm_one,3,9.088831322221587,-9.088831322221587,12.977777777777787,3.8889464555561992,3.360879629629632,0.8173933829232994
all_valid,EBX,El Boixer,recharge_next,linear_5_20_50,end,regulated_pm_two,3,9.354457460400035,-9.354457460400035,12.977777777777787,3.6233203173777517,3.360879629629632,0.7427539024622055
all_valid,EBX,El Boixer,recharge_next,linear_5_20_50,mean,regulated_hg_one,3,10.290634229312323,-10.290634229312323,14.082812500000001,3.792178270687677,3.673741319444445,0.8046183419944389
all_valid,EBX,El Boixer,recharge_next,linear_5_20_50,mean,regulated_hg_two,3,10.587137939259085,-10.587137939259085,14.082812500000001,3.4956745607409148,3.673741319444445,0.7342448834762418
all_valid,EBX,El Boixer,recharge_next,linear_5_20_50,mean,regulated_pm_one,3,10.193866044443801,-10.193866044443801,14.082812500000001,3.8889464555561992,3.673741319444445,0.8173933829232994
all_valid,EBX,El Boixer,recharge_next,linear_5_20_50,mean,regulated_pm_two,3,10.459492182622249,-10.459492182622249,14.082812500000001,3.6233203173777517,3.673741319444445,0.7427539024622055
all_valid,EBX,El Boixer,recharge_next,hold_20,end,regulated_hg_one,3,9.874488395978988,-9.874488395978988,13.666666666666664,3.792178270687677,3.507638888888888,0.8046183419944389
all_valid,EBX,El Boixer,recharge_next,hold_20,end,regulated_hg_two,3,10.17099210592575,-10.17099210592575,13.666666666666664,3.4956745607409148,3.507638888888888,0.7342448834762418
all_valid,EBX,El Boixer,recharge_next,hold_20,end,regulated_pm_one,3,9.777720211110465,-9.777720211110465,13.666666666666664,3.8889464555561992,3.507638888888888,0.8173933829232994
all_valid,EBX,El Boixer,recharge_next,hold_20,end,regulated_pm_two,3,10.043346349288912,-10.043346349288912,13.666666666666664,3.6233203173777517,3.507638888888888,0.7427539024622055
all_valid,EBX,El Boixer,recharge_next,hold_20,mean,regulated_hg_one,3,10.990634229312322,-10.990634229312322,14.782812499999999,3.792178270687677,3.816652199074074,0.8046183419944389
all_valid,EBX,El Boixer,recharge_next,hold_20,mean,regulated_hg_two,3,11.287137939259084,-11.287137939259084,14.782812499999999,3.4956745607409148,3.816652199074074,0.7342448834762418
all_valid,EBX,El Boixer,recharge_next,hold_20,mean,regulated_pm_one,3,10.893866044443799,-10.893866044443799,14.782812499999999,3.8889464555561992,3.816652199074074,0.8173933829232994
all_valid,EBX,El Boixer,recharge_next,hold_20,mean,regulated_pm_two,3,11.159492182622246,-11.159492182622246,14.782812499999999,3.6233203173777517,3.816652199074074,0.7427539024622055
all_valid,EBX,El Boixer,recharge_next,blocks_10_20,end,regulated_hg_one,3,9.541155062645656,-9.541155062645656,13.333333333333334,3.792178270687677,3.302777777777778,0.8046183419944389
all_valid,EBX,El Boixer,recharge_next,blocks_10_20,end,regulated_hg_two,3,9.837658772592418,-9.837658772592418,13.333333333333334,3.4956745607409148,3.302777777777778,0.7342448834762418
all_valid,EBX,El Boixer,recharge_next,blocks_10_20,end,regulated_pm_one,3,9.444386877777134,-9.444386877777134,13.333333333333334,3.8889464555561992,3.302777777777778,0.8173933829232994
all_valid,EBX,El Boixer,recharge_next,blocks_10_20,end,regulated_pm_two,3,9.710013015955582,-9.710013015955582,13.333333333333334,3.6233203173777517,3.302777777777778,0.7427539024622055
all_valid,EBX,El Boixer,recharge_next,blocks_10_20,mean,regulated_hg_one,3,10.453655062645657,-10.453655062645657,14.245833333333335,3.792178270687677,3.5377314814814818,0.8046183419944389
all_valid,EBX,El Boixer,recharge_next,blocks_10_20,mean,regulated_hg_two,3,10.75015877259242,-10.75015877259242,14.245833333333335,3.4956745607409148,3.5377314814814818,0.7342448834762418
all_valid,EBX,El Boixer,recharge_next,blocks_10_20,mean,regulated_pm_one,3,10.356886877777136,-10.356886877777136,14.245833333333335,3.8889464555561992,3.5377314814814818,0.8173933829232994
all_valid,EBX,El Boixer,recharge_next,blocks_10_20,mean,regulated_pm_two,3,10.622513015955583,-10.622513015955583,14.245833333333335,3.6233203173777517,3.5377314814814818,0.7427539024622055
all_valid,EBX,El Boixer,recharge_day3,linear_5_20_50,end,regulated_hg_one,3,8.169152111172576,-8.169152111172576,7.216666666666669,-0.9524854445059073,1.15775462962963,-0.2174152237778322
all_valid,EBX,El Boixer,recharge_day3,linear_5_20_50,end,regulated_hg_two,3,8.363040413406459,-8.363040413406459,7.216666666666669,-1.1463737467397899,1.15775462962963,-0.25514337117952157
all_valid,EBX,El Boixer,recharge_day3,linear_5_20_50,end,regulated_pm_one,3,8.282823612654237,-8.282823612654237,7.216666666666669,-1.0661569459875693,1.15775462962963,-0.23151924668649515
all_valid,EBX,El Boixer,recharge_day3,linear_5_20_50,end,regulated_pm_two,3,8.410288500120904,-8.410288500120904,7.216666666666669,-1.1936218334542357,1.15775462962963,-0.2636244289964224
all_valid,EBX,El Boixer,recharge_day3,linear_5_20_50,mean,regulated_hg_one,3,9.030089611172578,-9.030089611172578,8.077604166666669,-0.9524854445059073,1.3081983024691364,-0.2174152237778322
all_valid,EBX,El Boixer,recharge_day3,linear_5_20_50,mean,regulated_hg_two,3,9.22397791340646,-9.22397791340646,8.077604166666669,-1.1463737467397899,1.3081983024691364,-0.25514337117952157
all_valid,EBX,El Boixer,recharge_day3,linear_5_20_50,mean,regulated_pm_one,3,9.14376111265424,-9.14376111265424,8.077604166666669,-1.0661569459875693,1.3081983024691364,-0.23151924668649515
all_valid,EBX,El Boixer,recharge_day3,linear_5_20_50,mean,regulated_pm_two,3,9.271226000120905,-9.271226000120905,8.077604166666669,-1.1936218334542357,1.3081983024691364,-0.2636244289964224
all_valid,EBX,El Boixer,recharge_day3,hold_20,end,regulated_hg_one,3,8.652485444505903,-8.652485444505903,7.699999999999996,-0.9524854445059073,1.2288194444444436,-0.2174152237778322
all_valid,EBX,El Boixer,recharge_day3,hold_20,end,regulated_hg_two,3,8.846373746739786,-8.846373746739786,7.699999999999996,-1.1463737467397899,1.2288194444444436,-0.25514337117952157
all_valid,EBX,El Boixer,recharge_day3,hold_20,end,regulated_pm_one,3,8.766156945987564,-8.766156945987564,7.699999999999996,-1.0661569459875693,1.2288194444444436,-0.23151924668649515
all_valid,EBX,El Boixer,recharge_day3,hold_20,end,regulated_pm_two,3,8.893621833454231,-8.893621833454231,7.699999999999996,-1.1936218334542357,1.2288194444444436,-0.2636244289964224
all_valid,EBX,El Boixer,recharge_day3,hold_20,mean,regulated_hg_one,3,9.542242388950351,-9.542242388950351,8.589756944444444,-0.9524854445059073,1.382277199074074,-0.2174152237778322
all_valid,EBX,El Boixer,recharge_day3,hold_20,mean,regulated_hg_two,3,9.736130691184233,-9.736130691184233,8.589756944444444,-1.1463737467397899,1.382277199074074,-0.25514337117952157
all_valid,EBX,El Boixer,recharge_day3,hold_20,mean,regulated_pm_one,3,9.655913890432013,-9.655913890432013,8.589756944444444,-1.0661569459875693,1.382277199074074,-0.23151924668649515
all_valid,EBX,El Boixer,recharge_day3,hold_20,mean,regulated_pm_two,3,9.78337877789868,-9.78337877789868,8.589756944444444,-1.1936218334542357,1.382277199074074,-0.2636244289964224
all_valid,EBX,El Boixer,recharge_day3,blocks_10_20,end,regulated_hg_one,3,8.852485444505906,-8.852485444505906,7.899999999999999,-0.9524854445059073,1.234722222222222,-0.2174152237778322
all_valid,EBX,El Boixer,recharge_day3,blocks_10_20,end,regulated_hg_two,3,9.04637374673979,-9.04637374673979,7.899999999999999,-1.1463737467397899,1.234722222222222,-0.25514337117952157
all_valid,EBX,El Boixer,recharge_day3,blocks_10_20,end,regulated_pm_one,3,8.966156945987567,-8.966156945987567,7.899999999999999,-1.0661569459875693,1.234722222222222,-0.23151924668649515
all_valid,EBX,El Boixer,recharge_day3,blocks_10_20,end,regulated_pm_two,3,9.093621833454234,-9.093621833454234,7.899999999999999,-1.1936218334542357,1.234722222222222,-0.2636244289964224
all_valid,EBX,El Boixer,recharge_day3,blocks_10_20,mean,regulated_hg_one,3,9.612207666728128,-9.612207666728128,8.659722222222221,-0.9524854445059073,1.3612557870370368,-0.2174152237778322
all_valid,EBX,El Boixer,recharge_day3,blocks_10_20,mean,regulated_hg_two,3,9.806095968962012,-9.806095968962012,8.659722222222221,-1.1463737467397899,1.3612557870370368,-0.25514337117952157
all_valid,EBX,El Boixer,recharge_day3,blocks_10_20,mean,regulated_pm_one,3,9.72587916820979,-9.72587916820979,8.659722222222221,-1.0661569459875693,1.3612557870370368,-0.23151924668649515
all_valid,EBX,El Boixer,recharge_day3,blocks_10_20,mean,regulated_pm_two,3,9.853344055676457,-9.853344055676457,8.659722222222221,-1.1936218334542357,1.3612557870370368,-0.2636244289964224
all_valid,EBX,El Boixer,drying5,linear_5_20_50,end,regulated_hg_one,1,1.8286362352902614,1.8286362352902614,10.75833333333334,12.586969568623601,2.151666666666668,2.51739391372472
all_valid,EBX,El Boixer,drying5,linear_5_20_50,end,regulated_hg_two,1,0.03338472786648694,0.03338472786648694,10.75833333333334,10.791718061199827,2.151666666666668,2.1583436122399653
all_valid,EBX,El Boixer,drying5,linear_5_20_50,end,regulated_pm_one,1,2.491532317010268,2.491532317010268,10.75833333333334,13.249865650343608,2.151666666666668,2.6499731300687217
all_valid,EBX,El Boixer,drying5,linear_5_20_50,end,regulated_pm_two,1,0.6095897043922811,0.6095897043922811,10.75833333333334,11.367923037725621,2.151666666666668,2.273584607545124
all_valid,EBX,El Boixer,drying5,linear_5_20_50,mean,regulated_hg_one,1,0.8821084575124871,0.8821084575124871,11.704861111111114,12.586969568623601,2.3409722222222227,2.51739391372472
all_valid,EBX,El Boixer,drying5,linear_5_20_50,mean,regulated_hg_two,1,0.9131430499112874,-0.9131430499112874,11.704861111111114,10.791718061199827,2.3409722222222227,2.1583436122399653
all_valid,EBX,El Boixer,drying5,linear_5_20_50,mean,regulated_pm_one,1,1.5450045392324938,1.5450045392324938,11.704861111111114,13.249865650343608,2.3409722222222227,2.6499731300687217
all_valid,EBX,El Boixer,drying5,linear_5_20_50,mean,regulated_pm_two,1,0.3369380733854932,-0.3369380733854932,11.704861111111114,11.367923037725621,2.3409722222222227,2.273584607545124
all_valid,EBX,El Boixer,drying5,hold_20,end,regulated_hg_one,1,1.3619695686236,1.3619695686236,11.225000000000001,12.586969568623601,2.245,2.51739391372472
all_valid,EBX,El Boixer,drying5,hold_20,end,regulated_hg_two,1,0.4332819388001745,-0.4332819388001745,11.225000000000001,10.791718061199827,2.245,2.1583436122399653
all_valid,EBX,El Boixer,drying5,hold_20,end,regulated_pm_one,1,2.0248656503436067,2.0248656503436067,11.225000000000001,13.249865650343608,2.245,2.6499731300687217
all_valid,EBX,El Boixer,drying5,hold_20,end,regulated_pm_two,1,0.14292303772561965,0.14292303772561965,11.225000000000001,11.367923037725621,2.245,2.273584607545124
all_valid,EBX,El Boixer,drying5,hold_20,mean,regulated_hg_one,1,0.34009456862360565,0.34009456862360565,12.246874999999996,12.586969568623601,2.449374999999999,2.51739391372472
all_valid,EBX,El Boixer,drying5,hold_20,mean,regulated_hg_two,1,1.4551569388001688,-1.4551569388001688,12.246874999999996,10.791718061199827,2.449374999999999,2.1583436122399653
all_valid,EBX,El Boixer,drying5,hold_20,mean,regulated_pm_one,1,1.0029906503436123,1.0029906503436123,12.246874999999996,13.249865650343608,2.449374999999999,2.6499731300687217
all_valid,EBX,El Boixer,drying5,hold_20,mean,regulated_pm_two,1,0.8789519622743747,-0.8789519622743747,12.246874999999996,11.367923037725621,2.449374999999999,2.273584607545124
all_valid,EBX,El Boixer,drying5,blocks_10_20,end,regulated_hg_one,1,1.6869695686236028,1.6869695686236028,10.899999999999999,12.586969568623601,2.1799999999999997,2.51739391372472
all_valid,EBX,El Boixer,drying5,blocks_10_20,end,regulated_hg_two,1,0.10828193880017167,-0.10828193880017167,10.899999999999999,10.791718061199827,2.1799999999999997,2.1583436122399653
all_valid,EBX,El Boixer,drying5,blocks_10_20,end,regulated_pm_one,1,2.3498656503436095,2.3498656503436095,10.899999999999999,13.249865650343608,2.1799999999999997,2.6499731300687217
all_valid,EBX,El Boixer,drying5,blocks_10_20,end,regulated_pm_two,1,0.4679230377256225,0.4679230377256225,10.899999999999999,11.367923037725621,2.1799999999999997,2.273584607545124
all_valid,EBX,El Boixer,drying5,blocks_10_20,mean,regulated_hg_one,1,0.7494695686236028,0.7494695686236028,11.837499999999999,12.586969568623601,2.3674999999999997,2.51739391372472
all_valid,EBX,El Boixer,drying5,blocks_10_20,mean,regulated_hg_two,1,1.0457819388001717,-1.0457819388001717,11.837499999999999,10.791718061199827,2.3674999999999997,2.1583436122399653
all_valid,EBX,El Boixer,drying5,blocks_10_20,mean,regulated_pm_one,1,1.4123656503436095,1.4123656503436095,11.837499999999999,13.249865650343608,2.3674999999999997,2.6499731300687217
all_valid,EBX,El Boixer,drying5,blocks_10_20,mean,regulated_pm_two,1,0.4695769622743775,-0.4695769622743775,11.837499999999999,11.367923037725621,2.3674999999999997,2.273584607545124
all_valid,LCS,Los Coscolls,daily,linear_5_20_50,end,regulated_hg_one,59,0.9575811512730819,0.02022455561551046,-0.01935028248587575,0.0008742731296347098,-0.01935028248587575,0.0008742731296347098
all_valid,LCS,Los Coscolls,daily,linear_5_20_50,end,regulated_hg_two,59,0.9515443059797246,0.0194036184451948,-0.01935028248587575,5.3335959319047896e-05,-0.01935028248587575,5.3335959319047896e-05
all_valid,LCS,Los Coscolls,daily,linear_5_20_50,end,regulated_pm_one,59,0.9582706506516719,0.02013908579340201,-0.01935028248587575,0.0007888033075262576,-0.01935028248587575,0.0007888033075262576
all_valid,LCS,Los Coscolls,daily,linear_5_20_50,end,regulated_pm_two,59,0.9477581425150969,0.019304906349874577,-0.01935028248587575,-4.537613600117139e-05,-0.01935028248587575,-4.537613600117139e-05
all_valid,LCS,Los Coscolls,daily,linear_5_20_50,mean,regulated_hg_one,59,1.051500727179375,0.013521401189898355,-0.012647128060263631,0.0008742731296347098,-0.012647128060263631,0.0008742731296347098
all_valid,LCS,Los Coscolls,daily,linear_5_20_50,mean,regulated_hg_two,59,1.0193092282363212,0.012700464019582696,-0.012647128060263631,5.3335959319047896e-05,-0.012647128060263631,5.3335959319047896e-05
all_valid,LCS,Los Coscolls,daily,linear_5_20_50,mean,regulated_pm_one,59,1.0553460380670843,0.01343593136778989,-0.012647128060263631,0.0007888033075262576,-0.012647128060263631,0.0007888033075262576
all_valid,LCS,Los Coscolls,daily,linear_5_20_50,mean,regulated_pm_two,59,1.0296099308325422,0.012601751924262446,-0.012647128060263631,-4.537613600117139e-05,-0.012647128060263631,-4.537613600117139e-05
all_valid,LCS,Los Coscolls,daily,hold_20,end,regulated_hg_one,59,0.9767901908211052,0.020789527366922855,-0.019915254237288148,0.0008742731296347098,-0.019915254237288148,0.0008742731296347098
all_valid,LCS,Los Coscolls,daily,hold_20,end,regulated_hg_two,59,0.9727610989561948,0.019968590196607197,-0.019915254237288148,5.3335959319047896e-05,-0.019915254237288148,5.3335959319047896e-05
all_valid,LCS,Los Coscolls,daily,hold_20,end,regulated_pm_one,59,0.9774796901996953,0.020704057544814407,-0.019915254237288148,0.0007888033075262576,-0.019915254237288148,0.0007888033075262576
all_valid,LCS,Los Coscolls,daily,hold_20,end,regulated_pm_two,59,0.9678737245030204,0.019869878101286976,-0.019915254237288148,-4.537613600117139e-05,-0.019915254237288148,-4.537613600117139e-05
all_valid,LCS,Los Coscolls,daily,hold_20,mean,regulated_hg_one,59,1.0684145689872846,0.013745035841499106,-0.012870762711864383,0.0008742731296347098,-0.012870762711864383,0.0008742731296347098
all_valid,LCS,Los Coscolls,daily,hold_20,mean,regulated_hg_two,59,1.0363614860854318,0.012924098671183448,-0.012870762711864383,5.3335959319047896e-05,-0.012870762711864383,5.3335959319047896e-05
all_valid,LCS,Los Coscolls,daily,hold_20,mean,regulated_pm_one,59,1.072259879874994,0.01365956601939064,-0.012870762711864383,0.0007888033075262576,-0.012870762711864383,0.0007888033075262576
all_valid,LCS,Los Coscolls,daily,hold_20,mean,regulated_pm_two,59,1.0461895050538579,0.012825386575863197,-0.012870762711864383,-4.537613600117139e-05,-0.012870762711864383,-4.537613600117139e-05
all_valid,LCS,Los Coscolls,daily,blocks_10_20,end,regulated_hg_one,59,0.9911557321290274,0.022908171434719408,-0.022033898305084697,0.0008742731296347098,-0.022033898305084697,0.0008742731296347098
all_valid,LCS,Los Coscolls,daily,blocks_10_20,end,regulated_hg_two,59,0.9825068616680583,0.022087234264403743,-0.022033898305084697,5.3335959319047896e-05,-0.022033898305084697,5.3335959319047896e-05
all_valid,LCS,Los Coscolls,daily,blocks_10_20,end,regulated_pm_one,59,0.9929398102614468,0.022822701612610956,-0.022033898305084697,0.0007888033075262576,-0.022033898305084697,0.0007888033075262576
all_valid,LCS,Los Coscolls,daily,blocks_10_20,end,regulated_pm_two,59,0.977619487214884,0.021988522169083525,-0.022033898305084697,-4.537613600117139e-05,-0.022033898305084697,-4.537613600117139e-05
all_valid,LCS,Los Coscolls,daily,blocks_10_20,mean,regulated_hg_one,59,1.0682872331452262,0.015704781604210995,-0.014830508474576272,0.0008742731296347098,-0.014830508474576272,0.0008742731296347098
all_valid,LCS,Los Coscolls,daily,blocks_10_20,mean,regulated_hg_two,59,1.0316416051429338,0.014883844433895335,-0.014830508474576272,5.3335959319047896e-05,-0.014830508474576272,5.3335959319047896e-05
all_valid,LCS,Los Coscolls,daily,blocks_10_20,mean,regulated_pm_one,59,1.0775276496585533,0.015619311782102529,-0.014830508474576272,0.0007888033075262576,-0.014830508474576272,0.0007888033075262576
all_valid,LCS,Los Coscolls,daily,blocks_10_20,mean,regulated_pm_two,59,1.0421926406479607,0.014785132338575086,-0.014830508474576272,-4.537613600117139e-05,-0.014830508474576272,-4.537613600117139e-05
all_valid,LCS,Los Coscolls,recharge_next,linear_5_20_50,end,regulated_hg_one,3,4.187529604614232,4.187529604614232,-1.5277777777777761,2.6597518268364557,-0.46472222222222137,0.9622035133488537
all_valid,LCS,Los Coscolls,recharge_next,linear_5_20_50,end,regulated_hg_two,3,3.449925647760186,3.449925647760186,-1.5277777777777761,1.9221478699824095,-0.46472222222222137,0.7748801899663772
all_valid,LCS,Los Coscolls,recharge_next,linear_5_20_50,end,regulated_pm_one,3,4.340988474855237,4.340988474855237,-1.5277777777777761,2.813210697077461,-0.46472222222222137,1.018862145148204
all_valid,LCS,Los Coscolls,recharge_next,linear_5_20_50,end,regulated_pm_two,3,3.603523611229875,3.603523611229875,-1.5277777777777761,2.0757458334520993,-0.46472222222222137,0.8361731417486207
all_valid,LCS,Los Coscolls,recharge_next,linear_5_20_50,mean,regulated_hg_one,3,4.583420808317937,4.583420808317937,-1.9236689814814814,2.6597518268364557,-0.5737094907407406,0.9622035133488537
all_valid,LCS,Los Coscolls,recharge_next,linear_5_20_50,mean,regulated_hg_two,3,3.845816851463891,3.845816851463891,-1.9236689814814814,1.9221478699824095,-0.5737094907407406,0.7748801899663772
all_valid,LCS,Los Coscolls,recharge_next,linear_5_20_50,mean,regulated_pm_one,3,4.736879678558942,4.736879678558942,-1.9236689814814814,2.813210697077461,-0.5737094907407406,1.018862145148204
all_valid,LCS,Los Coscolls,recharge_next,linear_5_20_50,mean,regulated_pm_two,3,3.9994148149335804,3.9994148149335804,-1.9236689814814814,2.0757458334520993,-0.5737094907407406,0.8361731417486207
all_valid,LCS,Los Coscolls,recharge_next,hold_20,end,regulated_hg_one,3,4.326418493503122,4.326418493503122,-1.6666666666666667,2.6597518268364557,-0.500833333333333,0.9622035133488537
all_valid,LCS,Los Coscolls,recharge_next,hold_20,end,regulated_hg_two,3,3.5888145366490765,3.5888145366490765,-1.6666666666666667,1.9221478699824095,-0.500833333333333,0.7748801899663772
all_valid,LCS,Los Coscolls,recharge_next,hold_20,end,regulated_pm_one,3,4.479877363744127,4.479877363744127,-1.6666666666666667,2.813210697077461,-0.500833333333333,1.018862145148204
all_valid,LCS,Los Coscolls,recharge_next,hold_20,end,regulated_pm_two,3,3.742412500118766,3.742412500118766,-1.6666666666666667,2.0757458334520993,-0.500833333333333,0.8361731417486207
all_valid,LCS,Los Coscolls,recharge_next,hold_20,mean,regulated_hg_one,3,4.734925437947565,4.734925437947565,-2.075173611111109,2.6597518268364557,-0.6149826388888878,0.9622035133488537
all_valid,LCS,Los Coscolls,recharge_next,hold_20,mean,regulated_hg_two,3,3.9973214810935187,3.9973214810935187,-2.075173611111109,1.9221478699824095,-0.6149826388888878,0.7748801899663772
all_valid,LCS,Los Coscolls,recharge_next,hold_20,mean,regulated_pm_one,3,4.88838430818857,4.88838430818857,-2.075173611111109,2.813210697077461,-0.6149826388888878,1.018862145148204
all_valid,LCS,Los Coscolls,recharge_next,hold_20,mean,regulated_pm_two,3,4.1509194445632085,4.1509194445632085,-2.075173611111109,2.0757458334520993,-0.6149826388888878,0.8361731417486207
all_valid,LCS,Los Coscolls,recharge_next,blocks_10_20,end,regulated_hg_one,3,4.69308516016979,4.69308516016979,-2.033333333333335,2.6597518268364557,-0.5766666666666677,0.9622035133488537
all_valid,LCS,Los Coscolls,recharge_next,blocks_10_20,end,regulated_hg_two,3,3.9554812033157445,3.9554812033157445,-2.033333333333335,1.9221478699824095,-0.5766666666666677,0.7748801899663772
all_valid,LCS,Los Coscolls,recharge_next,blocks_10_20,end,regulated_pm_one,3,4.846544030410796,4.846544030410796,-2.033333333333335,2.813210697077461,-0.5766666666666677,1.018862145148204
all_valid,LCS,Los Coscolls,recharge_next,blocks_10_20,end,regulated_pm_two,3,4.109079166785434,4.109079166785434,-2.033333333333335,2.0757458334520993,-0.5766666666666677,0.8361731417486207
all_valid,LCS,Los Coscolls,recharge_next,blocks_10_20,mean,regulated_hg_one,3,5.167390715725345,5.167390715725345,-2.507638888888889,2.6597518268364557,-0.7042361111111108,0.9622035133488537
all_valid,LCS,Los Coscolls,recharge_next,blocks_10_20,mean,regulated_hg_two,3,4.429786758871299,4.429786758871299,-2.507638888888889,1.9221478699824095,-0.7042361111111108,0.7748801899663772
all_valid,LCS,Los Coscolls,recharge_next,blocks_10_20,mean,regulated_pm_one,3,5.32084958596635,5.32084958596635,-2.507638888888889,2.813210697077461,-0.7042361111111108,1.018862145148204
all_valid,LCS,Los Coscolls,recharge_next,blocks_10_20,mean,regulated_pm_two,3,4.5833847223409885,4.5833847223409885,-2.507638888888889,2.0757458334520993,-0.7042361111111108,0.8361731417486207
all_valid,LCS,Los Coscolls,recharge_day3,linear_5_20_50,end,regulated_hg_one,3,2.340323216526917,2.340323216526917,-1.6305555555555564,0.7097676609713605,-0.29275793650793663,0.15404443013565838
all_valid,LCS,Los Coscolls,recharge_day3,linear_5_20_50,end,regulated_hg_two,3,1.862875262034314,1.862875262034314,-1.6305555555555564,0.23231970647875774,-0.29275793650793663,0.08119182511411635
all_valid,LCS,Los Coscolls,recharge_day3,linear_5_20_50,end,regulated_pm_one,3,2.4528028677145186,2.4528028677145186,-1.6305555555555564,0.8222473121589622,-0.29275793650793663,0.177030916841623
all_valid,LCS,Los Coscolls,recharge_day3,linear_5_20_50,end,regulated_pm_two,3,1.925235414225886,1.925235414225886,-1.6305555555555564,0.2946798586703296,-0.29275793650793663,0.09692721446426467
all_valid,LCS,Los Coscolls,recharge_day3,linear_5_20_50,mean,regulated_hg_one,3,2.74732553134173,2.74732553134173,-2.0375578703703696,0.7097676609713605,-0.36038773148148145,0.15404443013565838
all_valid,LCS,Los Coscolls,recharge_day3,linear_5_20_50,mean,regulated_hg_two,3,2.2698775768491277,2.2698775768491277,-2.0375578703703696,0.23231970647875774,-0.36038773148148145,0.08119182511411635
all_valid,LCS,Los Coscolls,recharge_day3,linear_5_20_50,mean,regulated_pm_one,3,2.859805182529332,2.859805182529332,-2.0375578703703696,0.8222473121589622,-0.36038773148148145,0.177030916841623
all_valid,LCS,Los Coscolls,recharge_day3,linear_5_20_50,mean,regulated_pm_two,3,2.3322377290406995,2.3322377290406995,-2.0375578703703696,0.2946798586703296,-0.36038773148148145,0.09692721446426467
all_valid,LCS,Los Coscolls,recharge_day3,hold_20,end,regulated_hg_one,3,2.501434327638025,2.501434327638025,-1.7916666666666643,0.7097676609713605,-0.3193452380952377,0.15404443013565838
all_valid,LCS,Los Coscolls,recharge_day3,hold_20,end,regulated_hg_two,3,2.023986373145422,2.023986373145422,-1.7916666666666643,0.23231970647875774,-0.3193452380952377,0.08119182511411635
all_valid,LCS,Los Coscolls,recharge_day3,hold_20,end,regulated_pm_one,3,2.6139139788256265,2.6139139788256265,-1.7916666666666643,0.8222473121589622,-0.3193452380952377,0.177030916841623
all_valid,LCS,Los Coscolls,recharge_day3,hold_20,end,regulated_pm_two,3,2.0863465253369937,2.0863465253369937,-1.7916666666666643,0.2946798586703296,-0.3193452380952377,0.09692721446426467
all_valid,LCS,Los Coscolls,recharge_day3,hold_20,mean,regulated_hg_one,3,2.918274605415805,2.918274605415805,-2.2085069444444443,0.7097676609713605,-0.3889012896825396,0.15404443013565838
all_valid,LCS,Los Coscolls,recharge_day3,hold_20,mean,regulated_hg_two,3,2.440826650923202,2.440826650923202,-2.2085069444444443,0.23231970647875774,-0.3889012896825396,0.08119182511411635
all_valid,LCS,Los Coscolls,recharge_day3,hold_20,mean,regulated_pm_one,3,3.0307542566034065,3.0307542566034065,-2.2085069444444443,0.8222473121589622,-0.3889012896825396,0.177030916841623
all_valid,LCS,Los Coscolls,recharge_day3,hold_20,mean,regulated_pm_two,3,2.5031868031147737,2.5031868031147737,-2.2085069444444443,0.2946798586703296,-0.3889012896825396,0.09692721446426467
all_valid,LCS,Los Coscolls,recharge_day3,blocks_10_20,end,regulated_hg_one,3,2.943100994304695,2.943100994304695,-2.2333333333333343,0.7097676609713605,-0.38690476190476225,0.15404443013565838
all_valid,LCS,Los Coscolls,recharge_day3,blocks_10_20,end,regulated_hg_two,3,2.465653039812092,2.465653039812092,-2.2333333333333343,0.23231970647875774,-0.38690476190476225,0.08119182511411635
all_valid,LCS,Los Coscolls,recharge_day3,blocks_10_20,end,regulated_pm_one,3,3.0555806454922965,3.0555806454922965,-2.2333333333333343,0.8222473121589622,-0.38690476190476225,0.177030916841623
all_valid,LCS,Los Coscolls,recharge_day3,blocks_10_20,end,regulated_pm_two,3,2.5280131920036637,2.5280131920036637,-2.2333333333333343,0.2946798586703296,-0.38690476190476225,0.09692721446426467
all_valid,LCS,Los Coscolls,recharge_day3,blocks_10_20,mean,regulated_hg_one,3,3.431989883193582,3.431989883193582,-2.7222222222222214,0.7097676609713605,-0.46693948412698383,0.15404443013565838
all_valid,LCS,Los Coscolls,recharge_day3,blocks_10_20,mean,regulated_hg_two,3,2.954541928700979,2.954541928700979,-2.7222222222222214,0.23231970647875774,-0.46693948412698383,0.08119182511411635
all_valid,LCS,Los Coscolls,recharge_day3,blocks_10_20,mean,regulated_pm_one,3,3.5444695343811836,3.5444695343811836,-2.7222222222222214,0.8222473121589622,-0.46693948412698383,0.177030916841623
all_valid,LCS,Los Coscolls,recharge_day3,blocks_10_20,mean,regulated_pm_two,3,3.016902080892551,3.016902080892551,-2.7222222222222214,0.2946798586703296,-0.46693948412698383,0.09692721446426467
all_valid,LCS,Los Coscolls,drying5,linear_5_20_50,end,regulated_hg_one,1,2.079165290799972,2.079165290799972,0.591666666666665,2.670831957466637,0.118333333333333,0.5341663914933273
all_valid,LCS,Los Coscolls,drying5,linear_5_20_50,end,regulated_hg_two,1,1.4298966254798104,1.4298966254798104,0.591666666666665,2.0215632921464755,0.118333333333333,0.4043126584292951
all_valid,LCS,Los Coscolls,drying5,linear_5_20_50,end,regulated_pm_one,1,2.2688723164897597,2.2688723164897597,0.591666666666665,2.8605389831564247,0.118333333333333,0.572107796631285
all_valid,LCS,Los Coscolls,drying5,linear_5_20_50,end,regulated_pm_two,1,1.6612181017484486,1.6612181017484486,0.591666666666665,2.2528847684151136,0.118333333333333,0.45057695368302275
all_valid,LCS,Los Coscolls,drying5,linear_5_20_50,mean,regulated_hg_one,1,2.1453111241333054,2.1453111241333054,0.5255208333333314,2.670831957466637,0.10510416666666629,0.5341663914933273
all_valid,LCS,Los Coscolls,drying5,linear_5_20_50,mean,regulated_hg_two,1,1.496042458813144,1.496042458813144,0.5255208333333314,2.0215632921464755,0.10510416666666629,0.4043126584292951
all_valid,LCS,Los Coscolls,drying5,linear_5_20_50,mean,regulated_pm_one,1,2.3350181498230933,2.3350181498230933,0.5255208333333314,2.8605389831564247,0.10510416666666629,0.572107796631285
all_valid,LCS,Los Coscolls,drying5,linear_5_20_50,mean,regulated_pm_two,1,1.7273639350817822,1.7273639350817822,0.5255208333333314,2.2528847684151136,0.10510416666666629,0.45057695368302275
all_valid,LCS,Los Coscolls,drying5,hold_20,end,regulated_hg_one,1,2.0958319574666375,2.0958319574666375,0.5749999999999993,2.670831957466637,0.11499999999999985,0.5341663914933273
all_valid,LCS,Los Coscolls,drying5,hold_20,end,regulated_hg_two,1,1.4465632921464762,1.4465632921464762,0.5749999999999993,2.0215632921464755,0.11499999999999985,0.4043126584292951
all_valid,LCS,Los Coscolls,drying5,hold_20,end,regulated_pm_one,1,2.2855389831564255,2.2855389831564255,0.5749999999999993,2.8605389831564247,0.11499999999999985,0.572107796631285
all_valid,LCS,Los Coscolls,drying5,hold_20,end,regulated_pm_two,1,1.6778847684151144,1.6778847684151144,0.5749999999999993,2.2528847684151136,0.11499999999999985,0.45057695368302275
all_valid,LCS,Los Coscolls,drying5,hold_20,mean,regulated_hg_one,1,2.143227790799974,2.143227790799974,0.5276041666666629,2.670831957466637,0.10552083333333258,0.5341663914933273
all_valid,LCS,Los Coscolls,drying5,hold_20,mean,regulated_hg_two,1,1.4939591254798126,1.4939591254798126,0.5276041666666629,2.0215632921464755,0.10552083333333258,0.4043126584292951
all_valid,LCS,Los Coscolls,drying5,hold_20,mean,regulated_pm_one,1,2.332934816489762,2.332934816489762,0.5276041666666629,2.8605389831564247,0.10552083333333258,0.572107796631285
all_valid,LCS,Los Coscolls,drying5,hold_20,mean,regulated_pm_two,1,1.7252806017484508,1.7252806017484508,0.5276041666666629,2.2528847684151136,0.10552083333333258,0.45057695368302275
all_valid,LCS,Los Coscolls,drying5,blocks_10_20,end,regulated_hg_one,1,2.2708319574666382,2.2708319574666382,0.3999999999999986,2.670831957466637,0.07999999999999971,0.5341663914933273
all_valid,LCS,Los Coscolls,drying5,blocks_10_20,end,regulated_hg_two,1,1.6215632921464769,1.6215632921464769,0.3999999999999986,2.0215632921464755,0.07999999999999971,0.4043126584292951
all_valid,LCS,Los Coscolls,drying5,blocks_10_20,end,regulated_pm_one,1,2.460538983156426,2.460538983156426,0.3999999999999986,2.8605389831564247,0.07999999999999971,0.572107796631285
all_valid,LCS,Los Coscolls,drying5,blocks_10_20,end,regulated_pm_two,1,1.852884768415115,1.852884768415115,0.3999999999999986,2.2528847684151136,0.07999999999999971,0.45057695368302275
all_valid,LCS,Los Coscolls,drying5,blocks_10_20,mean,regulated_hg_one,1,2.2624986241333054,2.2624986241333054,0.40833333333333144,2.670831957466637,0.08166666666666629,0.5341663914933273
all_valid,LCS,Los Coscolls,drying5,blocks_10_20,mean,regulated_hg_two,1,1.613229958813144,1.613229958813144,0.40833333333333144,2.0215632921464755,0.08166666666666629,0.4043126584292951
all_valid,LCS,Los Coscolls,drying5,blocks_10_20,mean,regulated_pm_one,1,2.4522056498230933,2.4522056498230933,0.40833333333333144,2.8605389831564247,0.08166666666666629,0.572107796631285
all_valid,LCS,Los Coscolls,drying5,blocks_10_20,mean,regulated_pm_two,1,1.8445514350817822,1.8445514350817822,0.40833333333333144,2.2528847684151136,0.08166666666666629,0.45057695368302275
all_valid,PSN,Pessonada,daily,linear_5_20_50,end,regulated_hg_one,57,1.0058166553354797,0.010329786729253658,0.03026315789473693,0.040592944623990594,0.03026315789473693,0.040592944623990594
all_valid,PSN,Pessonada,daily,linear_5_20_50,end,regulated_hg_two,57,1.0230842998906038,0.004597637660087828,0.03026315789473693,0.03486079555482474,0.03026315789473693,0.03486079555482474
all_valid,PSN,Pessonada,daily,linear_5_20_50,end,regulated_pm_one,57,1.0086348161729104,0.007924635211378627,0.03026315789473693,0.03818779310611556,0.03026315789473693,0.03818779310611556
all_valid,PSN,Pessonada,daily,linear_5_20_50,end,regulated_pm_two,57,1.0285372459863218,0.002442546024556248,0.03026315789473693,0.032705703919293165,0.03026315789473693,0.032705703919293165
all_valid,PSN,Pessonada,daily,linear_5_20_50,mean,regulated_hg_one,57,1.4363443571357712,0.008261682440754679,0.032331262183235905,0.040592944623990594,0.032331262183235905,0.040592944623990594
all_valid,PSN,Pessonada,daily,linear_5_20_50,mean,regulated_hg_two,57,1.4549896489216843,0.0025295333715888483,0.032331262183235905,0.03486079555482474,0.032331262183235905,0.03486079555482474
all_valid,PSN,Pessonada,daily,linear_5_20_50,mean,regulated_pm_one,57,1.4412974911979322,0.005856530922879638,0.032331262183235905,0.03818779310611556,0.032331262183235905,0.03818779310611556
all_valid,PSN,Pessonada,daily,linear_5_20_50,mean,regulated_pm_two,57,1.4583891884671716,0.00037444173605725897,0.032331262183235905,0.032705703919293165,0.032331262183235905,0.032705703919293165
all_valid,PSN,Pessonada,daily,hold_20,end,regulated_hg_one,57,1.0470210078322293,0.011206979711709811,0.029385964912280776,0.040592944623990594,0.029385964912280776,0.040592944623990594
all_valid,PSN,Pessonada,daily,hold_20,end,regulated_hg_two,57,1.0704374819168199,0.005474830642543981,0.029385964912280776,0.03486079555482474,0.029385964912280776,0.03486079555482474
all_valid,PSN,Pessonada,daily,hold_20,end,regulated_pm_one,57,1.0502133101274123,0.008801828193834772,0.029385964912280776,0.03818779310611556,0.029385964912280776,0.03818779310611556
all_valid,PSN,Pessonada,daily,hold_20,end,regulated_pm_two,57,1.0751102481059949,0.0033197390070124006,0.029385964912280776,0.032705703919293165,0.029385964912280776,0.032705703919293165
all_valid,PSN,Pessonada,daily,hold_20,mean,regulated_hg_one,57,1.4653939773397417,0.008913485559663111,0.03167945906432747,0.040592944623990594,0.03167945906432747,0.040592944623990594
all_valid,PSN,Pessonada,daily,hold_20,mean,regulated_hg_two,57,1.4843207892725612,0.0031813364904972816,0.03167945906432747,0.03486079555482474,0.03167945906432747,0.03486079555482474
all_valid,PSN,Pessonada,daily,hold_20,mean,regulated_pm_one,57,1.4654345399327697,0.0065083340417880714,0.03167945906432747,0.03818779310611556,0.03167945906432747,0.03818779310611556
all_valid,PSN,Pessonada,daily,hold_20,mean,regulated_pm_two,57,1.4857253927876497,0.0010262448549656924,0.03167945906432747,0.032705703919293165,0.03167945906432747,0.032705703919293165
all_valid,PSN,Pessonada,daily,blocks_10_20,end,regulated_hg_one,57,0.9675140865468832,0.010768383220481766,0.029824561403508823,0.040592944623990594,0.029824561403508823,0.040592944623990594
all_valid,PSN,Pessonada,daily,blocks_10_20,end,regulated_hg_two,57,0.987087019849581,0.005036234151315936,0.029824561403508823,0.03486079555482474,0.029824561403508823,0.03486079555482474
all_valid,PSN,Pessonada,daily,blocks_10_20,end,regulated_pm_one,57,0.9627903608699488,0.008363231702606727,0.029824561403508823,0.03818779310611556,0.029824561403508823,0.03818779310611556
all_valid,PSN,Pessonada,daily,blocks_10_20,end,regulated_pm_two,57,0.9868573458507034,0.0028811425157843555,0.029824561403508823,0.032705703919293165,0.029824561403508823,0.032705703919293165
all_valid,PSN,Pessonada,daily,blocks_10_20,mean,regulated_hg_one,57,1.4155969525362666,0.008209903688318029,0.03238304093567254,0.040592944623990594,0.03238304093567254,0.040592944623990594
all_valid,PSN,Pessonada,daily,blocks_10_20,mean,regulated_hg_two,57,1.4311516506368276,0.0024777546191522065,0.03238304093567254,0.03486079555482474,0.03238304093567254,0.03486079555482474
all_valid,PSN,Pessonada,daily,blocks_10_20,mean,regulated_pm_one,57,1.4263647388076384,0.005804752170442996,0.03238304093567254,0.03818779310611556,0.03238304093567254,0.03818779310611556
all_valid,PSN,Pessonada,daily,blocks_10_20,mean,regulated_pm_two,57,1.441987470266148,0.00032266298362061734,0.03238304093567254,0.032705703919293165,0.03238304093567254,0.032705703919293165
all_valid,PSN,Pessonada,recharge_next,linear_5_20_50,end,regulated_hg_one,5,4.682857142569742,2.381154908044572,3.301666666666667,5.682821574711239,1.9658333333333338,2.510100807602458
all_valid,PSN,Pessonada,recharge_next,linear_5_20_50,end,regulated_hg_two,5,4.309000881061716,1.9136496445500581,3.301666666666667,5.215316311216726,1.9658333333333338,2.365522151278461
all_valid,PSN,Pessonada,recharge_next,linear_5_20_50,end,regulated_pm_one,5,4.553523451242528,2.4935667354346185,3.301666666666667,5.795233402101285,1.9658333333333338,2.5594613558528083
all_valid,PSN,Pessonada,recharge_next,linear_5_20_50,end,regulated_pm_two,5,4.17690141122284,2.0157937680101408,3.301666666666667,5.317460434676808,1.9658333333333338,2.4102853749221707
all_valid,PSN,Pessonada,recharge_next,linear_5_20_50,mean,regulated_hg_one,5,5.312614087014187,2.256050741377908,3.426770833333331,5.682821574711239,2.078706597222221,2.510100807602458
all_valid,PSN,Pessonada,recharge_next,linear_5_20_50,mean,regulated_hg_two,5,4.938757825506161,1.7885454778833945,3.426770833333331,5.215316311216726,2.078706597222221,2.365522151278461
all_valid,PSN,Pessonada,recharge_next,linear_5_20_50,mean,regulated_pm_one,5,5.183280395686973,2.3684625687679546,3.426770833333331,5.795233402101285,2.078706597222221,2.5594613558528083
all_valid,PSN,Pessonada,recharge_next,linear_5_20_50,mean,regulated_pm_two,5,4.806658355667285,1.890689601343477,3.426770833333331,5.317460434676808,2.078706597222221,2.4102853749221707
all_valid,PSN,Pessonada,recharge_next,hold_20,end,regulated_hg_one,5,4.972857142569742,2.1978215747112397,3.4849999999999994,5.682821574711239,2.0675,2.510100807602458
all_valid,PSN,Pessonada,recharge_next,hold_20,end,regulated_hg_two,5,4.599000881061716,1.7303163112167261,3.4849999999999994,5.215316311216726,2.0675,2.365522151278461
all_valid,PSN,Pessonada,recharge_next,hold_20,end,regulated_pm_one,5,4.843523451242528,2.3102334021012862,3.4849999999999994,5.795233402101285,2.0675,2.5594613558528083
all_valid,PSN,Pessonada,recharge_next,hold_20,end,regulated_pm_two,5,4.46690141122284,1.8324604346768087,3.4849999999999994,5.317460434676808,2.0675,2.4102853749221707
all_valid,PSN,Pessonada,recharge_next,hold_20,mean,regulated_hg_one,5,5.623169642569744,2.0598007413779063,3.623020833333333,5.682821574711239,2.1869010416666668,2.510100807602458
all_valid,PSN,Pessonada,recharge_next,hold_20,mean,regulated_hg_two,5,5.249313381061718,1.5922954778833924,3.623020833333333,5.215316311216726,2.1869010416666668,2.365522151278461
all_valid,PSN,Pessonada,recharge_next,hold_20,mean,regulated_pm_one,5,5.49383595124253,2.1722125687679528,3.623020833333333,5.795233402101285,2.1869010416666668,2.5594613558528083
all_valid,PSN,Pessonada,recharge_next,hold_20,mean,regulated_pm_two,5,5.117213911222842,1.694439601343475,3.623020833333333,5.317460434676808,2.1869010416666668,2.4102853749221707
all_valid,PSN,Pessonada,recharge_next,blocks_10_20,end,regulated_hg_one,5,4.807857142569741,2.1028215747112395,3.5799999999999996,5.682821574711239,2.0799999999999996,2.510100807602458
all_valid,PSN,Pessonada,recharge_next,blocks_10_20,end,regulated_hg_two,5,4.434000881061715,1.6353163112167257,3.5799999999999996,5.215316311216726,2.0799999999999996,2.365522151278461
all_valid,PSN,Pessonada,recharge_next,blocks_10_20,end,regulated_pm_one,5,4.678523451242527,2.215233402101286,3.5799999999999996,5.795233402101285,2.0799999999999996,2.5594613558528083
all_valid,PSN,Pessonada,recharge_next,blocks_10_20,end,regulated_pm_two,5,4.30190141122284,1.7374604346768083,3.5799999999999996,5.317460434676808,2.0799999999999996,2.4102853749221707
all_valid,PSN,Pessonada,recharge_next,blocks_10_20,mean,regulated_hg_one,5,5.3628571425697436,1.9836549080445711,3.699166666666668,5.682821574711239,2.178958333333334,2.510100807602458
all_valid,PSN,Pessonada,recharge_next,blocks_10_20,mean,regulated_hg_two,5,4.989000881061718,1.5161496445500573,3.699166666666668,5.215316311216726,2.178958333333334,2.365522151278461
all_valid,PSN,Pessonada,recharge_next,blocks_10_20,mean,regulated_pm_one,5,5.2335234512425295,2.0960667354346176,3.699166666666668,5.795233402101285,2.178958333333334,2.5594613558528083
all_valid,PSN,Pessonada,recharge_next,blocks_10_20,mean,regulated_pm_two,5,4.856901411222841,1.61829376801014,3.699166666666668,5.317460434676808,2.178958333333334,2.4102853749221707
all_valid,PSN,Pessonada,recharge_day3,linear_5_20_50,end,regulated_hg_one,5,4.120691646635229,1.274325289814552,1.9699999999999989,3.244325289814551,0.6226388888888886,0.7591708290725806
all_valid,PSN,Pessonada,recharge_day3,linear_5_20_50,end,regulated_hg_two,5,3.717599377643474,0.8669056489562917,1.9699999999999989,2.8369056489562907,0.6226388888888886,0.6854896158249526
all_valid,PSN,Pessonada,recharge_day3,linear_5_20_50,end,regulated_pm_one,5,4.152704679531714,1.1960760614374102,1.9699999999999989,3.1660760614374093,0.6226388888888886,0.7404280108036133
all_valid,PSN,Pessonada,recharge_day3,linear_5_20_50,end,regulated_pm_two,5,3.740209197479974,0.7839431013881079,1.9699999999999989,2.753943101388107,0.6226388888888886,0.6657425907808712
all_valid,PSN,Pessonada,recharge_day3,linear_5_20_50,mean,regulated_hg_one,5,4.639406924413008,1.3161655675923298,1.928159722222221,3.244325289814551,0.629968171296296,0.7591708290725806
all_valid,PSN,Pessonada,recharge_day3,linear_5_20_50,mean,regulated_hg_two,5,4.236314655421253,0.9087459267340696,1.928159722222221,2.8369056489562907,0.629968171296296,0.6854896158249526
all_valid,PSN,Pessonada,recharge_day3,linear_5_20_50,mean,regulated_pm_one,5,4.671419957309493,1.237916339215188,1.928159722222221,3.1660760614374093,0.629968171296296,0.7404280108036133
all_valid,PSN,Pessonada,recharge_day3,linear_5_20_50,mean,regulated_pm_two,5,4.258924475257753,0.8257833791658856,1.928159722222221,2.753943101388107,0.629968171296296,0.6657425907808712
all_valid,PSN,Pessonada,recharge_day3,hold_20,end,regulated_hg_one,5,4.3473583133018945,1.1743252898145513,2.0699999999999994,3.244325289814551,0.6520833333333332,0.7591708290725806
all_valid,PSN,Pessonada,recharge_day3,hold_20,end,regulated_hg_two,5,3.9442660443101403,0.7669056489562911,2.0699999999999994,2.8369056489562907,0.6520833333333332,0.6854896158249526
all_valid,PSN,Pessonada,recharge_day3,hold_20,end,regulated_pm_one,5,4.37937134619838,1.0960760614374094,2.0699999999999994,3.1660760614374093,0.6520833333333332,0.7404280108036133
all_valid,PSN,Pessonada,recharge_day3,hold_20,end,regulated_pm_two,5,3.9668758641466395,0.6839431013881072,2.0699999999999994,2.753943101388107,0.6520833333333332,0.6657425907808712
all_valid,PSN,Pessonada,recharge_day3,hold_20,mean,regulated_hg_one,5,4.883295813301898,1.2067211231478856,2.0376041666666653,3.244325289814551,0.6616579861111108,0.7591708290725806
all_valid,PSN,Pessonada,recharge_day3,hold_20,mean,regulated_hg_two,5,4.480203544310144,0.7993014822896255,2.0376041666666653,2.8369056489562907,0.6616579861111108,0.6854896158249526
all_valid,PSN,Pessonada,recharge_day3,hold_20,mean,regulated_pm_one,5,4.915308846198384,1.128471894770744,2.0376041666666653,3.1660760614374093,0.6616579861111108,0.7404280108036133
all_valid,PSN,Pessonada,recharge_day3,hold_20,mean,regulated_pm_two,5,4.502813364146643,0.7163389347214415,2.0376041666666653,2.753943101388107,0.6616579861111108,0.6657425907808712
all_valid,PSN,Pessonada,recharge_day3,blocks_10_20,end,regulated_hg_one,5,4.257358313301896,1.024325289814552,2.219999999999999,3.244325289814551,0.6766666666666664,0.7591708290725806
all_valid,PSN,Pessonada,recharge_day3,blocks_10_20,end,regulated_hg_two,5,3.8542660443101417,0.6169056489562917,2.219999999999999,2.8369056489562907,0.6766666666666664,0.6854896158249526
all_valid,PSN,Pessonada,recharge_day3,blocks_10_20,end,regulated_pm_one,5,4.289371346198382,0.9460760614374102,2.219999999999999,3.1660760614374093,0.6766666666666664,0.7404280108036133
all_valid,PSN,Pessonada,recharge_day3,blocks_10_20,end,regulated_pm_two,5,3.8768758641466414,0.5339431013881079,2.219999999999999,2.753943101388107,0.6766666666666664,0.6657425907808712
all_valid,PSN,Pessonada,recharge_day3,blocks_10_20,mean,regulated_hg_one,5,4.728608313301895,1.032241956481217,2.2120833333333336,3.244325289814551,0.6881597222222222,0.7591708290725806
all_valid,PSN,Pessonada,recharge_day3,blocks_10_20,mean,regulated_hg_two,5,4.325516044310141,0.6248223156229569,2.2120833333333336,2.8369056489562907,0.6881597222222222,0.6854896158249526
all_valid,PSN,Pessonada,recharge_day3,blocks_10_20,mean,regulated_pm_one,5,4.760621346198381,0.9539927281040753,2.2120833333333336,3.1660760614374093,0.6881597222222222,0.7404280108036133
all_valid,PSN,Pessonada,recharge_day3,blocks_10_20,mean,regulated_pm_two,5,4.34812586414664,0.541859768054773,2.2120833333333336,2.753943101388107,0.6881597222222222,0.6657425907808712
all_valid,PSN,Pessonada,drying5,linear_5_20_50,end,regulated_hg_one,1,0.6334986036538961,-0.6334986036538961,9.216666666666661,8.583168063012765,1.8433333333333324,1.716633612602553
all_valid,PSN,Pessonada,drying5,linear_5_20_50,end,regulated_hg_two,1,1.6469819386256157,-1.6469819386256157,9.216666666666661,7.569684728041046,1.8433333333333324,1.5139369456082092
all_valid,PSN,Pessonada,drying5,linear_5_20_50,end,regulated_pm_one,1,0.5756966668571657,-0.5756966668571657,9.216666666666661,8.640969999809496,1.8433333333333324,1.7281939999618992
all_valid,PSN,Pessonada,drying5,linear_5_20_50,end,regulated_pm_two,1,1.6403473013840717,-1.6403473013840717,9.216666666666661,7.57631936528259,1.8433333333333324,1.515263873056518
all_valid,PSN,Pessonada,drying5,linear_5_20_50,mean,regulated_hg_one,1,1.1833249925427918,-1.1833249925427918,9.766493055555557,8.583168063012765,1.9532986111111115,1.716633612602553
all_valid,PSN,Pessonada,drying5,linear_5_20_50,mean,regulated_hg_two,1,2.1968083275145114,-2.1968083275145114,9.766493055555557,7.569684728041046,1.9532986111111115,1.5139369456082092
all_valid,PSN,Pessonada,drying5,linear_5_20_50,mean,regulated_pm_one,1,1.1255230557460614,-1.1255230557460614,9.766493055555557,8.640969999809496,1.9532986111111115,1.7281939999618992
all_valid,PSN,Pessonada,drying5,linear_5_20_50,mean,regulated_pm_two,1,2.1901736902729674,-2.1901736902729674,9.766493055555557,7.57631936528259,1.9532986111111115,1.515263873056518
all_valid,PSN,Pessonada,drying5,hold_20,end,regulated_hg_one,1,1.1168319369872304,-1.1168319369872304,9.699999999999996,8.583168063012765,1.939999999999999,1.716633612602553
all_valid,PSN,Pessonada,drying5,hold_20,end,regulated_hg_two,1,2.13031527195895,-2.13031527195895,9.699999999999996,7.569684728041046,1.939999999999999,1.5139369456082092
all_valid,PSN,Pessonada,drying5,hold_20,end,regulated_pm_one,1,1.0590300001905,-1.0590300001905,9.699999999999996,8.640969999809496,1.939999999999999,1.7281939999618992
all_valid,PSN,Pessonada,drying5,hold_20,end,regulated_pm_two,1,2.123680634717406,-2.123680634717406,9.699999999999996,7.57631936528259,1.939999999999999,1.515263873056518
all_valid,PSN,Pessonada,drying5,hold_20,mean,regulated_hg_one,1,1.7111027703205703,-1.7111027703205703,10.294270833333336,8.583168063012765,2.0588541666666673,1.716633612602553
all_valid,PSN,Pessonada,drying5,hold_20,mean,regulated_hg_two,1,2.72458610529229,-2.72458610529229,10.294270833333336,7.569684728041046,2.0588541666666673,1.5139369456082092
all_valid,PSN,Pessonada,drying5,hold_20,mean,regulated_pm_one,1,1.65330083352384,-1.65330083352384,10.294270833333336,8.640969999809496,2.0588541666666673,1.7281939999618992
all_valid,PSN,Pessonada,drying5,hold_20,mean,regulated_pm_two,1,2.717951468050746,-2.717951468050746,10.294270833333336,7.57631936528259,2.0588541666666673,1.515263873056518
all_valid,PSN,Pessonada,drying5,blocks_10_20,end,regulated_hg_one,1,0.6168319369872375,-0.6168319369872375,9.200000000000003,8.583168063012765,1.8400000000000005,1.716633612602553
all_valid,PSN,Pessonada,drying5,blocks_10_20,end,regulated_hg_two,1,1.630315271958957,-1.630315271958957,9.200000000000003,7.569684728041046,1.8400000000000005,1.5139369456082092
all_valid,PSN,Pessonada,drying5,blocks_10_20,end,regulated_pm_one,1,0.5590300001905071,-0.5590300001905071,9.200000000000003,8.640969999809496,1.8400000000000005,1.7281939999618992
all_valid,PSN,Pessonada,drying5,blocks_10_20,end,regulated_pm_two,1,1.623680634717413,-1.623680634717413,9.200000000000003,7.57631936528259,1.8400000000000005,1.515263873056518
all_valid,PSN,Pessonada,drying5,blocks_10_20,mean,regulated_hg_one,1,1.1522486036539075,-1.1522486036539075,9.735416666666673,8.583168063012765,1.9470833333333346,1.716633612602553
all_valid,PSN,Pessonada,drying5,blocks_10_20,mean,regulated_hg_two,1,2.165731938625627,-2.165731938625627,9.735416666666673,7.569684728041046,1.9470833333333346,1.5139369456082092
all_valid,PSN,Pessonada,drying5,blocks_10_20,mean,regulated_pm_one,1,1.094446666857177,-1.094446666857177,9.735416666666673,8.640969999809496,1.9470833333333346,1.7281939999618992
all_valid,PSN,Pessonada,drying5,blocks_10_20,mean,regulated_pm_two,1,2.159097301384083,-2.159097301384083,9.735416666666673,7.57631936528259,1.9470833333333346,1.515263873056518
all_valid,BDS,Batlliu de Sort,daily,linear_5_20_50,end,regulated_hg_one,59,1.5767114107803086,0.0468665673178718,-0.007909604519774164,0.038956962798097634,-0.007909604519774164,0.038956962798097634
all_valid,BDS,Batlliu de Sort,daily,linear_5_20_50,end,regulated_hg_two,59,1.549622781235046,0.07233053632094344,-0.007909604519774164,0.06442093180116927,-0.007909604519774164,0.06442093180116927
all_valid,BDS,Batlliu de Sort,daily,linear_5_20_50,end,regulated_pm_one,59,1.5618533820792482,0.06276589887107319,-0.007909604519774164,0.05485629435129902,-0.007909604519774164,0.05485629435129902
all_valid,BDS,Batlliu de Sort,daily,linear_5_20_50,end,regulated_pm_two,59,1.587072447303013,0.10332970091561453,-0.007909604519774164,0.09542009639584037,-0.007909604519774164,0.09542009639584037
all_valid,BDS,Batlliu de Sort,daily,linear_5_20_50,mean,regulated_hg_one,59,1.9262051760144552,0.045718968447815145,-0.006762005649717506,0.038956962798097634,-0.006762005649717506,0.038956962798097634
all_valid,BDS,Batlliu de Sort,daily,linear_5_20_50,mean,regulated_hg_two,59,1.8937605549802168,0.07118293745088679,-0.006762005649717506,0.06442093180116927,-0.006762005649717506,0.06442093180116927
all_valid,BDS,Batlliu de Sort,daily,linear_5_20_50,mean,regulated_pm_one,59,1.8676749639648775,0.06161830000101652,-0.006762005649717506,0.05485629435129902,-0.006762005649717506,0.05485629435129902
all_valid,BDS,Batlliu de Sort,daily,linear_5_20_50,mean,regulated_pm_two,59,1.8928543038656205,0.10218210204555787,-0.006762005649717506,0.09542009639584037,-0.006762005649717506,0.09542009639584037
all_valid,BDS,Batlliu de Sort,daily,hold_20,end,regulated_hg_one,59,1.5879543664234712,0.04827899669640267,-0.009322033898305037,0.038956962798097634,-0.009322033898305037,0.038956962798097634
all_valid,BDS,Batlliu de Sort,daily,hold_20,end,regulated_hg_two,59,1.5631209657347938,0.07374296569947432,-0.009322033898305037,0.06442093180116927,-0.009322033898305037,0.06442093180116927
all_valid,BDS,Batlliu de Sort,daily,hold_20,end,regulated_pm_one,59,1.5643130282235704,0.06417832824960405,-0.009322033898305037,0.05485629435129902,-0.009322033898305037,0.05485629435129902
all_valid,BDS,Batlliu de Sort,daily,hold_20,end,regulated_pm_two,59,1.5892326060120643,0.1047421302941454,-0.009322033898305037,0.09542009639584037,-0.009322033898305037,0.09542009639584037
all_valid,BDS,Batlliu de Sort,daily,hold_20,mean,regulated_hg_one,59,1.946896565248303,0.047413883702052455,-0.008456920903954819,0.038956962798097634,-0.008456920903954819,0.038956962798097634
all_valid,BDS,Batlliu de Sort,daily,hold_20,mean,regulated_hg_two,59,1.9204265185264793,0.07287785270512409,-0.008456920903954819,0.06442093180116927,-0.008456920903954819,0.06442093180116927
all_valid,BDS,Batlliu de Sort,daily,hold_20,mean,regulated_pm_one,59,1.8799294422223816,0.06331321525525384,-0.008456920903954819,0.05485629435129902,-0.008456920903954819,0.05485629435129902
all_valid,BDS,Batlliu de Sort,daily,hold_20,mean,regulated_pm_two,59,1.9053259798473168,0.10387701729979518,-0.008456920903954819,0.09542009639584037,-0.008456920903954819,0.09542009639584037
all_valid,BDS,Batlliu de Sort,daily,blocks_10_20,end,regulated_hg_one,59,1.618070976914004,0.04743153906928407,-0.00847457627118644,0.038956962798097634,-0.00847457627118644,0.038956962798097634
all_valid,BDS,Batlliu de Sort,daily,blocks_10_20,end,regulated_hg_two,59,1.5963277396790443,0.07289550807235572,-0.00847457627118644,0.06442093180116927,-0.00847457627118644,0.06442093180116927
all_valid,BDS,Batlliu de Sort,daily,blocks_10_20,end,regulated_pm_one,59,1.5886553104311631,0.06333087062248545,-0.00847457627118644,0.05485629435129902,-0.00847457627118644,0.05485629435129902
all_valid,BDS,Batlliu de Sort,daily,blocks_10_20,end,regulated_pm_two,59,1.6128581390868353,0.1038946726670268,-0.00847457627118644,0.09542009639584037,-0.00847457627118644,0.09542009639584037
all_valid,BDS,Batlliu de Sort,daily,blocks_10_20,mean,regulated_hg_one,59,1.9823539326117359,0.047502160538210686,-0.00854519774011305,0.038956962798097634,-0.00854519774011305,0.038956962798097634
all_valid,BDS,Batlliu de Sort,daily,blocks_10_20,mean,regulated_hg_two,59,1.955668049443151,0.07296612954128233,-0.00854519774011305,0.06442093180116927,-0.00854519774011305,0.06442093180116927
all_valid,BDS,Batlliu de Sort,daily,blocks_10_20,mean,regulated_pm_one,59,1.9032065858832066,0.06340149209141206,-0.00854519774011305,0.05485629435129902,-0.00854519774011305,0.05485629435129902
all_valid,BDS,Batlliu de Sort,daily,blocks_10_20,mean,regulated_pm_two,59,1.9303718555918226,0.10396529413595341,-0.00854519774011305,0.09542009639584037,-0.00854519774011305,0.09542009639584037
all_valid,BDS,Batlliu de Sort,recharge_next,linear_5_20_50,end,regulated_hg_one,5,5.134837868121233,1.4176576000164989,3.039999999999999,4.457657600016498,1.2061111111111105,1.5475759433677847
all_valid,BDS,Batlliu de Sort,recharge_next,linear_5_20_50,end,regulated_hg_two,5,5.230907846114599,1.6486975610289485,3.039999999999999,4.688697561028947,1.2061111111111105,1.6256285729633342
all_valid,BDS,Batlliu de Sort,recharge_next,linear_5_20_50,end,regulated_pm_one,5,5.202314244072717,1.5776870244107375,3.039999999999999,4.617687024410737,1.2061111111111105,1.6127612969953333
all_valid,BDS,Batlliu de Sort,recharge_next,linear_5_20_50,end,regulated_pm_two,5,5.809974011726515,2.2241507737239656,3.039999999999999,5.264150773723965,1.2061111111111105,1.822547293032051
all_valid,BDS,Batlliu de Sort,recharge_next,linear_5_20_50,mean,regulated_hg_one,5,4.991261479232344,1.012970100016499,3.4446874999999992,4.457657600016498,1.3799999999999994,1.5475759433677847
all_valid,BDS,Batlliu de Sort,recharge_next,linear_5_20_50,mean,regulated_hg_two,5,5.0873314572257105,1.2440100610289484,3.4446874999999992,4.688697561028947,1.3799999999999994,1.6256285729633342
all_valid,BDS,Batlliu de Sort,recharge_next,linear_5_20_50,mean,regulated_pm_one,5,5.0587378551838285,1.1729995244107376,3.4446874999999992,4.617687024410737,1.3799999999999994,1.6127612969953333
all_valid,BDS,Batlliu de Sort,recharge_next,linear_5_20_50,mean,regulated_pm_two,5,5.666397622837627,1.8194632737239655,3.4446874999999992,5.264150773723965,1.3799999999999994,1.822547293032051
all_valid,BDS,Batlliu de Sort,recharge_next,hold_20,end,regulated_hg_one,5,5.1548378681212315,1.1776576000164984,3.28,4.457657600016498,1.3033333333333332,1.5475759433677847
all_valid,BDS,Batlliu de Sort,recharge_next,hold_20,end,regulated_hg_two,5,5.250907846114599,1.4086975610289478,3.28,4.688697561028947,1.3033333333333332,1.6256285729633342
all_valid,BDS,Batlliu de Sort,recharge_next,hold_20,end,regulated_pm_one,5,5.222314244072717,1.337687024410737,3.28,4.617687024410737,1.3033333333333332,1.6127612969953333
all_valid,BDS,Batlliu de Sort,recharge_next,hold_20,end,regulated_pm_two,5,5.829974011726514,1.984150773723965,3.28,5.264150773723965,1.3033333333333332,1.822547293032051
all_valid,BDS,Batlliu de Sort,recharge_next,hold_20,mean,regulated_hg_one,5,5.0107753681212275,0.7506784333498321,3.706979166666666,4.457657600016498,1.4861458333333328,1.5475759433677847
all_valid,BDS,Batlliu de Sort,recharge_next,hold_20,mean,regulated_hg_two,5,5.106845346114595,0.9817183943622816,3.706979166666666,4.688697561028947,1.4861458333333328,1.6256285729633342
all_valid,BDS,Batlliu de Sort,recharge_next,hold_20,mean,regulated_pm_one,5,5.078251744072713,0.9107078577440707,3.706979166666666,4.617687024410737,1.4861458333333328,1.6127612969953333
all_valid,BDS,Batlliu de Sort,recharge_next,hold_20,mean,regulated_pm_two,5,5.68591151172651,1.5571716070572987,3.706979166666666,5.264150773723965,1.4861458333333328,1.822547293032051
all_valid,BDS,Batlliu de Sort,recharge_next,blocks_10_20,end,regulated_hg_one,5,5.214837868121231,0.837657600016495,3.620000000000003,4.457657600016498,1.446666666666668,1.5475759433677847
all_valid,BDS,Batlliu de Sort,recharge_next,blocks_10_20,end,regulated_hg_two,5,5.310907846114597,1.0686975610289444,3.620000000000003,4.688697561028947,1.446666666666668,1.6256285729633342
all_valid,BDS,Batlliu de Sort,recharge_next,blocks_10_20,end,regulated_pm_one,5,5.282314244072715,0.9976870244107336,3.620000000000003,4.617687024410737,1.446666666666668,1.6127612969953333
all_valid,BDS,Batlliu de Sort,recharge_next,blocks_10_20,end,regulated_pm_two,5,5.889974011726514,1.6441507737239616,3.620000000000003,5.264150773723965,1.446666666666668,1.822547293032051
all_valid,BDS,Batlliu de Sort,recharge_next,blocks_10_20,mean,regulated_hg_one,5,5.0848378681212285,0.37182426668316043,4.085833333333338,4.457657600016498,1.6458333333333353,1.5475759433677847
all_valid,BDS,Batlliu de Sort,recharge_next,blocks_10_20,mean,regulated_hg_two,5,5.180907846114595,0.60286422769561,4.085833333333338,4.688697561028947,1.6458333333333353,1.6256285729633342
all_valid,BDS,Batlliu de Sort,recharge_next,blocks_10_20,mean,regulated_pm_one,5,5.152314244072713,0.531853691077399,4.085833333333338,4.617687024410737,1.6458333333333353,1.6127612969953333
all_valid,BDS,Batlliu de Sort,recharge_next,blocks_10_20,mean,regulated_pm_two,5,5.759974011726511,1.178317440390627,4.085833333333338,5.264150773723965,1.6458333333333353,1.822547293032051
all_valid,BDS,Batlliu de Sort,recharge_day3,linear_5_20_50,end,regulated_hg_one,5,4.167023835599264,-1.1789992397455196,2.2700000000000005,1.0910007602544807,0.4821666666666667,0.12895475825769911
all_valid,BDS,Batlliu de Sort,recharge_day3,linear_5_20_50,end,regulated_hg_two,5,4.286928279312884,-0.6750706765553329,2.2700000000000005,1.5949293234446673,0.4821666666666667,0.23677632230828718
all_valid,BDS,Batlliu de Sort,recharge_day3,linear_5_20_50,end,regulated_pm_one,5,4.529290139729593,-1.000983786274664,2.2700000000000005,1.2690162137253362,0.4821666666666667,0.16180395008728918
all_valid,BDS,Batlliu de Sort,recharge_day3,linear_5_20_50,end,regulated_pm_two,5,5.15812332518633,-0.19645313491728073,2.2700000000000005,2.0735468650827196,0.4821666666666667,0.32449126046484744
all_valid,BDS,Batlliu de Sort,recharge_day3,linear_5_20_50,mean,regulated_hg_one,5,4.1238988355992685,-1.3346936841899635,2.4256944444444444,1.0910007602544807,0.5142430555555555,0.12895475825769911
all_valid,BDS,Batlliu de Sort,recharge_day3,linear_5_20_50,mean,regulated_hg_two,5,4.243803279312888,-0.830765120999777,2.4256944444444444,1.5949293234446673,0.5142430555555555,0.23677632230828718
all_valid,BDS,Batlliu de Sort,recharge_day3,linear_5_20_50,mean,regulated_pm_one,5,4.486165139729598,-1.1566782307191081,2.4256944444444444,1.2690162137253362,0.5142430555555555,0.16180395008728918
all_valid,BDS,Batlliu de Sort,recharge_day3,linear_5_20_50,mean,regulated_pm_two,5,5.114998325186336,-0.35214757936172475,2.4256944444444444,2.0735468650827196,0.5142430555555555,0.32449126046484744
all_valid,BDS,Batlliu de Sort,recharge_day3,hold_20,end,regulated_hg_one,5,4.1403571689326,-1.298999239745517,2.389999999999998,1.0910007602544807,0.5069999999999995,0.12895475825769911
all_valid,BDS,Batlliu de Sort,recharge_day3,hold_20,end,regulated_hg_two,5,4.26026161264622,-0.7950706765553304,2.389999999999998,1.5949293234446673,0.5069999999999995,0.23677632230828718
all_valid,BDS,Batlliu de Sort,recharge_day3,hold_20,end,regulated_pm_one,5,4.502623473062929,-1.1209837862746614,2.389999999999998,1.2690162137253362,0.5069999999999995,0.16180395008728918
all_valid,BDS,Batlliu de Sort,recharge_day3,hold_20,end,regulated_pm_two,5,5.131456658519666,-0.31645313491727817,2.389999999999998,2.0735468650827196,0.5069999999999995,0.32449126046484744
all_valid,BDS,Batlliu de Sort,recharge_day3,hold_20,mean,regulated_hg_one,5,4.104315502265927,-1.4652492397455208,2.5562500000000012,1.0910007602544807,0.5412812500000003,0.12895475825769911
all_valid,BDS,Batlliu de Sort,recharge_day3,hold_20,mean,regulated_hg_two,5,4.224219945979548,-0.961320676555334,2.5562500000000012,1.5949293234446673,0.5412812500000003,0.23677632230828718
all_valid,BDS,Batlliu de Sort,recharge_day3,hold_20,mean,regulated_pm_one,5,4.466581806396257,-1.2872337862746652,2.5562500000000012,1.2690162137253362,0.5412812500000003,0.16180395008728918
all_valid,BDS,Batlliu de Sort,recharge_day3,hold_20,mean,regulated_pm_two,5,5.095414991852994,-0.4827031349172819,2.5562500000000012,2.0735468650827196,0.5412812500000003,0.32449126046484744
all_valid,BDS,Batlliu de Sort,recharge_day3,blocks_10_20,end,regulated_hg_one,5,4.120357168932598,-1.4689992397455187,2.5599999999999996,1.0910007602544807,0.5429999999999998,0.12895475825769911
all_valid,BDS,Batlliu de Sort,recharge_day3,blocks_10_20,end,regulated_hg_two,5,4.240261612646218,-0.9650706765553321,2.5599999999999996,1.5949293234446673,0.5429999999999998,0.23677632230828718
all_valid,BDS,Batlliu de Sort,recharge_day3,blocks_10_20,end,regulated_pm_one,5,4.482623473062928,-1.2909837862746631,2.5599999999999996,1.2690162137253362,0.5429999999999998,0.16180395008728918
all_valid,BDS,Batlliu de Sort,recharge_day3,blocks_10_20,end,regulated_pm_two,5,5.111456658519665,-0.4864531349172799,2.5599999999999996,2.0735468650827196,0.5429999999999998,0.32449126046484744
all_valid,BDS,Batlliu de Sort,recharge_day3,blocks_10_20,mean,regulated_hg_one,5,4.09577383559926,-1.6527492397455208,2.7437500000000012,1.0910007602544807,0.5811250000000003,0.12895475825769911
all_valid,BDS,Batlliu de Sort,recharge_day3,blocks_10_20,mean,regulated_hg_two,5,4.21567827931288,-1.1488206765553342,2.7437500000000012,1.5949293234446673,0.5811250000000003,0.23677632230828718
all_valid,BDS,Batlliu de Sort,recharge_day3,blocks_10_20,mean,regulated_pm_one,5,4.45804013972959,-1.4747337862746652,2.7437500000000012,1.2690162137253362,0.5811250000000003,0.16180395008728918
all_valid,BDS,Batlliu de Sort,recharge_day3,blocks_10_20,mean,regulated_pm_two,5,5.086873325186327,-0.6702031349172819,2.7437500000000012,2.0735468650827196,0.5811250000000003,0.32449126046484744
all_valid,BDS,Batlliu de Sort,drying5,linear_5_20_50,end,regulated_hg_one,1,0.13468503181189817,-0.13468503181189817,5.391666666666666,5.2569816348547675,1.0783333333333331,1.0513963269709534
all_valid,BDS,Batlliu de Sort,drying5,linear_5_20_50,end,regulated_hg_two,1,0.3357680235348717,-0.3357680235348717,5.391666666666666,5.055898643131794,1.0783333333333331,1.0111797286263589
all_valid,BDS,Batlliu de Sort,drying5,linear_5_20_50,end,regulated_pm_one,1,0.48096183461979436,0.48096183461979436,5.391666666666666,5.87262850128646,1.0783333333333331,1.174525700257292
all_valid,BDS,Batlliu de Sort,drying5,linear_5_20_50,end,regulated_pm_two,1,0.5249922497364494,0.5249922497364494,5.391666666666666,5.916658916403115,1.0783333333333331,1.183331783280623
all_valid,BDS,Batlliu de Sort,drying5,linear_5_20_50,mean,regulated_hg_one,1,0.3362475318119067,-0.3362475318119067,5.593229166666674,5.2569816348547675,1.118645833333335,1.0513963269709534
all_valid,BDS,Batlliu de Sort,drying5,linear_5_20_50,mean,regulated_hg_two,1,0.5373305235348802,-0.5373305235348802,5.593229166666674,5.055898643131794,1.118645833333335,1.0111797286263589
all_valid,BDS,Batlliu de Sort,drying5,linear_5_20_50,mean,regulated_pm_one,1,0.27939933461978583,0.27939933461978583,5.593229166666674,5.87262850128646,1.118645833333335,1.174525700257292
all_valid,BDS,Batlliu de Sort,drying5,linear_5_20_50,mean,regulated_pm_two,1,0.3234297497364409,0.3234297497364409,5.593229166666674,5.916658916403115,1.118645833333335,1.183331783280623
all_valid,BDS,Batlliu de Sort,drying5,hold_20,end,regulated_hg_one,1,0.6180183651452325,-0.6180183651452325,5.875,5.2569816348547675,1.175,1.0513963269709534
all_valid,BDS,Batlliu de Sort,drying5,hold_20,end,regulated_hg_two,1,0.819101356868206,-0.819101356868206,5.875,5.055898643131794,1.175,1.0111797286263589
all_valid,BDS,Batlliu de Sort,drying5,hold_20,end,regulated_pm_one,1,0.0023714987135399213,-0.0023714987135399213,5.875,5.87262850128646,1.175,1.174525700257292
all_valid,BDS,Batlliu de Sort,drying5,hold_20,end,regulated_pm_two,1,0.04165891640311514,0.04165891640311514,5.875,5.916658916403115,1.175,1.183331783280623
all_valid,BDS,Batlliu de Sort,drying5,hold_20,mean,regulated_hg_one,1,0.8591641984785667,-0.8591641984785667,6.116145833333334,5.2569816348547675,1.2232291666666668,1.0513963269709534
all_valid,BDS,Batlliu de Sort,drying5,hold_20,mean,regulated_hg_two,1,1.0602471902015402,-1.0602471902015402,6.116145833333334,5.055898643131794,1.2232291666666668,1.0111797286263589
all_valid,BDS,Batlliu de Sort,drying5,hold_20,mean,regulated_pm_one,1,0.2435173320468742,-0.2435173320468742,6.116145833333334,5.87262850128646,1.2232291666666668,1.174525700257292
all_valid,BDS,Batlliu de Sort,drying5,hold_20,mean,regulated_pm_two,1,0.19948691693021914,-0.19948691693021914,6.116145833333334,5.916658916403115,1.2232291666666668,1.183331783280623
all_valid,BDS,Batlliu de Sort,drying5,blocks_10_20,end,regulated_hg_one,1,1.2430183651452325,-1.2430183651452325,6.5,5.2569816348547675,1.3,1.0513963269709534
all_valid,BDS,Batlliu de Sort,drying5,blocks_10_20,end,regulated_hg_two,1,1.444101356868206,-1.444101356868206,6.5,5.055898643131794,1.3,1.0111797286263589
all_valid,BDS,Batlliu de Sort,drying5,blocks_10_20,end,regulated_pm_one,1,0.6273714987135399,-0.6273714987135399,6.5,5.87262850128646,1.3,1.174525700257292
all_valid,BDS,Batlliu de Sort,drying5,blocks_10_20,end,regulated_pm_two,1,0.5833410835968849,-0.5833410835968849,6.5,5.916658916403115,1.3,1.183331783280623
all_valid,BDS,Batlliu de Sort,drying5,blocks_10_20,mean,regulated_hg_one,1,1.5346850318118967,-1.5346850318118967,6.791666666666664,5.2569816348547675,1.358333333333333,1.0513963269709534
all_valid,BDS,Batlliu de Sort,drying5,blocks_10_20,mean,regulated_hg_two,1,1.7357680235348703,-1.7357680235348703,6.791666666666664,5.055898643131794,1.358333333333333,1.0111797286263589
all_valid,BDS,Batlliu de Sort,drying5,blocks_10_20,mean,regulated_pm_one,1,0.9190381653802042,-0.9190381653802042,6.791666666666664,5.87262850128646,1.358333333333333,1.174525700257292
all_valid,BDS,Batlliu de Sort,drying5,blocks_10_20,mean,regulated_pm_two,1,0.8750077502635492,-0.8750077502635492,6.791666666666664,5.916658916403115,1.358333333333333,1.183331783280623
all_valid,CDPA,Coll de Paller,daily,linear_5_20_50,end,regulated_hg_one,55,0.8554790382277954,-0.05959523615056563,0.07818181818181813,0.018586582031252498,0.07818181818181813,0.018586582031252498
all_valid,CDPA,Coll de Paller,daily,linear_5_20_50,end,regulated_hg_two,55,0.8718073642179449,-0.06237297127464831,0.07818181818181813,0.01580884690716982,0.07818181818181813,0.01580884690716982
all_valid,CDPA,Coll de Paller,daily,linear_5_20_50,end,regulated_pm_one,55,0.844154875624707,-0.06537557540289843,0.07818181818181813,0.012806242778919704,0.07818181818181813,0.012806242778919704
all_valid,CDPA,Coll de Paller,daily,linear_5_20_50,end,regulated_pm_two,55,0.8679334653110378,-0.06636106433305486,0.07818181818181813,0.011820753848763268,0.07818181818181813,0.011820753848763268
all_valid,CDPA,Coll de Paller,daily,linear_5_20_50,mean,regulated_hg_one,55,1.3222860016327456,-0.05745824120107077,0.07604482323232327,0.018586582031252498,0.07604482323232327,0.018586582031252498
all_valid,CDPA,Coll de Paller,daily,linear_5_20_50,mean,regulated_hg_two,55,1.3501359116390421,-0.06023597632515345,0.07604482323232327,0.01580884690716982,0.07604482323232327,0.01580884690716982
all_valid,CDPA,Coll de Paller,daily,linear_5_20_50,mean,regulated_pm_one,55,1.3049111501343111,-0.06323858045340357,0.07604482323232327,0.012806242778919704,0.07604482323232327,0.012806242778919704
all_valid,CDPA,Coll de Paller,daily,linear_5_20_50,mean,regulated_pm_two,55,1.331575781427628,-0.06422406938356001,0.07604482323232327,0.011820753848763268,0.07604482323232327,0.011820753848763268
all_valid,CDPA,Coll de Paller,daily,hold_20,end,regulated_hg_one,55,0.916455388990379,-0.04595887251420199,0.06454545454545449,0.018586582031252498,0.06454545454545449,0.018586582031252498
all_valid,CDPA,Coll de Paller,daily,hold_20,end,regulated_hg_two,55,0.9331436661354938,-0.048736607638284676,0.06454545454545449,0.01580884690716982,0.06454545454545449,0.01580884690716982
all_valid,CDPA,Coll de Paller,daily,hold_20,end,regulated_pm_one,55,0.8944395937511932,-0.05173921176653479,0.06454545454545449,0.012806242778919704,0.06454545454545449,0.012806242778919704
all_valid,CDPA,Coll de Paller,daily,hold_20,end,regulated_pm_two,55,0.9102925755943111,-0.052724700696691225,0.06454545454545449,0.011820753848763268,0.06454545454545449,0.011820753848763268
all_valid,CDPA,Coll de Paller,daily,hold_20,mean,regulated_hg_one,55,1.3091105578167437,-0.043506220999050514,0.06209280303030301,0.018586582031252498,0.06209280303030301,0.018586582031252498
all_valid,CDPA,Coll de Paller,daily,hold_20,mean,regulated_hg_two,55,1.3344702177244507,-0.04628395612313319,0.06209280303030301,0.01580884690716982,0.06209280303030301,0.01580884690716982
all_valid,CDPA,Coll de Paller,daily,hold_20,mean,regulated_pm_one,55,1.289126628662102,-0.04928656025138331,0.06209280303030301,0.012806242778919704,0.06209280303030301,0.012806242778919704
all_valid,CDPA,Coll de Paller,daily,hold_20,mean,regulated_pm_two,55,1.3121207065589096,-0.05027204918153975,0.06209280303030301,0.011820753848763268,0.06209280303030301,0.011820753848763268
all_valid,CDPA,Coll de Paller,daily,blocks_10_20,end,regulated_hg_one,55,0.8892967084019713,-0.05050432705965667,0.06909090909090917,0.018586582031252498,0.06909090909090917,0.018586582031252498
all_valid,CDPA,Coll de Paller,daily,blocks_10_20,end,regulated_hg_two,55,0.9209335475992356,-0.05328206218373935,0.06909090909090917,0.01580884690716982,0.06909090909090917,0.01580884690716982
all_valid,CDPA,Coll de Paller,daily,blocks_10_20,end,regulated_pm_one,55,0.8771012001347749,-0.056284666311989466,0.06909090909090917,0.012806242778919704,0.06909090909090917,0.012806242778919704
all_valid,CDPA,Coll de Paller,daily,blocks_10_20,end,regulated_pm_two,55,0.9068597467388599,-0.057270155242145904,0.06909090909090917,0.011820753848763268,0.06909090909090917,0.011820753848763268
all_valid,CDPA,Coll de Paller,daily,blocks_10_20,mean,regulated_hg_one,55,1.3144558391482963,-0.04826947857480802,0.06685606060606052,0.018586582031252498,0.06685606060606052,0.018586582031252498
all_valid,CDPA,Coll de Paller,daily,blocks_10_20,mean,regulated_hg_two,55,1.341485831754519,-0.051047213698890696,0.06685606060606052,0.01580884690716982,0.06685606060606052,0.01580884690716982
all_valid,CDPA,Coll de Paller,daily,blocks_10_20,mean,regulated_pm_one,55,1.2948936741166477,-0.054049817827140814,0.06685606060606052,0.012806242778919704,0.06685606060606052,0.012806242778919704
all_valid,CDPA,Coll de Paller,daily,blocks_10_20,mean,regulated_pm_two,55,1.3192065178309926,-0.05503530675729725,0.06685606060606052,0.011820753848763268,0.06685606060606052,0.011820753848763268
all_valid,CDPA,Coll de Paller,recharge_next,linear_5_20_50,end,regulated_hg_one,4,3.0445801738062164,0.7265612055570039,3.8437499999999964,4.570311205557,0.8031249999999984,1.4876756609170703
all_valid,CDPA,Coll de Paller,recharge_next,linear_5_20_50,end,regulated_hg_two,4,3.176615246480015,0.3037009940800137,3.8437499999999964,4.14745099408001,0.8031249999999984,1.3757855318335657
all_valid,CDPA,Coll de Paller,recharge_next,linear_5_20_50,end,regulated_pm_one,4,3.2228729164208327,0.5975196510604258,3.8437499999999964,4.441269651060423,0.8031249999999984,1.4767147147435975
all_valid,CDPA,Coll de Paller,recharge_next,linear_5_20_50,end,regulated_pm_two,4,3.391029398517333,0.13461781114056837,3.8437499999999964,3.978367811140565,0.8031249999999984,1.3578195588670523
all_valid,CDPA,Coll de Paller,recharge_next,linear_5_20_50,mean,regulated_hg_one,4,3.05881628491733,0.7404500944458896,3.8298611111111107,4.570311205557,0.7964930555555558,1.4876756609170703
all_valid,CDPA,Coll de Paller,recharge_next,linear_5_20_50,mean,regulated_hg_two,4,3.1908513575911286,0.31758988296889945,3.8298611111111107,4.14745099408001,0.7964930555555558,1.3757855318335657
all_valid,CDPA,Coll de Paller,recharge_next,linear_5_20_50,mean,regulated_pm_one,4,3.2371090275319463,0.6114085399493115,3.8298611111111107,4.441269651060423,0.7964930555555558,1.4767147147435975
all_valid,CDPA,Coll de Paller,recharge_next,linear_5_20_50,mean,regulated_pm_two,4,3.4052655096284465,0.1485067000294541,3.8298611111111107,3.978367811140565,0.7964930555555558,1.3578195588670523
all_valid,CDPA,Coll de Paller,recharge_next,hold_20,end,regulated_hg_one,4,2.907080173806217,0.8640612055569996,3.7062500000000007,4.570311205557,0.773125000000001,1.4876756609170703
all_valid,CDPA,Coll de Paller,recharge_next,hold_20,end,regulated_hg_two,4,3.0391152464800157,0.44120099408000946,3.7062500000000007,4.14745099408001,0.773125000000001,1.3757855318335657
all_valid,CDPA,Coll de Paller,recharge_next,hold_20,end,regulated_pm_one,4,3.0853729164208334,0.7350196510604216,3.7062500000000007,4.441269651060423,0.773125000000001,1.4767147147435975
all_valid,CDPA,Coll de Paller,recharge_next,hold_20,end,regulated_pm_two,4,3.2630221664523598,0.2721178111405641,3.7062500000000007,3.978367811140565,0.773125000000001,1.3578195588670523
all_valid,CDPA,Coll de Paller,recharge_next,hold_20,mean,regulated_hg_one,4,2.936507257139552,0.8674466222236703,3.70286458333333,4.570311205557,0.7699479166666654,1.4876756609170703
all_valid,CDPA,Coll de Paller,recharge_next,hold_20,mean,regulated_hg_two,4,3.0685423298133507,0.44458641074668015,3.70286458333333,4.14745099408001,0.7699479166666654,1.3757855318335657
all_valid,CDPA,Coll de Paller,recharge_next,hold_20,mean,regulated_pm_one,4,3.1147999997541684,0.7384050677270922,3.70286458333333,4.441269651060423,0.7699479166666654,1.4767147147435975
all_valid,CDPA,Coll de Paller,recharge_next,hold_20,mean,regulated_pm_two,4,3.2829564818506687,0.2755032278072348,3.70286458333333,3.978367811140565,0.7699479166666654,1.3578195588670523
all_valid,CDPA,Coll de Paller,recharge_next,blocks_10_20,end,regulated_hg_one,4,3.3008301738062213,0.42031120555700174,4.149999999999999,4.570311205557,0.8599999999999997,1.4876756609170703
all_valid,CDPA,Coll de Paller,recharge_next,blocks_10_20,end,regulated_hg_two,4,3.4445178927037476,-0.002549005919988412,4.149999999999999,4.14745099408001,0.8599999999999997,1.3757855318335657
all_valid,CDPA,Coll de Paller,recharge_next,blocks_10_20,end,regulated_pm_one,4,3.4791229164208377,0.2912696510604237,4.149999999999999,4.441269651060423,0.8599999999999997,1.4767147147435975
all_valid,CDPA,Coll de Paller,recharge_next,blocks_10_20,end,regulated_pm_two,4,3.719272166452364,-0.17163218885943377,4.149999999999999,3.978367811140565,0.8599999999999997,1.3578195588670523
all_valid,CDPA,Coll de Paller,recharge_next,blocks_10_20,mean,regulated_hg_one,4,3.3456218404728846,0.4130195388903328,4.1572916666666675,4.570311205557,0.8597395833333339,1.4876756609170703
all_valid,CDPA,Coll de Paller,recharge_next,blocks_10_20,mean,regulated_hg_two,4,3.4776569131466832,-0.009840672586657329,4.1572916666666675,4.14745099408001,0.8597395833333339,1.3757855318335657
all_valid,CDPA,Coll de Paller,recharge_next,blocks_10_20,mean,regulated_pm_one,4,3.523914583087501,0.28397798439375477,4.1572916666666675,4.441269651060423,0.8597395833333339,1.4767147147435975
all_valid,CDPA,Coll de Paller,recharge_next,blocks_10_20,mean,regulated_pm_two,4,3.738022166452363,-0.17892385552610268,4.1572916666666675,3.978367811140565,0.8597395833333339,1.3578195588670523
all_valid,CDPA,Coll de Paller,recharge_day3,linear_5_20_50,end,regulated_hg_one,4,3.590402144955587,-1.2458113447446018,3.6416666666666657,2.395855321922064,0.5081845238095236,0.4087560299447818
all_valid,CDPA,Coll de Paller,recharge_day3,linear_5_20_50,end,regulated_hg_two,4,3.604099813878588,-1.6625377086795359,3.6416666666666657,1.9791289579871298,0.5081845238095236,0.341054976550638
all_valid,CDPA,Coll de Paller,recharge_day3,linear_5_20_50,end,regulated_pm_one,4,3.6746696676369734,-1.2622030643516204,3.6416666666666657,2.3794636023150453,0.5081845238095236,0.42006986437581223
all_valid,CDPA,Coll de Paller,recharge_day3,linear_5_20_50,end,regulated_pm_two,4,3.6972663762465228,-1.7037029318614934,3.6416666666666657,1.9379637348051724,0.5081845238095236,0.3477479552881384
all_valid,CDPA,Coll de Paller,recharge_day3,linear_5_20_50,mean,regulated_hg_one,4,3.58306707551115,-1.2060109975223796,3.6018663194444436,2.395855321922064,0.49796471974206324,0.4087560299447818
all_valid,CDPA,Coll de Paller,recharge_day3,linear_5_20_50,mean,regulated_hg_two,4,3.5967647444341506,-1.6227373614573137,3.6018663194444436,1.9791289579871298,0.49796471974206324,0.341054976550638
all_valid,CDPA,Coll de Paller,recharge_day3,linear_5_20_50,mean,regulated_pm_one,4,3.6673345981925363,-1.2224027171293983,3.6018663194444436,2.3794636023150453,0.49796471974206324,0.42006986437581223
all_valid,CDPA,Coll de Paller,recharge_day3,linear_5_20_50,mean,regulated_pm_two,4,3.6899313068020856,-1.6639025846392712,3.6018663194444436,1.9379637348051724,0.49796471974206324,0.3477479552881384
all_valid,CDPA,Coll de Paller,recharge_day3,hold_20,end,regulated_hg_one,4,3.423735478288923,-1.1541446780779367,3.5500000000000007,2.395855321922064,0.49776785714285743,0.4087560299447818
all_valid,CDPA,Coll de Paller,recharge_day3,hold_20,end,regulated_hg_two,4,3.4374331472119235,-1.5708710420128709,3.5500000000000007,1.9791289579871298,0.49776785714285743,0.341054976550638
all_valid,CDPA,Coll de Paller,recharge_day3,hold_20,end,regulated_pm_one,4,3.508003000970309,-1.1705363976849554,3.5500000000000007,2.3794636023150453,0.49776785714285743,0.42006986437581223
all_valid,CDPA,Coll de Paller,recharge_day3,hold_20,end,regulated_pm_two,4,3.5305997095798585,-1.6120362651948283,3.5500000000000007,1.9379637348051724,0.49776785714285743,0.3477479552881384
all_valid,CDPA,Coll de Paller,recharge_day3,hold_20,mean,regulated_hg_one,4,3.4394906866222614,-1.1329207197445996,3.5287760416666636,2.395855321922064,0.49039713541666596,0.4087560299447818
all_valid,CDPA,Coll de Paller,recharge_day3,hold_20,mean,regulated_hg_two,4,3.453188355545262,-1.5496470836795337,3.5287760416666636,1.9791289579871298,0.49039713541666596,0.341054976550638
all_valid,CDPA,Coll de Paller,recharge_day3,hold_20,mean,regulated_pm_one,4,3.5237582093036477,-1.1493124393516183,3.5287760416666636,2.3794636023150453,0.49039713541666596,0.42006986437581223
all_valid,CDPA,Coll de Paller,recharge_day3,hold_20,mean,regulated_pm_two,4,3.546354917913197,-1.5908123068614912,3.5287760416666636,1.9379637348051724,0.49039713541666596,0.3477479552881384
all_valid,CDPA,Coll de Paller,recharge_day3,blocks_10_20,end,regulated_hg_one,4,3.798735478288925,-1.4791446780779345,3.8749999999999982,2.395855321922064,0.5348214285714282,0.4087560299447818
all_valid,CDPA,Coll de Paller,recharge_day3,blocks_10_20,end,regulated_hg_two,4,3.8124331472119253,-1.8958710420128684,3.8749999999999982,1.9791289579871298,0.5348214285714282,0.341054976550638
all_valid,CDPA,Coll de Paller,recharge_day3,blocks_10_20,end,regulated_pm_one,4,3.883003000970311,-1.495536397684953,3.8749999999999982,2.3794636023150453,0.5348214285714282,0.42006986437581223
all_valid,CDPA,Coll de Paller,recharge_day3,blocks_10_20,end,regulated_pm_two,4,3.9055997095798602,-1.9370362651948259,3.8749999999999982,1.9379637348051724,0.5348214285714282,0.3477479552881384
all_valid,CDPA,Coll de Paller,recharge_day3,blocks_10_20,mean,regulated_hg_one,4,3.832589644955591,-1.4671655114112698,3.8630208333333336,2.395855321922064,0.5288690476190478,0.4087560299447818
all_valid,CDPA,Coll de Paller,recharge_day3,blocks_10_20,mean,regulated_hg_two,4,3.8462873138785914,-1.8838918753462037,3.8630208333333336,1.9791289579871298,0.5288690476190478,0.341054976550638
all_valid,CDPA,Coll de Paller,recharge_day3,blocks_10_20,mean,regulated_pm_one,4,3.916857167636977,-1.4835572310182883,3.8630208333333336,2.3794636023150453,0.5288690476190478,0.42006986437581223
all_valid,CDPA,Coll de Paller,recharge_day3,blocks_10_20,mean,regulated_pm_two,4,3.9394538762465263,-1.9250570985281612,3.8630208333333336,1.9379637348051724,0.5288690476190478,0.3477479552881384
all_valid,CDPA,Coll de Paller,drying5,linear_5_20_50,end,regulated_hg_one,1,1.7255048753866618,1.7255048753866618,2.891666666666673,4.617171542053335,0.5783333333333346,0.9234343084106669
all_valid,CDPA,Coll de Paller,drying5,linear_5_20_50,end,regulated_hg_two,1,1.2077928829251476,1.2077928829251476,2.891666666666673,4.0994595495918205,0.5783333333333346,0.8198919099183641
all_valid,CDPA,Coll de Paller,drying5,linear_5_20_50,end,regulated_pm_one,1,1.6922096636150865,1.6922096636150865,2.891666666666673,4.583876330281759,0.5783333333333346,0.9167752660563518
all_valid,CDPA,Coll de Paller,drying5,linear_5_20_50,end,regulated_pm_two,1,1.1983384052929091,1.1983384052929091,2.891666666666673,4.090005071959582,0.5783333333333346,0.8180010143919164
all_valid,CDPA,Coll de Paller,drying5,linear_5_20_50,mean,regulated_hg_one,1,2.1485951531644574,2.1485951531644574,2.468576388888877,4.617171542053335,0.49371527777777546,0.9234343084106669
all_valid,CDPA,Coll de Paller,drying5,linear_5_20_50,mean,regulated_hg_two,1,1.6308831607029433,1.6308831607029433,2.468576388888877,4.0994595495918205,0.49371527777777546,0.8198919099183641
all_valid,CDPA,Coll de Paller,drying5,linear_5_20_50,mean,regulated_pm_one,1,2.115299941392882,2.115299941392882,2.468576388888877,4.583876330281759,0.49371527777777546,0.9167752660563518
all_valid,CDPA,Coll de Paller,drying5,linear_5_20_50,mean,regulated_pm_two,1,1.6214286830707048,1.6214286830707048,2.468576388888877,4.090005071959582,0.49371527777777546,0.8180010143919164
all_valid,CDPA,Coll de Paller,drying5,hold_20,end,regulated_hg_one,1,1.6421715420533332,1.6421715420533332,2.9750000000000014,4.617171542053335,0.5950000000000003,0.9234343084106669
all_valid,CDPA,Coll de Paller,drying5,hold_20,end,regulated_hg_two,1,1.124459549591819,1.124459549591819,2.9750000000000014,4.0994595495918205,0.5950000000000003,0.8198919099183641
all_valid,CDPA,Coll de Paller,drying5,hold_20,end,regulated_pm_one,1,1.608876330281758,1.608876330281758,2.9750000000000014,4.583876330281759,0.5950000000000003,0.9167752660563518
all_valid,CDPA,Coll de Paller,drying5,hold_20,end,regulated_pm_two,1,1.1150050719595805,1.1150050719595805,2.9750000000000014,4.090005071959582,0.5950000000000003,0.8180010143919164
all_valid,CDPA,Coll de Paller,drying5,hold_20,mean,regulated_hg_one,1,2.081234042053339,2.081234042053339,2.5359374999999957,4.617171542053335,0.5071874999999991,0.9234343084106669
all_valid,CDPA,Coll de Paller,drying5,hold_20,mean,regulated_hg_two,1,1.5635220495918247,1.5635220495918247,2.5359374999999957,4.0994595495918205,0.5071874999999991,0.8198919099183641
all_valid,CDPA,Coll de Paller,drying5,hold_20,mean,regulated_pm_one,1,2.0479388302817636,2.0479388302817636,2.5359374999999957,4.583876330281759,0.5071874999999991,0.9167752660563518
all_valid,CDPA,Coll de Paller,drying5,hold_20,mean,regulated_pm_two,1,1.5540675719595862,1.5540675719595862,2.5359374999999957,4.090005071959582,0.5071874999999991,0.8180010143919164
all_valid,CDPA,Coll de Paller,drying5,blocks_10_20,end,regulated_hg_one,1,1.217171542053336,1.217171542053336,3.3999999999999986,4.617171542053335,0.6799999999999997,0.9234343084106669
all_valid,CDPA,Coll de Paller,drying5,blocks_10_20,end,regulated_hg_two,1,0.6994595495918219,0.6994595495918219,3.3999999999999986,4.0994595495918205,0.6799999999999997,0.8198919099183641
all_valid,CDPA,Coll de Paller,drying5,blocks_10_20,end,regulated_pm_one,1,1.1838763302817608,1.1838763302817608,3.3999999999999986,4.583876330281759,0.6799999999999997,0.9167752660563518
all_valid,CDPA,Coll de Paller,drying5,blocks_10_20,end,regulated_pm_two,1,0.6900050719595834,0.6900050719595834,3.3999999999999986,4.090005071959582,0.6799999999999997,0.8180010143919164
all_valid,CDPA,Coll de Paller,drying5,blocks_10_20,mean,regulated_hg_one,1,1.6921715420533374,1.6921715420533374,2.924999999999997,4.617171542053335,0.5849999999999994,0.9234343084106669
all_valid,CDPA,Coll de Paller,drying5,blocks_10_20,mean,regulated_hg_two,1,1.1744595495918233,1.1744595495918233,2.924999999999997,4.0994595495918205,0.5849999999999994,0.8198919099183641
all_valid,CDPA,Coll de Paller,drying5,blocks_10_20,mean,regulated_pm_one,1,1.6588763302817622,1.6588763302817622,2.924999999999997,4.583876330281759,0.5849999999999994,0.9167752660563518
all_valid,CDPA,Coll de Paller,drying5,blocks_10_20,mean,regulated_pm_two,1,1.1650050719595848,1.1650050719595848,2.924999999999997,4.090005071959582,0.5849999999999994,0.8180010143919164
all_valid,LCDA,La Cultia d'Àreu,daily,linear_5_20_50,end,regulated_hg_one,59,1.8290352139807948,0.018126770714429953,0.04675141242937849,0.06487818314380844,0.04675141242937849,0.06487818314380844
all_valid,LCDA,La Cultia d'Àreu,daily,linear_5_20_50,end,regulated_hg_two,59,1.79466137423181,0.02336949667605107,0.04675141242937849,0.07012090910542956,0.04675141242937849,0.07012090910542956
all_valid,LCDA,La Cultia d'Àreu,daily,linear_5_20_50,end,regulated_pm_one,59,1.738534776893343,0.004572576806852117,0.04675141242937849,0.05132398923623061,0.04675141242937849,0.05132398923623061
all_valid,LCDA,La Cultia d'Àreu,daily,linear_5_20_50,end,regulated_pm_two,59,1.7374767955575416,0.01894808127248029,0.04675141242937849,0.06569949370185878,0.04675141242937849,0.06569949370185878
all_valid,LCDA,La Cultia d'Àreu,daily,linear_5_20_50,mean,regulated_hg_one,59,2.139773467086594,0.01586394114757495,0.04901424199623349,0.06487818314380844,0.04901424199623349,0.06487818314380844
all_valid,LCDA,La Cultia d'Àreu,daily,linear_5_20_50,mean,regulated_hg_two,59,2.0986523082715953,0.02110666710919607,0.04901424199623349,0.07012090910542956,0.04901424199623349,0.07012090910542956
all_valid,LCDA,La Cultia d'Àreu,daily,linear_5_20_50,mean,regulated_pm_one,59,2.0677005513122264,0.0023097472399971177,0.04901424199623349,0.05132398923623061,0.04901424199623349,0.05132398923623061
all_valid,LCDA,La Cultia d'Àreu,daily,linear_5_20_50,mean,regulated_pm_two,59,2.0671354584099553,0.016685251705625282,0.04901424199623349,0.06569949370185878,0.04901424199623349,0.06569949370185878
all_valid,LCDA,La Cultia d'Àreu,daily,hold_20,end,regulated_hg_one,59,1.8722555529638456,0.024623945855672853,0.04025423728813559,0.06487818314380844,0.04025423728813559,0.06487818314380844
all_valid,LCDA,La Cultia d'Àreu,daily,hold_20,end,regulated_hg_two,59,1.835278726022069,0.02986667181729397,0.04025423728813559,0.07012090910542956,0.04025423728813559,0.07012090910542956
all_valid,LCDA,La Cultia d'Àreu,daily,hold_20,end,regulated_pm_one,59,1.7769446476673287,0.011069751948095017,0.04025423728813559,0.05132398923623061,0.04025423728813559,0.05132398923623061
all_valid,LCDA,La Cultia d'Àreu,daily,hold_20,end,regulated_pm_two,59,1.78013216278918,0.025445256413723187,0.04025423728813559,0.06569949370185878,0.04025423728813559,0.06569949370185878
all_valid,LCDA,La Cultia d'Àreu,daily,hold_20,mean,regulated_hg_one,59,2.1735364143558975,0.022602406307650286,0.04227577683615816,0.06487818314380844,0.04227577683615816,0.06487818314380844
all_valid,LCDA,La Cultia d'Àreu,daily,hold_20,mean,regulated_hg_two,59,2.1354519787047406,0.027845132269271402,0.04227577683615816,0.07012090910542956,0.04227577683615816,0.07012090910542956
all_valid,LCDA,La Cultia d'Àreu,daily,hold_20,mean,regulated_pm_one,59,2.1020873215570477,0.00904821240007245,0.04227577683615816,0.05132398923623061,0.04227577683615816,0.05132398923623061
all_valid,LCDA,La Cultia d'Àreu,daily,hold_20,mean,regulated_pm_two,59,2.1012279725342493,0.023423716865700613,0.04227577683615816,0.06569949370185878,0.04227577683615816,0.06569949370185878
all_valid,LCDA,La Cultia d'Àreu,daily,blocks_10_20,end,regulated_hg_one,59,1.899797925845202,0.022505301787876256,0.0423728813559322,0.06487818314380844,0.0423728813559322,0.06487818314380844
all_valid,LCDA,La Cultia d'Àreu,daily,blocks_10_20,end,regulated_hg_two,59,1.8628210989034255,0.027748027749497344,0.0423728813559322,0.07012090910542956,0.0423728813559322,0.07012090910542956
all_valid,LCDA,La Cultia d'Àreu,daily,blocks_10_20,end,regulated_pm_one,59,1.808358328432591,0.008951107880298407,0.0423728813559322,0.05132398923623061,0.0423728813559322,0.05132398923623061
all_valid,LCDA,La Cultia d'Àreu,daily,blocks_10_20,end,regulated_pm_two,59,1.8085219932976555,0.02332661234592658,0.0423728813559322,0.06569949370185878,0.0423728813559322,0.06569949370185878
all_valid,LCDA,La Cultia d'Àreu,daily,blocks_10_20,mean,regulated_hg_one,59,2.1728526882243284,0.020316036251153052,0.04456214689265539,0.06487818314380844,0.04456214689265539,0.06487818314380844
all_valid,LCDA,La Cultia d'Àreu,daily,blocks_10_20,mean,regulated_hg_two,59,2.137756698875826,0.02555876221277417,0.04456214689265539,0.07012090910542956,0.04456214689265539,0.07012090910542956
all_valid,LCDA,La Cultia d'Àreu,daily,blocks_10_20,mean,regulated_pm_one,59,2.1019195955683476,0.0067618423435752174,0.04456214689265539,0.05132398923623061,0.04456214689265539,0.05132398923623061
all_valid,LCDA,La Cultia d'Àreu,daily,blocks_10_20,mean,regulated_pm_two,59,2.1088522425476683,0.02113734680920338,0.04456214689265539,0.06569949370185878,0.04456214689265539,0.06569949370185878
all_valid,LCDA,La Cultia d'Àreu,recharge_next,linear_5_20_50,end,regulated_hg_one,3,5.356320750210032,5.356320750210032,0.99444444444444,6.350765194654472,0.36736111111110936,2.5268612116719362
all_valid,LCDA,La Cultia d'Àreu,recharge_next,linear_5_20_50,end,regulated_hg_two,3,5.128198404852284,5.128198404852284,0.99444444444444,6.122642849296724,0.36736111111110936,2.4241210742569614
all_valid,LCDA,La Cultia d'Àreu,recharge_next,linear_5_20_50,end,regulated_pm_one,3,5.5948501669226065,5.5948501669226065,0.99444444444444,6.5892946113670465,0.36736111111110936,2.653586881108744
all_valid,LCDA,La Cultia d'Àreu,recharge_next,linear_5_20_50,end,regulated_pm_two,3,5.328699129707139,5.328699129707139,0.99444444444444,6.323143574151579,0.36736111111110936,2.5366383341429173
all_valid,LCDA,La Cultia d'Àreu,recharge_next,linear_5_20_50,mean,regulated_hg_one,3,4.940869361321134,4.940869361321134,1.4098958333333382,6.350765194654472,0.5094569830246934,2.5268612116719362
all_valid,LCDA,La Cultia d'Àreu,recharge_next,linear_5_20_50,mean,regulated_hg_two,3,4.712747015963386,4.712747015963386,1.4098958333333382,6.122642849296724,0.5094569830246934,2.4241210742569614
all_valid,LCDA,La Cultia d'Àreu,recharge_next,linear_5_20_50,mean,regulated_pm_one,3,5.179398778033708,5.179398778033708,1.4098958333333382,6.5892946113670465,0.5094569830246934,2.653586881108744
all_valid,LCDA,La Cultia d'Àreu,recharge_next,linear_5_20_50,mean,regulated_pm_two,3,4.913247740818241,4.913247740818241,1.4098958333333382,6.323143574151579,0.5094569830246934,2.5366383341429173
all_valid,LCDA,La Cultia d'Àreu,recharge_next,hold_20,end,regulated_hg_one,3,5.334098527987806,5.334098527987806,1.0166666666666664,6.350765194654472,0.3687499999999999,2.5268612116719362
all_valid,LCDA,La Cultia d'Àreu,recharge_next,hold_20,end,regulated_hg_two,3,5.105976182630059,5.105976182630059,1.0166666666666664,6.122642849296724,0.3687499999999999,2.4241210742569614
all_valid,LCDA,La Cultia d'Àreu,recharge_next,hold_20,end,regulated_pm_one,3,5.57262794470038,5.57262794470038,1.0166666666666664,6.5892946113670465,0.3687499999999999,2.653586881108744
all_valid,LCDA,La Cultia d'Àreu,recharge_next,hold_20,end,regulated_pm_two,3,5.306476907484913,5.306476907484913,1.0166666666666664,6.323143574151579,0.3687499999999999,2.5366383341429173
all_valid,LCDA,La Cultia d'Àreu,recharge_next,hold_20,mean,regulated_hg_one,3,4.890174916876695,4.890174916876695,1.4605902777777775,6.350765194654472,0.5187934027777773,2.5268612116719362
all_valid,LCDA,La Cultia d'Àreu,recharge_next,hold_20,mean,regulated_hg_two,3,4.662052571518947,4.662052571518947,1.4605902777777775,6.122642849296724,0.5187934027777773,2.4241210742569614
all_valid,LCDA,La Cultia d'Àreu,recharge_next,hold_20,mean,regulated_pm_one,3,5.128704333589269,5.128704333589269,1.4605902777777775,6.5892946113670465,0.5187934027777773,2.653586881108744
all_valid,LCDA,La Cultia d'Àreu,recharge_next,hold_20,mean,regulated_pm_two,3,4.862553296373801,4.862553296373801,1.4605902777777775,6.323143574151579,0.5187934027777773,2.5366383341429173
all_valid,LCDA,La Cultia d'Àreu,recharge_next,blocks_10_20,end,regulated_hg_one,3,5.317431861321138,5.317431861321138,1.0333333333333343,6.350765194654472,0.3666666666666669,2.5268612116719362
all_valid,LCDA,La Cultia d'Àreu,recharge_next,blocks_10_20,end,regulated_hg_two,3,5.08930951596339,5.08930951596339,1.0333333333333343,6.122642849296724,0.3666666666666669,2.4241210742569614
all_valid,LCDA,La Cultia d'Àreu,recharge_next,blocks_10_20,end,regulated_pm_one,3,5.5559612780337115,5.5559612780337115,1.0333333333333343,6.5892946113670465,0.3666666666666669,2.653586881108744
all_valid,LCDA,La Cultia d'Àreu,recharge_next,blocks_10_20,end,regulated_pm_two,3,5.289810240818245,5.289810240818245,1.0333333333333343,6.323143574151579,0.3666666666666669,2.5366383341429173
all_valid,LCDA,La Cultia d'Àreu,recharge_next,blocks_10_20,mean,regulated_hg_one,3,4.888959639098912,4.888959639098912,1.46180555555556,6.350765194654472,0.5081597222222236,2.5268612116719362
all_valid,LCDA,La Cultia d'Àreu,recharge_next,blocks_10_20,mean,regulated_hg_two,3,4.660837293741165,4.660837293741165,1.46180555555556,6.122642849296724,0.5081597222222236,2.4241210742569614
all_valid,LCDA,La Cultia d'Àreu,recharge_next,blocks_10_20,mean,regulated_pm_one,3,5.127489055811486,5.127489055811486,1.46180555555556,6.5892946113670465,0.5081597222222236,2.653586881108744
all_valid,LCDA,La Cultia d'Àreu,recharge_next,blocks_10_20,mean,regulated_pm_two,3,4.861338018596019,4.861338018596019,1.46180555555556,6.323143574151579,0.5081597222222236,2.5366383341429173
all_valid,LCDA,La Cultia d'Àreu,recharge_day3,linear_5_20_50,end,regulated_hg_one,3,3.8278030622300583,3.8278030622300583,-0.9305555555555595,2.897247506674499,-0.1957870370370378,0.5941229878060343
all_valid,LCDA,La Cultia d'Àreu,recharge_day3,linear_5_20_50,end,regulated_hg_two,3,3.772630614845758,3.772630614845758,-0.9305555555555595,2.8420750592901984,-0.1957870370370378,0.5825712995508571
all_valid,LCDA,La Cultia d'Àreu,recharge_day3,linear_5_20_50,end,regulated_pm_one,3,4.336307790202414,4.336307790202414,-0.9305555555555595,3.4057522346468545,-0.1957870370370378,0.723062619654558
all_valid,LCDA,La Cultia d'Àreu,recharge_day3,linear_5_20_50,end,regulated_pm_two,3,4.101230792781124,4.101230792781124,-0.9305555555555595,3.170675237225564,-0.1957870370370378,0.6696841972320251
all_valid,LCDA,La Cultia d'Àreu,recharge_day3,linear_5_20_50,mean,regulated_hg_one,3,3.8140299140819027,3.8140299140819027,-0.9167824074074039,2.897247506674499,-0.1984249614197523,0.5941229878060343
all_valid,LCDA,La Cultia d'Àreu,recharge_day3,linear_5_20_50,mean,regulated_hg_two,3,3.7588574666976022,3.7588574666976022,-0.9167824074074039,2.8420750592901984,-0.1984249614197523,0.5825712995508571
all_valid,LCDA,La Cultia d'Àreu,recharge_day3,linear_5_20_50,mean,regulated_pm_one,3,4.322534642054259,4.322534642054259,-0.9167824074074039,3.4057522346468545,-0.1984249614197523,0.723062619654558
all_valid,LCDA,La Cultia d'Àreu,recharge_day3,linear_5_20_50,mean,regulated_pm_two,3,4.087457644632968,4.087457644632968,-0.9167824074074039,3.170675237225564,-0.1984249614197523,0.6696841972320251
all_valid,LCDA,La Cultia d'Àreu,recharge_day3,hold_20,end,regulated_hg_one,3,3.9055808400078313,3.9055808400078313,-1.0083333333333322,2.897247506674499,-0.21458333333333304,0.5941229878060343
all_valid,LCDA,La Cultia d'Àreu,recharge_day3,hold_20,end,regulated_hg_two,3,3.850408392623531,3.850408392623531,-1.0083333333333322,2.8420750592901984,-0.21458333333333304,0.5825712995508571
all_valid,LCDA,La Cultia d'Àreu,recharge_day3,hold_20,end,regulated_pm_one,3,4.4140855679801865,4.4140855679801865,-1.0083333333333322,3.4057522346468545,-0.21458333333333304,0.723062619654558
all_valid,LCDA,La Cultia d'Àreu,recharge_day3,hold_20,end,regulated_pm_two,3,4.179008570558897,4.179008570558897,-1.0083333333333322,3.170675237225564,-0.21458333333333304,0.6696841972320251
all_valid,LCDA,La Cultia d'Àreu,recharge_day3,hold_20,mean,regulated_hg_one,3,3.905580840007833,3.905580840007833,-1.008333333333334,2.897247506674499,-0.22087094907407423,0.5941229878060343
all_valid,LCDA,La Cultia d'Àreu,recharge_day3,hold_20,mean,regulated_hg_two,3,3.8504083926235326,3.8504083926235326,-1.008333333333334,2.8420750592901984,-0.22087094907407423,0.5825712995508571
all_valid,LCDA,La Cultia d'Àreu,recharge_day3,hold_20,mean,regulated_pm_one,3,4.414085567980188,4.414085567980188,-1.008333333333334,3.4057522346468545,-0.22087094907407423,0.723062619654558
all_valid,LCDA,La Cultia d'Àreu,recharge_day3,hold_20,mean,regulated_pm_two,3,4.179008570558898,4.179008570558898,-1.008333333333334,3.170675237225564,-0.22087094907407423,0.6696841972320251
all_valid,LCDA,La Cultia d'Àreu,recharge_day3,blocks_10_20,end,regulated_hg_one,3,3.863914173341169,3.863914173341169,-0.9666666666666698,2.897247506674499,-0.2083333333333341,0.5941229878060343
all_valid,LCDA,La Cultia d'Àreu,recharge_day3,blocks_10_20,end,regulated_hg_two,3,3.8087417259568683,3.8087417259568683,-0.9666666666666698,2.8420750592901984,-0.2083333333333341,0.5825712995508571
all_valid,LCDA,La Cultia d'Àreu,recharge_day3,blocks_10_20,end,regulated_pm_one,3,4.372418901313524,4.372418901313524,-0.9666666666666698,3.4057522346468545,-0.2083333333333341,0.723062619654558
all_valid,LCDA,La Cultia d'Àreu,recharge_day3,blocks_10_20,end,regulated_pm_two,3,4.137341903892234,4.137341903892234,-0.9666666666666698,3.170675237225564,-0.2083333333333341,0.6696841972320251
all_valid,LCDA,La Cultia d'Àreu,recharge_day3,blocks_10_20,mean,regulated_hg_one,3,3.8743308400078287,3.8743308400078287,-0.9770833333333299,2.897247506674499,-0.21731481481481402,0.5941229878060343
all_valid,LCDA,La Cultia d'Àreu,recharge_day3,blocks_10_20,mean,regulated_hg_two,3,3.819158392623528,3.819158392623528,-0.9770833333333299,2.8420750592901984,-0.21731481481481402,0.5825712995508571
all_valid,LCDA,La Cultia d'Àreu,recharge_day3,blocks_10_20,mean,regulated_pm_one,3,4.382835567980185,4.382835567980185,-0.9770833333333299,3.4057522346468545,-0.21731481481481402,0.723062619654558
all_valid,LCDA,La Cultia d'Àreu,recharge_day3,blocks_10_20,mean,regulated_pm_two,3,4.147758570558894,4.147758570558894,-0.9770833333333299,3.170675237225564,-0.21731481481481402,0.6696841972320251
all_valid,LCDA,La Cultia d'Àreu,drying5,linear_5_20_50,end,regulated_hg_one,1,1.184312520114382,1.184312520114382,3.0249999999999915,4.2093125201143735,0.6049999999999983,0.8418625040228747
all_valid,LCDA,La Cultia d'Àreu,drying5,linear_5_20_50,end,regulated_hg_two,1,1.0748112049152887,1.0748112049152887,3.0249999999999915,4.09981120491528,0.6049999999999983,0.819962240983056
all_valid,LCDA,La Cultia d'Àreu,drying5,linear_5_20_50,end,regulated_pm_one,1,2.596229465326175,2.596229465326175,3.0249999999999915,5.6212294653261665,0.6049999999999983,1.1242458930652333
all_valid,LCDA,La Cultia d'Àreu,drying5,linear_5_20_50,end,regulated_pm_two,1,2.4093142202466282,2.4093142202466282,3.0249999999999915,5.43431422024662,0.6049999999999983,1.086862844049324
all_valid,LCDA,La Cultia d'Àreu,drying5,linear_5_20_50,mean,regulated_hg_one,1,0.8586180756699306,0.8586180756699306,3.350694444444443,4.2093125201143735,0.6701388888888886,0.8418625040228747
all_valid,LCDA,La Cultia d'Àreu,drying5,linear_5_20_50,mean,regulated_hg_two,1,0.7491167604708373,0.7491167604708373,3.350694444444443,4.09981120491528,0.6701388888888886,0.819962240983056
all_valid,LCDA,La Cultia d'Àreu,drying5,linear_5_20_50,mean,regulated_pm_one,1,2.2705350208817237,2.2705350208817237,3.350694444444443,5.6212294653261665,0.6701388888888886,1.1242458930652333
all_valid,LCDA,La Cultia d'Àreu,drying5,linear_5_20_50,mean,regulated_pm_two,1,2.083619775802177,2.083619775802177,3.350694444444443,5.43431422024662,0.6701388888888886,1.086862844049324
all_valid,LCDA,La Cultia d'Àreu,drying5,hold_20,end,regulated_hg_one,1,1.0843125201143735,1.0843125201143735,3.125,4.2093125201143735,0.625,0.8418625040228747
all_valid,LCDA,La Cultia d'Àreu,drying5,hold_20,end,regulated_hg_two,1,0.9748112049152802,0.9748112049152802,3.125,4.09981120491528,0.625,0.819962240983056
all_valid,LCDA,La Cultia d'Àreu,drying5,hold_20,end,regulated_pm_one,1,2.4962294653261665,2.4962294653261665,3.125,5.6212294653261665,0.625,1.1242458930652333
all_valid,LCDA,La Cultia d'Àreu,drying5,hold_20,end,regulated_pm_two,1,2.3093142202466197,2.3093142202466197,3.125,5.43431422024662,0.625,1.086862844049324
all_valid,LCDA,La Cultia d'Àreu,drying5,hold_20,mean,regulated_hg_one,1,0.7405625201143806,0.7405625201143806,3.468749999999993,4.2093125201143735,0.6937499999999985,0.8418625040228747
all_valid,LCDA,La Cultia d'Àreu,drying5,hold_20,mean,regulated_hg_two,1,0.6310612049152873,0.6310612049152873,3.468749999999993,4.09981120491528,0.6937499999999985,0.819962240983056
all_valid,LCDA,La Cultia d'Àreu,drying5,hold_20,mean,regulated_pm_one,1,2.1524794653261736,2.1524794653261736,3.468749999999993,5.6212294653261665,0.6937499999999985,1.1242458930652333
all_valid,LCDA,La Cultia d'Àreu,drying5,hold_20,mean,regulated_pm_two,1,1.9655642202466268,1.9655642202466268,3.468749999999993,5.43431422024662,0.6937499999999985,1.086862844049324
all_valid,LCDA,La Cultia d'Àreu,drying5,blocks_10_20,end,regulated_hg_one,1,1.109312520114372,1.109312520114372,3.1000000000000014,4.2093125201143735,0.6200000000000003,0.8418625040228747
all_valid,LCDA,La Cultia d'Àreu,drying5,blocks_10_20,end,regulated_hg_two,1,0.9998112049152788,0.9998112049152788,3.1000000000000014,4.09981120491528,0.6200000000000003,0.819962240983056
all_valid,LCDA,La Cultia d'Àreu,drying5,blocks_10_20,end,regulated_pm_one,1,2.521229465326165,2.521229465326165,3.1000000000000014,5.6212294653261665,0.6200000000000003,1.1242458930652333
all_valid,LCDA,La Cultia d'Àreu,drying5,blocks_10_20,end,regulated_pm_two,1,2.3343142202466183,2.3343142202466183,3.1000000000000014,5.43431422024662,0.6200000000000003,1.086862844049324
all_valid,LCDA,La Cultia d'Àreu,drying5,blocks_10_20,mean,regulated_hg_one,1,0.7718125201143735,0.7718125201143735,3.4375,4.2093125201143735,0.6875,0.8418625040228747
all_valid,LCDA,La Cultia d'Àreu,drying5,blocks_10_20,mean,regulated_hg_two,1,0.6623112049152802,0.6623112049152802,3.4375,4.09981120491528,0.6875,0.819962240983056
all_valid,LCDA,La Cultia d'Àreu,drying5,blocks_10_20,mean,regulated_pm_one,1,2.1837294653261665,2.1837294653261665,3.4375,5.6212294653261665,0.6875,1.1242458930652333
all_valid,LCDA,La Cultia d'Àreu,drying5,blocks_10_20,mean,regulated_pm_two,1,1.9968142202466197,1.9968142202466197,3.4375,5.43431422024662,0.6875,1.086862844049324
all_valid,EML,El Miracle,daily,linear_5_20_50,end,regulated_hg_one,59,0.5532185252374039,0.06317404654707948,-0.05466101694915257,0.008513029597926915,-0.05466101694915257,0.008513029597926915
all_valid,EML,El Miracle,daily,linear_5_20_50,end,regulated_hg_two,59,0.5177390849906821,0.057573196863064106,-0.05466101694915257,0.00291217991391154,-0.05466101694915257,0.00291217991391154
all_valid,EML,El Miracle,daily,linear_5_20_50,end,regulated_pm_one,59,0.5555692973370591,0.06414141042645641,-0.05466101694915257,0.009480393477303837,-0.05466101694915257,0.009480393477303837
all_valid,EML,El Miracle,daily,linear_5_20_50,end,regulated_pm_two,59,0.5207355037383041,0.057867063635021025,-0.05466101694915257,0.0032060466858684577,-0.05466101694915257,0.0032060466858684577
all_valid,EML,El Miracle,daily,linear_5_20_50,mean,regulated_hg_one,59,0.5997697728443295,0.06270029419303048,-0.05418726459510357,0.008513029597926915,-0.05418726459510357,0.008513029597926915
all_valid,EML,El Miracle,daily,linear_5_20_50,mean,regulated_hg_two,59,0.5575800928954386,0.057099444509015114,-0.05418726459510357,0.00291217991391154,-0.05418726459510357,0.00291217991391154
all_valid,EML,El Miracle,daily,linear_5_20_50,mean,regulated_pm_one,59,0.6051890000617247,0.0636676580724074,-0.05418726459510357,0.009480393477303837,-0.05418726459510357,0.009480393477303837
all_valid,EML,El Miracle,daily,linear_5_20_50,mean,regulated_pm_two,59,0.5633165174987147,0.057393311280972026,-0.05418726459510357,0.0032060466858684577,-0.05418726459510357,0.0032060466858684577
all_valid,EML,El Miracle,daily,hold_20,end,regulated_hg_one,59,0.5489812371018106,0.0657164194284354,-0.057203389830508475,0.008513029597926915,-0.057203389830508475,0.008513029597926915
all_valid,EML,El Miracle,daily,hold_20,end,regulated_hg_two,59,0.5146317403579137,0.06011556974442001,-0.057203389830508475,0.00291217991391154,-0.057203389830508475,0.00291217991391154
all_valid,EML,El Miracle,daily,hold_20,end,regulated_pm_one,59,0.5510441946109683,0.06668378330781231,-0.057203389830508475,0.009480393477303837,-0.057203389830508475,0.009480393477303837
all_valid,EML,El Miracle,daily,hold_20,end,regulated_pm_two,59,0.5164982156027108,0.06040943651637693,-0.057203389830508475,0.0032060466858684577,-0.057203389830508475,0.0032060466858684577
all_valid,EML,El Miracle,daily,hold_20,mean,regulated_hg_one,59,0.6011586617332182,0.06505434315724895,-0.056541313559322036,0.008513029597926915,-0.056541313559322036,0.008513029597926915
all_valid,EML,El Miracle,daily,hold_20,mean,regulated_hg_two,59,0.5594751023116343,0.059453493473233573,-0.056541313559322036,0.00291217991391154,-0.056541313559322036,0.00291217991391154
all_valid,EML,El Miracle,daily,hold_20,mean,regulated_pm_one,59,0.6061423898922329,0.06602170703662587,-0.056541313559322036,0.009480393477303837,-0.056541313559322036,0.009480393477303837
all_valid,EML,El Miracle,daily,hold_20,mean,regulated_pm_two,59,0.5652115269149104,0.05974736024519049,-0.056541313559322036,0.0032060466858684577,-0.056541313559322036,0.0032060466858684577
all_valid,EML,El Miracle,daily,blocks_10_20,end,regulated_hg_one,59,0.5374217578246797,0.06444523298775738,-0.05593220338983046,0.008513029597926915,-0.05593220338983046,0.008513029597926915
all_valid,EML,El Miracle,daily,blocks_10_20,end,regulated_hg_two,59,0.4991624846506617,0.058844383303742004,-0.05593220338983046,0.00291217991391154,-0.05593220338983046,0.00291217991391154
all_valid,EML,El Miracle,daily,blocks_10_20,end,regulated_pm_one,59,0.5412685251298494,0.0654125968671343,-0.05593220338983046,0.009480393477303837,-0.05593220338983046,0.009480393477303837
all_valid,EML,El Miracle,daily,blocks_10_20,end,regulated_pm_two,59,0.5015434704719128,0.059138250075698916,-0.05593220338983046,0.0032060466858684577,-0.05593220338983046,0.0032060466858684577
all_valid,EML,El Miracle,daily,blocks_10_20,mean,regulated_hg_one,59,0.5972283316650698,0.06349184315724898,-0.05497881355932207,0.008513029597926915,-0.05497881355932207,0.008513029597926915
all_valid,EML,El Miracle,daily,blocks_10_20,mean,regulated_hg_two,59,0.5539436397149343,0.05789099347323361,-0.05497881355932207,0.00291217991391154,-0.05497881355932207,0.00291217991391154
all_valid,EML,El Miracle,daily,blocks_10_20,mean,regulated_pm_one,59,0.6023299627716527,0.0644592070366259,-0.05497881355932207,0.009480393477303837,-0.05497881355932207,0.009480393477303837
all_valid,EML,El Miracle,daily,blocks_10_20,mean,regulated_pm_two,59,0.5596770745509301,0.058184860245190526,-0.05497881355932207,0.0032060466858684577,-0.05497881355932207,0.0032060466858684577
all_valid,EML,El Miracle,recharge_next,linear_5_20_50,end,regulated_hg_one,4,2.717669574887291,2.4012086194786555,0.14583333333333393,2.5470419528119894,0.07951388888888926,1.1167062319772256
all_valid,EML,El Miracle,recharge_next,linear_5_20_50,end,regulated_hg_two,4,2.186683357148401,1.8178499659907947,0.14583333333333393,1.9636832993241287,0.07951388888888926,0.8585946610628301
all_valid,EML,El Miracle,recharge_next,linear_5_20_50,end,regulated_pm_one,4,2.7979400447418414,2.475014655169278,0.14583333333333393,2.620847988502612,0.07951388888888926,1.1486487516107786
all_valid,EML,El Miracle,recharge_next,linear_5_20_50,end,regulated_pm_two,4,2.305817070833081,1.8998462339215478,0.14583333333333393,2.045679567254882,0.07951388888888926,0.8940085246326124
all_valid,EML,El Miracle,recharge_next,linear_5_20_50,mean,regulated_hg_one,4,2.711723394331733,2.415227716700876,0.1318142361111132,2.5470419528119894,0.08282696759259359,1.1167062319772256
all_valid,EML,El Miracle,recharge_next,linear_5_20_50,mean,regulated_hg_two,4,2.180737176592843,1.8318690632130155,0.1318142361111132,1.9636832993241287,0.08282696759259359,0.8585946610628301
all_valid,EML,El Miracle,recharge_next,linear_5_20_50,mean,regulated_pm_one,4,2.7919938641862836,2.489033752391499,0.1318142361111132,2.620847988502612,0.08282696759259359,1.1486487516107786
all_valid,EML,El Miracle,recharge_next,linear_5_20_50,mean,regulated_pm_two,4,2.299870890277523,1.9138653311437686,0.1318142361111132,2.045679567254882,0.08282696759259359,0.8940085246326124
all_valid,EML,El Miracle,recharge_next,hold_20,end,regulated_hg_one,4,2.6801695748872914,2.3720419528119905,0.17499999999999893,2.5470419528119894,0.09479166666666616,1.1167062319772256
all_valid,EML,El Miracle,recharge_next,hold_20,end,regulated_hg_two,4,2.1491833571484014,1.7886832993241297,0.17499999999999893,1.9636832993241287,0.09479166666666616,0.8585946610628301
all_valid,EML,El Miracle,recharge_next,hold_20,end,regulated_pm_one,4,2.760440044741842,2.445847988502613,0.17499999999999893,2.620847988502612,0.09479166666666616,1.1486487516107786
all_valid,EML,El Miracle,recharge_next,hold_20,end,regulated_pm_two,4,2.2683170708330813,1.8706795672548828,0.17499999999999893,2.045679567254882,0.09479166666666616,0.8940085246326124
all_valid,EML,El Miracle,recharge_next,hold_20,mean,regulated_hg_one,4,2.6737893665539567,2.3932659111453223,0.15377604166666714,2.5470419528119894,0.0951388888888891,1.1167062319772256
all_valid,EML,El Miracle,recharge_next,hold_20,mean,regulated_hg_two,4,2.1428031488150667,1.8099072576574615,0.15377604166666714,1.9636832993241287,0.0951388888888891,0.8585946610628301
all_valid,EML,El Miracle,recharge_next,hold_20,mean,regulated_pm_one,4,2.754059836408507,2.467071946835945,0.15377604166666714,2.620847988502612,0.0951388888888891,1.1486487516107786
all_valid,EML,El Miracle,recharge_next,hold_20,mean,regulated_pm_two,4,2.2619368624997467,1.8919035255882146,0.15377604166666714,2.045679567254882,0.0951388888888891,0.8940085246326124
all_valid,EML,El Miracle,recharge_next,blocks_10_20,end,regulated_hg_one,4,2.5926695748872874,2.34704195281199,0.1999999999999993,2.5470419528119894,0.1083333333333331,1.1167062319772256
all_valid,EML,El Miracle,recharge_next,blocks_10_20,end,regulated_hg_two,4,2.0616833571483975,1.7636832993241294,0.1999999999999993,1.9636832993241287,0.1083333333333331,0.8585946610628301
all_valid,EML,El Miracle,recharge_next,blocks_10_20,end,regulated_pm_one,4,2.672940044741838,2.420847988502613,0.1999999999999993,2.620847988502612,0.1083333333333331,1.1486487516107786
all_valid,EML,El Miracle,recharge_next,blocks_10_20,end,regulated_pm_two,4,2.1808170708330774,1.8456795672548825,0.1999999999999993,2.045679567254882,0.1083333333333331,0.8940085246326124
all_valid,EML,El Miracle,recharge_next,blocks_10_20,mean,regulated_hg_one,4,2.576002908220627,2.3543336194786555,0.19270833333333393,2.5470419528119894,0.11579861111111164,1.1167062319772256
all_valid,EML,El Miracle,recharge_next,blocks_10_20,mean,regulated_hg_two,4,2.045016690481737,1.7709749659907947,0.19270833333333393,1.9636832993241287,0.11579861111111164,0.8585946610628301
all_valid,EML,El Miracle,recharge_next,blocks_10_20,mean,regulated_pm_one,4,2.6562733780751775,2.428139655169278,0.19270833333333393,2.620847988502612,0.11579861111111164,1.1486487516107786
all_valid,EML,El Miracle,recharge_next,blocks_10_20,mean,regulated_pm_two,4,2.164150404166417,1.8529712339215478,0.19270833333333393,2.045679567254882,0.11579861111111164,0.8940085246326124
all_valid,EML,El Miracle,recharge_day3,linear_5_20_50,end,regulated_hg_one,4,1.9463962146390208,1.353935875809415,0.06875000000000053,1.4226858758094159,0.01760416666666682,0.3358337185385539
all_valid,EML,El Miracle,recharge_day3,linear_5_20_50,end,regulated_hg_two,4,1.2880721089118927,0.7222662918440006,0.06875000000000053,0.7910162918440011,0.01760416666666682,0.1878402763060778
all_valid,EML,El Miracle,recharge_day3,linear_5_20_50,end,regulated_pm_one,4,2.0494140547281585,1.4482492733490624,0.06875000000000053,1.516999273349063,0.01760416666666682,0.35828919978185086
all_valid,EML,El Miracle,recharge_day3,linear_5_20_50,end,regulated_pm_two,4,1.4146653350415639,0.7905710622309488,0.06875000000000053,0.8593210622309493,0.01760416666666682,0.2043092734522387
all_valid,EML,El Miracle,recharge_day3,linear_5_20_50,mean,regulated_hg_one,4,2.0020819785279103,1.3935626119205242,0.029123263888891415,1.4226858758094159,0.010954861111111703,0.3358337185385539
all_valid,EML,El Miracle,recharge_day3,linear_5_20_50,mean,regulated_hg_two,4,1.3437578728007822,0.7618930279551097,0.029123263888891415,0.7910162918440011,0.010954861111111703,0.1878402763060778
all_valid,EML,El Miracle,recharge_day3,linear_5_20_50,mean,regulated_pm_one,4,2.105099818617048,1.4878760094601715,0.029123263888891415,1.516999273349063,0.010954861111111703,0.35828919978185086
all_valid,EML,El Miracle,recharge_day3,linear_5_20_50,mean,regulated_pm_two,4,1.4703510989304533,0.8301977983420579,0.029123263888891415,0.8593210622309493,0.010954861111111703,0.2043092734522387
all_valid,EML,El Miracle,recharge_day3,hold_20,end,regulated_hg_one,4,1.9297295479723542,1.353935875809416,0.06874999999999964,1.4226858758094159,0.01781249999999992,0.3358337185385539
all_valid,EML,El Miracle,recharge_day3,hold_20,end,regulated_hg_two,4,1.2714054422452261,0.7222662918440015,0.06874999999999964,0.7910162918440011,0.01781249999999992,0.1878402763060778
all_valid,EML,El Miracle,recharge_day3,hold_20,end,regulated_pm_one,4,2.032747388061492,1.4482492733490633,0.06874999999999964,1.516999273349063,0.01781249999999992,0.35828919978185086
all_valid,EML,El Miracle,recharge_day3,hold_20,end,regulated_pm_two,4,1.3979986683748973,0.7905710622309496,0.06874999999999964,0.8593210622309493,0.01781249999999992,0.2043092734522387
all_valid,EML,El Miracle,recharge_day3,hold_20,mean,regulated_hg_one,4,1.980901422972352,1.398076500809415,0.02460937500000071,1.4226858758094159,0.010182291666666822,0.3358337185385539
all_valid,EML,El Miracle,recharge_day3,hold_20,mean,regulated_hg_two,4,1.322577317245224,0.7664069168440004,0.02460937500000071,0.7910162918440011,0.010182291666666822,0.1878402763060778
all_valid,EML,El Miracle,recharge_day3,hold_20,mean,regulated_pm_one,4,2.08391926306149,1.4923898983490622,0.02460937500000071,1.516999273349063,0.010182291666666822,0.35828919978185086
all_valid,EML,El Miracle,recharge_day3,hold_20,mean,regulated_pm_two,4,1.4491705433748951,0.8347116872309486,0.02460937500000071,0.8593210622309493,0.010182291666666822,0.2043092734522387
all_valid,EML,El Miracle,recharge_day3,blocks_10_20,end,regulated_hg_one,4,1.8859795479723522,1.3976858758094144,0.025000000000001243,1.4226858758094159,0.0075000000000003285,0.3358337185385539
all_valid,EML,El Miracle,recharge_day3,blocks_10_20,end,regulated_hg_two,4,1.2276554422452242,0.7660162918439999,0.025000000000001243,0.7910162918440011,0.0075000000000003285,0.1878402763060778
all_valid,EML,El Miracle,recharge_day3,blocks_10_20,end,regulated_pm_one,4,1.9889973880614902,1.4919992733490617,0.025000000000001243,1.516999273349063,0.0075000000000003285,0.35828919978185086
all_valid,EML,El Miracle,recharge_day3,blocks_10_20,end,regulated_pm_two,4,1.3542486683748953,0.834321062230948,0.025000000000001243,0.8593210622309493,0.0075000000000003285,0.2043092734522387
all_valid,EML,El Miracle,recharge_day3,blocks_10_20,mean,regulated_hg_one,4,1.915667047972358,1.4304983758094174,-0.007812500000001776,1.4226858758094159,0.0027083333333329587,0.3358337185385539
all_valid,EML,El Miracle,recharge_day3,blocks_10_20,mean,regulated_hg_two,4,1.25734294224523,0.7988287918440029,-0.007812500000001776,0.7910162918440011,0.0027083333333329587,0.1878402763060778
all_valid,EML,El Miracle,recharge_day3,blocks_10_20,mean,regulated_pm_one,4,2.018684888061496,1.5248117733490647,-0.007812500000001776,1.516999273349063,0.0027083333333329587,0.35828919978185086
all_valid,EML,El Miracle,recharge_day3,blocks_10_20,mean,regulated_pm_two,4,1.3839361683749012,0.8671335622309511,-0.007812500000001776,0.8593210622309493,0.0027083333333329587,0.2043092734522387
all_valid,EML,El Miracle,drying5,linear_5_20_50,end,regulated_hg_one,2,1.2864688426476407,1.2864688426476407,0.2833333333333332,1.569802175980974,0.05666666666666664,0.3139604351961948
all_valid,EML,El Miracle,drying5,linear_5_20_50,end,regulated_hg_two,2,0.8988563050494264,0.8988563050494264,0.2833333333333332,1.1821896383827597,0.05666666666666664,0.23643792767655192
all_valid,EML,El Miracle,drying5,linear_5_20_50,end,regulated_pm_one,2,1.3345749028798988,1.3345749028798988,0.2833333333333332,1.617908236213232,0.05666666666666664,0.3235816472426464
all_valid,EML,El Miracle,drying5,linear_5_20_50,end,regulated_pm_two,2,0.9785151952235733,0.9785151952235733,0.2833333333333332,1.2618485285569065,0.05666666666666664,0.25236970571138134
all_valid,EML,El Miracle,drying5,linear_5_20_50,mean,regulated_hg_one,2,1.2869896759809718,1.2869896759809718,0.28281250000000213,1.569802175980974,0.05656250000000043,0.3139604351961948
all_valid,EML,El Miracle,drying5,linear_5_20_50,mean,regulated_hg_two,2,0.8993771383827575,0.8993771383827575,0.28281250000000213,1.1821896383827597,0.05656250000000043,0.23643792767655192
all_valid,EML,El Miracle,drying5,linear_5_20_50,mean,regulated_pm_one,2,1.3350957362132299,1.3350957362132299,0.28281250000000213,1.617908236213232,0.05656250000000043,0.3235816472426464
all_valid,EML,El Miracle,drying5,linear_5_20_50,mean,regulated_pm_two,2,0.9790360285569044,0.9790360285569044,0.28281250000000213,1.2618485285569065,0.05656250000000043,0.25236970571138134
all_valid,EML,El Miracle,drying5,hold_20,end,regulated_hg_one,2,1.2698021759809732,1.2698021759809732,0.3000000000000007,1.569802175980974,0.06000000000000014,0.3139604351961948
all_valid,EML,El Miracle,drying5,hold_20,end,regulated_hg_two,2,0.8821896383827589,0.8821896383827589,0.3000000000000007,1.1821896383827597,0.06000000000000014,0.23643792767655192
all_valid,EML,El Miracle,drying5,hold_20,end,regulated_pm_one,2,1.3179082362132313,1.3179082362132313,0.3000000000000007,1.617908236213232,0.06000000000000014,0.3235816472426464
all_valid,EML,El Miracle,drying5,hold_20,end,regulated_pm_two,2,0.9618485285569058,0.9618485285569058,0.3000000000000007,1.2618485285569065,0.06000000000000014,0.25236970571138134
all_valid,EML,El Miracle,drying5,hold_20,mean,regulated_hg_one,2,1.2703230093143079,1.2703230093143079,0.2994791666666661,1.569802175980974,0.05989583333333322,0.3139604351961948
all_valid,EML,El Miracle,drying5,hold_20,mean,regulated_hg_two,2,0.8827104717160935,0.8827104717160935,0.2994791666666661,1.1821896383827597,0.05989583333333322,0.23643792767655192
all_valid,EML,El Miracle,drying5,hold_20,mean,regulated_pm_one,2,1.318429069546566,1.318429069546566,0.2994791666666661,1.617908236213232,0.05989583333333322,0.3235816472426464
all_valid,EML,El Miracle,drying5,hold_20,mean,regulated_pm_two,2,0.9623693618902405,0.9623693618902405,0.2994791666666661,1.2618485285569065,0.05989583333333322,0.25236970571138134
all_valid,EML,El Miracle,drying5,blocks_10_20,end,regulated_hg_one,2,1.2698021759809732,1.2698021759809732,0.3000000000000007,1.569802175980974,0.060000000000000143,0.3139604351961948
all_valid,EML,El Miracle,drying5,blocks_10_20,end,regulated_hg_two,2,0.8821896383827589,0.8821896383827589,0.3000000000000007,1.1821896383827597,0.060000000000000143,0.23643792767655192
all_valid,EML,El Miracle,drying5,blocks_10_20,end,regulated_pm_one,2,1.3179082362132313,1.3179082362132313,0.3000000000000007,1.617908236213232,0.060000000000000143,0.3235816472426464
all_valid,EML,El Miracle,drying5,blocks_10_20,end,regulated_pm_two,2,0.9618485285569058,0.9618485285569058,0.3000000000000007,1.2618485285569065,0.060000000000000143,0.25236970571138134
all_valid,EML,El Miracle,drying5,blocks_10_20,mean,regulated_hg_one,2,1.26771884264764,1.26771884264764,0.3020833333333339,1.569802175980974,0.060416666666666785,0.3139604351961948
all_valid,EML,El Miracle,drying5,blocks_10_20,mean,regulated_hg_two,2,0.8801063050494257,0.8801063050494257,0.3020833333333339,1.1821896383827597,0.060416666666666785,0.23643792767655192
all_valid,EML,El Miracle,drying5,blocks_10_20,mean,regulated_pm_one,2,1.315824902879898,1.315824902879898,0.3020833333333339,1.617908236213232,0.060416666666666785,0.3235816472426464
all_valid,EML,El Miracle,drying5,blocks_10_20,mean,regulated_pm_two,2,0.9597651952235726,0.9597651952235726,0.3020833333333339,1.2618485285569065,0.060416666666666785,0.25236970571138134
all_valid,BCLL,Borda Coll,daily,linear_5_20_50,end,regulated_hg_one,54,1.6371113086659923,-0.012564523543507922,0.06064814814814819,0.04808362460464027,0.06064814814814819,0.04808362460464027
all_valid,BCLL,Borda Coll,daily,linear_5_20_50,end,regulated_hg_two,54,1.618235000899933,0.02252440805503035,0.06064814814814819,0.08317255620317854,0.06064814814814819,0.08317255620317854
all_valid,BCLL,Borda Coll,daily,linear_5_20_50,end,regulated_pm_one,54,1.6430405128654184,-0.007182238095213427,0.06064814814814819,0.05346591005293476,0.06064814814814819,0.05346591005293476
all_valid,BCLL,Borda Coll,daily,linear_5_20_50,end,regulated_pm_two,54,1.587742154984316,0.031598541778398485,0.06064814814814819,0.09224668992654667,0.06064814814814819,0.09224668992654667
all_valid,BCLL,Borda Coll,daily,linear_5_20_50,mean,regulated_hg_one,54,1.8513452681242717,-0.01210156058054492,0.06018518518518518,0.04808362460464027,0.06018518518518518,0.04808362460464027
all_valid,BCLL,Borda Coll,daily,linear_5_20_50,mean,regulated_hg_two,54,1.862783055458453,0.022987371017993353,0.06018518518518518,0.08317255620317854,0.06018518518518518,0.08317255620317854
all_valid,BCLL,Borda Coll,daily,linear_5_20_50,mean,regulated_pm_one,54,1.813303979332937,-0.006719275132250424,0.06018518518518518,0.05346591005293476,0.06018518518518518,0.05346591005293476
all_valid,BCLL,Borda Coll,daily,linear_5_20_50,mean,regulated_pm_two,54,1.8302868870551057,0.032061504741361484,0.06018518518518518,0.09224668992654667,0.06018518518518518,0.09224668992654667
all_valid,BCLL,Borda Coll,daily,hold_20,end,regulated_hg_one,54,1.6815557531104368,0.00039843941945509354,0.04768518518518517,0.04808362460464027,0.04768518518518517,0.04808362460464027
all_valid,BCLL,Borda Coll,daily,hold_20,end,regulated_hg_two,54,1.6608275934925256,0.03548737101799337,0.04768518518518517,0.08317255620317854,0.04768518518518517,0.08317255620317854
all_valid,BCLL,Borda Coll,daily,hold_20,end,regulated_pm_one,54,1.6881022412604805,0.0057807248677495884,0.04768518518518517,0.05346591005293476,0.04768518518518517,0.05346591005293476
all_valid,BCLL,Borda Coll,daily,hold_20,end,regulated_pm_two,54,1.6309520315275259,0.0445615047413615,0.04768518518518517,0.09224668992654667,0.04768518518518517,0.09224668992654667
all_valid,BCLL,Borda Coll,daily,hold_20,mean,regulated_hg_one,54,1.8877489486151802,0.0011700443577266216,0.046913580246913646,0.04808362460464027,0.046913580246913646,0.04808362460464027
all_valid,BCLL,Borda Coll,daily,hold_20,mean,regulated_hg_two,54,1.8992656688577934,0.03625897595626489,0.046913580246913646,0.08317255620317854,0.046913580246913646,0.08317255620317854
all_valid,BCLL,Borda Coll,daily,hold_20,mean,regulated_pm_one,54,1.8514855636950769,0.006552329806021117,0.046913580246913646,0.05346591005293476,0.046913580246913646,0.05346591005293476
all_valid,BCLL,Borda Coll,daily,hold_20,mean,regulated_pm_two,54,1.8685713520756817,0.04533310967963303,0.046913580246913646,0.09224668992654667,0.046913580246913646,0.09224668992654667
all_valid,BCLL,Borda Coll,daily,blocks_10_20,end,regulated_hg_one,54,1.6847964938511772,-6.452354350790892e-05,0.048148148148148176,0.04808362460464027,0.048148148148148176,0.04808362460464027
all_valid,BCLL,Borda Coll,daily,blocks_10_20,end,regulated_hg_two,54,1.6548186354545027,0.03502440805503036,0.048148148148148176,0.08317255620317854,0.048148148148148176,0.08317255620317854
all_valid,BCLL,Borda Coll,daily,blocks_10_20,end,regulated_pm_one,54,1.6959726116308507,0.005317761904786587,0.048148148148148176,0.05346591005293476,0.048148148148148176,0.05346591005293476
all_valid,BCLL,Borda Coll,daily,blocks_10_20,end,regulated_pm_two,54,1.6286372167127112,0.044098541778398496,0.048148148148148176,0.09224668992654667,0.048148148148148176,0.09224668992654667
all_valid,BCLL,Borda Coll,daily,blocks_10_20,mean,regulated_hg_one,54,1.889716541207773,0.0011314641108131093,0.04695216049382719,0.04808362460464027,0.04695216049382719,0.04808362460464027
all_valid,BCLL,Borda Coll,daily,blocks_10_20,mean,regulated_hg_two,54,1.9042520811901409,0.03622039570935138,0.04695216049382719,0.08317255620317854,0.04695216049382719,0.08317255620317854
all_valid,BCLL,Borda Coll,daily,blocks_10_20,mean,regulated_pm_one,54,1.8578705945592744,0.006513749559107539,0.04695216049382719,0.05346591005293476,0.04695216049382719,0.05346591005293476
all_valid,BCLL,Borda Coll,daily,blocks_10_20,mean,regulated_pm_two,54,1.8745705804707435,0.04529452943271951,0.04695216049382719,0.09224668992654667,0.04695216049382719,0.09224668992654667
all_valid,BCLL,Borda Coll,recharge_next,linear_5_20_50,end,regulated_hg_one,3,8.086586881337047,-5.9116425001350565,2.305555555555557,-3.606086944579499,0.33425925925926037,-0.28852376056291734
all_valid,BCLL,Borda Coll,recharge_next,linear_5_20_50,end,regulated_hg_two,3,7.108241187851615,-5.477063392258348,2.305555555555557,-3.1715078367027907,0.33425925925926037,-0.30672167351825314
all_valid,BCLL,Borda Coll,recharge_next,linear_5_20_50,end,regulated_pm_one,3,7.229363759718132,-5.335622698564499,2.305555555555557,-3.030067143008941,0.33425925925926037,-0.23938768030921706
all_valid,BCLL,Borda Coll,recharge_next,linear_5_20_50,end,regulated_pm_two,3,6.488401974626672,-4.99170851392083,2.305555555555557,-2.6861529583652732,0.33425925925926037,-0.24824324960990438
all_valid,BCLL,Borda Coll,recharge_next,linear_5_20_50,mean,regulated_hg_one,3,7.775822992448163,-5.718934166801721,2.1128472222222214,-3.606086944579499,0.32181712962962905,-0.28852376056291734
all_valid,BCLL,Borda Coll,recharge_next,linear_5_20_50,mean,regulated_hg_two,3,6.857671458379529,-5.284355058925012,2.1128472222222214,-3.1715078367027907,0.32181712962962905,-0.30672167351825314
all_valid,BCLL,Borda Coll,recharge_next,linear_5_20_50,mean,regulated_pm_one,3,6.918599870829248,-5.142914365231163,2.1128472222222214,-3.030067143008941,0.32181712962962905,-0.23938768030921706
all_valid,BCLL,Borda Coll,recharge_next,linear_5_20_50,mean,regulated_pm_two,3,6.177638085737789,-4.799000180587495,2.1128472222222214,-2.6861529583652732,0.32181712962962905,-0.24824324960990438
all_valid,BCLL,Borda Coll,recharge_next,hold_20,end,regulated_hg_one,3,8.131031325781494,-5.889420277912832,2.2833333333333328,-3.606086944579499,0.31944444444444425,-0.28852376056291734
all_valid,BCLL,Borda Coll,recharge_next,hold_20,end,regulated_hg_two,3,7.152685632296063,-5.454841170036123,2.2833333333333328,-3.1715078367027907,0.31944444444444425,-0.30672167351825314
all_valid,BCLL,Borda Coll,recharge_next,hold_20,end,regulated_pm_one,3,7.27380820416258,-5.313400476342274,2.2833333333333328,-3.030067143008941,0.31944444444444425,-0.23938768030921706
all_valid,BCLL,Borda Coll,recharge_next,hold_20,end,regulated_pm_two,3,6.53284641907112,-4.969486291698606,2.2833333333333328,-2.6861529583652732,0.31944444444444425,-0.24824324960990438
all_valid,BCLL,Borda Coll,recharge_next,hold_20,mean,regulated_hg_one,3,7.8199202146703835,-5.717198055690611,2.111111111111112,-3.606086944579499,0.31388888888888916,-0.28852376056291734
all_valid,BCLL,Borda Coll,recharge_next,hold_20,mean,regulated_hg_two,3,6.841574521184952,-5.282618947813902,2.111111111111112,-3.1715078367027907,0.31388888888888916,-0.30672167351825314
all_valid,BCLL,Borda Coll,recharge_next,hold_20,mean,regulated_pm_one,3,6.962697093051468,-5.141178254120053,2.111111111111112,-3.030067143008941,0.31388888888888916,-0.23938768030921706
all_valid,BCLL,Borda Coll,recharge_next,hold_20,mean,regulated_pm_two,3,6.221735307960009,-4.797264069476385,2.111111111111112,-2.6861529583652732,0.31388888888888916,-0.24824324960990438
all_valid,BCLL,Borda Coll,recharge_next,blocks_10_20,end,regulated_hg_one,3,7.8810313257814935,-5.872753611246167,2.266666666666668,-3.606086944579499,0.3555555555555563,-0.28852376056291734
all_valid,BCLL,Borda Coll,recharge_next,blocks_10_20,end,regulated_hg_two,3,6.925495532453602,-5.438174503369459,2.266666666666668,-3.1715078367027907,0.3555555555555563,-0.30672167351825314
all_valid,BCLL,Borda Coll,recharge_next,blocks_10_20,end,regulated_pm_one,3,7.023808204162578,-5.296733809675609,2.266666666666668,-3.030067143008941,0.3555555555555563,-0.23938768030921706
all_valid,BCLL,Borda Coll,recharge_next,blocks_10_20,end,regulated_pm_two,3,6.282846419071119,-4.952819625031942,2.266666666666668,-2.6861529583652732,0.3555555555555563,-0.24824324960990438
all_valid,BCLL,Borda Coll,recharge_next,blocks_10_20,mean,regulated_hg_one,3,7.573392436892606,-5.747059166801722,2.140972222222223,-3.606086944579499,0.3649305555555558,-0.28852376056291734
all_valid,BCLL,Borda Coll,recharge_next,blocks_10_20,mean,regulated_hg_two,3,6.727578865786934,-5.312480058925014,2.140972222222223,-3.1715078367027907,0.3649305555555558,-0.30672167351825314
all_valid,BCLL,Borda Coll,recharge_next,blocks_10_20,mean,regulated_pm_one,3,6.716169315273691,-5.171039365231164,2.140972222222223,-3.030067143008941,0.3649305555555558,-0.23938768030921706
all_valid,BCLL,Borda Coll,recharge_next,blocks_10_20,mean,regulated_pm_two,3,6.015609599015851,-4.827125180587497,2.140972222222223,-2.6861529583652732,0.3649305555555558,-0.24824324960990438
all_valid,BCLL,Borda Coll,recharge_day3,linear_5_20_50,end,regulated_hg_one,3,8.486042516997609,-7.144503053882588,0.7888888888888902,-6.355614164993699,-0.05277777777777759,-0.8849443298628964
all_valid,BCLL,Borda Coll,recharge_day3,linear_5_20_50,end,regulated_hg_two,3,7.95708725686677,-6.9218407306053455,0.7888888888888902,-6.132951841716455,-0.05277777777777759,-0.9165648159517615
all_valid,BCLL,Borda Coll,recharge_day3,linear_5_20_50,end,regulated_pm_one,3,7.8370289252868295,-6.996072236854577,0.7888888888888902,-6.207183347965686,-0.05277777777777759,-0.9153560107819172
all_valid,BCLL,Borda Coll,recharge_day3,linear_5_20_50,end,regulated_pm_two,3,7.362605315795025,-6.7313828837739775,0.7888888888888902,-5.942493994885087,-0.05277777777777759,-0.929222450600289
all_valid,BCLL,Borda Coll,recharge_day3,linear_5_20_50,mean,regulated_hg_one,3,8.55762816514576,-7.252315553882589,0.8967013888888905,-6.355614164993699,-0.03253761574074051,-0.8849443298628964
all_valid,BCLL,Borda Coll,recharge_day3,linear_5_20_50,mean,regulated_hg_two,3,8.02867290501492,-7.029653230605345,0.8967013888888905,-6.132951841716455,-0.03253761574074051,-0.9165648159517615
all_valid,BCLL,Borda Coll,recharge_day3,linear_5_20_50,mean,regulated_pm_one,3,7.908614573434979,-7.103884736854577,0.8967013888888905,-6.207183347965686,-0.03253761574074051,-0.9153560107819172
all_valid,BCLL,Borda Coll,recharge_day3,linear_5_20_50,mean,regulated_pm_two,3,7.434190963943174,-6.839195383773977,0.8967013888888905,-5.942493994885087,-0.03253761574074051,-0.929222450600289
all_valid,BCLL,Borda Coll,recharge_day3,hold_20,end,regulated_hg_one,3,8.497153628108721,-7.188947498327029,0.8333333333333309,-6.355614164993699,-0.0479166666666672,-0.8849443298628964
all_valid,BCLL,Borda Coll,recharge_day3,hold_20,end,regulated_hg_two,3,7.968198367977881,-6.966285175049786,0.8333333333333309,-6.132951841716455,-0.0479166666666672,-0.9165648159517615
all_valid,BCLL,Borda Coll,recharge_day3,hold_20,end,regulated_pm_one,3,7.8481400363979406,-7.040516681299017,0.8333333333333309,-6.207183347965686,-0.0479166666666672,-0.9153560107819172
all_valid,BCLL,Borda Coll,recharge_day3,hold_20,end,regulated_pm_two,3,7.373716426906136,-6.775827328218418,0.8333333333333309,-5.942493994885087,-0.0479166666666672,-0.929222450600289
all_valid,BCLL,Borda Coll,recharge_day3,hold_20,mean,regulated_hg_one,3,8.565730016997607,-7.311343331660367,0.9557291666666679,-6.355614164993699,-0.024565972222221937,-0.8849443298628964
all_valid,BCLL,Borda Coll,recharge_day3,hold_20,mean,regulated_hg_two,3,8.036774756866768,-7.088681008383123,0.9557291666666679,-6.132951841716455,-0.024565972222221937,-0.9165648159517615
all_valid,BCLL,Borda Coll,recharge_day3,hold_20,mean,regulated_pm_one,3,7.916716425286828,-7.162912514632354,0.9557291666666679,-6.207183347965686,-0.024565972222221937,-0.9153560107819172
all_valid,BCLL,Borda Coll,recharge_day3,hold_20,mean,regulated_pm_two,3,7.442292815795024,-6.898223161551755,0.9557291666666679,-5.942493994885087,-0.024565972222221937,-0.929222450600289
all_valid,BCLL,Borda Coll,recharge_day3,blocks_10_20,end,regulated_hg_one,3,8.280486961442055,-7.222280831660363,0.8666666666666648,-6.355614164993699,-0.02083333333333363,-0.8849443298628964
all_valid,BCLL,Borda Coll,recharge_day3,blocks_10_20,end,regulated_hg_two,3,7.751531701311215,-6.9996185083831195,0.8666666666666648,-6.132951841716455,-0.02083333333333363,-0.9165648159517615
all_valid,BCLL,Borda Coll,recharge_day3,blocks_10_20,end,regulated_pm_one,3,7.631473369731275,-7.0738500146323515,0.8666666666666648,-6.207183347965686,-0.02083333333333363,-0.9153560107819172
all_valid,BCLL,Borda Coll,recharge_day3,blocks_10_20,end,regulated_pm_two,3,7.15704976023947,-6.8091606615517515,0.8666666666666648,-5.942493994885087,-0.02083333333333363,-0.929222450600289
all_valid,BCLL,Borda Coll,recharge_day3,blocks_10_20,mean,regulated_hg_one,3,8.35201473921983,-7.336864164993702,0.9812500000000028,-6.355614164993699,0.0019097222222228538,-0.8849443298628964
all_valid,BCLL,Borda Coll,recharge_day3,blocks_10_20,mean,regulated_hg_two,3,7.823059479088992,-7.114201841716458,0.9812500000000028,-6.132951841716455,0.0019097222222228538,-0.9165648159517615
all_valid,BCLL,Borda Coll,recharge_day3,blocks_10_20,mean,regulated_pm_one,3,7.703001147509052,-7.188433347965689,0.9812500000000028,-6.207183347965686,0.0019097222222228538,-0.9153560107819172
all_valid,BCLL,Borda Coll,recharge_day3,blocks_10_20,mean,regulated_pm_two,3,7.228577538017247,-6.92374399488509,0.9812500000000028,-5.942493994885087,0.0019097222222228538,-0.929222450600289
all_valid,BCLL,Borda Coll,drying5,linear_5_20_50,end,regulated_hg_one,1,0.6950825665158842,0.6950825665158842,4.299999999999997,4.995082566515881,0.8599999999999994,0.9990165133031763
all_valid,BCLL,Borda Coll,drying5,linear_5_20_50,end,regulated_hg_two,1,1.1237560967949811,1.1237560967949811,4.299999999999997,5.423756096794978,0.8599999999999994,1.0847512193589957
all_valid,BCLL,Borda Coll,drying5,linear_5_20_50,end,regulated_pm_one,1,1.4801734769930537,1.4801734769930537,4.299999999999997,5.780173476993051,0.8599999999999994,1.1560346953986103
all_valid,BCLL,Borda Coll,drying5,linear_5_20_50,end,regulated_pm_two,1,1.8417600980422613,1.8417600980422613,4.299999999999997,6.141760098042258,0.8599999999999994,1.2283520196084516
all_valid,BCLL,Borda Coll,drying5,linear_5_20_50,mean,regulated_hg_one,1,0.5971658998492142,0.5971658998492142,4.397916666666667,4.995082566515881,0.8795833333333334,0.9990165133031763
all_valid,BCLL,Borda Coll,drying5,linear_5_20_50,mean,regulated_hg_two,1,1.0258394301283111,1.0258394301283111,4.397916666666667,5.423756096794978,0.8795833333333334,1.0847512193589957
all_valid,BCLL,Borda Coll,drying5,linear_5_20_50,mean,regulated_pm_one,1,1.3822568103263837,1.3822568103263837,4.397916666666667,5.780173476993051,0.8795833333333334,1.1560346953986103
all_valid,BCLL,Borda Coll,drying5,linear_5_20_50,mean,regulated_pm_two,1,1.7438434313755913,1.7438434313755913,4.397916666666667,6.141760098042258,0.8795833333333334,1.2283520196084516
all_valid,BCLL,Borda Coll,drying5,hold_20,end,regulated_hg_one,1,0.7450825665158849,0.7450825665158849,4.2499999999999964,4.995082566515881,0.8499999999999993,0.9990165133031763
all_valid,BCLL,Borda Coll,drying5,hold_20,end,regulated_hg_two,1,1.1737560967949818,1.1737560967949818,4.2499999999999964,5.423756096794978,0.8499999999999993,1.0847512193589957
all_valid,BCLL,Borda Coll,drying5,hold_20,end,regulated_pm_one,1,1.5301734769930544,1.5301734769930544,4.2499999999999964,5.780173476993051,0.8499999999999993,1.1560346953986103
all_valid,BCLL,Borda Coll,drying5,hold_20,end,regulated_pm_two,1,1.891760098042262,1.891760098042262,4.2499999999999964,6.141760098042258,0.8499999999999993,1.2283520196084516
all_valid,BCLL,Borda Coll,drying5,hold_20,mean,regulated_hg_one,1,0.6607075665158799,0.6607075665158799,4.334375000000001,4.995082566515881,0.8668750000000003,0.9990165133031763
all_valid,BCLL,Borda Coll,drying5,hold_20,mean,regulated_hg_two,1,1.0893810967949769,1.0893810967949769,4.334375000000001,5.423756096794978,0.8668750000000003,1.0847512193589957
all_valid,BCLL,Borda Coll,drying5,hold_20,mean,regulated_pm_one,1,1.4457984769930494,1.4457984769930494,4.334375000000001,5.780173476993051,0.8668750000000003,1.1560346953986103
all_valid,BCLL,Borda Coll,drying5,hold_20,mean,regulated_pm_two,1,1.807385098042257,1.807385098042257,4.334375000000001,6.141760098042258,0.8668750000000003,1.2283520196084516
all_valid,BCLL,Borda Coll,drying5,blocks_10_20,end,regulated_hg_one,1,0.9950825665158813,0.9950825665158813,4.0,4.995082566515881,0.8,0.9990165133031763
all_valid,BCLL,Borda Coll,drying5,blocks_10_20,end,regulated_hg_two,1,1.4237560967949783,1.4237560967949783,4.0,5.423756096794978,0.8,1.0847512193589957
all_valid,BCLL,Borda Coll,drying5,blocks_10_20,end,regulated_pm_one,1,1.7801734769930508,1.7801734769930508,4.0,5.780173476993051,0.8,1.1560346953986103
all_valid,BCLL,Borda Coll,drying5,blocks_10_20,end,regulated_pm_two,1,2.1417600980422584,2.1417600980422584,4.0,6.141760098042258,0.8,1.2283520196084516
all_valid,BCLL,Borda Coll,drying5,blocks_10_20,mean,regulated_hg_one,1,0.9388325665158792,0.9388325665158792,4.056250000000002,4.995082566515881,0.8112500000000005,0.9990165133031763
all_valid,BCLL,Borda Coll,drying5,blocks_10_20,mean,regulated_hg_two,1,1.3675060967949761,1.3675060967949761,4.056250000000002,5.423756096794978,0.8112500000000005,1.0847512193589957
all_valid,BCLL,Borda Coll,drying5,blocks_10_20,mean,regulated_pm_one,1,1.7239234769930487,1.7239234769930487,4.056250000000002,5.780173476993051,0.8112500000000005,1.1560346953986103
all_valid,BCLL,Borda Coll,drying5,blocks_10_20,mean,regulated_pm_two,1,2.0855100980422563,2.0855100980422563,4.056250000000002,6.141760098042258,0.8112500000000005,1.2283520196084516
all_valid,LLA,Llivia,daily,linear_5_20_50,end,regulated_hg_one,59,2.418844968124954,0.15855332525220403,-0.12048022598870052,0.038073099263503475,-0.12048022598870052,0.038073099263503475
all_valid,LLA,Llivia,daily,linear_5_20_50,end,regulated_hg_two,59,2.4636458695571912,0.14845869381317184,-0.12048022598870052,0.02797846782447126,-0.12048022598870052,0.02797846782447126
all_valid,LLA,Llivia,daily,linear_5_20_50,end,regulated_pm_one,59,2.3862887346063553,0.1663123769507423,-0.12048022598870052,0.04583215096204178,-0.12048022598870052,0.04583215096204178
all_valid,LLA,Llivia,daily,linear_5_20_50,end,regulated_pm_two,59,2.425111316070494,0.15405918092295082,-0.12048022598870052,0.03357895493425032,-0.12048022598870052,0.03357895493425032
all_valid,LLA,Llivia,daily,linear_5_20_50,mean,regulated_hg_one,59,2.4531748396633555,0.17031474238968045,-0.13224164312617695,0.038073099263503475,-0.13224164312617695,0.038073099263503475
all_valid,LLA,Llivia,daily,linear_5_20_50,mean,regulated_hg_two,59,2.5169169611541746,0.16022011095064825,-0.13224164312617695,0.02797846782447126,-0.13224164312617695,0.02797846782447126
all_valid,LLA,Llivia,daily,linear_5_20_50,mean,regulated_pm_one,59,2.4166754873672645,0.17807379408821872,-0.13224164312617695,0.04583215096204178,-0.13224164312617695,0.04583215096204178
all_valid,LLA,Llivia,daily,linear_5_20_50,mean,regulated_pm_two,59,2.4670574720635075,0.16582059806042726,-0.13224164312617695,0.03357895493425032,-0.13224164312617695,0.03357895493425032
all_valid,LLA,Llivia,daily,hold_20,end,regulated_hg_one,59,2.454852931794671,0.17409004841604586,-0.13601694915254234,0.038073099263503475,-0.13601694915254234,0.038073099263503475
all_valid,LLA,Llivia,daily,hold_20,end,regulated_hg_two,59,2.499911862854031,0.16399541697701367,-0.13601694915254234,0.02797846782447126,-0.13601694915254234,0.02797846782447126
all_valid,LLA,Llivia,daily,hold_20,end,regulated_pm_one,59,2.423263149655373,0.18184910011458413,-0.13601694915254234,0.04583215096204178,-0.13601694915254234,0.04583215096204178
all_valid,LLA,Llivia,daily,hold_20,end,regulated_pm_two,59,2.4622628820898793,0.16959590408679262,-0.13601694915254234,0.03357895493425032,-0.13601694915254234,0.03357895493425032
all_valid,LLA,Llivia,daily,hold_20,mean,regulated_hg_one,59,2.458648003505164,0.1864752885290402,-0.1484021892655367,0.038073099263503475,-0.1484021892655367,0.038073099263503475
all_valid,LLA,Llivia,daily,hold_20,mean,regulated_hg_two,59,2.522390124995983,0.17638065709000797,-0.1484021892655367,0.02797846782447126,-0.1484021892655367,0.02797846782447126
all_valid,LLA,Llivia,daily,hold_20,mean,regulated_pm_one,59,2.4221486512090724,0.19423434022757846,-0.1484021892655367,0.04583215096204178,-0.1484021892655367,0.04583215096204178
all_valid,LLA,Llivia,daily,hold_20,mean,regulated_pm_two,59,2.4729896754533383,0.18198114419978698,-0.1484021892655367,0.03357895493425032,-0.1484021892655367,0.03357895493425032
all_valid,LLA,Llivia,daily,blocks_10_20,end,regulated_hg_one,59,2.4656822803942218,0.18044598061943573,-0.14237288135593223,0.038073099263503475,-0.14237288135593223,0.038073099263503475
all_valid,LLA,Llivia,daily,blocks_10_20,end,regulated_hg_two,59,2.5112241953498584,0.17035134918040357,-0.14237288135593223,0.02797846782447126,-0.14237288135593223,0.02797846782447126
all_valid,LLA,Llivia,daily,blocks_10_20,end,regulated_pm_one,59,2.4366607535934808,0.18820503231797403,-0.14237288135593223,0.04583215096204178,-0.14237288135593223,0.04583215096204178
all_valid,LLA,Llivia,daily,blocks_10_20,end,regulated_pm_two,59,2.4749096429501667,0.17595183629018252,-0.14237288135593223,0.03357895493425032,-0.14237288135593223,0.03357895493425032
all_valid,LLA,Llivia,daily,blocks_10_20,mean,regulated_hg_one,59,2.3879294300588363,0.19266349474372943,-0.15459039548022593,0.038073099263503475,-0.15459039548022593,0.038073099263503475
all_valid,LLA,Llivia,daily,blocks_10_20,mean,regulated_hg_two,59,2.4516715515496554,0.1825688633046972,-0.15459039548022593,0.02797846782447126,-0.15459039548022593,0.02797846782447126
all_valid,LLA,Llivia,daily,blocks_10_20,mean,regulated_pm_one,59,2.351430077762745,0.2004225464422677,-0.15459039548022593,0.04583215096204178,-0.15459039548022593,0.04583215096204178
all_valid,LLA,Llivia,daily,blocks_10_20,mean,regulated_pm_two,59,2.401605715974642,0.18816935041447622,-0.15459039548022593,0.03357895493425032,-0.15459039548022593,0.03357895493425032
all_valid,LLA,Llivia,recharge_next,linear_5_20_50,end,regulated_hg_one,5,4.174526942763996,-1.893376793922494,5.4733333333333345,3.579956539410841,2.6516666666666673,1.726619121464825
all_valid,LLA,Llivia,recharge_next,linear_5_20_50,end,regulated_hg_two,5,4.2554170178910535,-2.094055267736588,5.4733333333333345,3.379278065596747,2.6516666666666673,1.6379835351106755
all_valid,LLA,Llivia,recharge_next,linear_5_20_50,end,regulated_pm_one,5,4.258264975641617,-1.5800143441851011,5.4733333333333345,3.893318989148234,2.6516666666666673,1.8661907424852757
all_valid,LLA,Llivia,recharge_next,linear_5_20_50,end,regulated_pm_two,5,4.295298631728662,-1.7033811493906983,5.4733333333333345,3.7699521839426366,2.6516666666666673,1.810618972280973
all_valid,LLA,Llivia,recharge_next,linear_5_20_50,mean,regulated_hg_one,5,5.016085530948364,-2.669140682811384,6.249097222222225,3.579956539410841,3.0294270833333345,1.726619121464825
all_valid,LLA,Llivia,recharge_next,linear_5_20_50,mean,regulated_hg_two,5,5.1411345402343835,-2.8698191566254785,6.249097222222225,3.379278065596747,3.0294270833333345,1.6379835351106755
all_valid,LLA,Llivia,recharge_next,linear_5_20_50,mean,regulated_pm_one,5,4.704580736683503,-2.3557782330739916,6.249097222222225,3.893318989148234,3.0294270833333345,1.8661907424852757
all_valid,LLA,Llivia,recharge_next,linear_5_20_50,mean,regulated_pm_two,5,4.78558042011765,-2.479145038279589,6.249097222222225,3.7699521839426366,3.0294270833333345,1.810618972280973
all_valid,LLA,Llivia,recharge_next,hold_20,end,regulated_hg_one,5,4.357860276097327,-1.7900434605891586,5.369999999999999,3.579956539410841,2.5966666666666667,1.726619121464825
all_valid,LLA,Llivia,recharge_next,hold_20,end,regulated_hg_two,5,4.438750351224384,-1.9907219344032527,5.369999999999999,3.379278065596747,2.5966666666666667,1.6379835351106755
all_valid,LLA,Llivia,recharge_next,hold_20,end,regulated_pm_one,5,4.441598308974948,-1.4766810108517658,5.369999999999999,3.893318989148234,2.5966666666666667,1.8661907424852757
all_valid,LLA,Llivia,recharge_next,hold_20,end,regulated_pm_two,5,4.478631965061993,-1.600047816057363,5.369999999999999,3.7699521839426366,2.5966666666666667,1.810618972280973
all_valid,LLA,Llivia,recharge_next,hold_20,mean,regulated_hg_one,5,4.88414108650392,-2.4806684605891625,6.0606250000000035,3.579956539410841,2.9317187500000017,1.726619121464825
all_valid,LLA,Llivia,recharge_next,hold_20,mean,regulated_hg_two,5,5.00919009578994,-2.6813469344032566,6.0606250000000035,3.379278065596747,2.9317187500000017,1.6379835351106755
all_valid,LLA,Llivia,recharge_next,hold_20,mean,regulated_pm_one,5,4.57263629223906,-2.16730601085177,6.0606250000000035,3.893318989148234,2.9317187500000017,1.8661907424852757
all_valid,LLA,Llivia,recharge_next,hold_20,mean,regulated_pm_two,5,4.653635975673207,-2.2906728160573677,6.0606250000000035,3.7699521839426366,2.9317187500000017,1.810618972280973
all_valid,LLA,Llivia,recharge_next,blocks_10_20,end,regulated_hg_one,5,4.117860276097328,-1.4600434605891632,5.0400000000000045,3.579956539410841,2.4533333333333354,1.726619121464825
all_valid,LLA,Llivia,recharge_next,blocks_10_20,end,regulated_hg_two,5,4.198750351224387,-1.6607219344032573,5.0400000000000045,3.379278065596747,2.4533333333333354,1.6379835351106755
all_valid,LLA,Llivia,recharge_next,blocks_10_20,end,regulated_pm_one,5,4.36722333404104,-1.1466810108517704,5.0400000000000045,3.893318989148234,2.4533333333333354,1.8661907424852757
all_valid,LLA,Llivia,recharge_next,blocks_10_20,end,regulated_pm_two,5,4.330917401346135,-1.2700478160573676,5.0400000000000045,3.7699521839426366,2.4533333333333354,1.810618972280973
all_valid,LLA,Llivia,recharge_next,blocks_10_20,mean,regulated_hg_one,5,4.582057753170589,-2.0887934605891614,5.668750000000002,3.579956539410841,2.765000000000001,1.726619121464825
all_valid,LLA,Llivia,recharge_next,blocks_10_20,mean,regulated_hg_two,5,4.7071067624566085,-2.2894719344032555,5.668750000000002,3.379278065596747,2.765000000000001,1.6379835351106755
all_valid,LLA,Llivia,recharge_next,blocks_10_20,mean,regulated_pm_one,5,4.403677983971822,-1.7754310108517684,5.668750000000002,3.893318989148234,2.765000000000001,1.8661907424852757
all_valid,LLA,Llivia,recharge_next,blocks_10_20,mean,regulated_pm_two,5,4.41133807862402,-1.8987978160573655,5.668750000000002,3.7699521839426366,2.765000000000001,1.810618972280973
all_valid,LLA,Llivia,recharge_day3,linear_5_20_50,end,regulated_hg_one,5,4.303844269204077,-0.03070450246075156,0.8599999999999988,0.8292954975392471,0.25258333333333305,0.2322997796303304
all_valid,LLA,Llivia,recharge_day3,linear_5_20_50,end,regulated_hg_two,5,4.261358069298796,-0.20441188786936176,0.8599999999999988,0.6555881121306368,0.25258333333333305,0.19214592234467878
all_valid,LLA,Llivia,recharge_day3,linear_5_20_50,end,regulated_pm_one,5,4.680063588783366,0.266060903639632,0.8599999999999988,1.1260609036396307,0.25258333333333305,0.30278327682463413
all_valid,LLA,Llivia,recharge_day3,linear_5_20_50,end,regulated_pm_two,5,4.653186525450652,0.11144327485188565,0.8599999999999988,0.9714432748518845,0.25258333333333305,0.26735889373623556
all_valid,LLA,Llivia,recharge_day3,linear_5_20_50,mean,regulated_hg_one,5,4.527212324759632,0.005371886428134598,0.8239236111111126,0.8292954975392471,0.24101215277777813,0.2322997796303304
all_valid,LLA,Llivia,recharge_day3,linear_5_20_50,mean,regulated_hg_two,5,4.484726124854352,-0.1683354989804756,0.8239236111111126,0.6555881121306368,0.24101215277777813,0.19214592234467878
all_valid,LLA,Llivia,recharge_day3,linear_5_20_50,mean,regulated_pm_one,5,4.903431644338922,0.3021372925285181,0.8239236111111126,1.1260609036396307,0.24101215277777813,0.30278327682463413
all_valid,LLA,Llivia,recharge_day3,linear_5_20_50,mean,regulated_pm_two,5,4.876554581006208,0.1475196637407718,0.8239236111111126,0.9714432748518845,0.24101215277777813,0.26735889373623556
all_valid,LLA,Llivia,recharge_day3,hold_20,end,regulated_hg_one,5,4.5471776025374115,0.11929549753924702,0.7100000000000002,0.8292954975392471,0.2152500000000001,0.2322997796303304
all_valid,LLA,Llivia,recharge_day3,hold_20,end,regulated_hg_two,5,4.504691402632131,-0.05441188786936317,0.7100000000000002,0.6555881121306368,0.2152500000000001,0.19214592234467878
all_valid,LLA,Llivia,recharge_day3,hold_20,end,regulated_pm_one,5,4.9233969221167015,0.41606090363963055,0.7100000000000002,1.1260609036396307,0.2152500000000001,0.30278327682463413
all_valid,LLA,Llivia,recharge_day3,hold_20,end,regulated_pm_two,5,4.896519858783987,0.26144327485188423,0.7100000000000002,0.9714432748518845,0.2152500000000001,0.26735889373623556
all_valid,LLA,Llivia,recharge_day3,hold_20,mean,regulated_hg_one,5,4.752281769204078,0.14002466420591048,0.6892708333333367,0.8292954975392471,0.20714062500000072,0.2322997796303304
all_valid,LLA,Llivia,recharge_day3,hold_20,mean,regulated_hg_two,5,4.709795569298797,-0.03368272120269973,0.6892708333333367,0.6555881121306368,0.20714062500000072,0.19214592234467878
all_valid,LLA,Llivia,recharge_day3,hold_20,mean,regulated_pm_one,5,5.128501088783367,0.436790070306294,0.6892708333333367,1.1260609036396307,0.20714062500000072,0.30278327682463413
all_valid,LLA,Llivia,recharge_day3,hold_20,mean,regulated_pm_two,5,5.101624025450653,0.2821724415185477,0.6892708333333367,0.9714432748518845,0.20714062500000072,0.26735889373623556
all_valid,LLA,Llivia,recharge_day3,blocks_10_20,end,regulated_hg_one,5,4.55717760253741,0.24929549753924746,0.5799999999999997,0.8292954975392471,0.18299999999999988,0.2322997796303304
all_valid,LLA,Llivia,recharge_day3,blocks_10_20,end,regulated_hg_two,5,4.514691402632129,0.07558811213063725,0.5799999999999997,0.6555881121306368,0.18299999999999988,0.19214592234467878
all_valid,LLA,Llivia,recharge_day3,blocks_10_20,end,regulated_pm_one,5,4.9333969221167,0.546060903639631,0.5799999999999997,1.1260609036396307,0.18299999999999988,0.30278327682463413
all_valid,LLA,Llivia,recharge_day3,blocks_10_20,end,regulated_pm_two,5,4.9065198587839856,0.3914432748518847,0.5799999999999997,0.9714432748518845,0.18299999999999988,0.26735889373623556
all_valid,LLA,Llivia,recharge_day3,blocks_10_20,mean,regulated_hg_one,5,4.775510935870747,0.29012883087258057,0.5391666666666666,0.8292954975392471,0.1705625,0.2322997796303304
all_valid,LLA,Llivia,recharge_day3,blocks_10_20,mean,regulated_hg_two,5,4.733024735965467,0.1164214454639704,0.5391666666666666,0.6555881121306368,0.1705625,0.19214592234467878
all_valid,LLA,Llivia,recharge_day3,blocks_10_20,mean,regulated_pm_one,5,5.151730255450037,0.5868942369729642,0.5391666666666666,1.1260609036396307,0.1705625,0.30278327682463413
all_valid,LLA,Llivia,recharge_day3,blocks_10_20,mean,regulated_pm_two,5,5.124853192117322,0.4322766081852178,0.5391666666666666,0.9714432748518845,0.1705625,0.26735889373623556
all_valid,LLA,Llivia,drying5,linear_5_20_50,end,regulated_hg_one,1,11.519434159573844,-11.519434159573844,16.174999999999997,4.655565840426154,3.2349999999999994,0.9311131680852307
all_valid,LLA,Llivia,drying5,linear_5_20_50,end,regulated_hg_two,1,12.537213760102711,-12.537213760102711,16.174999999999997,3.637786239897286,3.2349999999999994,0.7275572479794572
all_valid,LLA,Llivia,drying5,linear_5_20_50,end,regulated_pm_one,1,10.909530472672571,-10.909530472672571,16.174999999999997,5.265469527327425,3.2349999999999994,1.0530939054654849
all_valid,LLA,Llivia,drying5,linear_5_20_50,end,regulated_pm_two,1,11.742924658966523,-11.742924658966523,16.174999999999997,4.4320753410334754,3.2349999999999994,0.8864150682066951
all_valid,LLA,Llivia,drying5,linear_5_20_50,mean,regulated_hg_one,1,11.994781381796084,-11.994781381796084,16.650347222222237,4.655565840426154,3.3300694444444474,0.9311131680852307
all_valid,LLA,Llivia,drying5,linear_5_20_50,mean,regulated_hg_two,1,13.01256098232495,-13.01256098232495,16.650347222222237,3.637786239897286,3.3300694444444474,0.7275572479794572
all_valid,LLA,Llivia,drying5,linear_5_20_50,mean,regulated_pm_one,1,11.384877694894811,-11.384877694894811,16.650347222222237,5.265469527327425,3.3300694444444474,1.0530939054654849
all_valid,LLA,Llivia,drying5,linear_5_20_50,mean,regulated_pm_two,1,12.218271881188763,-12.218271881188763,16.650347222222237,4.4320753410334754,3.3300694444444474,0.8864150682066951
all_valid,LLA,Llivia,drying5,hold_20,end,regulated_hg_one,1,11.869434159573846,-11.869434159573846,16.525,4.655565840426154,3.3049999999999997,0.9311131680852307
all_valid,LLA,Llivia,drying5,hold_20,end,regulated_hg_two,1,12.887213760102712,-12.887213760102712,16.525,3.637786239897286,3.3049999999999997,0.7275572479794572
all_valid,LLA,Llivia,drying5,hold_20,end,regulated_pm_one,1,11.259530472672573,-11.259530472672573,16.525,5.265469527327425,3.3049999999999997,1.0530939054654849
all_valid,LLA,Llivia,drying5,hold_20,end,regulated_pm_two,1,12.092924658966524,-12.092924658966524,16.525,4.4320753410334754,3.3049999999999997,0.8864150682066951
all_valid,LLA,Llivia,drying5,hold_20,mean,regulated_hg_one,1,12.339225826240519,-12.339225826240519,16.99479166666667,4.655565840426154,3.398958333333334,0.9311131680852307
all_valid,LLA,Llivia,drying5,hold_20,mean,regulated_hg_two,1,13.357005426769385,-13.357005426769385,16.99479166666667,3.637786239897286,3.398958333333334,0.7275572479794572
all_valid,LLA,Llivia,drying5,hold_20,mean,regulated_pm_one,1,11.729322139339246,-11.729322139339246,16.99479166666667,5.265469527327425,3.398958333333334,1.0530939054654849
all_valid,LLA,Llivia,drying5,hold_20,mean,regulated_pm_two,1,12.562716325633197,-12.562716325633197,16.99479166666667,4.4320753410334754,3.398958333333334,0.8864150682066951
all_valid,LLA,Llivia,drying5,blocks_10_20,end,regulated_hg_one,1,10.844434159573847,-10.844434159573847,15.5,4.655565840426154,3.1,0.9311131680852307
all_valid,LLA,Llivia,drying5,blocks_10_20,end,regulated_hg_two,1,11.862213760102714,-11.862213760102714,15.5,3.637786239897286,3.1,0.7275572479794572
all_valid,LLA,Llivia,drying5,blocks_10_20,end,regulated_pm_one,1,10.234530472672574,-10.234530472672574,15.5,5.265469527327425,3.1,1.0530939054654849
all_valid,LLA,Llivia,drying5,blocks_10_20,end,regulated_pm_two,1,11.067924658966525,-11.067924658966525,15.5,4.4320753410334754,3.1,0.8864150682066951
all_valid,LLA,Llivia,drying5,blocks_10_20,mean,regulated_hg_one,1,11.209017492907183,-11.209017492907183,15.864583333333336,4.655565840426154,3.172916666666667,0.9311131680852307
all_valid,LLA,Llivia,drying5,blocks_10_20,mean,regulated_hg_two,1,12.22679709343605,-12.22679709343605,15.864583333333336,3.637786239897286,3.172916666666667,0.7275572479794572
all_valid,LLA,Llivia,drying5,blocks_10_20,mean,regulated_pm_one,1,10.59911380600591,-10.59911380600591,15.864583333333336,5.265469527327425,3.172916666666667,1.0530939054654849
all_valid,LLA,Llivia,drying5,blocks_10_20,mean,regulated_pm_two,1,11.432507992299861,-11.432507992299861,15.864583333333336,4.4320753410334754,3.172916666666667,0.8864150682066951
all_valid,CLLA,Clarella,daily,linear_5_20_50,end,regulated_hg_one,50,1.0689213047100952,0.06522497454993349,0.049166666666666574,0.11439164121660006,0.049166666666666574,0.11439164121660006
all_valid,CLLA,Clarella,daily,linear_5_20_50,end,regulated_hg_two,50,1.1579312754124755,0.04498360198898726,0.049166666666666574,0.09415026865565383,0.049166666666666574,0.09415026865565383
all_valid,CLLA,Clarella,daily,linear_5_20_50,end,regulated_pm_one,50,1.0591099196127713,0.07566816844469304,0.049166666666666574,0.12483483511135961,0.049166666666666574,0.12483483511135961
all_valid,CLLA,Clarella,daily,linear_5_20_50,end,regulated_pm_two,50,1.1363389420475853,0.05732831413898643,0.049166666666666574,0.106494980805653,0.049166666666666574,0.106494980805653
all_valid,CLLA,Clarella,daily,linear_5_20_50,mean,regulated_hg_one,50,2.433096153616684,0.06191941899437787,0.0524722222222222,0.11439164121660006,0.0524722222222222,0.11439164121660006
all_valid,CLLA,Clarella,daily,linear_5_20_50,mean,regulated_hg_two,50,2.4937891443393734,0.041678046433431634,0.0524722222222222,0.09415026865565383,0.0524722222222222,0.09415026865565383
all_valid,CLLA,Clarella,daily,linear_5_20_50,mean,regulated_pm_one,50,2.4199977696384196,0.07236261288913741,0.0524722222222222,0.12483483511135961,0.0524722222222222,0.12483483511135961
all_valid,CLLA,Clarella,daily,linear_5_20_50,mean,regulated_pm_two,50,2.48060733001865,0.05402275858343081,0.0524722222222222,0.106494980805653,0.0524722222222222,0.106494980805653
all_valid,CLLA,Clarella,daily,hold_20,end,regulated_hg_one,50,1.1040995338434558,0.06789164121660016,0.046499999999999916,0.11439164121660006,0.046499999999999916,0.11439164121660006
all_valid,CLLA,Clarella,daily,hold_20,end,regulated_hg_two,50,1.1858456438833214,0.047650268655653916,0.046499999999999916,0.09415026865565383,0.046499999999999916,0.09415026865565383
all_valid,CLLA,Clarella,daily,hold_20,end,regulated_pm_one,50,1.0934797735929505,0.07833483511135969,0.046499999999999916,0.12483483511135961,0.046499999999999916,0.12483483511135961
all_valid,CLLA,Clarella,daily,hold_20,end,regulated_pm_two,50,1.1662696716931293,0.05999498080565309,0.046499999999999916,0.106494980805653,0.046499999999999916,0.106494980805653
all_valid,CLLA,Clarella,daily,hold_20,mean,regulated_hg_one,50,2.4475946820700853,0.06447497454993333,0.04991666666666674,0.11439164121660006,0.04991666666666674,0.11439164121660006
all_valid,CLLA,Clarella,daily,hold_20,mean,regulated_hg_two,50,2.5233142892988107,0.04423360198898709,0.04991666666666674,0.09415026865565383,0.04991666666666674,0.09415026865565383
all_valid,CLLA,Clarella,daily,hold_20,mean,regulated_pm_one,50,2.4346337264920055,0.07491816844469286,0.04991666666666674,0.12483483511135961,0.04991666666666674,0.12483483511135961
all_valid,CLLA,Clarella,daily,hold_20,mean,regulated_pm_two,50,2.512704552240873,0.056578314138986265,0.04991666666666674,0.106494980805653,0.04991666666666674,0.106494980805653
all_valid,CLLA,Clarella,daily,blocks_10_20,end,regulated_hg_one,50,1.194224829474407,0.07839164121660012,0.03599999999999994,0.11439164121660006,0.03599999999999994,0.11439164121660006
all_valid,CLLA,Clarella,daily,blocks_10_20,end,regulated_hg_two,50,1.290902344203822,0.05815026865565389,0.03599999999999994,0.09415026865565383,0.03599999999999994,0.09415026865565383
all_valid,CLLA,Clarella,daily,blocks_10_20,end,regulated_pm_one,50,1.1786163161008387,0.08883483511135966,0.03599999999999994,0.12483483511135961,0.03599999999999994,0.12483483511135961
all_valid,CLLA,Clarella,daily,blocks_10_20,end,regulated_pm_two,50,1.2677612067320627,0.07049498080565306,0.03599999999999994,0.106494980805653,0.03599999999999994,0.106494980805653
all_valid,CLLA,Clarella,daily,blocks_10_20,mean,regulated_hg_one,50,2.465174162068654,0.07468330788326669,0.03970833333333339,0.11439164121660006,0.03970833333333339,0.11439164121660006
all_valid,CLLA,Clarella,daily,blocks_10_20,mean,regulated_hg_two,50,2.5603406178691173,0.054441935322320445,0.03970833333333339,0.09415026865565383,0.03970833333333339,0.09415026865565383
all_valid,CLLA,Clarella,daily,blocks_10_20,mean,regulated_pm_one,50,2.4516324578635644,0.08512650177802622,0.03970833333333339,0.12483483511135961,0.03970833333333339,0.12483483511135961
all_valid,CLLA,Clarella,daily,blocks_10_20,mean,regulated_pm_two,50,2.552455097478542,0.06678664747231962,0.03970833333333339,0.106494980805653,0.03970833333333339,0.106494980805653
all_valid,CLLA,Clarella,recharge_next,linear_5_20_50,end,regulated_hg_one,2,11.878579214313199,-3.463757589591153,28.141666666666662,24.67790907707551,5.677083333333333,6.246555059123409
all_valid,CLLA,Clarella,recharge_next,linear_5_20_50,end,regulated_hg_two,2,10.895976868226574,-3.4887728847381054,28.141666666666662,24.652893781928558,5.677083333333333,6.090409353908982
all_valid,CLLA,Clarella,recharge_next,linear_5_20_50,end,regulated_pm_one,2,11.701893620982467,-3.1957547206145103,28.141666666666662,24.945911946052153,5.677083333333333,6.313853224265625
all_valid,CLLA,Clarella,recharge_next,linear_5_20_50,end,regulated_pm_two,2,10.778645184487624,-3.220357048712144,28.141666666666662,24.921309617954517,5.677083333333333,6.166755143957226
all_valid,CLLA,Clarella,recharge_next,linear_5_20_50,mean,regulated_hg_one,2,12.553666019868768,-3.7791221729244997,28.457031250000007,24.67790907707551,5.686197916666669,6.246555059123409
all_valid,CLLA,Clarella,recharge_next,linear_5_20_50,mean,regulated_hg_two,2,11.571063673782142,-3.804137468071452,28.457031250000007,24.652893781928558,5.686197916666669,6.090409353908982
all_valid,CLLA,Clarella,recharge_next,linear_5_20_50,mean,regulated_pm_one,2,12.376980426538033,-3.511119303947857,28.457031250000007,24.945911946052153,5.686197916666669,6.313853224265625
all_valid,CLLA,Clarella,recharge_next,linear_5_20_50,mean,regulated_pm_two,2,11.453731990043192,-3.5357216320454907,28.457031250000007,24.921309617954517,5.686197916666669,6.166755143957226
all_valid,CLLA,Clarella,recharge_next,hold_20,end,regulated_hg_one,2,12.336912547646534,-3.9220909229244887,28.599999999999998,24.67790907707551,5.76875,6.246555059123409
all_valid,CLLA,Clarella,recharge_next,hold_20,end,regulated_hg_two,2,11.35431020155991,-3.947106218071441,28.599999999999998,24.652893781928558,5.76875,6.090409353908982
all_valid,CLLA,Clarella,recharge_next,hold_20,end,regulated_pm_one,2,12.160226954315803,-3.654088053947846,28.599999999999998,24.945911946052153,5.76875,6.313853224265625
all_valid,CLLA,Clarella,recharge_next,hold_20,end,regulated_pm_two,2,11.23697851782096,-3.6786903820454797,28.599999999999998,24.921309617954517,5.76875,6.166755143957226
all_valid,CLLA,Clarella,recharge_next,hold_20,mean,regulated_hg_one,2,13.05644379764654,-4.281205506257824,28.95911458333333,24.67790907707551,5.786510416666666,6.246555059123409
all_valid,CLLA,Clarella,recharge_next,hold_20,mean,regulated_hg_two,2,12.073841451559915,-4.306220801404777,28.95911458333333,24.652893781928558,5.786510416666666,6.090409353908982
all_valid,CLLA,Clarella,recharge_next,hold_20,mean,regulated_pm_one,2,12.879758204315806,-4.013202637281181,28.95911458333333,24.945911946052153,5.786510416666666,6.313853224265625
all_valid,CLLA,Clarella,recharge_next,hold_20,mean,regulated_pm_two,2,11.956509767820965,-4.037804965378815,28.95911458333333,24.921309617954517,5.786510416666666,6.166755143957226
all_valid,CLLA,Clarella,recharge_next,blocks_10_20,end,regulated_hg_one,2,13.311912547646532,-4.7720909229244866,29.449999999999996,24.67790907707551,5.92,6.246555059123409
all_valid,CLLA,Clarella,recharge_next,blocks_10_20,end,regulated_hg_two,2,12.329310201559908,-4.797106218071439,29.449999999999996,24.652893781928558,5.92,6.090409353908982
all_valid,CLLA,Clarella,recharge_next,blocks_10_20,end,regulated_pm_one,2,13.135226954315801,-4.504088053947844,29.449999999999996,24.945911946052153,5.92,6.313853224265625
all_valid,CLLA,Clarella,recharge_next,blocks_10_20,end,regulated_pm_two,2,12.211978517820958,-4.528690382045477,29.449999999999996,24.921309617954517,5.92,6.166755143957226
all_valid,CLLA,Clarella,recharge_next,blocks_10_20,mean,regulated_hg_one,2,14.133787547646534,-5.266882589591154,29.944791666666664,24.67790907707551,5.969895833333333,6.246555059123409
all_valid,CLLA,Clarella,recharge_next,blocks_10_20,mean,regulated_hg_two,2,13.15118520155991,-5.291897884738107,29.944791666666664,24.652893781928558,5.969895833333333,6.090409353908982
all_valid,CLLA,Clarella,recharge_next,blocks_10_20,mean,regulated_pm_one,2,13.957101954315803,-4.998879720614512,29.944791666666664,24.945911946052153,5.969895833333333,6.313853224265625
all_valid,CLLA,Clarella,recharge_next,blocks_10_20,mean,regulated_pm_two,2,13.03385351782096,-5.023482048712145,29.944791666666664,24.921309617954517,5.969895833333333,6.166755143957226
all_valid,CLLA,Clarella,recharge_day3,linear_5_20_50,end,regulated_hg_one,2,11.512129318589437,-5.634454932890137,24.37083333333333,18.736378400443193,3.519940476190476,3.029893756440061
all_valid,CLLA,Clarella,recharge_day3,linear_5_20_50,end,regulated_hg_two,2,9.377694220802946,-5.430711440503499,24.37083333333333,18.940121892829833,3.519940476190476,2.955570062206018
all_valid,CLLA,Clarella,recharge_day3,linear_5_20_50,end,regulated_pm_one,2,11.418383779931093,-5.290988110410522,24.37083333333333,19.07984522292281,3.519940476190476,3.0923383712847174
all_valid,CLLA,Clarella,recharge_day3,linear_5_20_50,end,regulated_pm_two,2,9.39008684484683,-5.094889107609472,24.37083333333333,19.275944225723862,3.519940476190476,3.0221990538839814
all_valid,CLLA,Clarella,recharge_day3,linear_5_20_50,mean,regulated_hg_one,2,12.77966404081166,-6.554072988445697,25.29045138888889,18.736378400443193,3.632676091269842,3.029893756440061
all_valid,CLLA,Clarella,recharge_day3,linear_5_20_50,mean,regulated_hg_two,2,10.645228943025169,-6.350329496059059,25.29045138888889,18.940121892829833,3.632676091269842,2.955570062206018
all_valid,CLLA,Clarella,recharge_day3,linear_5_20_50,mean,regulated_pm_one,2,12.685918502153315,-6.210606165966082,25.29045138888889,19.07984522292281,3.632676091269842,3.0923383712847174
all_valid,CLLA,Clarella,recharge_day3,linear_5_20_50,mean,regulated_pm_two,2,10.657621567069054,-6.014507163165032,25.29045138888889,19.275944225723862,3.632676091269842,3.0221990538839814
all_valid,CLLA,Clarella,recharge_day3,hold_20,end,regulated_hg_one,2,11.72046265192277,-5.876121599556806,24.6125,18.736378400443193,3.55625,3.029893756440061
all_valid,CLLA,Clarella,recharge_day3,hold_20,end,regulated_hg_two,2,9.58602755413628,-5.672378107170168,24.6125,18.940121892829833,3.55625,2.955570062206018
all_valid,CLLA,Clarella,recharge_day3,hold_20,end,regulated_pm_one,2,11.626717113264426,-5.532654777077191,24.6125,19.07984522292281,3.55625,3.0923383712847174
all_valid,CLLA,Clarella,recharge_day3,hold_20,end,regulated_pm_two,2,9.598420178180165,-5.336555774276141,24.6125,19.275944225723862,3.55625,3.0221990538839814
all_valid,CLLA,Clarella,recharge_day3,hold_20,mean,regulated_hg_one,2,13.051712651922767,-6.849038266223471,25.585416666666667,18.736378400443193,3.6760416666666664,3.029893756440061
all_valid,CLLA,Clarella,recharge_day3,hold_20,mean,regulated_hg_two,2,10.917277554136275,-6.645294773836833,25.585416666666667,18.940121892829833,3.6760416666666664,2.955570062206018
all_valid,CLLA,Clarella,recharge_day3,hold_20,mean,regulated_pm_one,2,12.957967113264422,-6.505571443743856,25.585416666666667,19.07984522292281,3.6760416666666664,3.0923383712847174
all_valid,CLLA,Clarella,recharge_day3,hold_20,mean,regulated_pm_two,2,10.92967017818016,-6.309472440942805,25.585416666666667,19.275944225723862,3.6760416666666664,3.0221990538839814
all_valid,CLLA,Clarella,recharge_day3,blocks_10_20,end,regulated_hg_one,2,12.257962651922771,-6.263621599556809,25.000000000000004,18.736378400443193,3.603571428571429,3.029893756440061
all_valid,CLLA,Clarella,recharge_day3,blocks_10_20,end,regulated_hg_two,2,10.123527554136281,-6.059878107170171,25.000000000000004,18.940121892829833,3.603571428571429,2.955570062206018
all_valid,CLLA,Clarella,recharge_day3,blocks_10_20,end,regulated_pm_one,2,12.164217113264428,-5.920154777077194,25.000000000000004,19.07984522292281,3.603571428571429,3.0923383712847174
all_valid,CLLA,Clarella,recharge_day3,blocks_10_20,end,regulated_pm_two,2,10.135920178180166,-5.7240557742761435,25.000000000000004,19.275944225723862,3.603571428571429,3.0221990538839814
all_valid,CLLA,Clarella,recharge_day3,blocks_10_20,mean,regulated_hg_one,2,13.667337651922768,-7.325079932890138,26.061458333333334,18.736378400443193,3.7365699404761905,3.029893756440061
all_valid,CLLA,Clarella,recharge_day3,blocks_10_20,mean,regulated_hg_two,2,11.532902554136276,-7.1213364405035,26.061458333333334,18.940121892829833,3.7365699404761905,2.955570062206018
all_valid,CLLA,Clarella,recharge_day3,blocks_10_20,mean,regulated_pm_one,2,13.573592113264423,-6.981613110410523,26.061458333333334,19.07984522292281,3.7365699404761905,3.0923383712847174
all_valid,CLLA,Clarella,recharge_day3,blocks_10_20,mean,regulated_pm_two,2,11.545295178180162,-6.7855141076094725,26.061458333333334,19.275944225723862,3.7365699404761905,3.0221990538839814
all_valid,CLLP,Cantallops,daily,linear_5_20_50,end,regulated_hg_one,59,0.748619231275443,0.2030693754989938,-0.1076271186440677,0.09544225685492609,-0.1076271186440677,0.09544225685492609
all_valid,CLLP,Cantallops,daily,linear_5_20_50,end,regulated_hg_two,59,0.7354378448718135,0.1640310049158193,-0.1076271186440677,0.05640388627175157,-0.1076271186440677,0.05640388627175157
all_valid,CLLP,Cantallops,daily,linear_5_20_50,end,regulated_pm_one,59,0.7428112801429828,0.18921100849721256,-0.1076271186440677,0.08158388985314488,-0.1076271186440677,0.08158388985314488
all_valid,CLLP,Cantallops,daily,linear_5_20_50,end,regulated_pm_two,59,0.7198009613155103,0.1525737016363797,-0.1076271186440677,0.044946582992312,-0.1076271186440677,0.044946582992312
all_valid,CLLP,Cantallops,daily,linear_5_20_50,mean,regulated_hg_one,59,0.6860622500732807,0.2034165977212161,-0.10797434086628999,0.09544225685492609,-0.10797434086628999,0.09544225685492609
all_valid,CLLP,Cantallops,daily,linear_5_20_50,mean,regulated_hg_two,59,0.6694128279526333,0.16437822713804157,-0.10797434086628999,0.05640388627175157,-0.10797434086628999,0.05640388627175157
all_valid,CLLP,Cantallops,daily,linear_5_20_50,mean,regulated_pm_one,59,0.6808785436803985,0.18955823071943487,-0.10797434086628999,0.08158388985314488,-0.10797434086628999,0.08158388985314488
all_valid,CLLP,Cantallops,daily,linear_5_20_50,mean,regulated_pm_two,59,0.6547745243530357,0.15292092385860198,-0.10797434086628999,0.044946582992312,-0.10797434086628999,0.044946582992312
all_valid,CLLP,Cantallops,daily,hold_20,end,regulated_hg_one,59,0.7548838082048063,0.19883208736340063,-0.10338983050847454,0.09544225685492609,-0.10338983050847454,0.09544225685492609
all_valid,CLLP,Cantallops,daily,hold_20,end,regulated_hg_two,59,0.7412982823275214,0.15979371678022614,-0.10338983050847454,0.05640388627175157,-0.10338983050847454,0.05640388627175157
all_valid,CLLP,Cantallops,daily,hold_20,end,regulated_pm_one,59,0.7493084552842255,0.1849737203616194,-0.10338983050847454,0.08158388985314488,-0.10338983050847454,0.08158388985314488
all_valid,CLLP,Cantallops,daily,hold_20,end,regulated_pm_two,59,0.725733164705341,0.14833641350078655,-0.10338983050847454,0.044946582992312,-0.10338983050847454,0.044946582992312
all_valid,CLLP,Cantallops,daily,hold_20,mean,regulated_hg_one,59,0.68896361542168,0.19922050544249675,-0.10377824858757065,0.09544225685492609,-0.10377824858757065,0.09544225685492609
all_valid,CLLP,Cantallops,daily,hold_20,mean,regulated_hg_two,59,0.6715040458364235,0.16018213485932226,-0.10377824858757065,0.05640388627175157,-0.10377824858757065,0.05640388627175157
all_valid,CLLP,Cantallops,daily,hold_20,mean,regulated_pm_one,59,0.6837799090287978,0.18536213844071553,-0.10377824858757065,0.08158388985314488,-0.10377824858757065,0.08158388985314488
all_valid,CLLP,Cantallops,daily,hold_20,mean,regulated_pm_two,59,0.6566980380212816,0.14872483157988267,-0.10377824858757065,0.044946582992312,-0.10377824858757065,0.044946582992312
all_valid,CLLP,Cantallops,daily,blocks_10_20,end,regulated_hg_one,59,0.7524136642851019,0.2005270026176379,-0.10508474576271179,0.09544225685492609,-0.10508474576271179,0.09544225685492609
all_valid,CLLP,Cantallops,daily,blocks_10_20,end,regulated_hg_two,59,0.740749550418007,0.16148863203446337,-0.10508474576271179,0.05640388627175157,-0.10508474576271179,0.05640388627175157
all_valid,CLLP,Cantallops,daily,blocks_10_20,end,regulated_pm_one,59,0.7468374906460858,0.18666863561585667,-0.10508474576271179,0.08158388985314488,-0.10508474576271179,0.08158388985314488
all_valid,CLLP,Cantallops,daily,blocks_10_20,end,regulated_pm_two,59,0.7249922241787452,0.1500313287550238,-0.10508474576271179,0.044946582992312,-0.10508474576271179,0.044946582992312
all_valid,CLLP,Cantallops,daily,blocks_10_20,mean,regulated_hg_one,59,0.6861387566646181,0.2009860421656605,-0.1055437853107344,0.09544225685492609,-0.1055437853107344,0.09544225685492609
all_valid,CLLP,Cantallops,daily,blocks_10_20,mean,regulated_hg_two,59,0.6692618141980058,0.161947671582486,-0.1055437853107344,0.05640388627175157,-0.1055437853107344,0.05640388627175157
all_valid,CLLP,Cantallops,daily,blocks_10_20,mean,regulated_pm_one,59,0.6809550502717359,0.18712767516387926,-0.1055437853107344,0.08158388985314488,-0.1055437853107344,0.08158388985314488
all_valid,CLLP,Cantallops,daily,blocks_10_20,mean,regulated_pm_two,59,0.6544381510156321,0.1504903683030464,-0.1055437853107344,0.044946582992312,-0.1055437853107344,0.044946582992312
all_valid,CLLP,Cantallops,recharge_next,linear_5_20_50,end,regulated_hg_one,4,4.291279298278291,4.291279298278291,-0.5729166666666652,3.7183626316116256,-0.254166666666666,1.657807885651458
all_valid,CLLP,Cantallops,recharge_next,linear_5_20_50,end,regulated_hg_two,4,3.7043906589589772,3.7043906589589772,-0.5729166666666652,3.1314739922923116,-0.254166666666666,1.40757336829448
all_valid,CLLP,Cantallops,recharge_next,linear_5_20_50,end,regulated_pm_one,4,4.147017641265396,4.147017641265396,-0.5729166666666652,3.574100974598731,-0.254166666666666,1.587861443917419
all_valid,CLLP,Cantallops,recharge_next,linear_5_20_50,end,regulated_pm_two,4,3.508356847119584,3.508356847119584,-0.5729166666666652,2.9354401804529187,-0.254166666666666,1.3123858039861687
all_valid,CLLP,Cantallops,recharge_next,linear_5_20_50,mean,regulated_hg_one,4,4.282208117722734,4.282208117722734,-0.5638454861111075,3.7183626316116256,-0.24856047453703561,1.657807885651458
all_valid,CLLP,Cantallops,recharge_next,linear_5_20_50,mean,regulated_hg_two,4,3.6953194784034196,3.6953194784034196,-0.5638454861111075,3.1314739922923116,-0.24856047453703561,1.40757336829448
all_valid,CLLP,Cantallops,recharge_next,linear_5_20_50,mean,regulated_pm_one,4,4.137946460709839,4.137946460709839,-0.5638454861111075,3.574100974598731,-0.24856047453703561,1.587861443917419
all_valid,CLLP,Cantallops,recharge_next,linear_5_20_50,mean,regulated_pm_two,4,3.499285666564026,3.499285666564026,-0.5638454861111075,2.9354401804529187,-0.24856047453703561,1.3123858039861687
all_valid,CLLP,Cantallops,recharge_next,hold_20,end,regulated_hg_one,4,4.287112631611627,4.287112631611627,-0.5687500000000005,3.7183626316116256,-0.25208333333333366,1.657807885651458
all_valid,CLLP,Cantallops,recharge_next,hold_20,end,regulated_hg_two,4,3.7002239922923126,3.7002239922923126,-0.5687500000000005,3.1314739922923116,-0.25208333333333366,1.40757336829448
all_valid,CLLP,Cantallops,recharge_next,hold_20,end,regulated_pm_one,4,4.142850974598732,4.142850974598732,-0.5687500000000005,3.574100974598731,-0.25208333333333366,1.587861443917419
all_valid,CLLP,Cantallops,recharge_next,hold_20,end,regulated_pm_two,4,3.504190180452919,3.504190180452919,-0.5687500000000005,2.9354401804529187,-0.25208333333333366,1.3123858039861687
all_valid,CLLP,Cantallops,recharge_next,hold_20,mean,regulated_hg_one,4,4.28463867327829,4.28463867327829,-0.5662760416666641,3.7183626316116256,-0.2498914930555543,1.657807885651458
all_valid,CLLP,Cantallops,recharge_next,hold_20,mean,regulated_hg_two,4,3.697750033958976,3.697750033958976,-0.5662760416666641,3.1314739922923116,-0.2498914930555543,1.40757336829448
all_valid,CLLP,Cantallops,recharge_next,hold_20,mean,regulated_pm_one,4,4.140377016265395,4.140377016265395,-0.5662760416666641,3.574100974598731,-0.2498914930555543,1.587861443917419
all_valid,CLLP,Cantallops,recharge_next,hold_20,mean,regulated_pm_two,4,3.5017162221195828,3.5017162221195828,-0.5662760416666641,2.9354401804529187,-0.2498914930555543,1.3123858039861687
all_valid,CLLP,Cantallops,recharge_next,blocks_10_20,end,regulated_hg_one,4,4.293362631611625,4.293362631611625,-0.5749999999999993,3.7183626316116256,-0.25416666666666643,1.657807885651458
all_valid,CLLP,Cantallops,recharge_next,blocks_10_20,end,regulated_hg_two,4,3.7064739922923113,3.7064739922923113,-0.5749999999999993,3.1314739922923116,-0.25416666666666643,1.40757336829448
all_valid,CLLP,Cantallops,recharge_next,blocks_10_20,end,regulated_pm_one,4,4.14910097459873,4.14910097459873,-0.5749999999999993,3.574100974598731,-0.25416666666666643,1.587861443917419
all_valid,CLLP,Cantallops,recharge_next,blocks_10_20,end,regulated_pm_two,4,3.510440180452918,3.510440180452918,-0.5749999999999993,2.9354401804529187,-0.25416666666666643,1.3123858039861687
all_valid,CLLP,Cantallops,recharge_next,blocks_10_20,mean,regulated_hg_one,4,4.284508464944959,4.284508464944959,-0.5661458333333327,3.7183626316116256,-0.2488715277777775,1.657807885651458
all_valid,CLLP,Cantallops,recharge_next,blocks_10_20,mean,regulated_hg_two,4,3.6976198256256447,3.6976198256256447,-0.5661458333333327,3.1314739922923116,-0.2488715277777775,1.40757336829448
all_valid,CLLP,Cantallops,recharge_next,blocks_10_20,mean,regulated_pm_one,4,4.140246807932064,4.140246807932064,-0.5661458333333327,3.574100974598731,-0.2488715277777775,1.587861443917419
all_valid,CLLP,Cantallops,recharge_next,blocks_10_20,mean,regulated_pm_two,4,3.5015860137862513,3.5015860137862513,-0.5661458333333327,2.9354401804529187,-0.2488715277777775,1.3123858039861687
all_valid,CLLP,Cantallops,recharge_day3,linear_5_20_50,end,regulated_hg_one,4,3.024063168555072,3.024063168555072,-0.5541666666666663,2.469896501888406,-0.12666666666666657,0.5739242647949587
all_valid,CLLP,Cantallops,recharge_day3,linear_5_20_50,end,regulated_hg_two,4,2.3413710680468984,2.23443506608217,-0.5541666666666663,1.6802683994155037,-0.12666666666666657,0.3925845272811669
all_valid,CLLP,Cantallops,recharge_day3,linear_5_20_50,end,regulated_pm_one,4,2.8809958493250947,2.8809958493250947,-0.5541666666666663,2.3268291826584284,-0.12666666666666657,0.5371466988971589
all_valid,CLLP,Cantallops,recharge_day3,linear_5_20_50,end,regulated_pm_two,4,2.1689120163877234,2.0723471635165605,-0.5541666666666663,1.5181804968498942,-0.12666666666666657,0.350976209104205
all_valid,CLLP,Cantallops,recharge_day3,linear_5_20_50,mean,regulated_hg_one,4,3.105920807443959,3.105920807443959,-0.6360243055555532,2.469896501888406,-0.1473480902777772,0.5739242647949587
all_valid,CLLP,Cantallops,recharge_day3,linear_5_20_50,mean,regulated_hg_two,4,2.354912734713566,2.316292704971057,-0.6360243055555532,1.6802683994155037,-0.1473480902777772,0.3925845272811669
all_valid,CLLP,Cantallops,recharge_day3,linear_5_20_50,mean,regulated_pm_one,4,2.9628534882139816,2.9628534882139816,-0.6360243055555532,2.3268291826584284,-0.1473480902777772,0.5371466988971589
all_valid,CLLP,Cantallops,recharge_day3,linear_5_20_50,mean,regulated_pm_two,4,2.182453683054391,2.1542048024054474,-0.6360243055555532,1.5181804968498942,-0.1473480902777772,0.350976209104205
all_valid,CLLP,Cantallops,recharge_day3,hold_20,end,regulated_hg_one,4,3.0073965018884072,3.0073965018884072,-0.5375000000000014,2.469896501888406,-0.12250000000000036,0.5739242647949587
all_valid,CLLP,Cantallops,recharge_day3,hold_20,end,regulated_hg_two,4,2.341371068046901,2.217768399415505,-0.5375000000000014,1.6802683994155037,-0.12250000000000036,0.3925845272811669
all_valid,CLLP,Cantallops,recharge_day3,hold_20,end,regulated_pm_one,4,2.86432918265843,2.86432918265843,-0.5375000000000014,2.3268291826584284,-0.12250000000000036,0.5371466988971589
all_valid,CLLP,Cantallops,recharge_day3,hold_20,end,regulated_pm_two,4,2.168912016387726,2.0556804968498956,-0.5375000000000014,1.5181804968498942,-0.12250000000000036,0.350976209104205
all_valid,CLLP,Cantallops,recharge_day3,hold_20,mean,regulated_hg_one,4,3.094375668555072,3.094375668555072,-0.6244791666666663,2.469896501888406,-0.14473958333333328,0.5739242647949587
all_valid,CLLP,Cantallops,recharge_day3,hold_20,mean,regulated_hg_two,4,2.3525689847135656,2.30474756608217,-0.6244791666666663,1.6802683994155037,-0.14473958333333328,0.3925845272811669
all_valid,CLLP,Cantallops,recharge_day3,hold_20,mean,regulated_pm_one,4,2.9513083493250947,2.9513083493250947,-0.6244791666666663,2.3268291826584284,-0.14473958333333328,0.5371466988971589
all_valid,CLLP,Cantallops,recharge_day3,hold_20,mean,regulated_pm_two,4,2.1801099330543905,2.1426596635165605,-0.6244791666666663,1.5181804968498942,-0.14473958333333328,0.350976209104205
all_valid,CLLP,Cantallops,recharge_day3,blocks_10_20,end,regulated_hg_one,4,3.0198965018884065,3.0198965018884065,-0.5500000000000007,2.469896501888406,-0.12500000000000017,0.5739242647949587
all_valid,CLLP,Cantallops,recharge_day3,blocks_10_20,end,regulated_hg_two,4,2.3413710680468993,2.2302683994155044,-0.5500000000000007,1.6802683994155037,-0.12500000000000017,0.3925845272811669
all_valid,CLLP,Cantallops,recharge_day3,blocks_10_20,end,regulated_pm_one,4,2.876829182658429,2.876829182658429,-0.5500000000000007,2.3268291826584284,-0.12500000000000017,0.5371466988971589
all_valid,CLLP,Cantallops,recharge_day3,blocks_10_20,end,regulated_pm_two,4,2.1689120163877242,2.068180496849895,-0.5500000000000007,1.5181804968498942,-0.12500000000000017,0.350976209104205
all_valid,CLLP,Cantallops,recharge_day3,blocks_10_20,mean,regulated_hg_one,4,3.111042335221737,3.111042335221737,-0.6411458333333311,2.469896501888406,-0.14854166666666613,0.5739242647949587
all_valid,CLLP,Cantallops,recharge_day3,blocks_10_20,mean,regulated_hg_two,4,2.363766901380232,2.3214142327488347,-0.6411458333333311,1.6802683994155037,-0.14854166666666613,0.3925845272811669
all_valid,CLLP,Cantallops,recharge_day3,blocks_10_20,mean,regulated_pm_one,4,2.9679750159917595,2.9679750159917595,-0.6411458333333311,2.3268291826584284,-0.14854166666666613,0.5371466988971589
all_valid,CLLP,Cantallops,recharge_day3,blocks_10_20,mean,regulated_pm_two,4,2.1913078497210567,2.1593263301832253,-0.6411458333333311,1.5181804968498942,-0.14854166666666613,0.350976209104205
all_valid,CLLP,Cantallops,drying5,linear_5_20_50,end,regulated_hg_one,3,1.0322518649968884,1.0322518649968884,0.4499999999999993,1.4822518649968877,0.08999999999999986,0.2964503729993776
all_valid,CLLP,Cantallops,drying5,linear_5_20_50,end,regulated_hg_two,3,0.7507917933053946,0.7507917933053946,0.4499999999999993,1.200791793305394,0.08999999999999986,0.24015835866107876
all_valid,CLLP,Cantallops,drying5,linear_5_20_50,end,regulated_pm_one,3,1.0550436803855046,1.0550436803855046,0.4499999999999993,1.5050436803855038,0.08999999999999986,0.30100873607710077
all_valid,CLLP,Cantallops,drying5,linear_5_20_50,end,regulated_pm_two,3,0.7778954108273577,0.7778954108273577,0.4499999999999993,1.227895410827357,0.08999999999999986,0.2455790821654714
all_valid,CLLP,Cantallops,drying5,linear_5_20_50,mean,regulated_hg_one,3,1.0270435316635527,1.0270435316635527,0.455208333333335,1.4822518649968877,0.091041666666667,0.2964503729993776
all_valid,CLLP,Cantallops,drying5,linear_5_20_50,mean,regulated_hg_two,3,0.7455834599720589,0.7455834599720589,0.455208333333335,1.200791793305394,0.091041666666667,0.24015835866107876
all_valid,CLLP,Cantallops,drying5,linear_5_20_50,mean,regulated_pm_one,3,1.0498353470521689,1.0498353470521689,0.455208333333335,1.5050436803855038,0.091041666666667,0.30100873607710077
all_valid,CLLP,Cantallops,drying5,linear_5_20_50,mean,regulated_pm_two,3,0.772687077494022,0.772687077494022,0.455208333333335,1.227895410827357,0.091041666666667,0.2455790821654714
all_valid,CLLP,Cantallops,drying5,hold_20,end,regulated_hg_one,3,1.0655851983302211,1.0655851983302211,0.4166666666666667,1.4822518649968877,0.08333333333333333,0.2964503729993776
all_valid,CLLP,Cantallops,drying5,hold_20,end,regulated_hg_two,3,0.7841251266387272,0.7841251266387272,0.4166666666666667,1.200791793305394,0.08333333333333333,0.24015835866107876
all_valid,CLLP,Cantallops,drying5,hold_20,end,regulated_pm_one,3,1.0883770137188373,1.0883770137188373,0.4166666666666667,1.5050436803855038,0.08333333333333333,0.30100873607710077
all_valid,CLLP,Cantallops,drying5,hold_20,end,regulated_pm_two,3,0.8112287441606904,0.8112287441606904,0.4166666666666667,1.227895410827357,0.08333333333333333,0.2455790821654714
all_valid,CLLP,Cantallops,drying5,hold_20,mean,regulated_hg_one,3,1.0572518649968883,1.0572518649968883,0.42499999999999954,1.4822518649968877,0.0849999999999999,0.2964503729993776
all_valid,CLLP,Cantallops,drying5,hold_20,mean,regulated_hg_two,3,0.7757917933053944,0.7757917933053944,0.42499999999999954,1.200791793305394,0.0849999999999999,0.24015835866107876
all_valid,CLLP,Cantallops,drying5,hold_20,mean,regulated_pm_one,3,1.0800436803855045,1.0800436803855045,0.42499999999999954,1.5050436803855038,0.0849999999999999,0.30100873607710077
all_valid,CLLP,Cantallops,drying5,hold_20,mean,regulated_pm_two,3,0.8028954108273575,0.8028954108273575,0.42499999999999954,1.227895410827357,0.0849999999999999,0.2455790821654714
all_valid,CLLP,Cantallops,drying5,blocks_10_20,end,regulated_hg_one,3,1.0489185316635554,1.0489185316635554,0.4333333333333324,1.4822518649968877,0.08666666666666648,0.2964503729993776
all_valid,CLLP,Cantallops,drying5,blocks_10_20,end,regulated_hg_two,3,0.7674584599720615,0.7674584599720615,0.4333333333333324,1.200791793305394,0.08666666666666648,0.24015835866107876
all_valid,CLLP,Cantallops,drying5,blocks_10_20,end,regulated_pm_one,3,1.0717103470521716,1.0717103470521716,0.4333333333333324,1.5050436803855038,0.08666666666666648,0.30100873607710077
all_valid,CLLP,Cantallops,drying5,blocks_10_20,end,regulated_pm_two,3,0.7945620774940246,0.7945620774940246,0.4333333333333324,1.227895410827357,0.08666666666666648,0.2455790821654714
all_valid,CLLP,Cantallops,drying5,blocks_10_20,mean,regulated_hg_one,3,1.040585198330219,1.040585198330219,0.4416666666666688,1.4822518649968877,0.08833333333333375,0.2964503729993776
all_valid,CLLP,Cantallops,drying5,blocks_10_20,mean,regulated_hg_two,3,0.7591251266387251,0.7591251266387251,0.4416666666666688,1.200791793305394,0.08833333333333375,0.24015835866107876
all_valid,CLLP,Cantallops,drying5,blocks_10_20,mean,regulated_pm_one,3,1.0633770137188352,1.0633770137188352,0.4416666666666688,1.5050436803855038,0.08833333333333375,0.30100873607710077
all_valid,CLLP,Cantallops,drying5,blocks_10_20,mean,regulated_pm_two,3,0.7862287441606882,0.7862287441606882,0.4416666666666688,1.227895410827357,0.08833333333333375,0.2455790821654714
all_valid,BOLV,Bolvir,daily,linear_5_20_50,end,regulated_hg_one,32,2.195172967658657,-0.18103491715911066,-0.03411458333333345,-0.2151495004924441,-0.03411458333333345,-0.2151495004924441
all_valid,BOLV,Bolvir,daily,linear_5_20_50,end,regulated_hg_two,32,2.0207088953778944,0.014227486374236042,-0.03411458333333345,-0.019887096959097406,-0.03411458333333345,-0.019887096959097406
all_valid,BOLV,Bolvir,daily,linear_5_20_50,end,regulated_pm_one,32,2.1419353936311807,-0.16105966719931442,-0.03411458333333345,-0.19517425053264786,-0.03411458333333345,-0.19517425053264786
all_valid,BOLV,Bolvir,daily,linear_5_20_50,end,regulated_pm_two,32,1.8988847466201428,0.03787265196458589,-0.03411458333333345,0.0037580686312524425,-0.03411458333333345,0.0037580686312524425
all_valid,BOLV,Bolvir,daily,linear_5_20_50,mean,regulated_hg_one,32,3.7465238691554985,-0.18623239979799966,-0.028917100694444475,-0.2151495004924441,-0.028917100694444475,-0.2151495004924441
all_valid,BOLV,Bolvir,daily,linear_5_20_50,mean,regulated_hg_two,32,3.5503525172117154,0.009030003735347042,-0.028917100694444475,-0.019887096959097406,-0.028917100694444475,-0.019887096959097406
all_valid,BOLV,Bolvir,daily,linear_5_20_50,mean,regulated_pm_one,32,3.645305135867182,-0.16625714983820342,-0.028917100694444475,-0.19517425053264786,-0.028917100694444475,-0.19517425053264786
all_valid,BOLV,Bolvir,daily,linear_5_20_50,mean,regulated_pm_two,32,3.371027389885121,0.03267516932569689,-0.028917100694444475,0.0037580686312524425,-0.028917100694444475,0.0037580686312524425
all_valid,BOLV,Bolvir,daily,hold_20,end,regulated_hg_one,32,2.2550688009919906,-0.1659307504924441,-0.049218750000000006,-0.2151495004924441,-0.049218750000000006,-0.2151495004924441
all_valid,BOLV,Bolvir,daily,hold_20,end,regulated_hg_two,32,2.0524797287112286,0.0293316530409026,-0.049218750000000006,-0.019887096959097406,-0.049218750000000006,-0.019887096959097406
all_valid,BOLV,Bolvir,daily,hold_20,end,regulated_pm_one,32,2.201831226964514,-0.14595550053264786,-0.049218750000000006,-0.19517425053264786,-0.049218750000000006,-0.19517425053264786
all_valid,BOLV,Bolvir,daily,hold_20,end,regulated_pm_two,32,1.92961391328681,0.05297681863125245,-0.049218750000000006,0.0037580686312524425,-0.049218750000000006,0.0037580686312524425
all_valid,BOLV,Bolvir,daily,hold_20,mean,regulated_hg_one,32,3.7714479142943875,-0.17061825049244408,-0.04453125000000002,-0.2151495004924441,-0.04453125000000002,-0.2151495004924441
all_valid,BOLV,Bolvir,daily,hold_20,mean,regulated_hg_two,32,3.589686284572826,0.024644153040902617,-0.04453125000000002,-0.019887096959097406,-0.04453125000000002,-0.019887096959097406
all_valid,BOLV,Bolvir,daily,hold_20,mean,regulated_pm_one,32,3.6702291810060705,-0.15064300053264795,-0.04453125000000002,-0.19517425053264786,-0.04453125000000002,-0.19517425053264786
all_valid,BOLV,Bolvir,daily,hold_20,mean,regulated_pm_two,32,3.4107734836351207,0.04828931863125252,-0.04453125000000002,0.0037580686312524425,-0.04453125000000002,0.0037580686312524425
all_valid,BOLV,Bolvir,daily,blocks_10_20,end,regulated_hg_one,32,2.442333936780564,-0.1588995004924441,-0.056249999999999994,-0.2151495004924441,-0.056249999999999994,-0.2151495004924441
all_valid,BOLV,Bolvir,daily,blocks_10_20,end,regulated_hg_two,32,2.2790632962038027,0.03636290304090259,-0.056249999999999994,-0.019887096959097406,-0.056249999999999994,-0.019887096959097406
all_valid,BOLV,Bolvir,daily,blocks_10_20,end,regulated_pm_one,32,2.383862476964514,-0.13892425053264787,-0.056249999999999994,-0.19517425053264786,-0.056249999999999994,-0.19517425053264786
all_valid,BOLV,Bolvir,daily,blocks_10_20,end,regulated_pm_two,32,2.1522701632868095,0.06000806863125244,-0.056249999999999994,0.0037580686312524425,-0.056249999999999994,0.0037580686312524425
all_valid,BOLV,Bolvir,daily,blocks_10_20,mean,regulated_hg_one,32,3.810705726794388,-0.16339168799244408,-0.0517578125,-0.2151495004924441,-0.0517578125,-0.2151495004924441
all_valid,BOLV,Bolvir,daily,blocks_10_20,mean,regulated_hg_two,32,3.6523375603987343,0.03187071554090262,-0.0517578125,-0.019887096959097406,-0.0517578125,-0.019887096959097406
all_valid,BOLV,Bolvir,daily,blocks_10_20,mean,regulated_pm_one,32,3.709486993506071,-0.14341643803264784,-0.0517578125,-0.19517425053264786,-0.0517578125,-0.19517425053264786
all_valid,BOLV,Bolvir,daily,blocks_10_20,mean,regulated_pm_two,32,3.4853828586351208,0.05551588113125247,-0.0517578125,0.0037580686312524425,-0.0517578125,0.0037580686312524425
all_valid,BOLV,Bolvir,recharge_next,linear_5_20_50,end,regulated_hg_one,2,5.662527887100485,5.662527887100485,8.141666666666666,13.804194553767152,3.8291666666666666,6.243676184814136
all_valid,BOLV,Bolvir,recharge_next,linear_5_20_50,end,regulated_hg_two,2,4.727651168638492,4.727651168638492,8.141666666666666,12.869317835305159,3.8291666666666666,5.902076561747512
all_valid,BOLV,Bolvir,recharge_next,linear_5_20_50,end,regulated_pm_one,2,5.2306749573178974,5.2306749573178974,8.141666666666666,13.372341623984564,3.8291666666666666,5.848847996989846
all_valid,BOLV,Bolvir,recharge_next,linear_5_20_50,end,regulated_pm_two,2,3.8542554037908756,3.8542554037908756,8.141666666666666,11.995922070457542,3.8291666666666666,5.219751104637449
all_valid,BOLV,Bolvir,recharge_next,linear_5_20_50,mean,regulated_hg_one,2,5.085444553767152,5.085444553767152,8.71875,13.804194553767152,4.149088541666667,6.243676184814136
all_valid,BOLV,Bolvir,recharge_next,linear_5_20_50,mean,regulated_hg_two,2,4.150567835305159,4.150567835305159,8.71875,12.869317835305159,4.149088541666667,5.902076561747512
all_valid,BOLV,Bolvir,recharge_next,linear_5_20_50,mean,regulated_pm_one,2,4.653591623984564,4.653591623984564,8.71875,13.372341623984564,4.149088541666667,5.848847996989846
all_valid,BOLV,Bolvir,recharge_next,linear_5_20_50,mean,regulated_pm_two,2,3.277172070457542,3.277172070457542,8.71875,11.995922070457542,4.149088541666667,5.219751104637449
all_valid,BOLV,Bolvir,recharge_next,hold_20,end,regulated_hg_one,2,5.729194553767153,5.729194553767153,8.075,13.804194553767152,3.7874999999999996,6.243676184814136
all_valid,BOLV,Bolvir,recharge_next,hold_20,end,regulated_hg_two,2,4.79431783530516,4.79431783530516,8.075,12.869317835305159,3.7874999999999996,5.902076561747512
all_valid,BOLV,Bolvir,recharge_next,hold_20,end,regulated_pm_one,2,5.297341623984565,5.297341623984565,8.075,13.372341623984564,3.7874999999999996,5.848847996989846
all_valid,BOLV,Bolvir,recharge_next,hold_20,end,regulated_pm_two,2,3.920922070457543,3.920922070457543,8.075,11.995922070457542,3.7874999999999996,5.219751104637449
all_valid,BOLV,Bolvir,recharge_next,hold_20,mean,regulated_hg_one,2,5.17606955376715,5.17606955376715,8.628125,13.804194553767152,4.095052083333334,6.243676184814136
all_valid,BOLV,Bolvir,recharge_next,hold_20,mean,regulated_hg_two,2,4.241192835305157,4.241192835305157,8.628125,12.869317835305159,4.095052083333334,5.902076561747512
all_valid,BOLV,Bolvir,recharge_next,hold_20,mean,regulated_pm_one,2,4.7442166239845625,4.7442166239845625,8.628125,13.372341623984564,4.095052083333334,5.848847996989846
all_valid,BOLV,Bolvir,recharge_next,hold_20,mean,regulated_pm_two,2,3.3677970704575406,3.3677970704575406,8.628125,11.995922070457542,4.095052083333334,5.219751104637449
all_valid,BOLV,Bolvir,recharge_next,blocks_10_20,end,regulated_hg_one,2,6.654194553767152,6.654194553767152,7.15,13.804194553767152,3.375,6.243676184814136
all_valid,BOLV,Bolvir,recharge_next,blocks_10_20,end,regulated_hg_two,2,5.719317835305159,5.719317835305159,7.15,12.869317835305159,3.375,5.902076561747512
all_valid,BOLV,Bolvir,recharge_next,blocks_10_20,end,regulated_pm_one,2,6.222341623984564,6.222341623984564,7.15,13.372341623984564,3.375,5.848847996989846
all_valid,BOLV,Bolvir,recharge_next,blocks_10_20,end,regulated_pm_two,2,4.845922070457542,4.845922070457542,7.15,11.995922070457542,3.375,5.219751104637449
all_valid,BOLV,Bolvir,recharge_next,blocks_10_20,mean,regulated_hg_one,2,6.21044455376715,6.21044455376715,7.593750000000002,13.804194553767152,3.6252604166666673,6.243676184814136
all_valid,BOLV,Bolvir,recharge_next,blocks_10_20,mean,regulated_hg_two,2,5.275567835305157,5.275567835305157,7.593750000000002,12.869317835305159,3.6252604166666673,5.902076561747512
all_valid,BOLV,Bolvir,recharge_next,blocks_10_20,mean,regulated_pm_one,2,5.778591623984562,5.778591623984562,7.593750000000002,13.372341623984564,3.6252604166666673,5.848847996989846
all_valid,BOLV,Bolvir,recharge_next,blocks_10_20,mean,regulated_pm_two,2,4.40217207045754,4.40217207045754,7.593750000000002,11.995922070457542,3.6252604166666673,5.219751104637449
all_valid,BOLV,Bolvir,recharge_day3,linear_5_20_50,end,regulated_hg_one,2,3.3547550921472338,1.9924411754872056,3.1958333333333337,5.188274508820539,0.8996527777777777,1.4545261515104138
all_valid,BOLV,Bolvir,recharge_day3,linear_5_20_50,end,regulated_hg_two,2,3.6229161231169202,1.8817777858438456,3.1958333333333337,5.077611119177179,0.8996527777777777,1.4426446549584506
all_valid,BOLV,Bolvir,recharge_day3,linear_5_20_50,end,regulated_pm_one,2,1.740709888768456,1.740709888768456,3.1958333333333337,4.93654322210179,0.8996527777777777,1.3208453699036176
all_valid,BOLV,Bolvir,recharge_day3,linear_5_20_50,end,regulated_pm_two,2,1.2218035760670558,1.2218035760670558,3.1958333333333337,4.4176369094003896,0.8996527777777777,1.1774436049758594
all_valid,BOLV,Bolvir,recharge_day3,linear_5_20_50,mean,regulated_hg_one,2,2.8919078699250083,1.5747328421538729,3.6135416666666664,5.188274508820539,1.0059606481481482,1.4545261515104138
all_valid,BOLV,Bolvir,recharge_day3,linear_5_20_50,mean,regulated_hg_two,2,3.1600689008946947,1.464069452510513,3.6135416666666664,5.077611119177179,1.0059606481481482,1.4426446549584506
all_valid,BOLV,Bolvir,recharge_day3,linear_5_20_50,mean,regulated_pm_one,2,1.3230015554351233,1.3230015554351233,3.6135416666666664,4.93654322210179,1.0059606481481482,1.3208453699036176
all_valid,BOLV,Bolvir,recharge_day3,linear_5_20_50,mean,regulated_pm_two,2,0.8040952427337231,0.8040952427337231,3.6135416666666664,4.4176369094003896,1.0059606481481482,1.1774436049758594
all_valid,BOLV,Bolvir,recharge_day3,hold_20,end,regulated_hg_one,2,3.4547550921472308,2.0257745088205397,3.1624999999999996,5.188274508820539,0.8885416666666667,1.4545261515104138
all_valid,BOLV,Bolvir,recharge_day3,hold_20,end,regulated_hg_two,2,3.722916123116917,1.9151111191771797,3.1624999999999996,5.077611119177179,0.8885416666666667,1.4426446549584506
all_valid,BOLV,Bolvir,recharge_day3,hold_20,end,regulated_pm_one,2,1.77404322210179,1.77404322210179,3.1624999999999996,4.93654322210179,0.8885416666666667,1.3208453699036176
all_valid,BOLV,Bolvir,recharge_day3,hold_20,end,regulated_pm_two,2,1.25513690940039,1.25513690940039,3.1624999999999996,4.4176369094003896,0.8885416666666667,1.1774436049758594
all_valid,BOLV,Bolvir,recharge_day3,hold_20,mean,regulated_hg_one,2,3.001109258813899,1.6054620088205391,3.5828125,5.188274508820539,0.9950086805555556,1.4545261515104138
all_valid,BOLV,Bolvir,recharge_day3,hold_20,mean,regulated_hg_two,2,3.2692702897835852,1.4947986191771792,3.5828125,5.077611119177179,0.9950086805555556,1.4426446549584506
all_valid,BOLV,Bolvir,recharge_day3,hold_20,mean,regulated_pm_one,2,1.3537307221017896,1.3537307221017896,3.5828125,4.93654322210179,0.9950086805555556,1.3208453699036176
all_valid,BOLV,Bolvir,recharge_day3,hold_20,mean,regulated_pm_two,2,0.8348244094003894,0.8348244094003894,3.5828125,4.4176369094003896,0.9950086805555556,1.1774436049758594
all_valid,BOLV,Bolvir,recharge_day3,blocks_10_20,end,regulated_hg_one,2,4.017255092147232,2.238274508820541,2.9499999999999984,5.188274508820539,0.820833333333333,1.4545261515104138
all_valid,BOLV,Bolvir,recharge_day3,blocks_10_20,end,regulated_hg_two,2,4.285416123116918,2.127611119177181,2.9499999999999984,5.077611119177179,0.820833333333333,1.4426446549584506
all_valid,BOLV,Bolvir,recharge_day3,blocks_10_20,end,regulated_pm_one,2,2.0675727671778743,1.9865432221017914,2.9499999999999984,4.93654322210179,0.820833333333333,1.3208453699036176
all_valid,BOLV,Bolvir,recharge_day3,blocks_10_20,end,regulated_pm_two,2,1.4676369094003912,1.4676369094003912,2.9499999999999984,4.4176369094003896,0.820833333333333,1.1774436049758594
all_valid,BOLV,Bolvir,recharge_day3,blocks_10_20,mean,regulated_hg_one,2,3.625588425480567,1.8757745088205393,3.3125,5.188274508820539,0.912673611111111,1.4545261515104138
all_valid,BOLV,Bolvir,recharge_day3,blocks_10_20,mean,regulated_hg_two,2,3.8937494564502533,1.7651111191771793,3.3125,5.077611119177179,0.912673611111111,1.4426446549584506
all_valid,BOLV,Bolvir,recharge_day3,blocks_10_20,mean,regulated_pm_one,2,1.6759061005112095,1.6240432221017898,3.3125,4.93654322210179,0.912673611111111,1.3208453699036176
all_valid,BOLV,Bolvir,recharge_day3,blocks_10_20,mean,regulated_pm_two,2,1.1051369094003896,1.1051369094003896,3.3125,4.4176369094003896,0.912673611111111,1.1774436049758594
all_valid,BOLV,Bolvir,drying5,linear_5_20_50,end,regulated_hg_one,1,4.992194020249421,4.992194020249421,9.949999999999998,14.942194020249419,1.9899999999999995,2.988438804049884
all_valid,BOLV,Bolvir,drying5,linear_5_20_50,end,regulated_hg_two,1,2.0157721066178045,2.0157721066178045,9.949999999999998,11.965772106617802,1.9899999999999995,2.3931544213235605
all_valid,BOLV,Bolvir,drying5,linear_5_20_50,end,regulated_pm_one,1,5.276016465154994,5.276016465154994,9.949999999999998,15.226016465154991,1.9899999999999995,3.0452032930309985
all_valid,BOLV,Bolvir,drying5,linear_5_20_50,end,regulated_pm_two,1,2.1667697927513085,2.1667697927513085,9.949999999999998,12.116769792751306,1.9899999999999995,2.423353958550261
all_valid,BOLV,Bolvir,drying5,linear_5_20_50,mean,regulated_hg_one,1,4.123270409138309,4.123270409138309,10.81892361111111,14.942194020249419,2.163784722222222,2.988438804049884
all_valid,BOLV,Bolvir,drying5,linear_5_20_50,mean,regulated_hg_two,1,1.146848495506692,1.146848495506692,10.81892361111111,11.965772106617802,2.163784722222222,2.3931544213235605
all_valid,BOLV,Bolvir,drying5,linear_5_20_50,mean,regulated_pm_one,1,4.407092854043881,4.407092854043881,10.81892361111111,15.226016465154991,2.163784722222222,3.0452032930309985
all_valid,BOLV,Bolvir,drying5,linear_5_20_50,mean,regulated_pm_two,1,1.297846181640196,1.297846181640196,10.81892361111111,12.116769792751306,2.163784722222222,2.423353958550261
all_valid,BOLV,Bolvir,drying5,hold_20,end,regulated_hg_one,1,4.992194020249418,4.992194020249418,9.950000000000001,14.942194020249419,1.9900000000000002,2.988438804049884
all_valid,BOLV,Bolvir,drying5,hold_20,end,regulated_hg_two,1,2.015772106617801,2.015772106617801,9.950000000000001,11.965772106617802,1.9900000000000002,2.3931544213235605
all_valid,BOLV,Bolvir,drying5,hold_20,end,regulated_pm_one,1,5.27601646515499,5.27601646515499,9.950000000000001,15.226016465154991,1.9900000000000002,3.0452032930309985
all_valid,BOLV,Bolvir,drying5,hold_20,end,regulated_pm_two,1,2.166769792751305,2.166769792751305,9.950000000000001,12.116769792751306,1.9900000000000002,2.423353958550261
all_valid,BOLV,Bolvir,drying5,hold_20,mean,regulated_hg_one,1,4.12813152024942,4.12813152024942,10.814062499999999,14.942194020249419,2.1628125,2.988438804049884
all_valid,BOLV,Bolvir,drying5,hold_20,mean,regulated_hg_two,1,1.1517096066178034,1.1517096066178034,10.814062499999999,11.965772106617802,2.1628125,2.3931544213235605
all_valid,BOLV,Bolvir,drying5,hold_20,mean,regulated_pm_one,1,4.411953965154993,4.411953965154993,10.814062499999999,15.226016465154991,2.1628125,3.0452032930309985
all_valid,BOLV,Bolvir,drying5,hold_20,mean,regulated_pm_two,1,1.3027072927513075,1.3027072927513075,10.814062499999999,12.116769792751306,2.1628125,2.423353958550261
all_valid,BOLV,Bolvir,drying5,blocks_10_20,end,regulated_hg_one,1,5.842194020249421,5.842194020249421,9.099999999999998,14.942194020249419,1.8199999999999996,2.988438804049884
all_valid,BOLV,Bolvir,drying5,blocks_10_20,end,regulated_hg_two,1,2.865772106617804,2.865772106617804,9.099999999999998,11.965772106617802,1.8199999999999996,2.3931544213235605
all_valid,BOLV,Bolvir,drying5,blocks_10_20,end,regulated_pm_one,1,6.1260164651549935,6.1260164651549935,9.099999999999998,15.226016465154991,1.8199999999999996,3.0452032930309985
all_valid,BOLV,Bolvir,drying5,blocks_10_20,end,regulated_pm_two,1,3.016769792751308,3.016769792751308,9.099999999999998,12.116769792751306,1.8199999999999996,2.423353958550261
all_valid,BOLV,Bolvir,drying5,blocks_10_20,mean,regulated_hg_one,1,5.123444020249419,5.123444020249419,9.81875,14.942194020249419,1.9637499999999999,2.988438804049884
all_valid,BOLV,Bolvir,drying5,blocks_10_20,mean,regulated_hg_two,1,2.1470221066178024,2.1470221066178024,9.81875,11.965772106617802,1.9637499999999999,2.3931544213235605
all_valid,BOLV,Bolvir,drying5,blocks_10_20,mean,regulated_pm_one,1,5.407266465154992,5.407266465154992,9.81875,15.226016465154991,1.9637499999999999,3.0452032930309985
all_valid,BOLV,Bolvir,drying5,blocks_10_20,mean,regulated_pm_two,1,2.2980197927513064,2.2980197927513064,9.81875,12.116769792751306,1.9637499999999999,2.423353958550261
all_valid,GGUE,Garriguella,daily,linear_5_20_50,end,regulated_hg_one,59,0.7491273658650389,0.07487561062955667,0.0521186440677966,0.12699425469735326,0.0521186440677966,0.12699425469735326
all_valid,GGUE,Garriguella,daily,linear_5_20_50,end,regulated_hg_two,59,0.7666216387027073,0.021795203596334217,0.0521186440677966,0.07391384766413081,0.0521186440677966,0.07391384766413081
all_valid,GGUE,Garriguella,daily,linear_5_20_50,end,regulated_pm_one,59,0.7157947344446655,0.07441317791855458,0.0521186440677966,0.12653182198635118,0.0521186440677966,0.12653182198635118
all_valid,GGUE,Garriguella,daily,linear_5_20_50,end,regulated_pm_two,59,0.7265670514707674,0.01866650899123858,0.0521186440677966,0.07078515305903518,0.0521186440677966,0.07078515305903518
all_valid,GGUE,Garriguella,daily,linear_5_20_50,mean,regulated_hg_one,59,0.8911520119267007,0.07759453718322898,0.04939971751412429,0.12699425469735326,0.04939971751412429,0.12699425469735326
all_valid,GGUE,Garriguella,daily,linear_5_20_50,mean,regulated_hg_two,59,0.9182402449189494,0.02451413015000653,0.04939971751412429,0.07391384766413081,0.04939971751412429,0.07391384766413081
all_valid,GGUE,Garriguella,daily,linear_5_20_50,mean,regulated_pm_one,59,0.8636147044579581,0.07713210447222689,0.04939971751412429,0.12653182198635118,0.04939971751412429,0.12653182198635118
all_valid,GGUE,Garriguella,daily,linear_5_20_50,mean,regulated_pm_two,59,0.8812588077788179,0.021385435544910895,0.04939971751412429,0.07078515305903518,0.04939971751412429,0.07078515305903518
all_valid,GGUE,Garriguella,daily,hold_20,end,regulated_hg_one,59,0.7604268008932877,0.07318069537531942,0.05381355932203385,0.12699425469735326,0.05381355932203385,0.12699425469735326
all_valid,GGUE,Garriguella,daily,hold_20,end,regulated_hg_two,59,0.7796248957970936,0.020100288342096966,0.05381355932203385,0.07391384766413081,0.05381355932203385,0.07391384766413081
all_valid,GGUE,Garriguella,daily,hold_20,end,regulated_pm_one,59,0.725399254218677,0.07271826266431733,0.05381355932203385,0.12653182198635118,0.05381355932203385,0.12653182198635118
all_valid,GGUE,Garriguella,daily,hold_20,end,regulated_pm_two,59,0.7384314582504286,0.016971593737001328,0.05381355932203385,0.07078515305903518,0.05381355932203385,0.07078515305903518
all_valid,GGUE,Garriguella,daily,hold_20,mean,regulated_hg_one,59,0.9083130288758532,0.07604086486684478,0.0509533898305085,0.12699425469735326,0.0509533898305085,0.12699425469735326
all_valid,GGUE,Garriguella,daily,hold_20,mean,regulated_hg_two,59,0.935401261868102,0.022960457833622317,0.0509533898305085,0.07391384766413081,0.0509533898305085,0.07391384766413081
all_valid,GGUE,Garriguella,daily,hold_20,mean,regulated_pm_one,59,0.8807757214071107,0.07557843215584267,0.0509533898305085,0.12653182198635118,0.0509533898305085,0.12653182198635118
all_valid,GGUE,Garriguella,daily,hold_20,mean,regulated_pm_two,59,0.8984198247279706,0.019831763228526682,0.0509533898305085,0.07078515305903518,0.0509533898305085,0.07078515305903518
all_valid,GGUE,Garriguella,daily,blocks_10_20,end,regulated_hg_one,59,0.8235623941136264,0.07784171232447187,0.04915254237288139,0.12699425469735326,0.04915254237288139,0.12699425469735326
all_valid,GGUE,Garriguella,daily,blocks_10_20,end,regulated_hg_two,59,0.8413252725128664,0.024761305291249425,0.04915254237288139,0.07391384766413081,0.04915254237288139,0.07391384766413081
all_valid,GGUE,Garriguella,daily,blocks_10_20,end,regulated_pm_one,59,0.7893823050661343,0.07737927961346978,0.04915254237288139,0.12653182198635118,0.04915254237288139,0.12653182198635118
all_valid,GGUE,Garriguella,daily,blocks_10_20,end,regulated_pm_two,59,0.8018841757092998,0.021632610686153787,0.04915254237288139,0.07078515305903518,0.04915254237288139,0.07078515305903518
all_valid,GGUE,Garriguella,daily,blocks_10_20,mean,regulated_hg_one,59,0.9561767294408247,0.080913746222777,0.04608050847457627,0.12699425469735326,0.04608050847457627,0.12699425469735326
all_valid,GGUE,Garriguella,daily,blocks_10_20,mean,regulated_hg_two,59,0.9832649624330735,0.027833339189554544,0.04608050847457627,0.07391384766413081,0.04608050847457627,0.07391384766413081
all_valid,GGUE,Garriguella,daily,blocks_10_20,mean,regulated_pm_one,59,0.9286394219720822,0.08045131351177491,0.04608050847457627,0.12653182198635118,0.04608050847457627,0.12653182198635118
all_valid,GGUE,Garriguella,daily,blocks_10_20,mean,regulated_pm_two,59,0.946283525292942,0.02470464458445891,0.04608050847457627,0.07078515305903518,0.04608050847457627,0.07078515305903518
all_valid,GGUE,Garriguella,recharge_next,linear_5_20_50,end,regulated_hg_one,5,3.2062348092276745,2.535849453541267,3.028333333333335,5.5641827868746025,1.4741666666666677,2.5728213131260964
all_valid,GGUE,Garriguella,recharge_next,linear_5_20_50,end,regulated_hg_two,5,2.956438200631393,1.9137665807512587,3.028333333333335,4.942099914084594,1.4741666666666677,2.3053554665482943
all_valid,GGUE,Garriguella,recharge_next,linear_5_20_50,end,regulated_pm_one,5,3.0655648042544903,2.3502933648404842,3.028333333333335,5.37862669817382,1.4741666666666677,2.4812051587457664
all_valid,GGUE,Garriguella,recharge_next,linear_5_20_50,end,regulated_pm_two,5,2.7831392834653346,1.695286307817926,3.028333333333335,4.723619641151261,1.4741666666666677,2.1977214120174033
all_valid,GGUE,Garriguella,recharge_next,linear_5_20_50,mean,regulated_hg_one,5,3.126234809227674,2.753280009096824,2.810902777777778,5.5641827868746025,1.3705092592592594,2.5728213131260964
all_valid,GGUE,Garriguella,recharge_next,linear_5_20_50,mean,regulated_hg_two,5,2.8764382006313927,2.131197136306816,2.810902777777778,4.942099914084594,1.3705092592592594,2.3053554665482943
all_valid,GGUE,Garriguella,recharge_next,linear_5_20_50,mean,regulated_pm_one,5,2.98556480425449,2.567723920396041,2.810902777777778,5.37862669817382,1.3705092592592594,2.4812051587457664
all_valid,GGUE,Garriguella,recharge_next,linear_5_20_50,mean,regulated_pm_two,5,2.7031392834653345,1.912716863373483,2.810902777777778,4.723619641151261,1.3705092592592594,2.1977214120174033
all_valid,GGUE,Garriguella,recharge_next,hold_20,end,regulated_hg_one,5,3.3229014758943407,2.439182786874602,3.125,5.5641827868746025,1.5225,2.5728213131260964
all_valid,GGUE,Garriguella,recharge_next,hold_20,end,regulated_hg_two,5,3.0731048672980594,1.817099914084594,3.125,4.942099914084594,1.5225,2.3053554665482943
all_valid,GGUE,Garriguella,recharge_next,hold_20,end,regulated_pm_one,5,3.182231470921157,2.2536266981738193,3.125,5.37862669817382,1.5225,2.4812051587457664
all_valid,GGUE,Garriguella,recharge_next,hold_20,end,regulated_pm_two,5,2.8998059501320013,1.5986196411512612,3.125,4.723619641151261,1.5225,2.1977214120174033
all_valid,GGUE,Garriguella,recharge_next,hold_20,mean,regulated_hg_one,5,3.221234809227673,2.690224453541268,2.8739583333333343,5.5641827868746025,1.4026388888888894,2.5728213131260964
all_valid,GGUE,Garriguella,recharge_next,hold_20,mean,regulated_hg_two,5,2.9714382006313915,2.0681415807512598,2.8739583333333343,4.942099914084594,1.4026388888888894,2.3053554665482943
all_valid,GGUE,Garriguella,recharge_next,hold_20,mean,regulated_pm_one,5,3.0805648042544886,2.504668364840485,2.8739583333333343,5.37862669817382,1.4026388888888894,2.4812051587457664
all_valid,GGUE,Garriguella,recharge_next,hold_20,mean,regulated_pm_two,5,2.7981392834653334,1.8496613078179271,2.8739583333333343,4.723619641151261,1.4026388888888894,2.1977214120174033
all_valid,GGUE,Garriguella,recharge_next,blocks_10_20,end,regulated_hg_one,5,3.367901475894341,2.7641827868746023,2.8,5.5641827868746025,1.3699999999999999,2.5728213131260964
all_valid,GGUE,Garriguella,recharge_next,blocks_10_20,end,regulated_hg_two,5,3.11810486729806,2.1420999140845938,2.8,4.942099914084594,1.3699999999999999,2.3053554665482943
all_valid,GGUE,Garriguella,recharge_next,blocks_10_20,end,regulated_pm_one,5,3.227231470921157,2.5786266981738195,2.8,5.37862669817382,1.3699999999999999,2.4812051587457664
all_valid,GGUE,Garriguella,recharge_next,blocks_10_20,end,regulated_pm_two,5,2.9448059501320016,1.9236196411512614,2.8,4.723619641151261,1.3699999999999999,2.1977214120174033
all_valid,GGUE,Garriguella,recharge_next,blocks_10_20,mean,regulated_hg_one,5,3.200818142561008,3.0587661202079346,2.5054166666666675,5.5641827868746025,1.227777777777778,2.5728213131260964
all_valid,GGUE,Garriguella,recharge_next,blocks_10_20,mean,regulated_hg_two,5,2.9510215339647266,2.4366832474179265,2.5054166666666675,4.942099914084594,1.227777777777778,2.3053554665482943
all_valid,GGUE,Garriguella,recharge_next,blocks_10_20,mean,regulated_pm_one,5,3.0601481375878237,2.873210031507152,2.5054166666666675,5.37862669817382,1.227777777777778,2.4812051587457664
all_valid,GGUE,Garriguella,recharge_next,blocks_10_20,mean,regulated_pm_two,5,2.777722616798668,2.218202974484594,2.5054166666666675,4.723619641151261,1.227777777777778,2.1977214120174033
all_valid,GGUE,Garriguella,recharge_day3,linear_5_20_50,end,regulated_hg_one,5,2.6618940735015038,1.181531661210819,2.9666666666666677,4.148198327877487,0.7243333333333336,0.989590076172576
all_valid,GGUE,Garriguella,recharge_day3,linear_5_20_50,end,regulated_hg_two,5,2.4177018655006757,0.25421800159548696,2.9666666666666677,3.220884668262155,0.7243333333333336,0.7741051005182862
all_valid,GGUE,Garriguella,recharge_day3,linear_5_20_50,end,regulated_pm_one,5,2.559496208114987,1.1285778978620409,2.9666666666666677,4.095244564528709,0.7243333333333336,0.9741883938088965
all_valid,GGUE,Garriguella,recharge_day3,linear_5_20_50,end,regulated_pm_two,5,2.3055964671740616,0.2304700521466881,2.9666666666666677,3.197136718813356,0.7243333333333336,0.7657846515086584
all_valid,GGUE,Garriguella,recharge_day3,linear_5_20_50,mean,regulated_hg_one,5,2.6977274068348374,1.213892772321931,2.934305555555556,4.148198327877487,0.717810763888889,0.989590076172576
all_valid,GGUE,Garriguella,recharge_day3,linear_5_20_50,mean,regulated_hg_two,5,2.453535198834009,0.28657911270659897,2.934305555555556,3.220884668262155,0.717810763888889,0.7741051005182862
all_valid,GGUE,Garriguella,recharge_day3,linear_5_20_50,mean,regulated_pm_one,5,2.5953295414483204,1.160939008973153,2.934305555555556,4.095244564528709,0.717810763888889,0.9741883938088965
all_valid,GGUE,Garriguella,recharge_day3,linear_5_20_50,mean,regulated_pm_two,5,2.341429800507395,0.2628311632578001,2.934305555555556,3.197136718813356,0.717810763888889,0.7657846515086584
all_valid,GGUE,Garriguella,recharge_day3,hold_20,end,regulated_hg_one,5,2.7885607401681716,1.0481983278774876,3.099999999999999,4.148198327877487,0.7574999999999998,0.989590076172576
all_valid,GGUE,Garriguella,recharge_day3,hold_20,end,regulated_hg_two,5,2.5443685321673435,0.12088466826215552,3.099999999999999,3.220884668262155,0.7574999999999998,0.7741051005182862
all_valid,GGUE,Garriguella,recharge_day3,hold_20,end,regulated_pm_one,5,2.686162874781655,0.9952445645287096,3.099999999999999,4.095244564528709,0.7574999999999998,0.9741883938088965
all_valid,GGUE,Garriguella,recharge_day3,hold_20,end,regulated_pm_two,5,2.4322631338407295,0.09713671881335666,3.099999999999999,3.197136718813356,0.7574999999999998,0.7657846515086584
all_valid,GGUE,Garriguella,recharge_day3,hold_20,mean,regulated_hg_one,5,2.830644073501504,1.0952816612108207,3.052916666666666,4.148198327877487,0.7475572916666665,0.989590076172576
all_valid,GGUE,Garriguella,recharge_day3,hold_20,mean,regulated_hg_two,5,2.5864518655006754,0.16796800159548866,3.052916666666666,3.220884668262155,0.7475572916666665,0.7741051005182862
all_valid,GGUE,Garriguella,recharge_day3,hold_20,mean,regulated_pm_one,5,2.728246208114987,1.0423278978620427,3.052916666666666,4.095244564528709,0.7475572916666665,0.9741883938088965
all_valid,GGUE,Garriguella,recharge_day3,hold_20,mean,regulated_pm_two,5,2.4743464671740614,0.14422005214668981,3.052916666666666,3.197136718813356,0.7475572916666665,0.7657846515086584
all_valid,GGUE,Garriguella,recharge_day3,blocks_10_20,end,regulated_hg_one,5,2.868560740168172,1.2481983278774884,2.8999999999999986,4.148198327877487,0.7109999999999996,0.989590076172576
all_valid,GGUE,Garriguella,recharge_day3,blocks_10_20,end,regulated_hg_two,5,2.624368532167344,0.3208846682621562,2.8999999999999986,3.220884668262155,0.7109999999999996,0.7741051005182862
all_valid,GGUE,Garriguella,recharge_day3,blocks_10_20,end,regulated_pm_one,5,2.7661628747816556,1.1952445645287102,2.8999999999999986,4.095244564528709,0.7109999999999996,0.9741883938088965
all_valid,GGUE,Garriguella,recharge_day3,blocks_10_20,end,regulated_pm_two,5,2.51226313384073,0.29713671881335735,2.8999999999999986,3.197136718813356,0.7109999999999996,0.7657846515086584
all_valid,GGUE,Garriguella,recharge_day3,blocks_10_20,mean,regulated_hg_one,5,2.9089774068348384,1.3086149945441519,2.839583333333335,4.148198327877487,0.6974583333333337,0.989590076172576
all_valid,GGUE,Garriguella,recharge_day3,blocks_10_20,mean,regulated_hg_two,5,2.66478519883401,0.3813013349288198,2.839583333333335,3.220884668262155,0.6974583333333337,0.7741051005182862
all_valid,GGUE,Garriguella,recharge_day3,blocks_10_20,mean,regulated_pm_one,5,2.8065795414483214,1.2556612311953739,2.839583333333335,4.095244564528709,0.6974583333333337,0.9741883938088965
all_valid,GGUE,Garriguella,recharge_day3,blocks_10_20,mean,regulated_pm_two,5,2.552679800507396,0.35755338548002097,2.839583333333335,3.197136718813356,0.6974583333333337,0.7657846515086584
all_valid,GGUE,Garriguella,drying5,linear_5_20_50,end,regulated_hg_one,3,1.3775759717862561,1.0884384578322535,1.3805555555555564,2.46899401338781,0.2761111111111113,0.493798802677562
all_valid,GGUE,Garriguella,drying5,linear_5_20_50,end,regulated_hg_two,3,1.0427741007511189,0.9938257974847795,1.3805555555555564,2.374381353040336,0.2761111111111113,0.4748762706080672
all_valid,GGUE,Garriguella,drying5,linear_5_20_50,end,regulated_pm_one,3,1.3277857241025692,1.0402859292081537,1.3805555555555564,2.4208414847637103,0.2761111111111113,0.48416829695274205
all_valid,GGUE,Garriguella,drying5,linear_5_20_50,end,regulated_pm_two,3,1.0405043714166695,1.0220527448796635,1.3805555555555564,2.4026083004352197,0.2761111111111113,0.480521660087044
all_valid,GGUE,Garriguella,drying5,linear_5_20_50,mean,regulated_hg_one,3,1.3320319903047753,1.2317833652396628,1.237210648148147,2.46899401338781,0.24744212962962944,0.493798802677562
all_valid,GGUE,Garriguella,drying5,linear_5_20_50,mean,regulated_hg_two,3,1.1371707048921889,1.1371707048921889,1.237210648148147,2.374381353040336,0.24744212962962944,0.4748762706080672
all_valid,GGUE,Garriguella,drying5,linear_5_20_50,mean,regulated_pm_one,3,1.2822417426210886,1.183630836615563,1.237210648148147,2.4208414847637103,0.24744212962962944,0.48416829695274205
all_valid,GGUE,Garriguella,drying5,linear_5_20_50,mean,regulated_pm_two,3,1.1653976522870726,1.1653976522870726,1.237210648148147,2.4026083004352197,0.24744212962962944,0.480521660087044
all_valid,GGUE,Garriguella,drying5,hold_20,end,regulated_hg_one,3,1.4609093051195894,1.0273273467211435,1.4416666666666664,2.46899401338781,0.2883333333333333,0.493798802677562
all_valid,GGUE,Garriguella,drying5,hold_20,end,regulated_hg_two,3,1.1261074340844521,0.9327146863736695,1.4416666666666664,2.374381353040336,0.2883333333333333,0.4748762706080672
all_valid,GGUE,Garriguella,drying5,hold_20,end,regulated_pm_one,3,1.4111190574359027,0.9791748180970438,1.4416666666666664,2.4208414847637103,0.2883333333333333,0.48416829695274205
all_valid,GGUE,Garriguella,drying5,hold_20,end,regulated_pm_two,3,1.1238377047500028,0.9609416337685533,1.4416666666666664,2.4026083004352197,0.2883333333333333,0.480521660087044
all_valid,GGUE,Garriguella,drying5,hold_20,mean,regulated_hg_one,3,1.4048329162307018,1.1858342911655906,1.2831597222222193,2.46899401338781,0.25663194444444387,0.493798802677562
all_valid,GGUE,Garriguella,drying5,hold_20,mean,regulated_hg_two,3,1.0912216308181166,1.0912216308181166,1.2831597222222193,2.374381353040336,0.25663194444444387,0.4748762706080672
all_valid,GGUE,Garriguella,drying5,hold_20,mean,regulated_pm_one,3,1.355042668547015,1.1376817625414908,1.2831597222222193,2.4208414847637103,0.25663194444444387,0.48416829695274205
all_valid,GGUE,Garriguella,drying5,hold_20,mean,regulated_pm_two,3,1.1194485782130006,1.1194485782130006,1.2831597222222193,2.4026083004352197,0.25663194444444387,0.480521660087044
all_valid,GGUE,Garriguella,drying5,blocks_10_20,end,regulated_hg_one,3,1.4525759717862576,1.135660680054479,1.333333333333331,2.46899401338781,0.26666666666666616,0.493798802677562
all_valid,GGUE,Garriguella,drying5,blocks_10_20,end,regulated_hg_two,3,1.1177741007511206,1.041048019707005,1.333333333333331,2.374381353040336,0.26666666666666616,0.4748762706080672
all_valid,GGUE,Garriguella,drying5,blocks_10_20,end,regulated_pm_one,3,1.402785724102571,1.0875081514303793,1.333333333333331,2.4208414847637103,0.26666666666666616,0.48416829695274205
all_valid,GGUE,Garriguella,drying5,blocks_10_20,end,regulated_pm_two,3,1.115504371416671,1.0692749671018889,1.333333333333331,2.4026083004352197,0.26666666666666616,0.480521660087044
all_valid,GGUE,Garriguella,drying5,blocks_10_20,mean,regulated_hg_one,3,1.3685481940084818,1.293299568943363,1.1756944444444468,2.46899401338781,0.23513888888888937,0.493798802677562
all_valid,GGUE,Garriguella,drying5,blocks_10_20,mean,regulated_hg_two,3,1.1986869085958891,1.1986869085958891,1.1756944444444468,2.374381353040336,0.23513888888888937,0.4748762706080672
all_valid,GGUE,Garriguella,drying5,blocks_10_20,mean,regulated_pm_one,3,1.318757946324795,1.2451470403192633,1.1756944444444468,2.4208414847637103,0.23513888888888937,0.48416829695274205
all_valid,GGUE,Garriguella,drying5,blocks_10_20,mean,regulated_pm_two,3,1.2269138559907729,1.2269138559907729,1.1756944444444468,2.4026083004352197,0.23513888888888937,0.480521660087044
all_valid,AGDS,Aguilar de Segarra,daily,linear_5_20_50,end,regulated_hg_one,59,1.5958905064405262,0.0785597004873824,-0.03446327683615816,0.04409642365122424,-0.03446327683615816,0.04409642365122424
all_valid,AGDS,Aguilar de Segarra,daily,linear_5_20_50,end,regulated_hg_two,59,1.5514178402529932,0.0707940855460044,-0.03446327683615816,0.03633080870984624,-0.03446327683615816,0.03633080870984624
all_valid,AGDS,Aguilar de Segarra,daily,linear_5_20_50,end,regulated_pm_one,59,1.6146706504225068,0.07991613212852093,-0.03446327683615816,0.04545285529236277,-0.03446327683615816,0.04545285529236277
all_valid,AGDS,Aguilar de Segarra,daily,linear_5_20_50,end,regulated_pm_two,59,1.5723930794925471,0.07255274991133977,-0.03446327683615816,0.03808947307518161,-0.03446327683615816,0.03808947307518161
all_valid,AGDS,Aguilar de Segarra,daily,linear_5_20_50,mean,regulated_hg_one,59,1.6089991056280506,0.07990150839698684,-0.035805084745762605,0.04409642365122424,-0.035805084745762605,0.04409642365122424
all_valid,AGDS,Aguilar de Segarra,daily,linear_5_20_50,mean,regulated_hg_two,59,1.558757607505074,0.07213589345560885,-0.035805084745762605,0.03633080870984624,-0.035805084745762605,0.03633080870984624
all_valid,AGDS,Aguilar de Segarra,daily,linear_5_20_50,mean,regulated_pm_one,59,1.6267636630401703,0.08125794003812538,-0.035805084745762605,0.04545285529236277,-0.035805084745762605,0.04545285529236277
all_valid,AGDS,Aguilar de Segarra,daily,linear_5_20_50,mean,regulated_pm_two,59,1.5816018097027498,0.07389455782094421,-0.035805084745762605,0.03808947307518161,-0.035805084745762605,0.03808947307518161
all_valid,AGDS,Aguilar de Segarra,daily,hold_20,end,regulated_hg_one,59,1.600163608329658,0.07714727110885135,-0.033050847457627104,0.04409642365122424,-0.033050847457627104,0.04409642365122424
all_valid,AGDS,Aguilar de Segarra,daily,hold_20,end,regulated_hg_two,59,1.5556717658085815,0.06938165616747335,-0.033050847457627104,0.03633080870984624,-0.033050847457627104,0.03633080870984624
all_valid,AGDS,Aguilar de Segarra,daily,hold_20,end,regulated_pm_one,59,1.6183974877530154,0.07850370274998988,-0.033050847457627104,0.04545285529236277,-0.033050847457627104,0.04545285529236277
all_valid,AGDS,Aguilar de Segarra,daily,hold_20,end,regulated_pm_two,59,1.5760870632459651,0.0711403205328087,-0.033050847457627104,0.03808947307518161,-0.033050847457627104,0.03808947307518161
all_valid,AGDS,Aguilar de Segarra,daily,hold_20,mean,regulated_hg_one,59,1.6112060265320054,0.07861266658907733,-0.03451624293785309,0.04409642365122424,-0.03451624293785309,0.04409642365122424
all_valid,AGDS,Aguilar de Segarra,daily,hold_20,mean,regulated_hg_two,59,1.5609998391434918,0.07084705164769933,-0.03451624293785309,0.03633080870984624,-0.03451624293785309,0.03633080870984624
all_valid,AGDS,Aguilar de Segarra,daily,hold_20,mean,regulated_pm_one,59,1.6288352809654476,0.07996909823021586,-0.03451624293785309,0.04545285529236277,-0.03451624293785309,0.04545285529236277
all_valid,AGDS,Aguilar de Segarra,daily,hold_20,mean,regulated_pm_two,59,1.583866144609751,0.0726057160130347,-0.03451624293785309,0.03808947307518161,-0.03451624293785309,0.03808947307518161
all_valid,AGDS,Aguilar de Segarra,daily,blocks_10_20,end,regulated_hg_one,59,1.6069432693466075,0.07968964399020731,-0.03559322033898307,0.04409642365122424,-0.03559322033898307,0.04409642365122424
all_valid,AGDS,Aguilar de Segarra,daily,blocks_10_20,end,regulated_hg_two,59,1.5607565115712936,0.07192402904882932,-0.03559322033898307,0.03633080870984624,-0.03559322033898307,0.03633080870984624
all_valid,AGDS,Aguilar de Segarra,daily,blocks_10_20,end,regulated_pm_one,59,1.6251771487699649,0.08104607563134585,-0.03559322033898307,0.04545285529236277,-0.03559322033898307,0.04545285529236277
all_valid,AGDS,Aguilar de Segarra,daily,blocks_10_20,end,regulated_pm_two,59,1.5828667242629146,0.07368269341416468,-0.03559322033898307,0.03808947307518161,-0.03559322033898307,0.03808947307518161
all_valid,AGDS,Aguilar de Segarra,daily,blocks_10_20,mean,regulated_hg_one,59,1.6077808852890676,0.0808195874930321,-0.03672316384180787,0.04409642365122424,-0.03672316384180787,0.04409642365122424
all_valid,AGDS,Aguilar de Segarra,daily,blocks_10_20,mean,regulated_hg_two,59,1.5570097261491416,0.07305397255165412,-0.03672316384180787,0.03633080870984624,-0.03672316384180787,0.03633080870984624
all_valid,AGDS,Aguilar de Segarra,daily,blocks_10_20,mean,regulated_pm_one,59,1.6257002969631438,0.08217601913417065,-0.03672316384180787,0.04545285529236277,-0.03672316384180787,0.04545285529236277
all_valid,AGDS,Aguilar de Segarra,daily,blocks_10_20,mean,regulated_pm_two,59,1.580546935570203,0.07481263691698947,-0.03672316384180787,0.03808947307518161,-0.03672316384180787,0.03808947307518161
all_valid,AGDS,Aguilar de Segarra,recharge_next,linear_5_20_50,end,regulated_hg_one,4,9.907530401597757,7.561375731728502,0.2937499999999993,7.855125731728501,0.14687499999999964,3.9275628658642505
all_valid,AGDS,Aguilar de Segarra,recharge_next,linear_5_20_50,end,regulated_hg_two,4,9.521487320219556,7.112915000664392,0.2937499999999993,7.4066650006643915,0.14687499999999964,3.7033325003321957
all_valid,AGDS,Aguilar de Segarra,recharge_next,linear_5_20_50,end,regulated_pm_one,4,10.256544408276175,7.8293893560905214,0.2937499999999993,8.12313935609052,0.14687499999999964,4.06156967804526
all_valid,AGDS,Aguilar de Segarra,recharge_next,linear_5_20_50,end,regulated_pm_two,4,9.917786726720962,7.40476205817406,0.2937499999999993,7.698512058174059,0.14687499999999964,3.8492560290870297
all_valid,AGDS,Aguilar de Segarra,recharge_next,linear_5_20_50,mean,regulated_hg_one,4,9.853884568264423,7.639066703950727,0.2160590277777743,7.855125731728501,0.10802951388888715,3.9275628658642505
all_valid,AGDS,Aguilar de Segarra,recharge_next,linear_5_20_50,mean,regulated_hg_two,4,9.467841486886222,7.190605972886617,0.2160590277777743,7.4066650006643915,0.10802951388888715,3.7033325003321957
all_valid,AGDS,Aguilar de Segarra,recharge_next,linear_5_20_50,mean,regulated_pm_one,4,10.202898574942841,7.907080328312746,0.2160590277777743,8.12313935609052,0.10802951388888715,4.06156967804526
all_valid,AGDS,Aguilar de Segarra,recharge_next,linear_5_20_50,mean,regulated_pm_two,4,9.864140893387628,7.482453030396285,0.2160590277777743,7.698512058174059,0.10802951388888715,3.8492560290870297
all_valid,AGDS,Aguilar de Segarra,recharge_next,hold_20,end,regulated_hg_one,4,9.899197068264423,7.561375731728502,0.2937499999999993,7.855125731728501,0.14687499999999964,3.9275628658642505
all_valid,AGDS,Aguilar de Segarra,recharge_next,hold_20,end,regulated_hg_two,4,9.513153986886222,7.112915000664392,0.2937499999999993,7.4066650006643915,0.14687499999999964,3.7033325003321957
all_valid,AGDS,Aguilar de Segarra,recharge_next,hold_20,end,regulated_pm_one,4,10.24821107494284,7.8293893560905214,0.2937499999999993,8.12313935609052,0.14687499999999964,4.06156967804526
all_valid,AGDS,Aguilar de Segarra,recharge_next,hold_20,end,regulated_pm_two,4,9.909453393387626,7.40476205817406,0.2937499999999993,7.698512058174059,0.14687499999999964,3.8492560290870297
all_valid,AGDS,Aguilar de Segarra,recharge_next,hold_20,mean,regulated_hg_one,4,9.850499151597756,7.645229898395168,0.2098958333333334,7.855125731728501,0.1049479166666667,3.9275628658642505
all_valid,AGDS,Aguilar de Segarra,recharge_next,hold_20,mean,regulated_hg_two,4,9.464456070219555,7.196769167331059,0.2098958333333334,7.4066650006643915,0.1049479166666667,3.7033325003321957
all_valid,AGDS,Aguilar de Segarra,recharge_next,hold_20,mean,regulated_pm_one,4,10.199513158276174,7.913243522757188,0.2098958333333334,8.12313935609052,0.1049479166666667,4.06156967804526
all_valid,AGDS,Aguilar de Segarra,recharge_next,hold_20,mean,regulated_pm_two,4,9.86075547672096,7.488616224840726,0.2098958333333334,7.698512058174059,0.1049479166666667,3.8492560290870297
all_valid,AGDS,Aguilar de Segarra,recharge_next,blocks_10_20,end,regulated_hg_one,4,9.780447068264422,7.680125731728503,0.17499999999999805,7.855125731728501,0.08749999999999902,3.9275628658642505
all_valid,AGDS,Aguilar de Segarra,recharge_next,blocks_10_20,end,regulated_hg_two,4,9.394403986886221,7.231665000664394,0.17499999999999805,7.4066650006643915,0.08749999999999902,3.7033325003321957
all_valid,AGDS,Aguilar de Segarra,recharge_next,blocks_10_20,end,regulated_pm_one,4,10.12946107494284,7.948139356090524,0.17499999999999805,8.12313935609052,0.08749999999999902,4.06156967804526
all_valid,AGDS,Aguilar de Segarra,recharge_next,blocks_10_20,end,regulated_pm_two,4,9.790703393387627,7.523512058174061,0.17499999999999805,7.698512058174059,0.08749999999999902,3.8492560290870297
all_valid,AGDS,Aguilar de Segarra,recharge_next,blocks_10_20,mean,regulated_hg_one,4,9.742426234931091,7.752521565061836,0.10260416666666483,7.855125731728501,0.051302083333332416,3.9275628658642505
all_valid,AGDS,Aguilar de Segarra,recharge_next,blocks_10_20,mean,regulated_hg_two,4,9.356383153552889,7.3040608339977275,0.10260416666666483,7.4066650006643915,0.051302083333332416,3.7033325003321957
all_valid,AGDS,Aguilar de Segarra,recharge_next,blocks_10_20,mean,regulated_pm_one,4,10.091440241609508,8.020535189423857,0.10260416666666483,8.12313935609052,0.051302083333332416,4.06156967804526
all_valid,AGDS,Aguilar de Segarra,recharge_next,blocks_10_20,mean,regulated_pm_two,4,9.752682560054295,7.5959078915073945,0.10260416666666483,7.698512058174059,0.051302083333332416,3.8492560290870297
all_valid,AGDS,Aguilar de Segarra,recharge_day3,linear_5_20_50,end,regulated_hg_one,4,8.480940955975974,2.5262069682243977,0.4229166666666657,2.9491236348910634,0.10572916666666643,0.7372809087227659
all_valid,AGDS,Aguilar de Segarra,recharge_day3,linear_5_20_50,end,regulated_hg_two,4,7.899715160035322,2.0955799282456775,0.4229166666666657,2.5184965949123432,0.10572916666666643,0.6296241487280858
all_valid,AGDS,Aguilar de Segarra,recharge_day3,linear_5_20_50,end,regulated_pm_one,4,8.80780021511213,2.8760608669762586,0.4229166666666657,3.2989775336429243,0.10572916666666643,0.8247443834107311
all_valid,AGDS,Aguilar de Segarra,recharge_day3,linear_5_20_50,end,regulated_pm_two,4,8.284907216429186,2.447476067365363,0.4229166666666657,2.8703927340320288,0.10572916666666643,0.7175981835080072
all_valid,AGDS,Aguilar de Segarra,recharge_day3,linear_5_20_50,mean,regulated_hg_one,4,8.435628455975973,2.516571551557731,0.4325520833333325,2.9491236348910634,0.10813802083333313,0.7372809087227659
all_valid,AGDS,Aguilar de Segarra,recharge_day3,linear_5_20_50,mean,regulated_hg_two,4,7.854402660035321,2.0859445115790107,0.4325520833333325,2.5184965949123432,0.10813802083333313,0.6296241487280858
all_valid,AGDS,Aguilar de Segarra,recharge_day3,linear_5_20_50,mean,regulated_pm_one,4,8.762487715112128,2.866425450309592,0.4325520833333325,3.2989775336429243,0.10813802083333313,0.8247443834107311
all_valid,AGDS,Aguilar de Segarra,recharge_day3,linear_5_20_50,mean,regulated_pm_two,4,8.239594716429185,2.4378406506986963,0.4325520833333325,2.8703927340320288,0.10813802083333313,0.7175981835080072
all_valid,AGDS,Aguilar de Segarra,recharge_day3,hold_20,end,regulated_hg_one,4,8.472607622642641,2.517873634891064,0.43124999999999947,2.9491236348910634,0.10781249999999987,0.7372809087227659
all_valid,AGDS,Aguilar de Segarra,recharge_day3,hold_20,end,regulated_hg_two,4,7.8913818267019895,2.0872465949123438,0.43124999999999947,2.5184965949123432,0.10781249999999987,0.6296241487280858
all_valid,AGDS,Aguilar de Segarra,recharge_day3,hold_20,end,regulated_pm_one,4,8.799466881778795,2.867727533642925,0.43124999999999947,3.2989775336429243,0.10781249999999987,0.8247443834107311
all_valid,AGDS,Aguilar de Segarra,recharge_day3,hold_20,end,regulated_pm_two,4,8.276573883095853,2.4391427340320293,0.43124999999999947,2.8703927340320288,0.10781249999999987,0.7175981835080072
all_valid,AGDS,Aguilar de Segarra,recharge_day3,hold_20,mean,regulated_hg_one,4,8.428597205975976,2.5090194682243965,0.44010416666666696,2.9491236348910634,0.11002604166666674,0.7372809087227659
all_valid,AGDS,Aguilar de Segarra,recharge_day3,hold_20,mean,regulated_hg_two,4,7.847371410035324,2.0783924282456763,0.44010416666666696,2.5184965949123432,0.11002604166666674,0.6296241487280858
all_valid,AGDS,Aguilar de Segarra,recharge_day3,hold_20,mean,regulated_pm_one,4,8.755456465112129,2.8588733669762574,0.44010416666666696,3.2989775336429243,0.11002604166666674,0.8247443834107311
all_valid,AGDS,Aguilar de Segarra,recharge_day3,hold_20,mean,regulated_pm_two,4,8.232563466429188,2.430288567365362,0.44010416666666696,2.8703927340320288,0.11002604166666674,0.7175981835080072
all_valid,AGDS,Aguilar de Segarra,recharge_day3,blocks_10_20,end,regulated_hg_one,4,8.32885762264264,2.6491236348910636,0.2999999999999998,2.9491236348910634,0.07499999999999996,0.7372809087227659
all_valid,AGDS,Aguilar de Segarra,recharge_day3,blocks_10_20,end,regulated_hg_two,4,7.747631826701989,2.2184965949123434,0.2999999999999998,2.5184965949123432,0.07499999999999996,0.6296241487280858
all_valid,AGDS,Aguilar de Segarra,recharge_day3,blocks_10_20,end,regulated_pm_one,4,8.655716881778794,2.9989775336429245,0.2999999999999998,3.2989775336429243,0.07499999999999996,0.8247443834107311
all_valid,AGDS,Aguilar de Segarra,recharge_day3,blocks_10_20,end,regulated_pm_two,4,8.132823883095853,2.570392734032029,0.2999999999999998,2.8703927340320288,0.07499999999999996,0.7175981835080072
all_valid,AGDS,Aguilar de Segarra,recharge_day3,blocks_10_20,mean,regulated_hg_one,4,8.30333678930931,2.6392278015577304,0.30989583333333304,2.9491236348910634,0.07747395833333326,0.7372809087227659
all_valid,AGDS,Aguilar de Segarra,recharge_day3,blocks_10_20,mean,regulated_hg_two,4,7.722110993368657,2.20860076157901,0.30989583333333304,2.5184965949123432,0.07747395833333326,0.6296241487280858
all_valid,AGDS,Aguilar de Segarra,recharge_day3,blocks_10_20,mean,regulated_pm_one,4,8.630196048445463,2.9890817003095913,0.30989583333333304,3.2989775336429243,0.07747395833333326,0.8247443834107311
all_valid,AGDS,Aguilar de Segarra,recharge_day3,blocks_10_20,mean,regulated_pm_two,4,8.107303049762521,2.5604969006986957,0.30989583333333304,2.8703927340320288,0.07747395833333326,0.7175981835080072
all_valid,AGDS,Aguilar de Segarra,drying5,linear_5_20_50,end,regulated_hg_one,1,3.7902277399986053,3.7902277399986053,0.5916666666666615,4.381894406665267,0.11833333333333229,0.8763788813330533
all_valid,AGDS,Aguilar de Segarra,drying5,linear_5_20_50,end,regulated_hg_two,1,3.189722336268607,3.189722336268607,0.5916666666666615,3.7813890029352684,0.11833333333333229,0.7562778005870536
all_valid,AGDS,Aguilar de Segarra,drying5,linear_5_20_50,end,regulated_pm_one,1,4.450093076851326,4.450093076851326,0.5916666666666615,5.0417597435179875,0.11833333333333229,1.0083519487035975
all_valid,AGDS,Aguilar de Segarra,drying5,linear_5_20_50,end,regulated_pm_two,1,3.858999738524271,3.858999738524271,0.5916666666666615,4.450666405190932,0.11833333333333229,0.8901332810381865
all_valid,AGDS,Aguilar de Segarra,drying5,linear_5_20_50,mean,regulated_hg_one,1,3.9322416288874917,3.9322416288874917,0.449652777777775,4.381894406665267,0.089930555555555,0.8763788813330533
all_valid,AGDS,Aguilar de Segarra,drying5,linear_5_20_50,mean,regulated_hg_two,1,3.3317362251574933,3.3317362251574933,0.449652777777775,3.7813890029352684,0.089930555555555,0.7562778005870536
all_valid,AGDS,Aguilar de Segarra,drying5,linear_5_20_50,mean,regulated_pm_one,1,4.5921069657402125,4.5921069657402125,0.449652777777775,5.0417597435179875,0.089930555555555,1.0083519487035975
all_valid,AGDS,Aguilar de Segarra,drying5,linear_5_20_50,mean,regulated_pm_two,1,4.001013627413157,4.001013627413157,0.449652777777775,4.450666405190932,0.089930555555555,0.8901332810381865
all_valid,AGDS,Aguilar de Segarra,drying5,hold_20,end,regulated_hg_one,1,3.8068944066652675,3.8068944066652675,0.5749999999999993,4.381894406665267,0.11499999999999985,0.8763788813330533
all_valid,AGDS,Aguilar de Segarra,drying5,hold_20,end,regulated_hg_two,1,3.206389002935269,3.206389002935269,0.5749999999999993,3.7813890029352684,0.11499999999999985,0.7562778005870536
all_valid,AGDS,Aguilar de Segarra,drying5,hold_20,end,regulated_pm_one,1,4.466759743517988,4.466759743517988,0.5749999999999993,5.0417597435179875,0.11499999999999985,1.0083519487035975
all_valid,AGDS,Aguilar de Segarra,drying5,hold_20,end,regulated_pm_two,1,3.875666405190933,3.875666405190933,0.5749999999999993,4.450666405190932,0.11499999999999985,0.8901332810381865
all_valid,AGDS,Aguilar de Segarra,drying5,hold_20,mean,regulated_hg_one,1,3.953769406665269,3.953769406665269,0.42812499999999787,4.381894406665267,0.08562499999999958,0.8763788813330533
all_valid,AGDS,Aguilar de Segarra,drying5,hold_20,mean,regulated_hg_two,1,3.3532640029352705,3.3532640029352705,0.42812499999999787,3.7813890029352684,0.08562499999999958,0.7562778005870536
all_valid,AGDS,Aguilar de Segarra,drying5,hold_20,mean,regulated_pm_one,1,4.61363474351799,4.61363474351799,0.42812499999999787,5.0417597435179875,0.08562499999999958,1.0083519487035975
all_valid,AGDS,Aguilar de Segarra,drying5,hold_20,mean,regulated_pm_two,1,4.0225414051909345,4.0225414051909345,0.42812499999999787,4.450666405190932,0.08562499999999958,0.8901332810381865
all_valid,AGDS,Aguilar de Segarra,drying5,blocks_10_20,end,regulated_hg_one,1,3.9818944066652717,3.9818944066652717,0.399999999999995,4.381894406665267,0.079999999999999,0.8763788813330533
all_valid,AGDS,Aguilar de Segarra,drying5,blocks_10_20,end,regulated_hg_two,1,3.3813890029352733,3.3813890029352733,0.399999999999995,3.7813890029352684,0.079999999999999,0.7562778005870536
all_valid,AGDS,Aguilar de Segarra,drying5,blocks_10_20,end,regulated_pm_one,1,4.6417597435179925,4.6417597435179925,0.399999999999995,5.0417597435179875,0.079999999999999,1.0083519487035975
all_valid,AGDS,Aguilar de Segarra,drying5,blocks_10_20,end,regulated_pm_two,1,4.050666405190937,4.050666405190937,0.399999999999995,4.450666405190932,0.079999999999999,0.8901332810381865
all_valid,AGDS,Aguilar de Segarra,drying5,blocks_10_20,mean,regulated_hg_one,1,4.094394406665269,4.094394406665269,0.28749999999999787,4.381894406665267,0.05749999999999957,0.8763788813330533
all_valid,AGDS,Aguilar de Segarra,drying5,blocks_10_20,mean,regulated_hg_two,1,3.4938890029352705,3.4938890029352705,0.28749999999999787,3.7813890029352684,0.05749999999999957,0.7562778005870536
all_valid,AGDS,Aguilar de Segarra,drying5,blocks_10_20,mean,regulated_pm_one,1,4.75425974351799,4.75425974351799,0.28749999999999787,5.0417597435179875,0.05749999999999957,1.0083519487035975
all_valid,AGDS,Aguilar de Segarra,drying5,blocks_10_20,mean,regulated_pm_two,1,4.1631664051909345,4.1631664051909345,0.28749999999999787,4.450666405190932,0.05749999999999957,0.8901332810381865
all_valid,TDLL,Torre del Lluvià,daily,linear_5_20_50,end,regulated_hg_one,59,1.1742872330067884,0.1041716252724255,0.0007062146892654966,0.104877839961691,0.0007062146892654966,0.104877839961691
all_valid,TDLL,Torre del Lluvià,daily,linear_5_20_50,end,regulated_hg_two,59,1.1768233078464299,0.08394433322051778,0.0007062146892654966,0.08465054790978327,0.0007062146892654966,0.08465054790978327
all_valid,TDLL,Torre del Lluvià,daily,linear_5_20_50,end,regulated_pm_one,59,1.140131932735054,0.1115137833197702,0.0007062146892654966,0.11221999800903569,0.0007062146892654966,0.11221999800903569
all_valid,TDLL,Torre del Lluvià,daily,linear_5_20_50,end,regulated_pm_two,59,1.1345343830715293,0.09101806024901238,0.0007062146892654966,0.09172427493827788,0.0007062146892654966,0.09172427493827788
all_valid,TDLL,Torre del Lluvià,daily,linear_5_20_50,mean,regulated_hg_one,59,1.784451566149848,0.10174989740048566,0.0031279425612053386,0.104877839961691,0.0031279425612053386,0.104877839961691
all_valid,TDLL,Torre del Lluvià,daily,linear_5_20_50,mean,regulated_hg_two,59,1.8055988615409186,0.08152260534857794,0.0031279425612053386,0.08465054790978327,0.0031279425612053386,0.08465054790978327
all_valid,TDLL,Torre del Lluvià,daily,linear_5_20_50,mean,regulated_pm_one,59,1.7551137941157275,0.10909205544783036,0.0031279425612053386,0.11221999800903569,0.0031279425612053386,0.11221999800903569
all_valid,TDLL,Torre del Lluvià,daily,linear_5_20_50,mean,regulated_pm_two,59,1.7658017555757501,0.08859633237707254,0.0031279425612053386,0.09172427493827788,0.0031279425612053386,0.09172427493827788
all_valid,TDLL,Torre del Lluvià,daily,hold_20,end,regulated_hg_one,59,1.2139318037687765,0.10360665352101305,0.001271186440677954,0.104877839961691,0.001271186440677954,0.104877839961691
all_valid,TDLL,Torre del Lluvià,daily,hold_20,end,regulated_hg_two,59,1.2165129677570365,0.08337936146910532,0.001271186440677954,0.08465054790978327,0.001271186440677954,0.08465054790978327
all_valid,TDLL,Torre del Lluvià,daily,hold_20,end,regulated_pm_one,59,1.1800410279738158,0.11094881156835774,0.001271186440677954,0.11221999800903569,0.001271186440677954,0.11221999800903569
all_valid,TDLL,Torre del Lluvià,daily,hold_20,end,regulated_pm_two,59,1.1752795139990826,0.09045308849759992,0.001271186440677954,0.09172427493827788,0.001271186440677954,0.09172427493827788
all_valid,TDLL,Torre del Lluvià,daily,hold_20,mean,regulated_hg_one,59,1.8154790919284103,0.1009671761198831,0.0039106638418079055,0.104877839961691,0.0039106638418079055,0.104877839961691
all_valid,TDLL,Torre del Lluvià,daily,hold_20,mean,regulated_hg_two,59,1.8374432589043836,0.08073988406797537,0.0039106638418079055,0.08465054790978327,0.0039106638418079055,0.08465054790978327
all_valid,TDLL,Torre del Lluvià,daily,hold_20,mean,regulated_pm_one,59,1.7860779413321937,0.1083093341672278,0.0039106638418079055,0.11221999800903569,0.0039106638418079055,0.11221999800903569
all_valid,TDLL,Torre del Lluvià,daily,hold_20,mean,regulated_pm_two,59,1.797516680246183,0.08781361109646997,0.0039106638418079055,0.09172427493827788,0.0039106638418079055,0.09172427493827788
all_valid,TDLL,Torre del Lluvià,daily,blocks_10_20,end,regulated_hg_one,59,1.354495887013004,0.10487783996169094,6.021548608136442e-17,0.104877839961691,6.021548608136442e-17,0.104877839961691
all_valid,TDLL,Torre del Lluvià,daily,blocks_10_20,end,regulated_hg_two,59,1.346692614000639,0.08465054790978321,6.021548608136442e-17,0.08465054790978327,6.021548608136442e-17,0.08465054790978327
all_valid,TDLL,Torre del Lluvià,daily,blocks_10_20,end,regulated_pm_one,59,1.323189473205492,0.11221999800903563,6.021548608136442e-17,0.11221999800903569,6.021548608136442e-17,0.11221999800903569
all_valid,TDLL,Torre del Lluvià,daily,blocks_10_20,end,regulated_pm_two,59,1.312228079277991,0.09172427493827781,6.021548608136442e-17,0.09172427493827788,6.021548608136442e-17,0.09172427493827788
all_valid,TDLL,Torre del Lluvià,daily,blocks_10_20,mean,regulated_hg_one,59,1.8090020533319262,0.10198235973570229,0.0028954802259887166,0.104877839961691,0.0028954802259887166,0.104877839961691
all_valid,TDLL,Torre del Lluvià,daily,blocks_10_20,mean,regulated_hg_two,59,1.8231560579137391,0.08175506768379456,0.0028954802259887166,0.08465054790978327,0.0028954802259887166,0.08465054790978327
all_valid,TDLL,Torre del Lluvià,daily,blocks_10_20,mean,regulated_pm_one,59,1.7834514415650593,0.10932451778304698,0.0028954802259887166,0.11221999800903569,0.0028954802259887166,0.11221999800903569
all_valid,TDLL,Torre del Lluvià,daily,blocks_10_20,mean,regulated_pm_two,59,1.7886810913120477,0.08882879471228916,0.0028954802259887166,0.09172427493827788,0.0028954802259887166,0.09172427493827788
all_valid,TDLL,Torre del Lluvià,recharge_next,linear_5_20_50,end,regulated_hg_one,3,5.962433899091181,-0.8079299549467361,13.27222222222222,12.464292267275484,6.63611111111111,6.232146133637742
all_valid,TDLL,Torre del Lluvià,recharge_next,linear_5_20_50,end,regulated_hg_two,3,5.484331322542363,-1.7346095342363066,13.27222222222222,11.537612687985913,6.63611111111111,5.768806343992956
all_valid,TDLL,Torre del Lluvià,recharge_next,linear_5_20_50,end,regulated_pm_one,3,6.705947656403172,-0.1838352707931925,13.27222222222222,13.088386951429028,6.63611111111111,6.544193475714514
all_valid,TDLL,Torre del Lluvià,recharge_next,linear_5_20_50,end,regulated_pm_two,3,6.344265891224862,-0.9205819487601209,13.27222222222222,12.351640273462099,6.63611111111111,6.1758201367310495
all_valid,TDLL,Torre del Lluvià,recharge_next,linear_5_20_50,mean,regulated_hg_one,3,6.366369084276367,-0.8683466216134095,13.332638888888892,12.464292267275484,6.666319444444446,6.232146133637742
all_valid,TDLL,Torre del Lluvià,recharge_next,linear_5_20_50,mean,regulated_hg_two,3,5.888266507727549,-1.7950262009029798,13.332638888888892,11.537612687985913,6.666319444444446,5.768806343992956
all_valid,TDLL,Torre del Lluvià,recharge_next,linear_5_20_50,mean,regulated_pm_one,3,7.109882841588358,-0.24425193745986581,13.332638888888892,13.088386951429028,6.666319444444446,6.544193475714514
all_valid,TDLL,Torre del Lluvià,recharge_next,linear_5_20_50,mean,regulated_pm_two,3,6.748201076410048,-0.9809986154267941,13.332638888888892,12.351640273462099,6.666319444444446,6.1758201367310495
all_valid,TDLL,Torre del Lluvià,recharge_next,hold_20,end,regulated_hg_one,3,6.073545010202292,-0.9523743993911854,13.41666666666667,12.464292267275484,6.708333333333335,6.232146133637742
all_valid,TDLL,Torre del Lluvià,recharge_next,hold_20,end,regulated_hg_two,3,5.595442433653473,-1.8790539786807559,13.41666666666667,11.537612687985913,6.708333333333335,5.768806343992956
all_valid,TDLL,Torre del Lluvià,recharge_next,hold_20,end,regulated_pm_one,3,6.817058767514283,-0.32827971523764177,13.41666666666667,13.088386951429028,6.708333333333335,6.544193475714514
all_valid,TDLL,Torre del Lluvià,recharge_next,hold_20,end,regulated_pm_two,3,6.455377002335973,-1.06502639320457,13.41666666666667,12.351640273462099,6.708333333333335,6.1758201367310495
all_valid,TDLL,Torre del Lluvià,recharge_next,hold_20,mean,regulated_hg_one,3,6.548545010202292,-1.03154106605785,13.495833333333334,12.464292267275484,6.747916666666667,6.232146133637742
all_valid,TDLL,Torre del Lluvià,recharge_next,hold_20,mean,regulated_hg_two,3,6.070442433653474,-1.9582206453474205,13.495833333333334,11.537612687985913,6.747916666666667,5.768806343992956
all_valid,TDLL,Torre del Lluvià,recharge_next,hold_20,mean,regulated_pm_one,3,7.292058767514283,-0.4074463819043063,13.495833333333334,13.088386951429028,6.747916666666667,6.544193475714514
all_valid,TDLL,Torre del Lluvià,recharge_next,hold_20,mean,regulated_pm_two,3,6.930377002335973,-1.1441930598712347,13.495833333333334,12.351640273462099,6.747916666666667,6.1758201367310495
all_valid,TDLL,Torre del Lluvià,recharge_next,blocks_10_20,end,regulated_hg_one,3,7.540211676868957,0.930958933942151,11.533333333333333,12.464292267275484,5.766666666666667,6.232146133637742
all_valid,TDLL,Torre del Lluvià,recharge_next,blocks_10_20,end,regulated_hg_two,3,7.062109100320138,0.004279354652580558,11.533333333333333,11.537612687985913,5.766666666666667,5.768806343992956
all_valid,TDLL,Torre del Lluvià,recharge_next,blocks_10_20,end,regulated_pm_one,3,8.283725434180948,1.5550536180956946,11.533333333333333,13.088386951429028,5.766666666666667,6.544193475714514
all_valid,TDLL,Torre del Lluvià,recharge_next,blocks_10_20,end,regulated_pm_two,3,7.922043669002638,0.8183069401287663,11.533333333333333,12.351640273462099,5.766666666666667,6.1758201367310495
all_valid,TDLL,Torre del Lluvià,recharge_next,blocks_10_20,mean,regulated_hg_one,3,8.204795010202293,0.8080422672754836,11.65625,12.464292267275484,5.828125,6.232146133637742
all_valid,TDLL,Torre del Lluvià,recharge_next,blocks_10_20,mean,regulated_hg_two,3,7.726692433653475,-0.11863731201408682,11.65625,11.537612687985913,5.828125,5.768806343992956
all_valid,TDLL,Torre del Lluvià,recharge_next,blocks_10_20,mean,regulated_pm_one,3,8.948308767514284,1.4321369514290272,11.65625,13.088386951429028,5.828125,6.544193475714514
all_valid,TDLL,Torre del Lluvià,recharge_next,blocks_10_20,mean,regulated_pm_two,3,8.586627002335975,0.6953902734620989,11.65625,12.351640273462099,5.828125,6.1758201367310495
all_valid,TDLL,Torre del Lluvià,recharge_day3,linear_5_20_50,end,regulated_hg_one,3,2.3181869180808308,-2.144677283845319,9.316666666666666,7.171989382821348,2.3291666666666666,1.792997345705337
all_valid,TDLL,Torre del Lluvià,recharge_day3,linear_5_20_50,end,regulated_hg_two,3,3.248540103740947,-3.248540103740947,9.316666666666666,6.06812656292572,2.3291666666666666,1.51703164073143
all_valid,TDLL,Torre del Lluvià,recharge_day3,linear_5_20_50,end,regulated_pm_one,3,3.251789820781834,-1.2715210647345536,9.316666666666666,8.045145601932113,2.3291666666666666,2.011286400483028
all_valid,TDLL,Torre del Lluvià,recharge_day3,linear_5_20_50,end,regulated_pm_two,3,3.3114574005839823,-2.3028173027630667,9.316666666666666,7.0138493639036,2.3291666666666666,1.7534623409759
all_valid,TDLL,Torre del Lluvià,recharge_day3,linear_5_20_50,mean,regulated_hg_one,3,2.6774461773400895,-2.593519876437912,9.76550925925926,7.171989382821348,2.441377314814815,1.792997345705337
all_valid,TDLL,Torre del Lluvià,recharge_day3,linear_5_20_50,mean,regulated_hg_two,3,3.6973826963335403,-3.6973826963335403,9.76550925925926,6.06812656292572,2.441377314814815,1.51703164073143
all_valid,TDLL,Torre del Lluvià,recharge_day3,linear_5_20_50,mean,regulated_pm_one,3,3.136859265226279,-1.720363657327147,9.76550925925926,8.045145601932113,2.441377314814815,2.011286400483028
all_valid,TDLL,Torre del Lluvià,recharge_day3,linear_5_20_50,mean,regulated_pm_two,3,3.2861101783617617,-2.75165989535566,9.76550925925926,7.0138493639036,2.441377314814815,1.7534623409759
all_valid,TDLL,Torre del Lluvià,recharge_day3,hold_20,end,regulated_hg_one,3,2.52374247363639,-2.3280106171786548,9.500000000000002,7.171989382821348,2.3750000000000004,1.792997345705337
all_valid,TDLL,Torre del Lluvià,recharge_day3,hold_20,end,regulated_hg_two,3,3.431873437074283,-3.431873437074283,9.500000000000002,6.06812656292572,2.3750000000000004,1.51703164073143
all_valid,TDLL,Torre del Lluvià,recharge_day3,hold_20,end,regulated_pm_one,3,3.1906787096707228,-1.4548543980678896,9.500000000000002,8.045145601932113,2.3750000000000004,2.011286400483028
all_valid,TDLL,Torre del Lluvià,recharge_day3,hold_20,end,regulated_pm_two,3,3.2281240672506475,-2.4861506360964025,9.500000000000002,7.0138493639036,2.3750000000000004,1.7534623409759
all_valid,TDLL,Torre del Lluvià,recharge_day3,hold_20,mean,regulated_hg_one,3,2.8949230291919408,-2.769330061623097,9.941319444444444,7.171989382821348,2.485329861111111,1.792997345705337
all_valid,TDLL,Torre del Lluvià,recharge_day3,hold_20,mean,regulated_hg_two,3,3.873192881518725,-3.873192881518725,9.941319444444444,6.06812656292572,2.485329861111111,1.51703164073143
all_valid,TDLL,Torre del Lluvià,recharge_day3,hold_20,mean,regulated_pm_one,3,3.1073453763373884,-1.8961738425123318,9.941319444444444,8.045145601932113,2.485329861111111,2.011286400483028
all_valid,TDLL,Torre del Lluvià,recharge_day3,hold_20,mean,regulated_pm_two,3,3.2149296228062045,-2.9274700805408447,9.941319444444444,7.0138493639036,2.485329861111111,1.7534623409759
all_valid,TDLL,Torre del Lluvià,recharge_day3,blocks_10_20,end,regulated_hg_one,3,3.018684258923097,-1.3280106171786559,8.500000000000004,7.171989382821348,2.125000000000001,1.792997345705337
all_valid,TDLL,Torre del Lluvià,recharge_day3,blocks_10_20,end,regulated_hg_two,3,3.0656029042381396,-2.4318734370742843,8.500000000000004,6.06812656292572,2.125000000000001,1.51703164073143
all_valid,TDLL,Torre del Lluvià,recharge_day3,blocks_10_20,end,regulated_pm_one,3,4.0740120430040525,-0.45485439806789074,8.500000000000004,8.045145601932113,2.125000000000001,2.011286400483028
all_valid,TDLL,Torre del Lluvià,recharge_day3,blocks_10_20,end,regulated_pm_two,3,3.644790733917313,-1.4861506360964036,8.500000000000004,7.0138493639036,2.125000000000001,1.7534623409759
all_valid,TDLL,Torre del Lluvià,recharge_day3,blocks_10_20,mean,regulated_hg_one,3,3.1103509255897666,-1.64606617273421,8.818055555555558,7.171989382821348,2.2045138888888896,1.792997345705337
all_valid,TDLL,Torre del Lluvià,recharge_day3,blocks_10_20,mean,regulated_hg_two,3,3.143380682015919,-2.749928992629838,8.818055555555558,6.06812656292572,2.2045138888888896,1.51703164073143
all_valid,TDLL,Torre del Lluvià,recharge_day3,blocks_10_20,mean,regulated_pm_one,3,4.165678709670722,-0.7729099536234448,8.818055555555558,8.045145601932113,2.2045138888888896,2.011286400483028
all_valid,TDLL,Torre del Lluvià,recharge_day3,blocks_10_20,mean,regulated_pm_two,3,3.7225685116950924,-1.8042061916519578,8.818055555555558,7.0138493639036,2.2045138888888896,1.7534623409759
all_valid,TDLL,Torre del Lluvià,drying5,linear_5_20_50,end,regulated_hg_one,2,4.375063861030055,-2.122275421794208,9.9375,7.815224578205791,1.9875,1.5630449156411585
all_valid,TDLL,Torre del Lluvià,drying5,linear_5_20_50,end,regulated_hg_two,2,4.085776660191863,-3.045761680335799,9.9375,6.891738319664201,1.9875,1.37834766393284
all_valid,TDLL,Torre del Lluvià,drying5,linear_5_20_50,end,regulated_pm_one,2,3.991162609523936,-1.6635679012830056,9.9375,8.273932098716994,1.9875,1.6547864197433988
all_valid,TDLL,Torre del Lluvià,drying5,linear_5_20_50,end,regulated_pm_two,2,3.6743107165061284,-2.4176942725131143,9.9375,7.519805727486886,1.9875,1.5039611454973771
all_valid,TDLL,Torre del Lluvià,drying5,linear_5_20_50,mean,regulated_hg_one,2,4.797893722141165,-2.520799727349764,10.336024305555556,7.815224578205791,2.067204861111111,1.5630449156411585
all_valid,TDLL,Torre del Lluvià,drying5,linear_5_20_50,mean,regulated_hg_two,2,4.508606521302973,-3.444285985891355,10.336024305555556,6.891738319664201,2.067204861111111,1.37834766393284
all_valid,TDLL,Torre del Lluvià,drying5,linear_5_20_50,mean,regulated_pm_one,2,4.413992470635046,-2.0620922068385616,10.336024305555556,8.273932098716994,2.067204861111111,1.6547864197433988
all_valid,TDLL,Torre del Lluvià,drying5,linear_5_20_50,mean,regulated_pm_two,2,4.097140577617238,-2.8162185780686704,10.336024305555556,7.519805727486886,2.067204861111111,1.5039611454973771
all_valid,TDLL,Torre del Lluvià,drying5,hold_20,end,regulated_hg_one,2,4.508397194363388,-2.3222754217942145,10.137500000000006,7.815224578205791,2.027500000000001,1.5630449156411585
all_valid,TDLL,Torre del Lluvià,drying5,hold_20,end,regulated_hg_two,2,4.219109993525196,-3.2457616803358054,10.137500000000006,6.891738319664201,2.027500000000001,1.37834766393284
all_valid,TDLL,Torre del Lluvià,drying5,hold_20,end,regulated_pm_one,2,4.124495942857269,-1.863567901283012,10.137500000000006,8.273932098716994,2.027500000000001,1.6547864197433988
all_valid,TDLL,Torre del Lluvià,drying5,hold_20,end,regulated_pm_two,2,3.8076440498394613,-2.6176942725131207,10.137500000000006,7.519805727486886,2.027500000000001,1.5039611454973771
all_valid,TDLL,Torre del Lluvià,drying5,hold_20,mean,regulated_hg_one,2,4.969074277696718,-2.7079525051275417,10.523177083333334,7.815224578205791,2.1046354166666665,1.5630449156411585
all_valid,TDLL,Torre del Lluvià,drying5,hold_20,mean,regulated_hg_two,2,4.679787076858526,-3.6314387636691325,10.523177083333334,6.891738319664201,2.1046354166666665,1.37834766393284
all_valid,TDLL,Torre del Lluvià,drying5,hold_20,mean,regulated_pm_one,2,4.585173026190599,-2.249244984616339,10.523177083333334,8.273932098716994,2.1046354166666665,1.6547864197433988
all_valid,TDLL,Torre del Lluvià,drying5,hold_20,mean,regulated_pm_two,2,4.268321133172791,-3.003371355846448,10.523177083333334,7.519805727486886,2.1046354166666665,1.5039611454973771
all_valid,TDLL,Torre del Lluvià,drying5,blocks_10_20,end,regulated_hg_one,2,4.9458971943633845,-1.134775421794211,8.950000000000003,7.815224578205791,1.7900000000000005,1.5630449156411585
all_valid,TDLL,Torre del Lluvià,drying5,blocks_10_20,end,regulated_hg_two,2,4.656609993525192,-2.058261680335802,8.950000000000003,6.891738319664201,1.7900000000000005,1.37834766393284
all_valid,TDLL,Torre del Lluvià,drying5,blocks_10_20,end,regulated_pm_one,2,4.561995942857266,-0.6760679012830084,8.950000000000003,8.273932098716994,1.7900000000000005,1.6547864197433988
all_valid,TDLL,Torre del Lluvià,drying5,blocks_10_20,end,regulated_pm_two,2,4.245144049839458,-1.4301942725131171,8.950000000000003,7.519805727486886,1.7900000000000005,1.5039611454973771
all_valid,TDLL,Torre del Lluvià,drying5,blocks_10_20,mean,regulated_hg_one,2,5.456313861030054,-1.3576920884608792,9.172916666666671,7.815224578205791,1.8345833333333341,1.5630449156411585
all_valid,TDLL,Torre del Lluvià,drying5,blocks_10_20,mean,regulated_hg_two,2,5.167026660191862,-2.28117834700247,9.172916666666671,6.891738319664201,1.8345833333333341,1.37834766393284
all_valid,TDLL,Torre del Lluvià,drying5,blocks_10_20,mean,regulated_pm_one,2,5.072412609523935,-0.8989845679496766,9.172916666666671,8.273932098716994,1.8345833333333341,1.6547864197433988
all_valid,TDLL,Torre del Lluvià,drying5,blocks_10_20,mean,regulated_pm_two,2,4.755560716506127,-1.6531109391797854,9.172916666666671,7.519805727486886,1.8345833333333341,1.5039611454973771
all_valid,PDCE,Pobla de Cérvoles,daily,linear_5_20_50,end,regulated_hg_one,59,0.33935931263875524,0.07992227774833971,-0.07344632768361586,0.006475950064723848,-0.07344632768361586,0.006475950064723848
all_valid,PDCE,Pobla de Cérvoles,daily,linear_5_20_50,end,regulated_hg_two,59,0.3323838473170373,0.07646482059359376,-0.07344632768361586,0.0030184929099779075,-0.07344632768361586,0.0030184929099779075
all_valid,PDCE,Pobla de Cérvoles,daily,linear_5_20_50,end,regulated_pm_one,59,0.3365417799774228,0.07877212895725497,-0.07344632768361586,0.0053258012736391,-0.07344632768361586,0.0053258012736391
all_valid,PDCE,Pobla de Cérvoles,daily,linear_5_20_50,end,regulated_pm_two,59,0.33082212730508564,0.07609500189229164,-0.07344632768361586,0.0026486742086757817,-0.07344632768361586,0.0026486742086757817
all_valid,PDCE,Pobla de Cérvoles,daily,linear_5_20_50,mean,regulated_hg_one,59,0.26548466232183626,0.07686495665606098,-0.07038900659133714,0.006475950064723848,-0.07038900659133714,0.006475950064723848
all_valid,PDCE,Pobla de Cérvoles,daily,linear_5_20_50,mean,regulated_hg_two,59,0.2592213020694329,0.07340749950131503,-0.07038900659133714,0.0030184929099779075,-0.07038900659133714,0.0030184929099779075
all_valid,PDCE,Pobla de Cérvoles,daily,linear_5_20_50,mean,regulated_pm_one,59,0.2651549548462927,0.07571480786497624,-0.07038900659133714,0.0053258012736391,-0.07038900659133714,0.0053258012736391
all_valid,PDCE,Pobla de Cérvoles,daily,linear_5_20_50,mean,regulated_pm_two,59,0.25659891222557035,0.07303768080001291,-0.07038900659133714,0.0026486742086757817,-0.07038900659133714,0.0026486742086757817
all_valid,PDCE,Pobla de Cérvoles,daily,hold_20,end,regulated_hg_one,59,0.3484997434689327,0.0810522212511645,-0.07457627118644065,0.006475950064723848,-0.07457627118644065,0.006475950064723848
all_valid,PDCE,Pobla de Cérvoles,daily,hold_20,end,regulated_hg_two,59,0.3423015058069729,0.07759476409641856,-0.07457627118644065,0.0030184929099779075,-0.07457627118644065,0.0030184929099779075
all_valid,PDCE,Pobla de Cérvoles,daily,hold_20,end,regulated_pm_one,59,0.345853724559605,0.07990207246007976,-0.07457627118644065,0.0053258012736391,-0.07457627118644065,0.0053258012736391
all_valid,PDCE,Pobla de Cérvoles,daily,hold_20,end,regulated_pm_two,59,0.3407898656579756,0.07722494539511644,-0.07457627118644065,0.0026486742086757817,-0.07457627118644065,0.0026486742086757817
all_valid,PDCE,Pobla de Cérvoles,daily,hold_20,mean,regulated_hg_one,59,0.27042228002428426,0.07770652916076912,-0.07123057909604527,0.006475950064723848,-0.07123057909604527,0.006475950064723848
all_valid,PDCE,Pobla de Cérvoles,daily,hold_20,mean,regulated_hg_two,59,0.2638411231617114,0.07424907200602317,-0.07123057909604527,0.0030184929099779075,-0.07123057909604527,0.0030184929099779075
all_valid,PDCE,Pobla de Cérvoles,daily,hold_20,mean,regulated_pm_one,59,0.2703044369555203,0.07655638036968437,-0.07123057909604527,0.0053258012736391,-0.07123057909604527,0.0053258012736391
all_valid,PDCE,Pobla de Cérvoles,daily,hold_20,mean,regulated_pm_two,59,0.26146590845909184,0.07387925330472105,-0.07123057909604527,0.0026486742086757817,-0.07123057909604527,0.0026486742086757817
all_valid,PDCE,Pobla de Cérvoles,daily,blocks_10_20,end,regulated_hg_one,59,0.34647424674544525,0.08444205175963906,-0.07796610169491522,0.006475950064723848,-0.07796610169491522,0.006475950064723848
all_valid,PDCE,Pobla de Cérvoles,daily,blocks_10_20,end,regulated_hg_two,59,0.33956825503690796,0.08098459460489313,-0.07796610169491522,0.0030184929099779075,-0.07796610169491522,0.0030184929099779075
all_valid,PDCE,Pobla de Cérvoles,daily,blocks_10_20,end,regulated_pm_one,59,0.3443223511608172,0.08329190296855432,-0.07796610169491522,0.0053258012736391,-0.07796610169491522,0.0053258012736391
all_valid,PDCE,Pobla de Cérvoles,daily,blocks_10_20,end,regulated_pm_two,59,0.33824749277661975,0.08061477590359101,-0.07796610169491522,0.0026486742086757817,-0.07796610169491522,0.0026486742086757817
all_valid,PDCE,Pobla de Cérvoles,daily,blocks_10_20,mean,regulated_hg_one,59,0.26630955311709675,0.08024007435850922,-0.07376412429378536,0.006475950064723848,-0.07376412429378536,0.006475950064723848
all_valid,PDCE,Pobla de Cérvoles,daily,blocks_10_20,mean,regulated_hg_two,59,0.25920658926340606,0.07678261720376327,-0.07376412429378536,0.0030184929099779075,-0.07376412429378536,0.0030184929099779075
all_valid,PDCE,Pobla de Cérvoles,daily,blocks_10_20,mean,regulated_pm_one,59,0.26674688045834494,0.07908992556742446,-0.07376412429378536,0.0053258012736391,-0.07376412429378536,0.0053258012736391
all_valid,PDCE,Pobla de Cérvoles,daily,blocks_10_20,mean,regulated_pm_two,59,0.256505799182181,0.07641279850246115,-0.07376412429378536,0.0026486742086757817,-0.07376412429378536,0.0026486742086757817
all_valid,PDCE,Pobla de Cérvoles,recharge_next,linear_5_20_50,end,regulated_hg_one,1,3.2610332741705905,3.2610332741705905,-0.33333333333333215,2.9276999408372584,-0.16666666666666607,1.4638499704186292
all_valid,PDCE,Pobla de Cérvoles,recharge_next,linear_5_20_50,end,regulated_hg_two,1,2.811148062555536,2.811148062555536,-0.33333333333333215,2.477814729222204,-0.16666666666666607,1.238907364611102
all_valid,PDCE,Pobla de Cérvoles,recharge_next,linear_5_20_50,end,regulated_pm_one,1,3.1949940072392136,3.1949940072392136,-0.33333333333333215,2.8616606739058814,-0.16666666666666607,1.4308303369529407
all_valid,PDCE,Pobla de Cérvoles,recharge_next,linear_5_20_50,end,regulated_pm_two,1,2.715288802168653,2.715288802168653,-0.33333333333333215,2.381955468835321,-0.16666666666666607,1.1909777344176604
all_valid,PDCE,Pobla de Cérvoles,recharge_next,linear_5_20_50,mean,regulated_hg_one,1,3.3266582741705877,3.3266582741705877,-0.3989583333333293,2.9276999408372584,-0.19947916666666465,1.4638499704186292
all_valid,PDCE,Pobla de Cérvoles,recharge_next,linear_5_20_50,mean,regulated_hg_two,1,2.8767730625555332,2.8767730625555332,-0.3989583333333293,2.477814729222204,-0.19947916666666465,1.238907364611102
all_valid,PDCE,Pobla de Cérvoles,recharge_next,linear_5_20_50,mean,regulated_pm_one,1,3.2606190072392107,3.2606190072392107,-0.3989583333333293,2.8616606739058814,-0.19947916666666465,1.4308303369529407
all_valid,PDCE,Pobla de Cérvoles,recharge_next,linear_5_20_50,mean,regulated_pm_two,1,2.78091380216865,2.78091380216865,-0.3989583333333293,2.381955468835321,-0.19947916666666465,1.1909777344176604
all_valid,PDCE,Pobla de Cérvoles,recharge_next,hold_20,end,regulated_hg_one,1,3.2776999408372562,3.2776999408372562,-0.34999999999999787,2.9276999408372584,-0.17499999999999893,1.4638499704186292
all_valid,PDCE,Pobla de Cérvoles,recharge_next,hold_20,end,regulated_hg_two,1,2.827814729222202,2.827814729222202,-0.34999999999999787,2.477814729222204,-0.17499999999999893,1.238907364611102
all_valid,PDCE,Pobla de Cérvoles,recharge_next,hold_20,end,regulated_pm_one,1,3.2116606739058793,3.2116606739058793,-0.34999999999999787,2.8616606739058814,-0.17499999999999893,1.4308303369529407
all_valid,PDCE,Pobla de Cérvoles,recharge_next,hold_20,end,regulated_pm_two,1,2.7319554688353187,2.7319554688353187,-0.34999999999999787,2.381955468835321,-0.17499999999999893,1.1909777344176604
all_valid,PDCE,Pobla de Cérvoles,recharge_next,hold_20,mean,regulated_hg_one,1,3.3474916075039234,3.3474916075039234,-0.419791666666665,2.9276999408372584,-0.2098958333333325,1.4638499704186292
all_valid,PDCE,Pobla de Cérvoles,recharge_next,hold_20,mean,regulated_hg_two,1,2.897606395888869,2.897606395888869,-0.419791666666665,2.477814729222204,-0.2098958333333325,1.238907364611102
all_valid,PDCE,Pobla de Cérvoles,recharge_next,hold_20,mean,regulated_pm_one,1,3.2814523405725464,3.2814523405725464,-0.419791666666665,2.8616606739058814,-0.2098958333333325,1.4308303369529407
all_valid,PDCE,Pobla de Cérvoles,recharge_next,hold_20,mean,regulated_pm_two,1,2.801747135501986,2.801747135501986,-0.419791666666665,2.381955468835321,-0.2098958333333325,1.1909777344176604
all_valid,PDCE,Pobla de Cérvoles,recharge_next,blocks_10_20,end,regulated_hg_one,1,3.3276999408372605,3.3276999408372605,-0.40000000000000213,2.9276999408372584,-0.20000000000000107,1.4638499704186292
all_valid,PDCE,Pobla de Cérvoles,recharge_next,blocks_10_20,end,regulated_hg_two,1,2.877814729222206,2.877814729222206,-0.40000000000000213,2.477814729222204,-0.20000000000000107,1.238907364611102
all_valid,PDCE,Pobla de Cérvoles,recharge_next,blocks_10_20,end,regulated_pm_one,1,3.2616606739058835,3.2616606739058835,-0.40000000000000213,2.8616606739058814,-0.20000000000000107,1.4308303369529407
all_valid,PDCE,Pobla de Cérvoles,recharge_next,blocks_10_20,end,regulated_pm_two,1,2.781955468835323,2.781955468835323,-0.40000000000000213,2.381955468835321,-0.20000000000000107,1.1909777344176604
all_valid,PDCE,Pobla de Cérvoles,recharge_next,blocks_10_20,mean,regulated_hg_one,1,3.3922832741705884,3.3922832741705884,-0.46458333333333,2.9276999408372584,-0.232291666666665,1.4638499704186292
all_valid,PDCE,Pobla de Cérvoles,recharge_next,blocks_10_20,mean,regulated_hg_two,1,2.942398062555534,2.942398062555534,-0.46458333333333,2.477814729222204,-0.232291666666665,1.238907364611102
all_valid,PDCE,Pobla de Cérvoles,recharge_next,blocks_10_20,mean,regulated_pm_one,1,3.3262440072392114,3.3262440072392114,-0.46458333333333,2.8616606739058814,-0.232291666666665,1.4308303369529407
all_valid,PDCE,Pobla de Cérvoles,recharge_next,blocks_10_20,mean,regulated_pm_two,1,2.846538802168651,2.846538802168651,-0.46458333333333,2.381955468835321,-0.232291666666665,1.1909777344176604
all_valid,PDCE,Pobla de Cérvoles,recharge_day3,linear_5_20_50,end,regulated_hg_one,1,1.7692759552900421,1.7692759552900421,0.3833333333333364,2.1526092886233785,0.0958333333333341,0.5381523221558446
all_valid,PDCE,Pobla de Cérvoles,recharge_day3,linear_5_20_50,end,regulated_hg_two,1,1.168673623464364,1.168673623464364,0.3833333333333364,1.5520069567977004,0.0958333333333341,0.3880017391994251
all_valid,PDCE,Pobla de Cérvoles,recharge_day3,linear_5_20_50,end,regulated_pm_one,1,1.518332466787462,1.518332466787462,0.3833333333333364,1.9016658001207984,0.0958333333333341,0.4754164500301996
all_valid,PDCE,Pobla de Cérvoles,recharge_day3,linear_5_20_50,end,regulated_pm_two,1,0.8913051300801578,0.8913051300801578,0.3833333333333364,1.2746384634134942,0.0958333333333341,0.31865961585337355
all_valid,PDCE,Pobla de Cérvoles,recharge_day3,linear_5_20_50,mean,regulated_hg_one,1,1.9805606775122664,1.9805606775122664,0.17204861111111214,2.1526092886233785,0.043012152777778034,0.5381523221558446
all_valid,PDCE,Pobla de Cérvoles,recharge_day3,linear_5_20_50,mean,regulated_hg_two,1,1.3799583456865883,1.3799583456865883,0.17204861111111214,1.5520069567977004,0.043012152777778034,0.3880017391994251
all_valid,PDCE,Pobla de Cérvoles,recharge_day3,linear_5_20_50,mean,regulated_pm_one,1,1.7296171890096863,1.7296171890096863,0.17204861111111214,1.9016658001207984,0.043012152777778034,0.4754164500301996
all_valid,PDCE,Pobla de Cérvoles,recharge_day3,linear_5_20_50,mean,regulated_pm_two,1,1.102589852302382,1.102589852302382,0.17204861111111214,1.2746384634134942,0.043012152777778034,0.31865961585337355
all_valid,PDCE,Pobla de Cérvoles,recharge_day3,hold_20,end,regulated_hg_one,1,1.7526092886233764,1.7526092886233764,0.40000000000000213,2.1526092886233785,0.10000000000000053,0.5381523221558446
all_valid,PDCE,Pobla de Cérvoles,recharge_day3,hold_20,end,regulated_hg_two,1,1.1520069567976983,1.1520069567976983,0.40000000000000213,1.5520069567977004,0.10000000000000053,0.3880017391994251
all_valid,PDCE,Pobla de Cérvoles,recharge_day3,hold_20,end,regulated_pm_one,1,1.5016658001207963,1.5016658001207963,0.40000000000000213,1.9016658001207984,0.10000000000000053,0.4754164500301996
all_valid,PDCE,Pobla de Cérvoles,recharge_day3,hold_20,end,regulated_pm_two,1,0.874638463413492,0.874638463413492,0.40000000000000213,1.2746384634134942,0.10000000000000053,0.31865961585337355
all_valid,PDCE,Pobla de Cérvoles,recharge_day3,hold_20,mean,regulated_hg_one,1,1.9854217886233743,1.9854217886233743,0.16718750000000426,2.1526092886233785,0.041796875000001066,0.5381523221558446
all_valid,PDCE,Pobla de Cérvoles,recharge_day3,hold_20,mean,regulated_hg_two,1,1.3848194567976961,1.3848194567976961,0.16718750000000426,1.5520069567977004,0.041796875000001066,0.3880017391994251
all_valid,PDCE,Pobla de Cérvoles,recharge_day3,hold_20,mean,regulated_pm_one,1,1.7344783001207942,1.7344783001207942,0.16718750000000426,1.9016658001207984,0.041796875000001066,0.4754164500301996
all_valid,PDCE,Pobla de Cérvoles,recharge_day3,hold_20,mean,regulated_pm_two,1,1.10745096341349,1.10745096341349,0.16718750000000426,1.2746384634134942,0.041796875000001066,0.31865961585337355
all_valid,PDCE,Pobla de Cérvoles,recharge_day3,blocks_10_20,end,regulated_hg_one,1,1.9526092886233828,1.9526092886233828,0.19999999999999574,2.1526092886233785,0.049999999999998934,0.5381523221558446
all_valid,PDCE,Pobla de Cérvoles,recharge_day3,blocks_10_20,end,regulated_hg_two,1,1.3520069567977047,1.3520069567977047,0.19999999999999574,1.5520069567977004,0.049999999999998934,0.3880017391994251
all_valid,PDCE,Pobla de Cérvoles,recharge_day3,blocks_10_20,end,regulated_pm_one,1,1.7016658001208027,1.7016658001208027,0.19999999999999574,1.9016658001207984,0.049999999999998934,0.4754164500301996
all_valid,PDCE,Pobla de Cérvoles,recharge_day3,blocks_10_20,end,regulated_pm_two,1,1.0746384634134984,1.0746384634134984,0.19999999999999574,1.2746384634134942,0.049999999999998934,0.31865961585337355
all_valid,PDCE,Pobla de Cérvoles,recharge_day3,blocks_10_20,mean,regulated_hg_one,1,2.177609288623377,2.177609288623377,-0.02499999999999858,2.1526092886233785,-0.006249999999999645,0.5381523221558446
all_valid,PDCE,Pobla de Cérvoles,recharge_day3,blocks_10_20,mean,regulated_hg_two,1,1.577006956797699,1.577006956797699,-0.02499999999999858,1.5520069567977004,-0.006249999999999645,0.3880017391994251
all_valid,PDCE,Pobla de Cérvoles,recharge_day3,blocks_10_20,mean,regulated_pm_one,1,1.926665800120797,1.926665800120797,-0.02499999999999858,1.9016658001207984,-0.006249999999999645,0.4754164500301996
all_valid,PDCE,Pobla de Cérvoles,recharge_day3,blocks_10_20,mean,regulated_pm_two,1,1.2996384634134928,1.2996384634134928,-0.02499999999999858,1.2746384634134942,-0.006249999999999645,0.31865961585337355
all_valid,PDCE,Pobla de Cérvoles,drying5,linear_5_20_50,end,regulated_hg_one,1,0.7739225813193871,0.7739225813193871,0.5,1.273922581319387,0.1,0.25478451626387744
all_valid,PDCE,Pobla de Cérvoles,drying5,linear_5_20_50,end,regulated_hg_two,1,0.6379351898668966,0.6379351898668966,0.5,1.1379351898668966,0.1,0.2275870379733793
all_valid,PDCE,Pobla de Cérvoles,drying5,linear_5_20_50,end,regulated_pm_one,1,0.6992147027211164,0.6992147027211164,0.5,1.1992147027211164,0.1,0.23984294054422328
all_valid,PDCE,Pobla de Cérvoles,drying5,linear_5_20_50,end,regulated_pm_two,1,0.48181377569947337,0.48181377569947337,0.5,0.9818137756994734,0.1,0.19636275513989468
all_valid,PDCE,Pobla de Cérvoles,drying5,linear_5_20_50,mean,regulated_hg_one,1,1.07045035909717,1.07045035909717,0.20347222222221717,1.273922581319387,0.04069444444444344,0.25478451626387744
all_valid,PDCE,Pobla de Cérvoles,drying5,linear_5_20_50,mean,regulated_hg_two,1,0.9344629676446794,0.9344629676446794,0.20347222222221717,1.1379351898668966,0.04069444444444344,0.2275870379733793
all_valid,PDCE,Pobla de Cérvoles,drying5,linear_5_20_50,mean,regulated_pm_one,1,0.9957424804988992,0.9957424804988992,0.20347222222221717,1.1992147027211164,0.04069444444444344,0.23984294054422328
all_valid,PDCE,Pobla de Cérvoles,drying5,linear_5_20_50,mean,regulated_pm_two,1,0.7783415534772562,0.7783415534772562,0.20347222222221717,0.9818137756994734,0.04069444444444344,0.19636275513989468
all_valid,PDCE,Pobla de Cérvoles,drying5,hold_20,end,regulated_hg_one,1,0.7739225813193871,0.7739225813193871,0.5,1.273922581319387,0.1,0.25478451626387744
all_valid,PDCE,Pobla de Cérvoles,drying5,hold_20,end,regulated_hg_two,1,0.6379351898668966,0.6379351898668966,0.5,1.1379351898668966,0.1,0.2275870379733793
all_valid,PDCE,Pobla de Cérvoles,drying5,hold_20,end,regulated_pm_one,1,0.6992147027211164,0.6992147027211164,0.5,1.1992147027211164,0.1,0.23984294054422328
all_valid,PDCE,Pobla de Cérvoles,drying5,hold_20,end,regulated_pm_two,1,0.48181377569947337,0.48181377569947337,0.5,0.9818137756994734,0.1,0.19636275513989468
all_valid,PDCE,Pobla de Cérvoles,drying5,hold_20,mean,regulated_hg_one,1,1.086422581319387,1.086422581319387,0.1875,1.273922581319387,0.0375,0.25478451626387744
all_valid,PDCE,Pobla de Cérvoles,drying5,hold_20,mean,regulated_hg_two,1,0.9504351898668966,0.9504351898668966,0.1875,1.1379351898668966,0.0375,0.2275870379733793
all_valid,PDCE,Pobla de Cérvoles,drying5,hold_20,mean,regulated_pm_one,1,1.0117147027211164,1.0117147027211164,0.1875,1.1992147027211164,0.0375,0.23984294054422328
all_valid,PDCE,Pobla de Cérvoles,drying5,hold_20,mean,regulated_pm_two,1,0.7943137756994734,0.7943137756994734,0.1875,0.9818137756994734,0.0375,0.19636275513989468
all_valid,PDCE,Pobla de Cérvoles,drying5,blocks_10_20,end,regulated_hg_one,1,0.8739225813193885,0.8739225813193885,0.3999999999999986,1.273922581319387,0.07999999999999971,0.25478451626387744
all_valid,PDCE,Pobla de Cérvoles,drying5,blocks_10_20,end,regulated_hg_two,1,0.737935189866898,0.737935189866898,0.3999999999999986,1.1379351898668966,0.07999999999999971,0.2275870379733793
all_valid,PDCE,Pobla de Cérvoles,drying5,blocks_10_20,end,regulated_pm_one,1,0.7992147027211178,0.7992147027211178,0.3999999999999986,1.1992147027211164,0.07999999999999971,0.23984294054422328
all_valid,PDCE,Pobla de Cérvoles,drying5,blocks_10_20,end,regulated_pm_two,1,0.5818137756994748,0.5818137756994748,0.3999999999999986,0.9818137756994734,0.07999999999999971,0.19636275513989468
all_valid,PDCE,Pobla de Cérvoles,drying5,blocks_10_20,mean,regulated_hg_one,1,1.1489225813193835,1.1489225813193835,0.12500000000000355,1.273922581319387,0.02500000000000071,0.25478451626387744
all_valid,PDCE,Pobla de Cérvoles,drying5,blocks_10_20,mean,regulated_hg_two,1,1.012935189866893,1.012935189866893,0.12500000000000355,1.1379351898668966,0.02500000000000071,0.2275870379733793
all_valid,PDCE,Pobla de Cérvoles,drying5,blocks_10_20,mean,regulated_pm_one,1,1.0742147027211129,1.0742147027211129,0.12500000000000355,1.1992147027211164,0.02500000000000071,0.23984294054422328
all_valid,PDCE,Pobla de Cérvoles,drying5,blocks_10_20,mean,regulated_pm_two,1,0.8568137756994698,0.8568137756994698,0.12500000000000355,0.9818137756994734,0.02500000000000071,0.19636275513989468
all_valid,VIL,Vilosell,daily,linear_5_20_50,end,regulated_hg_one,59,0.3041029932014392,0.07779980776512753,-0.06906779661016949,0.008732011154958056,-0.06906779661016949,0.008732011154958056
all_valid,VIL,Vilosell,daily,linear_5_20_50,end,regulated_hg_two,59,0.2969229791222004,0.07307153973268082,-0.06906779661016949,0.004003743122511346,-0.06906779661016949,0.004003743122511346
all_valid,VIL,Vilosell,daily,linear_5_20_50,end,regulated_pm_one,59,0.3030420189194906,0.07702199443177282,-0.06906779661016949,0.007954197821603344,-0.06906779661016949,0.007954197821603344
all_valid,VIL,Vilosell,daily,linear_5_20_50,end,regulated_pm_two,59,0.2953593640930716,0.07282600181852729,-0.06906779661016949,0.003758205208357803,-0.06906779661016949,0.003758205208357803
all_valid,VIL,Vilosell,daily,linear_5_20_50,mean,regulated_hg_one,59,0.27323114872800247,0.07724660625853624,-0.06851459510357819,0.008732011154958056,-0.06851459510357819,0.008732011154958056
all_valid,VIL,Vilosell,daily,linear_5_20_50,mean,regulated_hg_two,59,0.2648739585691968,0.07251833822608952,-0.06851459510357819,0.004003743122511346,-0.06851459510357819,0.004003743122511346
all_valid,VIL,Vilosell,daily,linear_5_20_50,mean,regulated_pm_one,59,0.2738692999707436,0.07646879292518152,-0.06851459510357819,0.007954197821603344,-0.06851459510357819,0.007954197821603344
all_valid,VIL,Vilosell,daily,linear_5_20_50,mean,regulated_pm_two,59,0.26461794883354134,0.07227280031193599,-0.06851459510357819,0.003758205208357803,-0.06851459510357819,0.003758205208357803
all_valid,VIL,Vilosell,daily,hold_20,end,regulated_hg_one,59,0.3116071409506914,0.08118963827360216,-0.0724576271186441,0.008732011154958056,-0.0724576271186441,0.008732011154958056
all_valid,VIL,Vilosell,daily,hold_20,end,regulated_hg_two,59,0.30440881269460096,0.07646137024115544,-0.0724576271186441,0.004003743122511346,-0.0724576271186441,0.004003743122511346
all_valid,VIL,Vilosell,daily,hold_20,end,regulated_pm_one,59,0.310533127281161,0.08041182494024744,-0.0724576271186441,0.007954197821603344,-0.0724576271186441,0.007954197821603344
all_valid,VIL,Vilosell,daily,hold_20,end,regulated_pm_two,59,0.3028318198354832,0.07621583232700191,-0.0724576271186441,0.003758205208357803,-0.0724576271186441,0.003758205208357803
all_valid,VIL,Vilosell,daily,hold_20,mean,regulated_hg_one,59,0.27847655403105875,0.08081887556173767,-0.07208686440677961,0.008732011154958056,-0.07208686440677961,0.008732011154958056
all_valid,VIL,Vilosell,daily,hold_20,mean,regulated_hg_two,59,0.2704589397368055,0.07609060752929096,-0.07208686440677961,0.004003743122511346,-0.07208686440677961,0.004003743122511346
all_valid,VIL,Vilosell,daily,hold_20,mean,regulated_pm_one,59,0.27910117379371957,0.08004106222838296,-0.07208686440677961,0.007954197821603344,-0.07208686440677961,0.007954197821603344
all_valid,VIL,Vilosell,daily,hold_20,mean,regulated_pm_two,59,0.27020293000115,0.07584506961513741,-0.07208686440677961,0.003758205208357803,-0.07208686440677961,0.003758205208357803
all_valid,VIL,Vilosell,daily,blocks_10_20,end,regulated_hg_one,59,0.3103359545100135,0.08500319759563602,-0.07627118644067797,0.008732011154958056,-0.07627118644067797,0.008732011154958056
all_valid,VIL,Vilosell,daily,blocks_10_20,end,regulated_hg_two,59,0.30282078150092534,0.08027492956318931,-0.07627118644067797,0.004003743122511346,-0.07627118644067797,0.004003743122511346
all_valid,VIL,Vilosell,daily,blocks_10_20,end,regulated_pm_one,59,0.3092619408404831,0.08422538426228131,-0.07627118644067797,0.007954197821603344,-0.07627118644067797,0.007954197821603344
all_valid,VIL,Vilosell,daily,blocks_10_20,end,regulated_pm_two,59,0.30156063339480527,0.08002939164903577,-0.07627118644067797,0.003758205208357803,-0.07627118644067797,0.003758205208357803
all_valid,VIL,Vilosell,daily,blocks_10_20,mean,regulated_hg_one,59,0.27742135588431105,0.08468540098546645,-0.07595338983050841,0.008732011154958056,-0.07595338983050841,0.008732011154958056
all_valid,VIL,Vilosell,daily,blocks_10_20,mean,regulated_hg_two,59,0.2683521614117581,0.07995713295301975,-0.07595338983050841,0.004003743122511346,-0.07595338983050841,0.004003743122511346
all_valid,VIL,Vilosell,daily,blocks_10_20,mean,regulated_pm_one,59,0.2780595071270522,0.08390758765211175,-0.07595338983050841,0.007954197821603344,-0.07595338983050841,0.007954197821603344
all_valid,VIL,Vilosell,daily,blocks_10_20,mean,regulated_pm_two,59,0.2686508436143221,0.07971159503886621,-0.07595338983050841,0.003758205208357803,-0.07595338983050841,0.003758205208357803
all_valid,VIL,Vilosell,recharge_next,linear_5_20_50,end,regulated_hg_one,2,1.460828885779975,1.460828885779975,0.08333333333333215,1.544162219113307,0.041666666666666075,0.7720811095566535
all_valid,VIL,Vilosell,recharge_next,linear_5_20_50,end,regulated_hg_two,2,1.22065048711117,1.22065048711117,0.08333333333333215,1.3039838204445022,0.041666666666666075,0.6519919102222511
all_valid,VIL,Vilosell,recharge_next,linear_5_20_50,end,regulated_pm_one,2,1.4596064353742992,1.4596064353742992,0.08333333333333215,1.5429397687076314,0.041666666666666075,0.7714698843538157
all_valid,VIL,Vilosell,recharge_next,linear_5_20_50,end,regulated_pm_two,2,1.216304097368333,1.216304097368333,0.08333333333333215,1.2996374307016652,0.041666666666666075,0.6498187153508326
all_valid,VIL,Vilosell,recharge_next,linear_5_20_50,mean,regulated_hg_one,2,1.7800997191133128,1.7800997191133128,-0.23593750000000568,1.544162219113307,-0.11796875000000284,0.7720811095566535
all_valid,VIL,Vilosell,recharge_next,linear_5_20_50,mean,regulated_hg_two,2,1.539921320444508,1.539921320444508,-0.23593750000000568,1.3039838204445022,-0.11796875000000284,0.6519919102222511
all_valid,VIL,Vilosell,recharge_next,linear_5_20_50,mean,regulated_pm_one,2,1.778877268707637,1.778877268707637,-0.23593750000000568,1.5429397687076314,-0.11796875000000284,0.7714698843538157
all_valid,VIL,Vilosell,recharge_next,linear_5_20_50,mean,regulated_pm_two,2,1.5355749307016708,1.5355749307016708,-0.23593750000000568,1.2996374307016652,-0.11796875000000284,0.6498187153508326
all_valid,VIL,Vilosell,recharge_next,hold_20,end,regulated_hg_one,2,1.4441622191133057,1.4441622191133057,0.10000000000000142,1.544162219113307,0.05000000000000071,0.7720811095566535
all_valid,VIL,Vilosell,recharge_next,hold_20,end,regulated_hg_two,2,1.2039838204445008,1.2039838204445008,0.10000000000000142,1.3039838204445022,0.05000000000000071,0.6519919102222511
all_valid,VIL,Vilosell,recharge_next,hold_20,end,regulated_pm_one,2,1.44293976870763,1.44293976870763,0.10000000000000142,1.5429397687076314,0.05000000000000071,0.7714698843538157
all_valid,VIL,Vilosell,recharge_next,hold_20,end,regulated_pm_two,2,1.1996374307016637,1.1996374307016637,0.10000000000000142,1.2996374307016652,0.05000000000000071,0.6498187153508326
all_valid,VIL,Vilosell,recharge_next,hold_20,mean,regulated_hg_one,2,1.7894747191133114,1.7894747191133114,-0.24531250000000426,1.544162219113307,-0.12265625000000213,0.7720811095566535
all_valid,VIL,Vilosell,recharge_next,hold_20,mean,regulated_hg_two,2,1.5492963204445065,1.5492963204445065,-0.24531250000000426,1.3039838204445022,-0.12265625000000213,0.6519919102222511
all_valid,VIL,Vilosell,recharge_next,hold_20,mean,regulated_pm_one,2,1.7882522687076357,1.7882522687076357,-0.24531250000000426,1.5429397687076314,-0.12265625000000213,0.7714698843538157
all_valid,VIL,Vilosell,recharge_next,hold_20,mean,regulated_pm_two,2,1.5449499307016694,1.5449499307016694,-0.24531250000000426,1.2996374307016652,-0.12265625000000213,0.6498187153508326
all_valid,VIL,Vilosell,recharge_next,blocks_10_20,end,regulated_hg_one,2,1.4941622191133064,1.4941622191133064,0.05000000000000071,1.544162219113307,0.025000000000000355,0.7720811095566535
all_valid,VIL,Vilosell,recharge_next,blocks_10_20,end,regulated_hg_two,2,1.2539838204445015,1.2539838204445015,0.05000000000000071,1.3039838204445022,0.025000000000000355,0.6519919102222511
all_valid,VIL,Vilosell,recharge_next,blocks_10_20,end,regulated_pm_one,2,1.4929397687076307,1.4929397687076307,0.05000000000000071,1.5429397687076314,0.025000000000000355,0.7714698843538157
all_valid,VIL,Vilosell,recharge_next,blocks_10_20,end,regulated_pm_two,2,1.2496374307016644,1.2496374307016644,0.05000000000000071,1.2996374307016652,0.025000000000000355,0.6498187153508326
all_valid,VIL,Vilosell,recharge_next,blocks_10_20,mean,regulated_hg_one,2,1.8347872191133057,1.8347872191133057,-0.2906249999999986,1.544162219113307,-0.1453124999999993,0.7720811095566535
all_valid,VIL,Vilosell,recharge_next,blocks_10_20,mean,regulated_hg_two,2,1.5946088204445008,1.5946088204445008,-0.2906249999999986,1.3039838204445022,-0.1453124999999993,0.6519919102222511
all_valid,VIL,Vilosell,recharge_next,blocks_10_20,mean,regulated_pm_one,2,1.83356476870763,1.83356476870763,-0.2906249999999986,1.5429397687076314,-0.1453124999999993,0.7714698843538157
all_valid,VIL,Vilosell,recharge_next,blocks_10_20,mean,regulated_pm_two,2,1.5902624307016637,1.5902624307016637,-0.2906249999999986,1.2996374307016652,-0.1453124999999993,0.6498187153508326
all_valid,VIL,Vilosell,recharge_day3,linear_5_20_50,end,regulated_hg_one,2,0.8213103043766972,0.7053483406354444,0.29583333333333073,1.001181673968775,0.07395833333333268,0.2502954184921938
all_valid,VIL,Vilosell,recharge_day3,linear_5_20_50,end,regulated_hg_two,2,0.6786416577407053,0.4020268266748843,0.29583333333333073,0.697860160008215,0.07395833333333268,0.17446504000205376
all_valid,VIL,Vilosell,recharge_day3,linear_5_20_50,end,regulated_pm_one,2,0.7516129823799343,0.6366252538732554,0.29583333333333073,0.9324585872065861,0.07395833333333268,0.23311464680164654
all_valid,VIL,Vilosell,recharge_day3,linear_5_20_50,end,regulated_pm_two,2,0.6042470881093589,0.3256966908547594,0.29583333333333073,0.6215300241880901,0.07395833333333268,0.15538250604702253
all_valid,VIL,Vilosell,recharge_day3,linear_5_20_50,mean,regulated_hg_one,2,0.9055984988211478,0.8653309795243393,0.13585069444443576,1.001181673968775,0.03396267361110894,0.2502954184921938
all_valid,VIL,Vilosell,recharge_day3,linear_5_20_50,mean,regulated_hg_two,2,0.762929852185156,0.5620094655637793,0.13585069444443576,0.697860160008215,0.03396267361110894,0.17446504000205376
all_valid,VIL,Vilosell,recharge_day3,linear_5_20_50,mean,regulated_pm_one,2,0.835901176824385,0.7966078927621504,0.13585069444443576,0.9324585872065861,0.03396267361110894,0.23311464680164654
all_valid,VIL,Vilosell,recharge_day3,linear_5_20_50,mean,regulated_pm_two,2,0.6885352825538096,0.48567932974365435,0.13585069444443576,0.6215300241880901,0.03396267361110894,0.15538250604702253
all_valid,VIL,Vilosell,recharge_day3,hold_20,end,regulated_hg_one,2,0.8213103043767007,0.6886816739687751,0.3125,1.001181673968775,0.078125,0.2502954184921938
all_valid,VIL,Vilosell,recharge_day3,hold_20,end,regulated_hg_two,2,0.6786416577407088,0.38536016000821505,0.3125,0.697860160008215,0.078125,0.17446504000205376
all_valid,VIL,Vilosell,recharge_day3,hold_20,end,regulated_pm_one,2,0.7516129823799379,0.6199585872065861,0.3125,0.9324585872065861,0.078125,0.23311464680164654
all_valid,VIL,Vilosell,recharge_day3,hold_20,end,regulated_pm_two,2,0.6042470881093625,0.3090300241880901,0.3125,0.6215300241880901,0.078125,0.15538250604702253
all_valid,VIL,Vilosell,recharge_day3,hold_20,mean,regulated_hg_one,2,0.9158415543767036,0.8602962573021122,0.14088541666666288,1.001181673968775,0.03522135416666572,0.2502954184921938
all_valid,VIL,Vilosell,recharge_day3,hold_20,mean,regulated_hg_two,2,0.7731729077407117,0.5569747433415522,0.14088541666666288,0.697860160008215,0.03522135416666572,0.17446504000205376
all_valid,VIL,Vilosell,recharge_day3,hold_20,mean,regulated_pm_one,2,0.8461442323799407,0.7915731705399233,0.14088541666666288,0.9324585872065861,0.03522135416666572,0.23311464680164654
all_valid,VIL,Vilosell,recharge_day3,hold_20,mean,regulated_pm_two,2,0.6987783381093653,0.48064460752142724,0.14088541666666288,0.6215300241880901,0.03522135416666572,0.15538250604702253
all_valid,VIL,Vilosell,recharge_day3,blocks_10_20,end,regulated_hg_one,2,0.808810304376705,0.7511816739687751,0.25,1.001181673968775,0.0625,0.2502954184921938
all_valid,VIL,Vilosell,recharge_day3,blocks_10_20,end,regulated_hg_two,2,0.6661416577407131,0.44786016000821505,0.25,0.697860160008215,0.0625,0.17446504000205376
all_valid,VIL,Vilosell,recharge_day3,blocks_10_20,end,regulated_pm_one,2,0.7391129823799422,0.6824585872065861,0.25,0.9324585872065861,0.0625,0.23311464680164654
all_valid,VIL,Vilosell,recharge_day3,blocks_10_20,end,regulated_pm_two,2,0.5917470881093667,0.3715300241880901,0.25,0.6215300241880901,0.0625,0.15538250604702253
all_valid,VIL,Vilosell,recharge_day3,blocks_10_20,mean,regulated_hg_one,2,0.9303483406354458,0.9303483406354458,0.0708333333333293,1.001181673968775,0.017708333333332327,0.2502954184921938
all_valid,VIL,Vilosell,recharge_day3,blocks_10_20,mean,regulated_hg_two,2,0.7786416577407067,0.6270268266748857,0.0708333333333293,0.697860160008215,0.017708333333332327,0.17446504000205376
all_valid,VIL,Vilosell,recharge_day3,blocks_10_20,mean,regulated_pm_one,2,0.8616252538732568,0.8616252538732568,0.0708333333333293,0.9324585872065861,0.017708333333332327,0.23311464680164654
all_valid,VIL,Vilosell,recharge_day3,blocks_10_20,mean,regulated_pm_two,2,0.7042470881093603,0.5506966908547608,0.0708333333333293,0.6215300241880901,0.017708333333332327,0.15538250604702253
all_valid,VIL,Vilosell,drying5,linear_5_20_50,end,regulated_hg_one,1,0.6979433540073248,0.6979433540073248,0.40833333333333854,1.1062766873406633,0.0816666666666677,0.22125533746813267
all_valid,VIL,Vilosell,drying5,linear_5_20_50,end,regulated_hg_two,1,0.5967435803368275,0.5967435803368275,0.40833333333333854,1.005076913670166,0.0816666666666677,0.20101538273403322
all_valid,VIL,Vilosell,drying5,linear_5_20_50,end,regulated_pm_one,1,0.6611337660721182,0.6611337660721182,0.40833333333333854,1.0694670994054567,0.0816666666666677,0.21389341988109134
all_valid,VIL,Vilosell,drying5,linear_5_20_50,end,regulated_pm_two,1,0.516496947080086,0.516496947080086,0.40833333333333854,0.9248302804134245,0.0816666666666677,0.1849660560826849
all_valid,VIL,Vilosell,drying5,linear_5_20_50,mean,regulated_hg_one,1,0.8856169651184476,0.8856169651184476,0.22065972222221575,1.1062766873406633,0.04413194444444315,0.22125533746813267
all_valid,VIL,Vilosell,drying5,linear_5_20_50,mean,regulated_hg_two,1,0.7844171914479503,0.7844171914479503,0.22065972222221575,1.005076913670166,0.04413194444444315,0.20101538273403322
all_valid,VIL,Vilosell,drying5,linear_5_20_50,mean,regulated_pm_one,1,0.848807377183241,0.848807377183241,0.22065972222221575,1.0694670994054567,0.04413194444444315,0.21389341988109134
all_valid,VIL,Vilosell,drying5,linear_5_20_50,mean,regulated_pm_two,1,0.7041705581912088,0.7041705581912088,0.22065972222221575,0.9248302804134245,0.04413194444444315,0.1849660560826849
all_valid,VIL,Vilosell,drying5,hold_20,end,regulated_hg_one,1,0.6812766873406662,0.6812766873406662,0.42499999999999716,1.1062766873406633,0.08499999999999944,0.22125533746813267
all_valid,VIL,Vilosell,drying5,hold_20,end,regulated_hg_two,1,0.5800769136701689,0.5800769136701689,0.42499999999999716,1.005076913670166,0.08499999999999944,0.20101538273403322
all_valid,VIL,Vilosell,drying5,hold_20,end,regulated_pm_one,1,0.6444670994054595,0.6444670994054595,0.42499999999999716,1.0694670994054567,0.08499999999999944,0.21389341988109134
all_valid,VIL,Vilosell,drying5,hold_20,end,regulated_pm_two,1,0.49983028041342736,0.49983028041342736,0.42499999999999716,0.9248302804134245,0.08499999999999944,0.1849660560826849
all_valid,VIL,Vilosell,drying5,hold_20,mean,regulated_hg_one,1,0.8859641873406647,0.8859641873406647,0.22031249999999858,1.1062766873406633,0.04406249999999971,0.22125533746813267
all_valid,VIL,Vilosell,drying5,hold_20,mean,regulated_hg_two,1,0.7847644136701675,0.7847644136701675,0.22031249999999858,1.005076913670166,0.04406249999999971,0.20101538273403322
all_valid,VIL,Vilosell,drying5,hold_20,mean,regulated_pm_one,1,0.8491545994054581,0.8491545994054581,0.22031249999999858,1.0694670994054567,0.04406249999999971,0.21389341988109134
all_valid,VIL,Vilosell,drying5,hold_20,mean,regulated_pm_two,1,0.7045177804134259,0.7045177804134259,0.22031249999999858,0.9248302804134245,0.04406249999999971,0.1849660560826849
all_valid,VIL,Vilosell,drying5,blocks_10_20,end,regulated_hg_one,1,0.7062766873406647,0.7062766873406647,0.3999999999999986,1.1062766873406633,0.07999999999999971,0.22125533746813267
all_valid,VIL,Vilosell,drying5,blocks_10_20,end,regulated_hg_two,1,0.6050769136701675,0.6050769136701675,0.3999999999999986,1.005076913670166,0.07999999999999971,0.20101538273403322
all_valid,VIL,Vilosell,drying5,blocks_10_20,end,regulated_pm_one,1,0.6694670994054581,0.6694670994054581,0.3999999999999986,1.0694670994054567,0.07999999999999971,0.21389341988109134
all_valid,VIL,Vilosell,drying5,blocks_10_20,end,regulated_pm_two,1,0.5248302804134259,0.5248302804134259,0.3999999999999986,0.9248302804134245,0.07999999999999971,0.1849660560826849
all_valid,VIL,Vilosell,drying5,blocks_10_20,mean,regulated_hg_one,1,0.9250266873406647,0.9250266873406647,0.18124999999999858,1.1062766873406633,0.03624999999999971,0.22125533746813267
all_valid,VIL,Vilosell,drying5,blocks_10_20,mean,regulated_hg_two,1,0.8238269136701675,0.8238269136701675,0.18124999999999858,1.005076913670166,0.03624999999999971,0.20101538273403322
all_valid,VIL,Vilosell,drying5,blocks_10_20,mean,regulated_pm_one,1,0.8882170994054581,0.8882170994054581,0.18124999999999858,1.0694670994054567,0.03624999999999971,0.21389341988109134
all_valid,VIL,Vilosell,drying5,blocks_10_20,mean,regulated_pm_two,1,0.7435802804134259,0.7435802804134259,0.18124999999999858,0.9248302804134245,0.03624999999999971,0.1849660560826849
all_valid,MDF,Mas dels Frares,daily,linear_5_20_50,end,regulated_hg_one,59,1.5294144913652985,0.029023871547679204,0.016101694915254226,0.045125566462933434,0.016101694915254226,0.045125566462933434
all_valid,MDF,Mas dels Frares,daily,linear_5_20_50,end,regulated_hg_two,59,1.485572670805026,0.09839071883064361,0.016101694915254226,0.11449241374589783,0.016101694915254226,0.11449241374589783
all_valid,MDF,Mas dels Frares,daily,linear_5_20_50,end,regulated_pm_one,59,1.5282209753074243,0.052062505886801835,0.016101694915254226,0.06816420080205605,0.016101694915254226,0.06816420080205605
all_valid,MDF,Mas dels Frares,daily,linear_5_20_50,end,regulated_pm_two,59,1.473854044473751,0.12844232299098177,0.016101694915254226,0.144544017906236,0.016101694915254226,0.144544017906236
all_valid,MDF,Mas dels Frares,daily,linear_5_20_50,mean,regulated_hg_one,59,1.6127001889237225,0.02736426702790526,0.017761299435028233,0.045125566462933434,0.017761299435028233,0.045125566462933434
all_valid,MDF,Mas dels Frares,daily,linear_5_20_50,mean,regulated_hg_two,59,1.572921556115536,0.09673111431086955,0.017761299435028233,0.11449241374589783,0.017761299435028233,0.11449241374589783
all_valid,MDF,Mas dels Frares,daily,linear_5_20_50,mean,regulated_pm_one,59,1.611482131753814,0.05040290136702777,0.017761299435028233,0.06816420080205605,0.017761299435028233,0.06816420080205605
all_valid,MDF,Mas dels Frares,daily,linear_5_20_50,mean,regulated_pm_two,59,1.561127151498373,0.1267827184712078,0.017761299435028233,0.144544017906236,0.017761299435028233,0.144544017906236
all_valid,MDF,Mas dels Frares,daily,hold_20,end,regulated_hg_one,59,1.5384540393878974,0.029023871547679086,0.016101694915254285,0.045125566462933434,0.016101694915254285,0.045125566462933434
all_valid,MDF,Mas dels Frares,daily,hold_20,end,regulated_hg_two,59,1.4946122188276252,0.09839071883064361,0.016101694915254285,0.11449241374589783,0.016101694915254285,0.11449241374589783
all_valid,MDF,Mas dels Frares,daily,hold_20,end,regulated_pm_one,59,1.5372605233300234,0.052062505886801835,0.016101694915254285,0.06816420080205605,0.016101694915254285,0.06816420080205605
all_valid,MDF,Mas dels Frares,daily,hold_20,end,regulated_pm_two,59,1.48289359249635,0.12844232299098166,0.016101694915254285,0.144544017906236,0.016101694915254285,0.144544017906236
all_valid,MDF,Mas dels Frares,daily,hold_20,mean,regulated_hg_one,59,1.6164058249751885,0.02694053821434584,0.01818502824858759,0.045125566462933434,0.01818502824858759,0.045125566462933434
all_valid,MDF,Mas dels Frares,daily,hold_20,mean,regulated_hg_two,59,1.5764891924500317,0.09630738549731024,0.01818502824858759,0.11449241374589783,0.01818502824858759,0.11449241374589783
all_valid,MDF,Mas dels Frares,daily,hold_20,mean,regulated_pm_one,59,1.6152015291172794,0.04997917255346847,0.01818502824858759,0.06816420080205605,0.01818502824858759,0.06816420080205605
all_valid,MDF,Mas dels Frares,daily,hold_20,mean,regulated_pm_two,59,1.5646947878328685,0.1263589896576484,0.01818502824858759,0.144544017906236,0.01818502824858759,0.144544017906236
all_valid,MDF,Mas dels Frares,daily,blocks_10_20,end,regulated_hg_one,59,1.5825218359980673,0.03326115968327237,0.011864406779661066,0.045125566462933434,0.011864406779661066,0.045125566462933434
all_valid,MDF,Mas dels Frares,daily,blocks_10_20,end,regulated_hg_two,59,1.5386800154377949,0.10262800696623676,0.011864406779661066,0.11449241374589783,0.011864406779661066,0.11449241374589783
all_valid,MDF,Mas dels Frares,daily,blocks_10_20,end,regulated_pm_one,59,1.581328319940193,0.056299794022394996,0.011864406779661066,0.06816420080205605,0.011864406779661066,0.06816420080205605
all_valid,MDF,Mas dels Frares,daily,blocks_10_20,end,regulated_pm_two,59,1.5269613891065197,0.13267961112657492,0.011864406779661066,0.144544017906236,0.011864406779661066,0.144544017906236
all_valid,MDF,Mas dels Frares,daily,blocks_10_20,mean,regulated_hg_one,59,1.6310287230837621,0.03078940827084301,0.014336158192090423,0.045125566462933434,0.014336158192090423,0.045125566462933434
all_valid,MDF,Mas dels Frares,daily,blocks_10_20,mean,regulated_hg_two,59,1.591822001725044,0.10015625555380742,0.014336158192090423,0.11449241374589783,0.014336158192090423,0.11449241374589783
all_valid,MDF,Mas dels Frares,daily,blocks_10_20,mean,regulated_pm_one,59,1.6298201731850754,0.05382804260996564,0.014336158192090423,0.06816420080205605,0.014336158192090423,0.06816420080205605
all_valid,MDF,Mas dels Frares,daily,blocks_10_20,mean,regulated_pm_two,59,1.5798257304408274,0.13020785971414559,0.014336158192090423,0.144544017906236,0.014336158192090423,0.144544017906236
all_valid,MDF,Mas dels Frares,recharge_next,linear_5_20_50,end,regulated_hg_one,1,37.94862290160596,37.94862290160596,6.549999999999997,44.498622901605955,1.6374999999999993,11.124655725401489
all_valid,MDF,Mas dels Frares,recharge_next,linear_5_20_50,end,regulated_hg_two,1,38.35039209226644,38.35039209226644,6.549999999999997,44.900392092266436,1.6374999999999993,11.225098023066609
all_valid,MDF,Mas dels Frares,recharge_next,linear_5_20_50,end,regulated_pm_one,1,39.22060787447486,39.22060787447486,6.549999999999997,45.770607874474855,1.6374999999999993,11.442651968618714
all_valid,MDF,Mas dels Frares,recharge_next,linear_5_20_50,end,regulated_pm_two,1,39.54884355436348,39.54884355436348,6.549999999999997,46.09884355436348,1.6374999999999993,11.52471088859087
all_valid,MDF,Mas dels Frares,recharge_next,linear_5_20_50,mean,regulated_hg_one,1,37.63508123493929,37.63508123493929,6.863541666666663,44.498622901605955,1.7158854166666657,11.124655725401489
all_valid,MDF,Mas dels Frares,recharge_next,linear_5_20_50,mean,regulated_hg_two,1,38.03685042559977,38.03685042559977,6.863541666666663,44.900392092266436,1.7158854166666657,11.225098023066609
all_valid,MDF,Mas dels Frares,recharge_next,linear_5_20_50,mean,regulated_pm_one,1,38.90706620780819,38.90706620780819,6.863541666666663,45.770607874474855,1.7158854166666657,11.442651968618714
all_valid,MDF,Mas dels Frares,recharge_next,linear_5_20_50,mean,regulated_pm_two,1,39.235301887696814,39.235301887696814,6.863541666666663,46.09884355436348,1.7158854166666657,11.52471088859087
all_valid,MDF,Mas dels Frares,recharge_next,hold_20,end,regulated_hg_one,1,37.89862290160596,37.89862290160596,6.599999999999998,44.498622901605955,1.6499999999999995,11.124655725401489
all_valid,MDF,Mas dels Frares,recharge_next,hold_20,end,regulated_hg_two,1,38.300392092266435,38.300392092266435,6.599999999999998,44.900392092266436,1.6499999999999995,11.225098023066609
all_valid,MDF,Mas dels Frares,recharge_next,hold_20,end,regulated_pm_one,1,39.170607874474854,39.170607874474854,6.599999999999998,45.770607874474855,1.6499999999999995,11.442651968618714
all_valid,MDF,Mas dels Frares,recharge_next,hold_20,end,regulated_pm_two,1,39.498843554363475,39.498843554363475,6.599999999999998,46.09884355436348,1.6499999999999995,11.52471088859087
all_valid,MDF,Mas dels Frares,recharge_next,hold_20,mean,regulated_hg_one,1,37.61737290160596,37.61737290160596,6.881249999999998,44.498622901605955,1.7203124999999995,11.124655725401489
all_valid,MDF,Mas dels Frares,recharge_next,hold_20,mean,regulated_hg_two,1,38.019142092266435,38.019142092266435,6.881249999999998,44.900392092266436,1.7203124999999995,11.225098023066609
all_valid,MDF,Mas dels Frares,recharge_next,hold_20,mean,regulated_pm_one,1,38.889357874474854,38.889357874474854,6.881249999999998,45.770607874474855,1.7203124999999995,11.442651968618714
all_valid,MDF,Mas dels Frares,recharge_next,hold_20,mean,regulated_pm_two,1,39.217593554363475,39.217593554363475,6.881249999999998,46.09884355436348,1.7203124999999995,11.52471088859087
all_valid,MDF,Mas dels Frares,recharge_next,blocks_10_20,end,regulated_hg_one,1,39.098622901605964,39.098622901605964,5.399999999999995,44.498622901605955,1.3499999999999988,11.124655725401489
all_valid,MDF,Mas dels Frares,recharge_next,blocks_10_20,end,regulated_hg_two,1,39.50039209226644,39.50039209226644,5.399999999999995,44.900392092266436,1.3499999999999988,11.225098023066609
all_valid,MDF,Mas dels Frares,recharge_next,blocks_10_20,end,regulated_pm_one,1,40.37060787447486,40.37060787447486,5.399999999999995,45.770607874474855,1.3499999999999988,11.442651968618714
all_valid,MDF,Mas dels Frares,recharge_next,blocks_10_20,end,regulated_pm_two,1,40.69884355436348,40.69884355436348,5.399999999999995,46.09884355436348,1.3499999999999988,11.52471088859087
all_valid,MDF,Mas dels Frares,recharge_next,blocks_10_20,mean,regulated_hg_one,1,38.998622901605955,38.998622901605955,5.4999999999999964,44.498622901605955,1.3749999999999991,11.124655725401489
all_valid,MDF,Mas dels Frares,recharge_next,blocks_10_20,mean,regulated_hg_two,1,39.40039209226644,39.40039209226644,5.4999999999999964,44.900392092266436,1.3749999999999991,11.225098023066609
all_valid,MDF,Mas dels Frares,recharge_next,blocks_10_20,mean,regulated_pm_one,1,40.27060787447486,40.27060787447486,5.4999999999999964,45.770607874474855,1.3749999999999991,11.442651968618714
all_valid,MDF,Mas dels Frares,recharge_next,blocks_10_20,mean,regulated_pm_two,1,40.598843554363484,40.598843554363484,5.4999999999999964,46.09884355436348,1.3749999999999991,11.52471088859087
all_valid,MDF,Mas dels Frares,recharge_day3,linear_5_20_50,end,regulated_hg_one,1,31.798904781198853,31.798904781198853,6.341666666666665,38.14057144786552,1.0569444444444442,6.356761907977586
all_valid,MDF,Mas dels Frares,recharge_day3,linear_5_20_50,end,regulated_hg_two,1,32.82365739006275,32.82365739006275,6.341666666666665,39.16532405672942,1.0569444444444442,6.527554009454903
all_valid,MDF,Mas dels Frares,recharge_day3,linear_5_20_50,end,regulated_pm_one,1,33.826238616871436,33.826238616871436,6.341666666666665,40.167905283538104,1.0569444444444442,6.694650880589684
all_valid,MDF,Mas dels Frares,recharge_day3,linear_5_20_50,end,regulated_pm_two,1,34.63505248789076,34.63505248789076,6.341666666666665,40.97671915455743,1.0569444444444442,6.8294531924262385
all_valid,MDF,Mas dels Frares,recharge_day3,linear_5_20_50,mean,regulated_hg_one,1,32.06088394786552,32.06088394786552,6.079687499999999,38.14057144786552,1.0132812499999997,6.356761907977586
all_valid,MDF,Mas dels Frares,recharge_day3,linear_5_20_50,mean,regulated_hg_two,1,33.08563655672942,33.08563655672942,6.079687499999999,39.16532405672942,1.0132812499999997,6.527554009454903
all_valid,MDF,Mas dels Frares,recharge_day3,linear_5_20_50,mean,regulated_pm_one,1,34.088217783538106,34.088217783538106,6.079687499999999,40.167905283538104,1.0132812499999997,6.694650880589684
all_valid,MDF,Mas dels Frares,recharge_day3,linear_5_20_50,mean,regulated_pm_two,1,34.89703165455743,34.89703165455743,6.079687499999999,40.97671915455743,1.0132812499999997,6.8294531924262385
all_valid,MDF,Mas dels Frares,recharge_day3,hold_20,end,regulated_hg_one,1,31.66557144786552,31.66557144786552,6.474999999999998,38.14057144786552,1.0791666666666664,6.356761907977586
all_valid,MDF,Mas dels Frares,recharge_day3,hold_20,end,regulated_hg_two,1,32.69032405672942,32.69032405672942,6.474999999999998,39.16532405672942,1.0791666666666664,6.527554009454903
all_valid,MDF,Mas dels Frares,recharge_day3,hold_20,end,regulated_pm_one,1,33.69290528353811,33.69290528353811,6.474999999999998,40.167905283538104,1.0791666666666664,6.694650880589684
all_valid,MDF,Mas dels Frares,recharge_day3,hold_20,end,regulated_pm_two,1,34.501719154557435,34.501719154557435,6.474999999999998,40.97671915455743,1.0791666666666664,6.8294531924262385
all_valid,MDF,Mas dels Frares,recharge_day3,hold_20,mean,regulated_hg_one,1,31.950467281198854,31.950467281198854,6.190104166666664,38.14057144786552,1.0316840277777775,6.356761907977586
all_valid,MDF,Mas dels Frares,recharge_day3,hold_20,mean,regulated_hg_two,1,32.97521989006275,32.97521989006275,6.190104166666664,39.16532405672942,1.0316840277777775,6.527554009454903
all_valid,MDF,Mas dels Frares,recharge_day3,hold_20,mean,regulated_pm_one,1,33.97780111687144,33.97780111687144,6.190104166666664,40.167905283538104,1.0316840277777775,6.694650880589684
all_valid,MDF,Mas dels Frares,recharge_day3,hold_20,mean,regulated_pm_two,1,34.786614987890765,34.786614987890765,6.190104166666664,40.97671915455743,1.0316840277777775,6.8294531924262385
all_valid,MDF,Mas dels Frares,recharge_day3,blocks_10_20,end,regulated_hg_one,1,32.54057144786552,32.54057144786552,5.599999999999998,38.14057144786552,0.933333333333333,6.356761907977586
all_valid,MDF,Mas dels Frares,recharge_day3,blocks_10_20,end,regulated_hg_two,1,33.56532405672942,33.56532405672942,5.599999999999998,39.16532405672942,0.933333333333333,6.527554009454903
all_valid,MDF,Mas dels Frares,recharge_day3,blocks_10_20,end,regulated_pm_one,1,34.56790528353811,34.56790528353811,5.599999999999998,40.167905283538104,0.933333333333333,6.694650880589684
all_valid,MDF,Mas dels Frares,recharge_day3,blocks_10_20,end,regulated_pm_two,1,35.376719154557435,35.376719154557435,5.599999999999998,40.97671915455743,0.933333333333333,6.8294531924262385
all_valid,MDF,Mas dels Frares,recharge_day3,blocks_10_20,mean,regulated_hg_one,1,32.882238114532186,32.882238114532186,5.258333333333333,38.14057144786552,0.8763888888888888,6.356761907977586
all_valid,MDF,Mas dels Frares,recharge_day3,blocks_10_20,mean,regulated_hg_two,1,33.906990723396085,33.906990723396085,5.258333333333333,39.16532405672942,0.8763888888888888,6.527554009454903
all_valid,MDF,Mas dels Frares,recharge_day3,blocks_10_20,mean,regulated_pm_one,1,34.90957195020477,34.90957195020477,5.258333333333333,40.167905283538104,0.8763888888888888,6.694650880589684
all_valid,MDF,Mas dels Frares,recharge_day3,blocks_10_20,mean,regulated_pm_two,1,35.718385821224096,35.718385821224096,5.258333333333333,40.97671915455743,0.8763888888888888,6.8294531924262385
all_valid,MDF,Mas dels Frares,drying5,linear_5_20_50,end,regulated_hg_one,1,13.236094931375131,13.236094931375131,1.1333333333333293,14.36942826470846,0.22666666666666585,2.8738856529416923
all_valid,MDF,Mas dels Frares,drying5,linear_5_20_50,end,regulated_hg_two,1,10.222682556530877,10.222682556530877,1.1333333333333293,11.356015889864207,0.22666666666666585,2.271203177972841
all_valid,MDF,Mas dels Frares,drying5,linear_5_20_50,end,regulated_pm_one,1,12.604893041854236,12.604893041854236,1.1333333333333293,13.738226375187566,0.22666666666666585,2.747645275037513
all_valid,MDF,Mas dels Frares,drying5,linear_5_20_50,end,regulated_pm_two,1,10.035724147822425,10.035724147822425,1.1333333333333293,11.169057481155754,0.22666666666666585,2.2338114962311506
all_valid,MDF,Mas dels Frares,drying5,linear_5_20_50,mean,regulated_hg_one,1,13.47376854248624,13.47376854248624,0.89565972222222,14.36942826470846,0.179131944444444,2.8738856529416923
all_valid,MDF,Mas dels Frares,drying5,linear_5_20_50,mean,regulated_hg_two,1,10.460356167641987,10.460356167641987,0.89565972222222,11.356015889864207,0.179131944444444,2.271203177972841
all_valid,MDF,Mas dels Frares,drying5,linear_5_20_50,mean,regulated_pm_one,1,12.842566652965345,12.842566652965345,0.89565972222222,13.738226375187566,0.179131944444444,2.747645275037513
all_valid,MDF,Mas dels Frares,drying5,linear_5_20_50,mean,regulated_pm_two,1,10.273397758933534,10.273397758933534,0.89565972222222,11.169057481155754,0.179131944444444,2.2338114962311506
all_valid,MDF,Mas dels Frares,drying5,hold_20,end,regulated_hg_one,1,13.269428264708463,13.269428264708463,1.0999999999999979,14.36942826470846,0.21999999999999958,2.8738856529416923
all_valid,MDF,Mas dels Frares,drying5,hold_20,end,regulated_hg_two,1,10.256015889864209,10.256015889864209,1.0999999999999979,11.356015889864207,0.21999999999999958,2.271203177972841
all_valid,MDF,Mas dels Frares,drying5,hold_20,end,regulated_pm_one,1,12.638226375187568,12.638226375187568,1.0999999999999979,13.738226375187566,0.21999999999999958,2.747645275037513
all_valid,MDF,Mas dels Frares,drying5,hold_20,end,regulated_pm_two,1,10.069057481155756,10.069057481155756,1.0999999999999979,11.169057481155754,0.21999999999999958,2.2338114962311506
all_valid,MDF,Mas dels Frares,drying5,hold_20,mean,regulated_hg_one,1,13.536615764708461,13.536615764708461,0.8328124999999993,14.36942826470846,0.16656249999999986,2.8738856529416923
all_valid,MDF,Mas dels Frares,drying5,hold_20,mean,regulated_hg_two,1,10.523203389864207,10.523203389864207,0.8328124999999993,11.356015889864207,0.16656249999999986,2.271203177972841
all_valid,MDF,Mas dels Frares,drying5,hold_20,mean,regulated_pm_one,1,12.905413875187566,12.905413875187566,0.8328124999999993,13.738226375187566,0.16656249999999986,2.747645275037513
all_valid,MDF,Mas dels Frares,drying5,hold_20,mean,regulated_pm_two,1,10.336244981155755,10.336244981155755,0.8328124999999993,11.169057481155754,0.16656249999999986,2.2338114962311506
all_valid,MDF,Mas dels Frares,drying5,blocks_10_20,end,regulated_hg_one,1,13.669428264708458,13.669428264708458,0.7000000000000028,14.36942826470846,0.14000000000000057,2.8738856529416923
all_valid,MDF,Mas dels Frares,drying5,blocks_10_20,end,regulated_hg_two,1,10.656015889864204,10.656015889864204,0.7000000000000028,11.356015889864207,0.14000000000000057,2.271203177972841
all_valid,MDF,Mas dels Frares,drying5,blocks_10_20,end,regulated_pm_one,1,13.038226375187563,13.038226375187563,0.7000000000000028,13.738226375187566,0.14000000000000057,2.747645275037513
all_valid,MDF,Mas dels Frares,drying5,blocks_10_20,end,regulated_pm_two,1,10.469057481155751,10.469057481155751,0.7000000000000028,11.169057481155754,0.14000000000000057,2.2338114962311506
all_valid,MDF,Mas dels Frares,drying5,blocks_10_20,mean,regulated_hg_one,1,13.99442826470846,13.99442826470846,0.375,14.36942826470846,0.075,2.8738856529416923
all_valid,MDF,Mas dels Frares,drying5,blocks_10_20,mean,regulated_hg_two,1,10.981015889864207,10.981015889864207,0.375,11.356015889864207,0.075,2.271203177972841
all_valid,MDF,Mas dels Frares,drying5,blocks_10_20,mean,regulated_pm_one,1,13.363226375187566,13.363226375187566,0.375,13.738226375187566,0.075,2.747645275037513
all_valid,MDF,Mas dels Frares,drying5,blocks_10_20,mean,regulated_pm_two,1,10.794057481155754,10.794057481155754,0.375,11.169057481155754,0.075,2.2338114962311506
paired_sensitivities,RDS,Ribera de Sió,daily,linear_5_20_50,end,regulated_hg_one,59,0.4031295322029645,0.09996575540011665,-0.09915254237288132,0.000813213027235328,-0.09915254237288132,0.000813213027235328
paired_sensitivities,RDS,Ribera de Sió,daily,linear_5_20_50,end,regulated_hg_two,59,0.38312641159508454,0.09893717619243639,-0.09915254237288132,-0.00021536618044493684,-0.09915254237288132,-0.00021536618044493684
paired_sensitivities,RDS,Ribera de Sió,daily,linear_5_20_50,end,regulated_pm_one,59,0.402648504548169,0.100510149229374,-0.09915254237288132,0.0013576068564926723,-0.09915254237288132,0.0013576068564926723
paired_sensitivities,RDS,Ribera de Sió,daily,linear_5_20_50,end,regulated_pm_two,59,0.38605113255342166,0.09885247871579197,-0.09915254237288132,-0.0003000636570893442,-0.09915254237288132,-0.0003000636570893442
paired_sensitivities,RDS,Ribera de Sió,daily,linear_5_20_50,mean,regulated_hg_one,59,0.3474690965338076,0.10114866500463637,-0.10033545197740104,0.000813213027235328,-0.10033545197740104,0.000813213027235328
paired_sensitivities,RDS,Ribera de Sió,daily,linear_5_20_50,mean,regulated_hg_two,59,0.33139825906674725,0.10012008579695611,-0.10033545197740104,-0.00021536618044493684,-0.10033545197740104,-0.00021536618044493684
paired_sensitivities,RDS,Ribera de Sió,daily,linear_5_20_50,mean,regulated_pm_one,59,0.3465916781383992,0.1016930588338937,-0.10033545197740104,0.0013576068564926723,-0.10033545197740104,0.0013576068564926723
paired_sensitivities,RDS,Ribera de Sió,daily,linear_5_20_50,mean,regulated_pm_two,59,0.33474290831486414,0.1000353883203117,-0.10033545197740104,-0.0003000636570893442,-0.10033545197740104,-0.0003000636570893442
paired_sensitivities,RDS,Ribera de Sió,daily,hold_20,end,regulated_hg_one,59,0.4124105221252134,0.10505050116282859,-0.10423728813559326,0.000813213027235328,-0.10423728813559326,0.000813213027235328
paired_sensitivities,RDS,Ribera de Sió,daily,hold_20,end,regulated_hg_two,59,0.3914997390869473,0.10402192195514832,-0.10423728813559326,-0.00021536618044493684,-0.10423728813559326,-0.00021536618044493684
paired_sensitivities,RDS,Ribera de Sió,daily,hold_20,end,regulated_pm_one,59,0.4120115690295063,0.10559489499208592,-0.10423728813559326,0.0013576068564926723,-0.10423728813559326,0.0013576068564926723
paired_sensitivities,RDS,Ribera de Sió,daily,hold_20,end,regulated_pm_two,59,0.39454448028062417,0.10393722447850391,-0.10423728813559326,-0.0003000636570893442,-0.10423728813559326,-0.0003000636570893442
paired_sensitivities,RDS,Ribera de Sió,daily,hold_20,mean,regulated_hg_one,59,0.35475487807806316,0.10616278929842181,-0.10534957627118649,0.000813213027235328,-0.10534957627118649,0.000813213027235328
paired_sensitivities,RDS,Ribera de Sió,daily,hold_20,mean,regulated_hg_two,59,0.33846040595940197,0.10513421009074154,-0.10534957627118649,-0.00021536618044493684,-0.10534957627118649,-0.00021536618044493684
paired_sensitivities,RDS,Ribera de Sió,daily,hold_20,mean,regulated_pm_one,59,0.35387745968265477,0.10670718312767916,-0.10534957627118649,0.0013576068564926723,-0.10534957627118649,0.0013576068564926723
paired_sensitivities,RDS,Ribera de Sió,daily,hold_20,mean,regulated_pm_two,59,0.34180505520751886,0.10504951261409715,-0.10534957627118649,-0.0003000636570893442,-0.10534957627118649,-0.0003000636570893442
paired_sensitivities,RDS,Ribera de Sió,daily,blocks_10_20,end,regulated_hg_one,59,0.41325797975233186,0.11267761980689636,-0.11186440677966104,0.000813213027235328,-0.11186440677966104,0.000813213027235328
paired_sensitivities,RDS,Ribera de Sió,daily,blocks_10_20,end,regulated_hg_two,59,0.39149973908694713,0.1116490405992161,-0.11186440677966104,-0.00021536618044493684,-0.11186440677966104,-0.00021536618044493684
paired_sensitivities,RDS,Ribera de Sió,daily,blocks_10_20,end,regulated_pm_one,59,0.4128590266566247,0.11322201363615371,-0.11186440677966104,0.0013576068564926723,-0.11186440677966104,0.0013576068564926723
paired_sensitivities,RDS,Ribera de Sió,daily,blocks_10_20,end,regulated_pm_two,59,0.39480193426885696,0.1115643431225717,-0.11186440677966104,-0.0003000636570893442,-0.11186440677966104,-0.0003000636570893442
paired_sensitivities,RDS,Ribera de Sió,daily,blocks_10_20,mean,regulated_hg_one,59,0.3521065729933179,0.11331321302723538,-0.11250000000000004,0.000813213027235328,-0.11250000000000004,0.000813213027235328
paired_sensitivities,RDS,Ribera de Sió,daily,blocks_10_20,mean,regulated_hg_two,59,0.3356489753940387,0.11228463381955511,-0.11250000000000004,-0.00021536618044493684,-0.11250000000000004,-0.00021536618044493684
paired_sensitivities,RDS,Ribera de Sió,daily,blocks_10_20,mean,regulated_pm_one,59,0.3512431954070397,0.11385760685649272,-0.11250000000000004,0.0013576068564926723,-0.11250000000000004,0.0013576068564926723
paired_sensitivities,RDS,Ribera de Sió,daily,blocks_10_20,mean,regulated_pm_two,59,0.33875474212295154,0.1121999363429107,-0.11250000000000004,-0.0003000636570893442,-0.11250000000000004,-0.0003000636570893442
paired_sensitivities,RDS,Ribera de Sió,recharge_next,linear_5_20_50,end,regulated_hg_one,3,2.5888008686014325,2.5888008686014325,-0.7249999999999991,1.8638008686014333,-0.36249999999999954,0.9319004343007167
paired_sensitivities,RDS,Ribera de Sió,recharge_next,linear_5_20_50,end,regulated_hg_two,3,2.2241302197581856,2.2241302197581856,-0.7249999999999991,1.4991302197581866,-0.36249999999999954,0.7495651098790933
paired_sensitivities,RDS,Ribera de Sió,recharge_next,linear_5_20_50,end,regulated_pm_one,3,2.630973655402546,2.630973655402546,-0.7249999999999991,1.905973655402547,-0.36249999999999954,0.9529868277012735
paired_sensitivities,RDS,Ribera de Sió,recharge_next,linear_5_20_50,end,regulated_pm_two,3,2.280901700632137,2.280901700632137,-0.7249999999999991,1.555901700632138,-0.36249999999999954,0.777950850316069
paired_sensitivities,RDS,Ribera de Sió,recharge_next,linear_5_20_50,mean,regulated_hg_one,3,2.370166609342176,2.370166609342176,-0.5063657407407428,1.8638008686014333,-0.2531828703703714,0.9319004343007167
paired_sensitivities,RDS,Ribera de Sió,recharge_next,linear_5_20_50,mean,regulated_hg_two,3,2.0054959604989295,2.0054959604989295,-0.5063657407407428,1.4991302197581866,-0.2531828703703714,0.7495651098790933
paired_sensitivities,RDS,Ribera de Sió,recharge_next,linear_5_20_50,mean,regulated_pm_one,3,2.41233939614329,2.41233939614329,-0.5063657407407428,1.905973655402547,-0.2531828703703714,0.9529868277012735
paired_sensitivities,RDS,Ribera de Sió,recharge_next,linear_5_20_50,mean,regulated_pm_two,3,2.0622674413728808,2.0622674413728808,-0.5063657407407428,1.555901700632138,-0.2531828703703714,0.777950850316069
paired_sensitivities,RDS,Ribera de Sió,recharge_next,hold_20,end,regulated_hg_one,3,2.6388008686014306,2.6388008686014306,-0.7749999999999974,1.8638008686014333,-0.3874999999999987,0.9319004343007167
paired_sensitivities,RDS,Ribera de Sió,recharge_next,hold_20,end,regulated_hg_two,3,2.274130219758184,2.274130219758184,-0.7749999999999974,1.4991302197581866,-0.3874999999999987,0.7495651098790933
paired_sensitivities,RDS,Ribera de Sió,recharge_next,hold_20,end,regulated_pm_one,3,2.6809736554025445,2.6809736554025445,-0.7749999999999974,1.905973655402547,-0.3874999999999987,0.9529868277012735
paired_sensitivities,RDS,Ribera de Sió,recharge_next,hold_20,end,regulated_pm_two,3,2.3309017006321353,2.3309017006321353,-0.7749999999999974,1.555901700632138,-0.3874999999999987,0.777950850316069
paired_sensitivities,RDS,Ribera de Sió,recharge_next,hold_20,mean,regulated_hg_one,3,2.398870313045879,2.398870313045879,-0.5350694444444457,1.8638008686014333,-0.26753472222222285,0.9319004343007167
paired_sensitivities,RDS,Ribera de Sió,recharge_next,hold_20,mean,regulated_hg_two,3,2.0341996642026325,2.0341996642026325,-0.5350694444444457,1.4991302197581866,-0.26753472222222285,0.7495651098790933
paired_sensitivities,RDS,Ribera de Sió,recharge_next,hold_20,mean,regulated_pm_one,3,2.441043099846993,2.441043099846993,-0.5350694444444457,1.905973655402547,-0.26753472222222285,0.9529868277012735
paired_sensitivities,RDS,Ribera de Sió,recharge_next,hold_20,mean,regulated_pm_two,3,2.0909711450765838,2.0909711450765838,-0.5350694444444457,1.555901700632138,-0.26753472222222285,0.777950850316069
paired_sensitivities,RDS,Ribera de Sió,recharge_next,blocks_10_20,end,regulated_hg_one,3,2.6638008686014327,2.6638008686014327,-0.7999999999999995,1.8638008686014333,-0.39999999999999974,0.9319004343007167
paired_sensitivities,RDS,Ribera de Sió,recharge_next,blocks_10_20,end,regulated_hg_two,3,2.299130219758186,2.299130219758186,-0.7999999999999995,1.4991302197581866,-0.39999999999999974,0.7495651098790933
paired_sensitivities,RDS,Ribera de Sió,recharge_next,blocks_10_20,end,regulated_pm_one,3,2.7059736554025466,2.7059736554025466,-0.7999999999999995,1.905973655402547,-0.39999999999999974,0.9529868277012735
paired_sensitivities,RDS,Ribera de Sió,recharge_next,blocks_10_20,end,regulated_pm_two,3,2.3559017006321374,2.3559017006321374,-0.7999999999999995,1.555901700632138,-0.39999999999999974,0.777950850316069
paired_sensitivities,RDS,Ribera de Sió,recharge_next,blocks_10_20,mean,regulated_hg_one,3,2.396439757490321,2.396439757490321,-0.5326388888888877,1.8638008686014333,-0.26631944444444383,0.9319004343007167
paired_sensitivities,RDS,Ribera de Sió,recharge_next,blocks_10_20,mean,regulated_hg_two,3,2.031769108647074,2.031769108647074,-0.5326388888888877,1.4991302197581866,-0.26631944444444383,0.7495651098790933
paired_sensitivities,RDS,Ribera de Sió,recharge_next,blocks_10_20,mean,regulated_pm_one,3,2.4386125442914346,2.4386125442914346,-0.5326388888888877,1.905973655402547,-0.26631944444444383,0.9529868277012735
paired_sensitivities,RDS,Ribera de Sió,recharge_next,blocks_10_20,mean,regulated_pm_two,3,2.0885405895210254,2.0885405895210254,-0.5326388888888877,1.555901700632138,-0.26631944444444383,0.777950850316069
paired_sensitivities,RDS,Ribera de Sió,recharge_day3,linear_5_20_50,end,regulated_hg_one,3,2.0578732078603403,2.0578732078603403,-0.6861111111111123,1.3717620967492279,-0.17152777777777808,0.34294052418730697
paired_sensitivities,RDS,Ribera de Sió,recharge_day3,linear_5_20_50,end,regulated_hg_two,3,1.6162040245913716,1.6162040245913716,-0.6861111111111123,0.9300929134802592,-0.17152777777777808,0.2325232283700648
paired_sensitivities,RDS,Ribera de Sió,recharge_day3,linear_5_20_50,end,regulated_pm_one,3,2.124955285908551,2.124955285908551,-0.6861111111111123,1.4388441747974385,-0.17152777777777808,0.35971104369935963
paired_sensitivities,RDS,Ribera de Sió,recharge_day3,linear_5_20_50,end,regulated_pm_two,3,1.6816778803717345,1.6816778803717345,-0.6861111111111123,0.9955667692606222,-0.17152777777777808,0.24889169231515554
paired_sensitivities,RDS,Ribera de Sió,recharge_day3,linear_5_20_50,mean,regulated_hg_one,3,1.9819472819344204,1.9819472819344204,-0.6101851851851924,1.3717620967492279,-0.1525462962962981,0.34294052418730697
paired_sensitivities,RDS,Ribera de Sió,recharge_day3,linear_5_20_50,mean,regulated_hg_two,3,1.5402780986654516,1.5402780986654516,-0.6101851851851924,0.9300929134802592,-0.1525462962962981,0.2325232283700648
paired_sensitivities,RDS,Ribera de Sió,recharge_day3,linear_5_20_50,mean,regulated_pm_one,3,2.049029359982631,2.049029359982631,-0.6101851851851924,1.4388441747974385,-0.1525462962962981,0.35971104369935963
paired_sensitivities,RDS,Ribera de Sió,recharge_day3,linear_5_20_50,mean,regulated_pm_two,3,1.6057519544458145,1.6057519544458145,-0.6101851851851924,0.9955667692606222,-0.1525462962962981,0.24889169231515554
paired_sensitivities,RDS,Ribera de Sió,recharge_day3,hold_20,end,regulated_hg_one,3,2.096762096749227,2.096762096749227,-0.7249999999999991,1.3717620967492279,-0.18124999999999977,0.34294052418730697
paired_sensitivities,RDS,Ribera de Sió,recharge_day3,hold_20,end,regulated_hg_two,3,1.6550929134802583,1.6550929134802583,-0.7249999999999991,0.9300929134802592,-0.18124999999999977,0.2325232283700648
paired_sensitivities,RDS,Ribera de Sió,recharge_day3,hold_20,end,regulated_pm_one,3,2.1638441747974375,2.1638441747974375,-0.7249999999999991,1.4388441747974385,-0.18124999999999977,0.35971104369935963
paired_sensitivities,RDS,Ribera de Sió,recharge_day3,hold_20,end,regulated_pm_two,3,1.7205667692606212,1.7205667692606212,-0.7249999999999991,0.9955667692606222,-0.18124999999999977,0.24889169231515554
paired_sensitivities,RDS,Ribera de Sió,recharge_day3,hold_20,mean,regulated_hg_one,3,2.0169009856381175,2.0169009856381175,-0.6451388888888895,1.3717620967492279,-0.16128472222222237,0.34294052418730697
paired_sensitivities,RDS,Ribera de Sió,recharge_day3,hold_20,mean,regulated_hg_two,3,1.5752318023691487,1.5752318023691487,-0.6451388888888895,0.9300929134802592,-0.16128472222222237,0.2325232283700648
paired_sensitivities,RDS,Ribera de Sió,recharge_day3,hold_20,mean,regulated_pm_one,3,2.083983063686328,2.083983063686328,-0.6451388888888895,1.4388441747974385,-0.16128472222222237,0.35971104369935963
paired_sensitivities,RDS,Ribera de Sió,recharge_day3,hold_20,mean,regulated_pm_two,3,1.6407056581495116,1.6407056581495116,-0.6451388888888895,0.9955667692606222,-0.16128472222222237,0.24889169231515554
paired_sensitivities,RDS,Ribera de Sió,recharge_day3,blocks_10_20,end,regulated_hg_one,3,2.1717620967492297,2.1717620967492297,-0.8000000000000019,1.3717620967492279,-0.20000000000000048,0.34294052418730697
paired_sensitivities,RDS,Ribera de Sió,recharge_day3,blocks_10_20,end,regulated_hg_two,3,1.7300929134802612,1.7300929134802612,-0.8000000000000019,0.9300929134802592,-0.20000000000000048,0.2325232283700648
paired_sensitivities,RDS,Ribera de Sió,recharge_day3,blocks_10_20,end,regulated_pm_one,3,2.2388441747974404,2.2388441747974404,-0.8000000000000019,1.4388441747974385,-0.20000000000000048,0.35971104369935963
paired_sensitivities,RDS,Ribera de Sió,recharge_day3,blocks_10_20,end,regulated_pm_two,3,1.795566769260624,1.795566769260624,-0.8000000000000019,0.9955667692606222,-0.20000000000000048,0.24889169231515554
paired_sensitivities,RDS,Ribera de Sió,recharge_day3,blocks_10_20,mean,regulated_hg_one,3,2.068289874527007,2.068289874527007,-0.6965277777777791,1.3717620967492279,-0.17413194444444477,0.34294052418730697
paired_sensitivities,RDS,Ribera de Sió,recharge_day3,blocks_10_20,mean,regulated_hg_two,3,1.6266206912580383,1.6266206912580383,-0.6965277777777791,0.9300929134802592,-0.17413194444444477,0.2325232283700648
paired_sensitivities,RDS,Ribera de Sió,recharge_day3,blocks_10_20,mean,regulated_pm_one,3,2.1353719525752175,2.1353719525752175,-0.6965277777777791,1.4388441747974385,-0.17413194444444477,0.35971104369935963
paired_sensitivities,RDS,Ribera de Sió,recharge_day3,blocks_10_20,mean,regulated_pm_two,3,1.6920945470384012,1.6920945470384012,-0.6965277777777791,0.9955667692606222,-0.17413194444444477,0.24889169231515554
paired_sensitivities,RDS,Ribera de Sió,drying5,linear_5_20_50,end,regulated_hg_one,1,0.014650723314948433,0.014650723314948433,0.6166666666666671,0.6313173899816156,0.12333333333333343,0.12626347799632312
paired_sensitivities,RDS,Ribera de Sió,drying5,linear_5_20_50,end,regulated_hg_two,1,0.12755014191831526,-0.12755014191831526,0.6166666666666671,0.4891165247483519,0.12333333333333343,0.09782330494967037
paired_sensitivities,RDS,Ribera de Sió,drying5,linear_5_20_50,end,regulated_pm_one,1,0.16807820846468147,0.16807820846468147,0.6166666666666671,0.7847448751313486,0.12333333333333343,0.15694897502626973
paired_sensitivities,RDS,Ribera de Sió,drying5,linear_5_20_50,end,regulated_pm_two,1,0.0029955666433655326,0.0029955666433655326,0.6166666666666671,0.6196622333100327,0.12333333333333343,0.12393244666200653
paired_sensitivities,RDS,Ribera de Sió,drying5,linear_5_20_50,mean,regulated_hg_one,1,0.29798405664827987,0.29798405664827987,0.3333333333333357,0.6313173899816156,0.06666666666666714,0.12626347799632312
paired_sensitivities,RDS,Ribera de Sió,drying5,linear_5_20_50,mean,regulated_hg_two,1,0.15578319141501618,0.15578319141501618,0.3333333333333357,0.4891165247483519,0.06666666666666714,0.09782330494967037
paired_sensitivities,RDS,Ribera de Sió,drying5,linear_5_20_50,mean,regulated_pm_one,1,0.4514115417980129,0.4514115417980129,0.3333333333333357,0.7847448751313486,0.06666666666666714,0.15694897502626973
paired_sensitivities,RDS,Ribera de Sió,drying5,linear_5_20_50,mean,regulated_pm_two,1,0.28632889997669697,0.28632889997669697,0.3333333333333357,0.6196622333100327,0.06666666666666714,0.12393244666200653
paired_sensitivities,RDS,Ribera de Sió,drying5,hold_20,end,regulated_hg_one,1,0.01868261001838656,-0.01868261001838656,0.6500000000000021,0.6313173899816156,0.13000000000000042,0.12626347799632312
paired_sensitivities,RDS,Ribera de Sió,drying5,hold_20,end,regulated_hg_two,1,0.16088347525165025,-0.16088347525165025,0.6500000000000021,0.4891165247483519,0.13000000000000042,0.09782330494967037
paired_sensitivities,RDS,Ribera de Sió,drying5,hold_20,end,regulated_pm_one,1,0.13474487513134648,0.13474487513134648,0.6500000000000021,0.7847448751313486,0.13000000000000042,0.15694897502626973
paired_sensitivities,RDS,Ribera de Sió,drying5,hold_20,end,regulated_pm_two,1,0.03033776668996946,-0.03033776668996946,0.6500000000000021,0.6196622333100327,0.13000000000000042,0.12393244666200653
paired_sensitivities,RDS,Ribera de Sió,drying5,hold_20,mean,regulated_hg_one,1,0.30110905664828413,0.30110905664828413,0.33020833333333144,0.6313173899816156,0.06604166666666629,0.12626347799632312
paired_sensitivities,RDS,Ribera de Sió,drying5,hold_20,mean,regulated_hg_two,1,0.15890819141502044,0.15890819141502044,0.33020833333333144,0.4891165247483519,0.06604166666666629,0.09782330494967037
paired_sensitivities,RDS,Ribera de Sió,drying5,hold_20,mean,regulated_pm_one,1,0.45453654179801717,0.45453654179801717,0.33020833333333144,0.7847448751313486,0.06604166666666629,0.15694897502626973
paired_sensitivities,RDS,Ribera de Sió,drying5,hold_20,mean,regulated_pm_two,1,0.28945389997670123,0.28945389997670123,0.33020833333333144,0.6196622333100327,0.06604166666666629,0.12393244666200653
paired_sensitivities,RDS,Ribera de Sió,drying5,blocks_10_20,end,regulated_hg_one,1,0.06868261001838016,-0.06868261001838016,0.6999999999999957,0.6313173899816156,0.13999999999999915,0.12626347799632312
paired_sensitivities,RDS,Ribera de Sió,drying5,blocks_10_20,end,regulated_hg_two,1,0.21088347525164386,-0.21088347525164386,0.6999999999999957,0.4891165247483519,0.13999999999999915,0.09782330494967037
paired_sensitivities,RDS,Ribera de Sió,drying5,blocks_10_20,end,regulated_pm_one,1,0.08474487513135287,0.08474487513135287,0.6999999999999957,0.7847448751313486,0.13999999999999915,0.15694897502626973
paired_sensitivities,RDS,Ribera de Sió,drying5,blocks_10_20,end,regulated_pm_two,1,0.08033776668996306,-0.08033776668996306,0.6999999999999957,0.6196622333100327,0.13999999999999915,0.12393244666200653
paired_sensitivities,RDS,Ribera de Sió,drying5,blocks_10_20,mean,regulated_hg_one,1,0.27090072331494985,0.27090072331494985,0.3604166666666657,0.6313173899816156,0.07208333333333314,0.12626347799632312
paired_sensitivities,RDS,Ribera de Sió,drying5,blocks_10_20,mean,regulated_hg_two,1,0.12869985808168616,0.12869985808168616,0.3604166666666657,0.4891165247483519,0.07208333333333314,0.09782330494967037
paired_sensitivities,RDS,Ribera de Sió,drying5,blocks_10_20,mean,regulated_pm_one,1,0.4243282084646829,0.4243282084646829,0.3604166666666657,0.7847448751313486,0.07208333333333314,0.15694897502626973
paired_sensitivities,RDS,Ribera de Sió,drying5,blocks_10_20,mean,regulated_pm_two,1,0.25924556664336695,0.25924556664336695,0.3604166666666657,0.6196622333100327,0.07208333333333314,0.12393244666200653
paired_sensitivities,CDLP,Clot de Les Peres,daily,linear_5_20_50,end,regulated_hg_one,14,0.3636440697040528,0.07308241778591608,-0.8026819642857141,-0.7295995464997981,-0.8026819642857141,-0.7295995464997981
paired_sensitivities,CDLP,Clot de Les Peres,daily,linear_5_20_50,end,regulated_hg_two,14,0.3717258263807087,0.11639732836774239,-0.8026819642857141,-0.6862846359179717,-0.8026819642857141,-0.6862846359179717
paired_sensitivities,CDLP,Clot de Les Peres,daily,linear_5_20_50,end,regulated_pm_one,14,0.36643957754853723,0.034910230909926,-0.8026819642857141,-0.7677717333757882,-0.8026819642857141,-0.7677717333757882
paired_sensitivities,CDLP,Clot de Les Peres,daily,linear_5_20_50,end,regulated_pm_two,14,0.3854309456286728,0.08367856882799465,-0.8026819642857141,-0.7190033954577195,-0.8026819642857141,-0.7190033954577195
paired_sensitivities,CDLP,Clot de Les Peres,daily,linear_5_20_50,mean,regulated_hg_one,14,0.3094940505507386,0.2183179993831386,-0.9479175458829366,-0.7295995464997981,-0.9479175458829366,-0.7295995464997981
paired_sensitivities,CDLP,Clot de Les Peres,daily,linear_5_20_50,mean,regulated_hg_two,14,0.3542003551940825,0.2616329099649649,-0.9479175458829366,-0.6862846359179717,-0.9479175458829366,-0.6862846359179717
paired_sensitivities,CDLP,Clot de Les Peres,daily,linear_5_20_50,mean,regulated_pm_one,14,0.3089870826236065,0.1801458125071485,-0.9479175458829366,-0.7677717333757882,-0.9479175458829366,-0.7677717333757882
paired_sensitivities,CDLP,Clot de Les Peres,daily,linear_5_20_50,mean,regulated_pm_two,14,0.3583014305146872,0.22891415042521715,-0.9479175458829366,-0.7190033954577195,-0.9479175458829366,-0.7190033954577195
paired_sensitivities,CDLP,Clot de Les Peres,daily,hold_20,end,regulated_hg_one,14,0.3871341887516745,0.12507277492877383,-0.8546723214285719,-0.7295995464997981,-0.8546723214285719,-0.7295995464997981
paired_sensitivities,CDLP,Clot de Les Peres,daily,hold_20,end,regulated_hg_two,14,0.39900880257118765,0.16838768551060013,-0.8546723214285719,-0.6862846359179717,-0.8546723214285719,-0.6862846359179717
paired_sensitivities,CDLP,Clot de Les Peres,daily,hold_20,end,regulated_pm_one,14,0.3899296965961589,0.08690058805278375,-0.8546723214285719,-0.7677717333757882,-0.8546723214285719,-0.7677717333757882
paired_sensitivities,CDLP,Clot de Les Peres,daily,hold_20,end,regulated_pm_two,14,0.40633221071728115,0.1356689259708524,-0.8546723214285719,-0.7190033954577195,-0.8546723214285719,-0.7190033954577195
paired_sensitivities,CDLP,Clot de Les Peres,daily,hold_20,mean,regulated_hg_one,14,0.3519170972786794,0.2795880465061543,-1.0091875930059524,-0.7295995464997981,-1.0091875930059524,-0.7295995464997981
paired_sensitivities,CDLP,Clot de Les Peres,daily,hold_20,mean,regulated_hg_two,14,0.3857608933885251,0.3229029570879806,-1.0091875930059524,-0.6862846359179717,-1.0091875930059524,-0.6862846359179717
paired_sensitivities,CDLP,Clot de Les Peres,daily,hold_20,mean,regulated_pm_one,14,0.3389283388888336,0.24141585963016424,-1.0091875930059524,-0.7677717333757882,-1.0091875930059524,-0.7677717333757882
paired_sensitivities,CDLP,Clot de Les Peres,daily,hold_20,mean,regulated_pm_two,14,0.3898619687091298,0.2901841975482329,-1.0091875930059524,-0.7190033954577195,-1.0091875930059524,-0.7190033954577195
paired_sensitivities,CDLP,Clot de Les Peres,daily,blocks_10_20,end,regulated_hg_one,14,0.38775091664585454,0.12496259635734479,-0.8545621428571428,-0.7295995464997981,-0.8545621428571428,-0.7295995464997981
paired_sensitivities,CDLP,Clot de Les Peres,daily,blocks_10_20,end,regulated_hg_two,14,0.38313469542832906,0.1682775069391711,-0.8545621428571428,-0.6862846359179717,-0.8545621428571428,-0.6862846359179717
paired_sensitivities,CDLP,Clot de Les Peres,daily,blocks_10_20,end,regulated_pm_one,14,0.37574026731643173,0.08679040948135472,-0.8545621428571428,-0.7677717333757882,-0.8545621428571428,-0.7677717333757882
paired_sensitivities,CDLP,Clot de Les Peres,daily,blocks_10_20,end,regulated_pm_two,14,0.3854563243330923,0.13555874739942336,-0.8545621428571428,-0.7190033954577195,-0.8545621428571428,-0.7190033954577195
paired_sensitivities,CDLP,Clot de Les Peres,daily,blocks_10_20,mean,regulated_hg_one,14,0.33382154296320293,0.28483374219067825,-1.0144332886904763,-0.7295995464997981,-1.0144332886904763,-0.7295995464997981
paired_sensitivities,CDLP,Clot de Les Peres,daily,blocks_10_20,mean,regulated_hg_two,14,0.3627810513491205,0.32814865277250455,-1.0144332886904763,-0.6862846359179717,-1.0144332886904763,-0.6862846359179717
paired_sensitivities,CDLP,Clot de Les Peres,daily,blocks_10_20,mean,regulated_pm_one,14,0.3100158574470841,0.2466615553146882,-1.0144332886904763,-0.7677717333757882,-1.0144332886904763,-0.7677717333757882
paired_sensitivities,CDLP,Clot de Les Peres,daily,blocks_10_20,mean,regulated_pm_two,14,0.3541075155841305,0.2954298932327568,-1.0144332886904763,-0.7190033954577195,-1.0144332886904763,-0.7190033954577195
paired_sensitivities,CDLP,Clot de Les Peres,drying5,linear_5_20_50,end,regulated_hg_one,1,0.4676826511073333,-0.4676826511073333,4.57362333333333,4.105940682225997,0.9147246666666661,0.8211881364451994
paired_sensitivities,CDLP,Clot de Les Peres,drying5,linear_5_20_50,end,regulated_hg_two,1,0.4481486618126205,-0.4481486618126205,4.57362333333333,4.12547467152071,0.9147246666666661,0.8250949343041419
paired_sensitivities,CDLP,Clot de Les Peres,drying5,linear_5_20_50,end,regulated_pm_one,1,0.22976130824173246,-0.22976130824173246,4.57362333333333,4.343862025091598,0.9147246666666661,0.8687724050183195
paired_sensitivities,CDLP,Clot de Les Peres,drying5,linear_5_20_50,end,regulated_pm_two,1,0.226949303237312,-0.226949303237312,4.57362333333333,4.346674030096018,0.9147246666666661,0.8693348060192037
paired_sensitivities,CDLP,Clot de Les Peres,drying5,linear_5_20_50,mean,regulated_hg_one,1,0.08318039416289658,-0.08318039416289658,4.1891210763888935,4.105940682225997,0.8378242152777787,0.8211881364451994
paired_sensitivities,CDLP,Clot de Les Peres,drying5,linear_5_20_50,mean,regulated_hg_two,1,0.06364640486818374,-0.06364640486818374,4.1891210763888935,4.12547467152071,0.8378242152777787,0.8250949343041419
paired_sensitivities,CDLP,Clot de Les Peres,drying5,linear_5_20_50,mean,regulated_pm_one,1,0.15474094870270427,0.15474094870270427,4.1891210763888935,4.343862025091598,0.8378242152777787,0.8687724050183195
paired_sensitivities,CDLP,Clot de Les Peres,drying5,linear_5_20_50,mean,regulated_pm_two,1,0.15755295370712474,0.15755295370712474,4.1891210763888935,4.346674030096018,0.8378242152777787,0.8693348060192037
paired_sensitivities,CDLP,Clot de Les Peres,drying5,hold_20,end,regulated_hg_one,1,0.7888843177740075,-0.7888843177740075,4.894825000000004,4.105940682225997,0.9789650000000009,0.8211881364451994
paired_sensitivities,CDLP,Clot de Les Peres,drying5,hold_20,end,regulated_hg_two,1,0.7693503284792946,-0.7693503284792946,4.894825000000004,4.12547467152071,0.9789650000000009,0.8250949343041419
paired_sensitivities,CDLP,Clot de Les Peres,drying5,hold_20,end,regulated_pm_one,1,0.5509629749084066,-0.5509629749084066,4.894825000000004,4.343862025091598,0.9789650000000009,0.8687724050183195
paired_sensitivities,CDLP,Clot de Les Peres,drying5,hold_20,end,regulated_pm_two,1,0.5481509699039862,-0.5481509699039862,4.894825000000004,4.346674030096018,0.9789650000000009,0.8693348060192037
paired_sensitivities,CDLP,Clot de Les Peres,drying5,hold_20,mean,regulated_hg_one,1,0.4091212969406701,-0.4091212969406701,4.515061979166667,4.105940682225997,0.9030123958333334,0.8211881364451994
paired_sensitivities,CDLP,Clot de Les Peres,drying5,hold_20,mean,regulated_hg_two,1,0.3895873076459573,-0.3895873076459573,4.515061979166667,4.12547467152071,0.9030123958333334,0.8250949343041419
paired_sensitivities,CDLP,Clot de Les Peres,drying5,hold_20,mean,regulated_pm_one,1,0.17119995407506927,-0.17119995407506927,4.515061979166667,4.343862025091598,0.9030123958333334,0.8687724050183195
paired_sensitivities,CDLP,Clot de Les Peres,drying5,hold_20,mean,regulated_pm_two,1,0.1683879490706488,-0.1683879490706488,4.515061979166667,4.346674030096018,0.9030123958333334,0.8693348060192037
paired_sensitivities,CDLP,Clot de Les Peres,drying5,blocks_10_20,end,regulated_hg_one,1,0.8108393177740059,-0.8108393177740059,4.916780000000003,4.105940682225997,0.9833560000000006,0.8211881364451994
paired_sensitivities,CDLP,Clot de Les Peres,drying5,blocks_10_20,end,regulated_hg_two,1,0.791305328479293,-0.791305328479293,4.916780000000003,4.12547467152071,0.9833560000000006,0.8250949343041419
paired_sensitivities,CDLP,Clot de Les Peres,drying5,blocks_10_20,end,regulated_pm_one,1,0.572917974908405,-0.572917974908405,4.916780000000003,4.343862025091598,0.9833560000000006,0.8687724050183195
paired_sensitivities,CDLP,Clot de Les Peres,drying5,blocks_10_20,end,regulated_pm_two,1,0.5701059699039845,-0.5701059699039845,4.916780000000003,4.346674030096018,0.9833560000000006,0.8693348060192037
paired_sensitivities,CDLP,Clot de Les Peres,drying5,blocks_10_20,mean,regulated_hg_one,1,0.5978164011073392,-0.5978164011073392,4.703757083333336,4.105940682225997,0.9407514166666673,0.8211881364451994
paired_sensitivities,CDLP,Clot de Les Peres,drying5,blocks_10_20,mean,regulated_hg_two,1,0.5782824118126264,-0.5782824118126264,4.703757083333336,4.12547467152071,0.9407514166666673,0.8250949343041419
paired_sensitivities,CDLP,Clot de Les Peres,drying5,blocks_10_20,mean,regulated_pm_one,1,0.3598950582417384,-0.3598950582417384,4.703757083333336,4.343862025091598,0.9407514166666673,0.8687724050183195
paired_sensitivities,CDLP,Clot de Les Peres,drying5,blocks_10_20,mean,regulated_pm_two,1,0.3570830532373179,-0.3570830532373179,4.703757083333336,4.346674030096018,0.9407514166666673,0.8693348060192037
paired_sensitivities,SCA,Serra de Costa Ampla,daily,linear_5_20_50,end,regulated_hg_one,59,1.2872229582166004,0.07340198992358905,-0.056638418079095955,0.01676357184449309,-0.056638418079095955,0.01676357184449309
paired_sensitivities,SCA,Serra de Costa Ampla,daily,linear_5_20_50,end,regulated_hg_two,59,1.2488650195758582,0.07984835086385347,-0.056638418079095955,0.02320993278475751,-0.056638418079095955,0.02320993278475751
paired_sensitivities,SCA,Serra de Costa Ampla,daily,linear_5_20_50,end,regulated_pm_one,59,1.2996439770459431,0.07003691229682106,-0.056638418079095955,0.013398494217725113,-0.056638418079095955,0.013398494217725113
paired_sensitivities,SCA,Serra de Costa Ampla,daily,linear_5_20_50,end,regulated_pm_two,59,1.2615722656627946,0.07659696987922934,-0.056638418079095955,0.01995855180013338,-0.056638418079095955,0.01995855180013338
paired_sensitivities,SCA,Serra de Costa Ampla,daily,linear_5_20_50,mean,regulated_hg_one,59,1.2631515191949607,0.07048885433036883,-0.05372528248587574,0.01676357184449309,-0.05372528248587574,0.01676357184449309
paired_sensitivities,SCA,Serra de Costa Ampla,daily,linear_5_20_50,mean,regulated_hg_two,59,1.2257501832387503,0.07693521527063325,-0.05372528248587574,0.02320993278475751,-0.05372528248587574,0.02320993278475751
paired_sensitivities,SCA,Serra de Costa Ampla,daily,linear_5_20_50,mean,regulated_pm_one,59,1.2719199920765816,0.06712377670360085,-0.05372528248587574,0.013398494217725113,-0.05372528248587574,0.013398494217725113
paired_sensitivities,SCA,Serra de Costa Ampla,daily,linear_5_20_50,mean,regulated_pm_two,59,1.2345693377363318,0.07368383428600912,-0.05372528248587574,0.01995855180013338,-0.05372528248587574,0.01995855180013338
paired_sensitivities,SCA,Serra de Costa Ampla,daily,hold_20,end,regulated_hg_one,59,1.2981890783166592,0.07396696167500157,-0.057203389830508475,0.01676357184449309,-0.057203389830508475,0.01676357184449309
paired_sensitivities,SCA,Serra de Costa Ampla,daily,hold_20,end,regulated_hg_two,59,1.2601644546041062,0.08041332261526599,-0.057203389830508475,0.02320993278475751,-0.057203389830508475,0.02320993278475751
paired_sensitivities,SCA,Serra de Costa Ampla,daily,hold_20,end,regulated_pm_one,59,1.3116076723380632,0.07060188404823359,-0.057203389830508475,0.013398494217725113,-0.057203389830508475,0.013398494217725113
paired_sensitivities,SCA,Serra de Costa Ampla,daily,hold_20,end,regulated_pm_two,59,1.2728717006910426,0.07716194163064186,-0.057203389830508475,0.01995855180013338,-0.057203389830508475,0.01995855180013338
paired_sensitivities,SCA,Serra de Costa Ampla,daily,hold_20,mean,regulated_hg_one,59,1.270919880776881,0.07115975828517121,-0.05439618644067811,0.01676357184449309,-0.05439618644067811,0.01676357184449309
paired_sensitivities,SCA,Serra de Costa Ampla,daily,hold_20,mean,regulated_hg_two,59,1.2349704647149007,0.07760611922543562,-0.05439618644067811,0.02320993278475751,-0.05439618644067811,0.02320993278475751
paired_sensitivities,SCA,Serra de Costa Ampla,daily,hold_20,mean,regulated_pm_one,59,1.2796883536585018,0.06779468065840323,-0.05439618644067811,0.013398494217725113,-0.05439618644067811,0.013398494217725113
paired_sensitivities,SCA,Serra de Costa Ampla,daily,hold_20,mean,regulated_pm_two,59,1.2449178025802754,0.0743547382408115,-0.05439618644067811,0.01995855180013338,-0.05439618644067811,0.01995855180013338
paired_sensitivities,SCA,Serra de Costa Ampla,daily,blocks_10_20,end,regulated_hg_one,59,1.2742022131140551,0.0726957752343238,-0.0559322033898307,0.01676357184449309,-0.0559322033898307,0.01676357184449309
paired_sensitivities,SCA,Serra de Costa Ampla,daily,blocks_10_20,end,regulated_hg_two,59,1.239653702197,0.0791421361745882,-0.0559322033898307,0.02320993278475751,-0.0559322033898307,0.02320993278475751
paired_sensitivities,SCA,Serra de Costa Ampla,daily,blocks_10_20,end,regulated_pm_one,59,1.2884857849555482,0.06933069760755581,-0.0559322033898307,0.013398494217725113,-0.0559322033898307,0.013398494217725113
paired_sensitivities,SCA,Serra de Costa Ampla,daily,blocks_10_20,end,regulated_pm_two,59,1.2528035005722151,0.07589075518996409,-0.0559322033898307,0.01995855180013338,-0.0559322033898307,0.01995855180013338
paired_sensitivities,SCA,Serra de Costa Ampla,daily,blocks_10_20,mean,regulated_hg_one,59,1.2643596031589712,0.07004747014957803,-0.05328389830508494,0.01676357184449309,-0.05328389830508494,0.01676357184449309
paired_sensitivities,SCA,Serra de Costa Ampla,daily,blocks_10_20,mean,regulated_hg_two,59,1.2320749844889125,0.07649383108984245,-0.05328389830508494,0.02320993278475751,-0.05328389830508494,0.02320993278475751
paired_sensitivities,SCA,Serra de Costa Ampla,daily,blocks_10_20,mean,regulated_pm_one,59,1.2743401357083008,0.06668239252281005,-0.05328389830508494,0.013398494217725113,-0.05328389830508494,0.013398494217725113
paired_sensitivities,SCA,Serra de Costa Ampla,daily,blocks_10_20,mean,regulated_pm_two,59,1.2420223223542872,0.07324245010521832,-0.05328389830508494,0.01995855180013338,-0.05328389830508494,0.01995855180013338
paired_sensitivities,SCA,Serra de Costa Ampla,recharge_next,linear_5_20_50,end,regulated_hg_one,3,4.905040577160409,4.905040577160409,2.241666666666658,7.146707243827066,1.1841666666666621,3.4168845711428855
paired_sensitivities,SCA,Serra de Costa Ampla,recharge_next,linear_5_20_50,end,regulated_hg_two,3,4.571033338481641,4.571033338481641,2.241666666666658,6.812700005148299,1.1841666666666621,3.3253638210417087
paired_sensitivities,SCA,Serra de Costa Ampla,recharge_next,linear_5_20_50,end,regulated_pm_one,3,5.024928449120685,5.024928449120685,2.241666666666658,7.266595115787342,1.1841666666666621,3.485575940341618
paired_sensitivities,SCA,Serra de Costa Ampla,recharge_next,linear_5_20_50,end,regulated_pm_two,3,4.694570878740059,4.694570878740059,2.241666666666658,6.936237545406717,1.1841666666666621,3.397029803054263
paired_sensitivities,SCA,Serra de Costa Ampla,recharge_next,linear_5_20_50,mean,regulated_hg_one,3,4.926047521604842,4.926047521604842,2.220659722222225,7.146707243827066,1.1562673611111127,3.4168845711428855
paired_sensitivities,SCA,Serra de Costa Ampla,recharge_next,linear_5_20_50,mean,regulated_hg_two,3,4.592040282926074,4.592040282926074,2.220659722222225,6.812700005148299,1.1562673611111127,3.3253638210417087
paired_sensitivities,SCA,Serra de Costa Ampla,recharge_next,linear_5_20_50,mean,regulated_pm_one,3,5.0459353935651166,5.0459353935651166,2.220659722222225,7.266595115787342,1.1562673611111127,3.485575940341618
paired_sensitivities,SCA,Serra de Costa Ampla,recharge_next,linear_5_20_50,mean,regulated_pm_two,3,4.715577823184492,4.715577823184492,2.220659722222225,6.936237545406717,1.1562673611111127,3.397029803054263
paired_sensitivities,SCA,Serra de Costa Ampla,recharge_next,hold_20,end,regulated_hg_one,3,4.788373910493732,4.788373910493732,2.3583333333333343,7.146707243827066,1.244166666666667,3.4168845711428855
paired_sensitivities,SCA,Serra de Costa Ampla,recharge_next,hold_20,end,regulated_hg_two,3,4.454366671814965,4.454366671814965,2.3583333333333343,6.812700005148299,1.244166666666667,3.3253638210417087
paired_sensitivities,SCA,Serra de Costa Ampla,recharge_next,hold_20,end,regulated_pm_one,3,4.908261782454008,4.908261782454008,2.3583333333333343,7.266595115787342,1.244166666666667,3.485575940341618
paired_sensitivities,SCA,Serra de Costa Ampla,recharge_next,hold_20,end,regulated_pm_two,3,4.577904212073383,4.577904212073383,2.3583333333333343,6.936237545406717,1.244166666666667,3.397029803054263
paired_sensitivities,SCA,Serra de Costa Ampla,recharge_next,hold_20,mean,regulated_hg_one,3,4.79028363271596,4.79028363271596,2.3564236111111065,7.146707243827066,1.224670138888887,3.4168845711428855
paired_sensitivities,SCA,Serra de Costa Ampla,recharge_next,hold_20,mean,regulated_hg_two,3,4.456276394037192,4.456276394037192,2.3564236111111065,6.812700005148299,1.224670138888887,3.3253638210417087
paired_sensitivities,SCA,Serra de Costa Ampla,recharge_next,hold_20,mean,regulated_pm_one,3,4.910171504676235,4.910171504676235,2.3564236111111065,7.266595115787342,1.224670138888887,3.485575940341618
paired_sensitivities,SCA,Serra de Costa Ampla,recharge_next,hold_20,mean,regulated_pm_two,3,4.57981393429561,4.57981393429561,2.3564236111111065,6.936237545406717,1.224670138888887,3.397029803054263
paired_sensitivities,SCA,Serra de Costa Ampla,recharge_next,blocks_10_20,end,regulated_hg_one,3,4.480040577160409,4.480040577160409,2.666666666666657,7.146707243827066,1.4033333333333289,3.4168845711428855
paired_sensitivities,SCA,Serra de Costa Ampla,recharge_next,blocks_10_20,end,regulated_hg_two,3,4.146033338481642,4.146033338481642,2.666666666666657,6.812700005148299,1.4033333333333289,3.3253638210417087
paired_sensitivities,SCA,Serra de Costa Ampla,recharge_next,blocks_10_20,end,regulated_pm_one,3,4.599928449120685,4.599928449120685,2.666666666666657,7.266595115787342,1.4033333333333289,3.485575940341618
paired_sensitivities,SCA,Serra de Costa Ampla,recharge_next,blocks_10_20,end,regulated_pm_two,3,4.26957087874006,4.26957087874006,2.666666666666657,6.936237545406717,1.4033333333333289,3.397029803054263
paired_sensitivities,SCA,Serra de Costa Ampla,recharge_next,blocks_10_20,mean,regulated_hg_one,3,4.4265683549381745,4.4265683549381745,2.720138888888892,7.146707243827066,1.4061111111111122,3.4168845711428855
paired_sensitivities,SCA,Serra de Costa Ampla,recharge_next,blocks_10_20,mean,regulated_hg_two,3,4.092561116259406,4.092561116259406,2.720138888888892,6.812700005148299,1.4061111111111122,3.3253638210417087
paired_sensitivities,SCA,Serra de Costa Ampla,recharge_next,blocks_10_20,mean,regulated_pm_one,3,4.546456226898449,4.546456226898449,2.720138888888892,7.266595115787342,1.4061111111111122,3.485575940341618
paired_sensitivities,SCA,Serra de Costa Ampla,recharge_next,blocks_10_20,mean,regulated_pm_two,3,4.216098656517825,4.216098656517825,2.720138888888892,6.936237545406717,1.4061111111111122,3.397029803054263
paired_sensitivities,SCA,Serra de Costa Ampla,recharge_day3,linear_5_20_50,end,regulated_hg_one,3,1.7932484942246485,1.6801931607654732,3.1361111111111106,4.816304271876584,0.7762896825396823,1.2023945084520777
paired_sensitivities,SCA,Serra de Costa Ampla,recharge_day3,linear_5_20_50,end,regulated_hg_two,3,1.8761040300232312,1.3489601555002375,3.1361111111111106,4.485071266611348,0.7762896825396823,1.1417695718356164
paired_sensitivities,SCA,Serra de Costa Ampla,recharge_day3,linear_5_20_50,end,regulated_pm_one,3,1.6687448804170333,1.4861099956333932,3.1361111111111106,4.622221106744504,0.7762896825396823,1.1576011931328685
paired_sensitivities,SCA,Serra de Costa Ampla,recharge_day3,linear_5_20_50,end,regulated_pm_two,3,1.732369522186567,1.1491303683244671,3.1361111111111106,4.2852414794355775,0.7762896825396823,1.094817229291983
paired_sensitivities,SCA,Serra de Costa Ampla,recharge_day3,linear_5_20_50,mean,regulated_hg_one,3,2.0372878460765067,1.9443714015062208,2.871932870370363,4.816304271876584,0.7113239914021146,1.2023945084520777
paired_sensitivities,SCA,Serra de Costa Ampla,recharge_day3,linear_5_20_50,mean,regulated_hg_two,3,2.1201433818750894,1.613138396240985,2.871932870370363,4.485071266611348,0.7113239914021146,1.1417695718356164
paired_sensitivities,SCA,Serra de Costa Ampla,recharge_day3,linear_5_20_50,mean,regulated_pm_one,3,1.9127842322688913,1.7502882363741408,2.871932870370363,4.622221106744504,0.7113239914021146,1.1576011931328685
paired_sensitivities,SCA,Serra de Costa Ampla,recharge_day3,linear_5_20_50,mean,regulated_pm_two,3,1.9764088740384251,1.4133086090652147,2.871932870370363,4.2852414794355775,0.7113239914021146,1.094817229291983
paired_sensitivities,SCA,Serra de Costa Ampla,recharge_day3,hold_20,end,regulated_hg_one,3,1.6765818275579814,1.541304271876585,3.2749999999999986,4.816304271876584,0.8098214285714282,1.2023945084520777
paired_sensitivities,SCA,Serra de Costa Ampla,recharge_day3,hold_20,end,regulated_hg_two,3,1.759437363356564,1.2100712666113493,3.2749999999999986,4.485071266611348,0.8098214285714282,1.1417695718356164
paired_sensitivities,SCA,Serra de Costa Ampla,recharge_day3,hold_20,end,regulated_pm_one,3,1.5520782137503661,1.3472211067445052,3.2749999999999986,4.622221106744504,0.8098214285714282,1.1576011931328685
paired_sensitivities,SCA,Serra de Costa Ampla,recharge_day3,hold_20,end,regulated_pm_two,3,1.6157028555198998,1.010241479435579,3.2749999999999986,4.2852414794355775,0.8098214285714282,1.094817229291983
paired_sensitivities,SCA,Serra de Costa Ampla,recharge_day3,hold_20,mean,regulated_hg_one,3,1.9347415497802103,1.8175195496543675,2.9987847222222164,4.816304271876584,0.7417348710317444,1.2023945084520777
paired_sensitivities,SCA,Serra de Costa Ampla,recharge_day3,hold_20,mean,regulated_hg_two,3,2.0175970855787932,1.4862865443891318,2.9987847222222164,4.485071266611348,0.7417348710317444,1.1417695718356164
paired_sensitivities,SCA,Serra de Costa Ampla,recharge_day3,hold_20,mean,regulated_pm_one,3,1.810237935972595,1.6234363845222874,2.9987847222222164,4.622221106744504,0.7417348710317444,1.1576011931328685
paired_sensitivities,SCA,Serra de Costa Ampla,recharge_day3,hold_20,mean,regulated_pm_two,3,1.873862577742129,1.2864567572133614,2.9987847222222164,4.2852414794355775,0.7417348710317444,1.094817229291983
paired_sensitivities,SCA,Serra de Costa Ampla,recharge_day3,blocks_10_20,end,regulated_hg_one,3,1.4182484942246532,1.3163042718765883,3.499999999999995,4.816304271876584,0.8678571428571416,1.2023945084520777
paired_sensitivities,SCA,Serra de Costa Ampla,recharge_day3,blocks_10_20,end,regulated_hg_two,3,1.501104030023236,0.9850712666113527,3.499999999999995,4.485071266611348,0.8678571428571416,1.1417695718356164
paired_sensitivities,SCA,Serra de Costa Ampla,recharge_day3,blocks_10_20,end,regulated_pm_one,3,1.293744880417038,1.1222211067445085,3.499999999999995,4.622221106744504,0.8678571428571416,1.1576011931328685
paired_sensitivities,SCA,Serra de Costa Ampla,recharge_day3,blocks_10_20,end,regulated_pm_two,3,1.3573695221865718,0.7852414794355823,3.499999999999995,4.2852414794355775,0.8678571428571416,1.094817229291983
paired_sensitivities,SCA,Serra de Costa Ampla,recharge_day3,blocks_10_20,mean,regulated_hg_one,3,1.691859605335757,1.5801931607654693,3.2361111111111143,4.816304271876584,0.8013640873015879,1.2023945084520777
paired_sensitivities,SCA,Serra de Costa Ampla,recharge_day3,blocks_10_20,mean,regulated_hg_two,3,1.7747151411343398,1.2489601555002336,3.2361111111111143,4.485071266611348,0.8013640873015879,1.1417695718356164
paired_sensitivities,SCA,Serra de Costa Ampla,recharge_day3,blocks_10_20,mean,regulated_pm_one,3,1.5673559915281419,1.3861099956333895,3.2361111111111143,4.622221106744504,0.8013640873015879,1.1576011931328685
paired_sensitivities,SCA,Serra de Costa Ampla,recharge_day3,blocks_10_20,mean,regulated_pm_two,3,1.6309806332976755,1.0491303683244633,3.2361111111111143,4.2852414794355775,0.8013640873015879,1.094817229291983
paired_sensitivities,SCA,Serra de Costa Ampla,drying5,linear_5_20_50,end,regulated_hg_one,1,6.733362795049819,6.733362795049819,1.2666666666666657,8.000029461716485,0.25333333333333313,1.600005892343297
paired_sensitivities,SCA,Serra de Costa Ampla,drying5,linear_5_20_50,end,regulated_hg_two,1,6.414038515639387,6.414038515639387,1.2666666666666657,7.680705182306053,0.25333333333333313,1.5361410364612105
paired_sensitivities,SCA,Serra de Costa Ampla,drying5,linear_5_20_50,end,regulated_pm_one,1,6.8765879588754295,6.8765879588754295,1.2666666666666657,8.143254625542095,0.25333333333333313,1.6286509251084191
paired_sensitivities,SCA,Serra de Costa Ampla,drying5,linear_5_20_50,end,regulated_pm_two,1,6.448603396891048,6.448603396891048,1.2666666666666657,7.715270063557714,0.25333333333333313,1.5430540127115429
paired_sensitivities,SCA,Serra de Costa Ampla,drying5,linear_5_20_50,mean,regulated_hg_one,1,7.436140572827602,7.436140572827602,0.5638888888888829,8.000029461716485,0.11277777777777657,1.600005892343297
paired_sensitivities,SCA,Serra de Costa Ampla,drying5,linear_5_20_50,mean,regulated_hg_two,1,7.11681629341717,7.11681629341717,0.5638888888888829,7.680705182306053,0.11277777777777657,1.5361410364612105
paired_sensitivities,SCA,Serra de Costa Ampla,drying5,linear_5_20_50,mean,regulated_pm_one,1,7.579365736653212,7.579365736653212,0.5638888888888829,8.143254625542095,0.11277777777777657,1.6286509251084191
paired_sensitivities,SCA,Serra de Costa Ampla,drying5,linear_5_20_50,mean,regulated_pm_two,1,7.151381174668831,7.151381174668831,0.5638888888888829,7.715270063557714,0.11277777777777657,1.5430540127115429
paired_sensitivities,SCA,Serra de Costa Ampla,drying5,hold_20,end,regulated_hg_one,1,6.600029461716494,6.600029461716494,1.3999999999999915,8.000029461716485,0.2799999999999983,1.600005892343297
paired_sensitivities,SCA,Serra de Costa Ampla,drying5,hold_20,end,regulated_hg_two,1,6.280705182306061,6.280705182306061,1.3999999999999915,7.680705182306053,0.2799999999999983,1.5361410364612105
paired_sensitivities,SCA,Serra de Costa Ampla,drying5,hold_20,end,regulated_pm_one,1,6.743254625542104,6.743254625542104,1.3999999999999915,8.143254625542095,0.2799999999999983,1.6286509251084191
paired_sensitivities,SCA,Serra de Costa Ampla,drying5,hold_20,end,regulated_pm_two,1,6.315270063557723,6.315270063557723,1.3999999999999915,7.715270063557714,0.2799999999999983,1.5430540127115429
paired_sensitivities,SCA,Serra de Costa Ampla,drying5,hold_20,mean,regulated_hg_one,1,7.323987795049822,7.323987795049822,0.6760416666666629,8.000029461716485,0.13520833333333257,1.600005892343297
paired_sensitivities,SCA,Serra de Costa Ampla,drying5,hold_20,mean,regulated_hg_two,1,7.00466351563939,7.00466351563939,0.6760416666666629,7.680705182306053,0.13520833333333257,1.5361410364612105
paired_sensitivities,SCA,Serra de Costa Ampla,drying5,hold_20,mean,regulated_pm_one,1,7.467212958875432,7.467212958875432,0.6760416666666629,8.143254625542095,0.13520833333333257,1.6286509251084191
paired_sensitivities,SCA,Serra de Costa Ampla,drying5,hold_20,mean,regulated_pm_two,1,7.039228396891051,7.039228396891051,0.6760416666666629,7.715270063557714,0.13520833333333257,1.5430540127115429
paired_sensitivities,SCA,Serra de Costa Ampla,drying5,blocks_10_20,end,regulated_hg_one,1,6.400029461716491,6.400029461716491,1.5999999999999943,8.000029461716485,0.31999999999999884,1.600005892343297
paired_sensitivities,SCA,Serra de Costa Ampla,drying5,blocks_10_20,end,regulated_hg_two,1,6.080705182306058,6.080705182306058,1.5999999999999943,7.680705182306053,0.31999999999999884,1.5361410364612105
paired_sensitivities,SCA,Serra de Costa Ampla,drying5,blocks_10_20,end,regulated_pm_one,1,6.543254625542101,6.543254625542101,1.5999999999999943,8.143254625542095,0.31999999999999884,1.6286509251084191
paired_sensitivities,SCA,Serra de Costa Ampla,drying5,blocks_10_20,end,regulated_pm_two,1,6.11527006355772,6.11527006355772,1.5999999999999943,7.715270063557714,0.31999999999999884,1.5430540127115429
paired_sensitivities,SCA,Serra de Costa Ampla,drying5,blocks_10_20,mean,regulated_hg_one,1,7.122946128383154,7.122946128383154,0.8770833333333314,8.000029461716485,0.17541666666666628,1.600005892343297
paired_sensitivities,SCA,Serra de Costa Ampla,drying5,blocks_10_20,mean,regulated_hg_two,1,6.803621848972721,6.803621848972721,0.8770833333333314,7.680705182306053,0.17541666666666628,1.5361410364612105
paired_sensitivities,SCA,Serra de Costa Ampla,drying5,blocks_10_20,mean,regulated_pm_one,1,7.266171292208764,7.266171292208764,0.8770833333333314,8.143254625542095,0.17541666666666628,1.6286509251084191
paired_sensitivities,SCA,Serra de Costa Ampla,drying5,blocks_10_20,mean,regulated_pm_two,1,6.838186730224383,6.838186730224383,0.8770833333333314,7.715270063557714,0.17541666666666628,1.5430540127115429
paired_sensitivities,CMN,Camí dels Nerets,daily,linear_5_20_50,end,regulated_hg_one,59,0.9926025888186062,0.016475870003169392,-0.014406779661016974,0.0020690903421524175,-0.014406779661016974,0.0020690903421524175
paired_sensitivities,CMN,Camí dels Nerets,daily,linear_5_20_50,end,regulated_hg_two,59,0.9402812775513015,0.014118375169599065,-0.014406779661016974,-0.00028840449141791013,-0.014406779661016974,-0.00028840449141791013
paired_sensitivities,CMN,Camí dels Nerets,daily,linear_5_20_50,end,regulated_pm_one,59,0.9995418691623916,0.017237929241309877,-0.014406779661016974,0.0028311495802929056,-0.014406779661016974,0.0028311495802929056
paired_sensitivities,CMN,Camí dels Nerets,daily,linear_5_20_50,end,regulated_pm_two,59,0.9534377410979056,0.01395653958483792,-0.014406779661016974,-0.00045024007617906823,-0.014406779661016974,-0.00045024007617906823
paired_sensitivities,CMN,Camí dels Nerets,daily,linear_5_20_50,mean,regulated_hg_one,59,0.9363837458621819,0.0161786713214368,-0.014109580979284383,0.0020690903421524175,-0.014109580979284383,0.0020690903421524175
paired_sensitivities,CMN,Camí dels Nerets,daily,linear_5_20_50,mean,regulated_hg_two,59,0.885005122796412,0.013821176487866472,-0.014109580979284383,-0.00028840449141791013,-0.014109580979284383,-0.00028840449141791013
paired_sensitivities,CMN,Camí dels Nerets,daily,linear_5_20_50,mean,regulated_pm_one,59,0.9407601529155901,0.01694073055957729,-0.014109580979284383,0.0028311495802929056,-0.014109580979284383,0.0028311495802929056
paired_sensitivities,CMN,Camí dels Nerets,daily,linear_5_20_50,mean,regulated_pm_two,59,0.8976749834216623,0.013659340903105313,-0.014109580979284383,-0.00045024007617906823,-0.014109580979284383,-0.00045024007617906823
paired_sensitivities,CMN,Camí dels Nerets,daily,hold_20,end,regulated_hg_one,59,0.9970558667702512,0.01647587000316933,-0.014406779661016913,0.0020690903421524175,-0.014406779661016913,0.0020690903421524175
paired_sensitivities,CMN,Camí dels Nerets,daily,hold_20,end,regulated_hg_two,59,0.9448010515626004,0.014118375169598988,-0.014406779661016913,-0.00028840449141791013,-0.014406779661016913,-0.00028840449141791013
paired_sensitivities,CMN,Camí dels Nerets,daily,hold_20,end,regulated_pm_one,59,1.0037283326084645,0.01723792924130982,-0.014406779661016913,0.0028311495802929056,-0.014406779661016913,0.0028311495802929056
paired_sensitivities,CMN,Camí dels Nerets,daily,hold_20,end,regulated_pm_two,59,0.9579575151092045,0.01395653958483786,-0.014406779661016913,-0.00045024007617906823,-0.014406779661016913,-0.00045024007617906823
paired_sensitivities,CMN,Camí dels Nerets,daily,hold_20,mean,regulated_hg_one,59,0.9370781903066256,0.016166901076615697,-0.01409781073446328,0.0020690903421524175,-0.01409781073446328,0.0020690903421524175
paired_sensitivities,CMN,Camí dels Nerets,daily,hold_20,mean,regulated_hg_two,59,0.8857348779753191,0.01380940624304537,-0.01409781073446328,-0.00028840449141791013,-0.01409781073446328,-0.00028840449141791013
paired_sensitivities,CMN,Camí dels Nerets,daily,hold_20,mean,regulated_pm_one,59,0.9418194749494879,0.016928960314756186,-0.01409781073446328,0.0028311495802929056,-0.01409781073446328,0.0028311495802929056
paired_sensitivities,CMN,Camí dels Nerets,daily,hold_20,mean,regulated_pm_two,59,0.8983811981109272,0.013647570658284213,-0.01409781073446328,-0.00045024007617906823,-0.01409781073446328,-0.00045024007617906823
paired_sensitivities,CMN,Camí dels Nerets,daily,blocks_10_20,end,regulated_hg_one,59,0.9902762057533023,0.015628412376050674,-0.013559322033898256,0.0020690903421524175,-0.013559322033898256,0.0020690903421524175
paired_sensitivities,CMN,Camí dels Nerets,daily,blocks_10_20,end,regulated_hg_two,59,0.9380709551826332,0.013270917542480349,-0.013559322033898256,-0.00028840449141791013,-0.013559322033898256,-0.00028840449141791013
paired_sensitivities,CMN,Camí dels Nerets,daily,blocks_10_20,end,regulated_pm_one,59,0.9969486715915157,0.016390471614191163,-0.013559322033898256,0.0028311495802929056,-0.013559322033898256,0.0028311495802929056
paired_sensitivities,CMN,Camí dels Nerets,daily,blocks_10_20,end,regulated_pm_two,59,0.9511778540922556,0.013109081957719204,-0.013559322033898256,-0.00045024007617906823,-0.013559322033898256,-0.00045024007617906823
paired_sensitivities,CMN,Camí dels Nerets,daily,blocks_10_20,mean,regulated_hg_one,59,0.9329733174252698,0.015381237234807782,-0.013312146892655363,0.0020690903421524175,-0.013312146892655363,0.0020690903421524175
paired_sensitivities,CMN,Camí dels Nerets,daily,blocks_10_20,mean,regulated_hg_two,59,0.8808334659889958,0.013023742401237453,-0.013312146892655363,-0.00028840449141791013,-0.013312146892655363,-0.00028840449141791013
paired_sensitivities,CMN,Camí dels Nerets,daily,blocks_10_20,mean,regulated_pm_one,59,0.937598659551724,0.01614329647294827,-0.013312146892655363,0.0028311495802929056,-0.013312146892655363,0.0028311495802929056
paired_sensitivities,CMN,Camí dels Nerets,daily,blocks_10_20,mean,regulated_pm_two,59,0.8938349410487803,0.012861906816476296,-0.013312146892655363,-0.00045024007617906823,-0.013312146892655363,-0.00045024007617906823
paired_sensitivities,CMN,Camí dels Nerets,recharge_next,linear_5_20_50,end,regulated_hg_one,3,3.0346304601380014,2.9057644930092175,-0.11666666666666477,2.7890978263425525,-0.06916666666666582,1.2064190406841921
paired_sensitivities,CMN,Camí dels Nerets,recharge_next,linear_5_20_50,end,regulated_hg_two,3,2.271969882884147,2.271969882884147,-0.11666666666666477,2.155303216217482,-0.06916666666666582,1.0305818655442258
paired_sensitivities,CMN,Camí dels Nerets,recharge_next,linear_5_20_50,end,regulated_pm_one,3,3.29106748035584,3.1375340778006597,-0.11666666666666477,3.020867411133995,-0.06916666666666582,1.281052524609352
paired_sensitivities,CMN,Camí dels Nerets,recharge_next,linear_5_20_50,end,regulated_pm_two,3,2.500669373742454,2.500669373742454,-0.11666666666666477,2.384002707075789,-0.06916666666666582,1.1146277154237623
paired_sensitivities,CMN,Camí dels Nerets,recharge_next,linear_5_20_50,mean,regulated_hg_one,3,3.0506026823602244,2.866065418935144,-0.07696759259259167,2.7890978263425525,-0.04179976851851812,1.2064190406841921
paired_sensitivities,CMN,Camí dels Nerets,recharge_next,linear_5_20_50,mean,regulated_hg_two,3,2.232270808810074,2.232270808810074,-0.07696759259259167,2.155303216217482,-0.04179976851851812,1.0305818655442258
paired_sensitivities,CMN,Camí dels Nerets,recharge_next,linear_5_20_50,mean,regulated_pm_one,3,3.3070397025780633,3.0978350037265865,-0.07696759259259167,3.020867411133995,-0.04179976851851812,1.281052524609352
paired_sensitivities,CMN,Camí dels Nerets,recharge_next,linear_5_20_50,mean,regulated_pm_two,3,2.460970299668381,2.460970299668381,-0.07696759259259167,2.384002707075789,-0.04179976851851812,1.1146277154237623
paired_sensitivities,CMN,Camí dels Nerets,recharge_next,hold_20,end,regulated_hg_one,3,3.0346304601380014,2.905764493009222,-0.11666666666666951,2.7890978263425525,-0.07083333333333475,1.2064190406841921
paired_sensitivities,CMN,Camí dels Nerets,recharge_next,hold_20,end,regulated_hg_two,3,2.271969882884152,2.271969882884152,-0.11666666666666951,2.155303216217482,-0.07083333333333475,1.0305818655442258
paired_sensitivities,CMN,Camí dels Nerets,recharge_next,hold_20,end,regulated_pm_one,3,3.29106748035584,3.1375340778006646,-0.11666666666666951,3.020867411133995,-0.07083333333333475,1.281052524609352
paired_sensitivities,CMN,Camí dels Nerets,recharge_next,hold_20,end,regulated_pm_two,3,2.500669373742459,2.500669373742459,-0.11666666666666951,2.384002707075789,-0.07083333333333475,1.1146277154237623
paired_sensitivities,CMN,Camí dels Nerets,recharge_next,hold_20,mean,regulated_hg_one,3,3.0488665712491128,2.8647922707869933,-0.07569444444444073,2.7890978263425525,-0.04248263888888708,1.2064190406841921
paired_sensitivities,CMN,Camí dels Nerets,recharge_next,hold_20,mean,regulated_hg_two,3,2.230997660661923,2.230997660661923,-0.07569444444444073,2.155303216217482,-0.04248263888888708,1.0305818655442258
paired_sensitivities,CMN,Camí dels Nerets,recharge_next,hold_20,mean,regulated_pm_one,3,3.3053035914669513,3.0965618555784356,-0.07569444444444073,3.020867411133995,-0.04248263888888708,1.281052524609352
paired_sensitivities,CMN,Camí dels Nerets,recharge_next,hold_20,mean,regulated_pm_two,3,2.45969715152023,2.45969715152023,-0.07569444444444073,2.384002707075789,-0.04248263888888708,1.1146277154237623
paired_sensitivities,CMN,Camí dels Nerets,recharge_next,blocks_10_20,end,regulated_hg_one,3,3.0346304601380014,2.9224311596758854,-0.13333333333333286,2.7890978263425525,-0.07666666666666622,1.2064190406841921
paired_sensitivities,CMN,Camí dels Nerets,recharge_next,blocks_10_20,end,regulated_hg_two,3,2.288636549550815,2.288636549550815,-0.13333333333333286,2.155303216217482,-0.07666666666666622,1.0305818655442258
paired_sensitivities,CMN,Camí dels Nerets,recharge_next,blocks_10_20,end,regulated_pm_one,3,3.29106748035584,3.1542007444673277,-0.13333333333333286,3.020867411133995,-0.07666666666666622,1.281052524609352
paired_sensitivities,CMN,Camí dels Nerets,recharge_next,blocks_10_20,end,regulated_pm_two,3,2.517336040409122,2.517336040409122,-0.13333333333333286,2.384002707075789,-0.07666666666666622,1.1146277154237623
paired_sensitivities,CMN,Camí dels Nerets,recharge_next,blocks_10_20,mean,regulated_hg_one,3,3.0506026823602235,2.8717367152314397,-0.08263888888888715,2.7890978263425525,-0.04402777777777693,1.2064190406841921
paired_sensitivities,CMN,Camí dels Nerets,recharge_next,blocks_10_20,mean,regulated_hg_two,3,2.2379421051063693,2.2379421051063693,-0.08263888888888715,2.155303216217482,-0.04402777777777693,1.0305818655442258
paired_sensitivities,CMN,Camí dels Nerets,recharge_next,blocks_10_20,mean,regulated_pm_one,3,3.307039702578062,3.103506300022882,-0.08263888888888715,3.020867411133995,-0.04402777777777693,1.281052524609352
paired_sensitivities,CMN,Camí dels Nerets,recharge_next,blocks_10_20,mean,regulated_pm_two,3,2.4666415959646764,2.4666415959646764,-0.08263888888888715,2.384002707075789,-0.04402777777777693,1.1146277154237623
paired_sensitivities,CMN,Camí dels Nerets,recharge_day3,linear_5_20_50,end,regulated_hg_one,3,2.3522167999267944,0.6820622847250067,0.19166666666666762,0.8737289513916743,0.029464285714285984,0.24777572570009979
paired_sensitivities,CMN,Camí dels Nerets,recharge_day3,linear_5_20_50,end,regulated_hg_two,3,2.0612559376395976,0.15051404464757523,0.19166666666666762,0.3421807113142428,0.029464285714285984,0.15156030794553169
paired_sensitivities,CMN,Camí dels Nerets,recharge_day3,linear_5_20_50,end,regulated_pm_one,3,2.2749643786283493,0.7918511730367106,0.19166666666666762,0.9835178397033782,0.029464285714285984,0.2591184690236549
paired_sensitivities,CMN,Camí dels Nerets,recharge_day3,linear_5_20_50,end,regulated_pm_two,3,2.101976979552321,0.18971925976759385,0.19166666666666762,0.38138592643426145,0.029464285714285984,0.15417008553911965
paired_sensitivities,CMN,Camí dels Nerets,recharge_day3,linear_5_20_50,mean,regulated_hg_one,3,2.1754806888156843,0.7409743217620427,0.13275462962963167,0.8737289513916743,0.019113756613757023,0.24777572570009979
paired_sensitivities,CMN,Camí dels Nerets,recharge_day3,linear_5_20_50,mean,regulated_hg_two,3,1.8845198265284873,0.2094260816846112,0.13275462962963167,0.3421807113142428,0.019113756613757023,0.15156030794553169
paired_sensitivities,CMN,Camí dels Nerets,recharge_day3,linear_5_20_50,mean,regulated_pm_one,3,2.098228267517239,0.8507632100737466,0.13275462962963167,0.9835178397033782,0.019113756613757023,0.2591184690236549
paired_sensitivities,CMN,Camí dels Nerets,recharge_day3,linear_5_20_50,mean,regulated_pm_two,3,1.9252408684412108,0.2486312968046298,0.13275462962963167,0.38138592643426145,0.019113756613757023,0.15417008553911965
paired_sensitivities,CMN,Camí dels Nerets,recharge_day3,hold_20,end,regulated_hg_one,3,2.368883466593465,0.665395618058341,0.20833333333333334,0.8737289513916743,0.03244047619047604,0.24777572570009979
paired_sensitivities,CMN,Camí dels Nerets,recharge_day3,hold_20,end,regulated_hg_two,3,2.077922604306268,0.1338473779809095,0.20833333333333334,0.3421807113142428,0.03244047619047604,0.15156030794553169
paired_sensitivities,CMN,Camí dels Nerets,recharge_day3,hold_20,end,regulated_pm_one,3,2.2916310452950195,0.7751845063700449,0.20833333333333334,0.9835178397033782,0.03244047619047604,0.2591184690236549
paired_sensitivities,CMN,Camí dels Nerets,recharge_day3,hold_20,end,regulated_pm_two,3,2.1186436462189917,0.17305259310092813,0.20833333333333334,0.38138592643426145,0.03244047619047604,0.15417008553911965
paired_sensitivities,CMN,Camí dels Nerets,recharge_day3,hold_20,mean,regulated_hg_one,3,2.185897355482352,0.7261595069472268,0.1475694444444476,0.8737289513916743,0.02189980158730231,0.24777572570009979
paired_sensitivities,CMN,Camí dels Nerets,recharge_day3,hold_20,mean,regulated_hg_two,3,1.8949364931951551,0.19461126686979524,0.1475694444444476,0.3421807113142428,0.02189980158730231,0.15156030794553169
paired_sensitivities,CMN,Camí dels Nerets,recharge_day3,hold_20,mean,regulated_pm_one,3,2.1086449341839066,0.8359483952589306,0.1475694444444476,0.9835178397033782,0.02189980158730231,0.2591184690236549
paired_sensitivities,CMN,Camí dels Nerets,recharge_day3,hold_20,mean,regulated_pm_two,3,1.9356575351078786,0.23381648198981386,0.1475694444444476,0.38138592643426145,0.02189980158730231,0.15417008553911965
paired_sensitivities,CMN,Camí dels Nerets,recharge_day3,blocks_10_20,end,regulated_hg_one,3,2.3438834665934603,0.7070622847250064,0.16666666666666785,0.8737289513916743,0.023809523809524103,0.24777572570009979
paired_sensitivities,CMN,Camí dels Nerets,recharge_day3,blocks_10_20,end,regulated_hg_two,3,2.0529226043062634,0.175514044647575,0.16666666666666785,0.3421807113142428,0.023809523809524103,0.15156030794553169
paired_sensitivities,CMN,Camí dels Nerets,recharge_day3,blocks_10_20,end,regulated_pm_one,3,2.266631045295015,0.8168511730367104,0.16666666666666785,0.9835178397033782,0.023809523809524103,0.2591184690236549
paired_sensitivities,CMN,Camí dels Nerets,recharge_day3,blocks_10_20,end,regulated_pm_two,3,2.093643646218987,0.21471925976759362,0.16666666666666785,0.38138592643426145,0.023809523809524103,0.15417008553911965
paired_sensitivities,CMN,Camí dels Nerets,recharge_day3,blocks_10_20,mean,regulated_hg_one,3,2.1716612443712395,0.7556733958361196,0.11805555555555476,0.8737289513916743,0.016269841269841063,0.24777572570009979
paired_sensitivities,CMN,Camí dels Nerets,recharge_day3,blocks_10_20,mean,regulated_hg_two,3,1.8807003820840429,0.22412515575868808,0.11805555555555476,0.3421807113142428,0.016269841269841063,0.15156030794553169
paired_sensitivities,CMN,Camí dels Nerets,recharge_day3,blocks_10_20,mean,regulated_pm_one,3,2.0944088230727944,0.8654622841478234,0.11805555555555476,0.9835178397033782,0.016269841269841063,0.2591184690236549
paired_sensitivities,CMN,Camí dels Nerets,recharge_day3,blocks_10_20,mean,regulated_pm_two,3,1.9214214239967664,0.2633303708787067,0.11805555555555476,0.38138592643426145,0.016269841269841063,0.15417008553911965
paired_sensitivities,CMN,Camí dels Nerets,drying5,linear_5_20_50,end,regulated_hg_one,1,4.503846911891572,4.503846911891572,-0.7083333333333321,3.79551357855824,-0.14166666666666644,0.759102715711648
paired_sensitivities,CMN,Camí dels Nerets,drying5,linear_5_20_50,end,regulated_hg_two,1,4.046967245477267,4.046967245477267,-0.7083333333333321,3.3386339121439352,-0.14166666666666644,0.667726782428787
paired_sensitivities,CMN,Camí dels Nerets,drying5,linear_5_20_50,end,regulated_pm_one,1,4.564929705188678,4.564929705188678,-0.7083333333333321,3.856596371855346,-0.14166666666666644,0.7713192743710693
paired_sensitivities,CMN,Camí dels Nerets,drying5,linear_5_20_50,end,regulated_pm_two,1,4.143618510836925,4.143618510836925,-0.7083333333333321,3.435285177503592,-0.14166666666666644,0.6870570355007184
paired_sensitivities,CMN,Camí dels Nerets,drying5,linear_5_20_50,mean,regulated_hg_one,1,4.419819134113792,4.419819134113792,-0.6243055555555515,3.79551357855824,-0.12486111111111028,0.759102715711648
paired_sensitivities,CMN,Camí dels Nerets,drying5,linear_5_20_50,mean,regulated_hg_two,1,3.9629394676994867,3.9629394676994867,-0.6243055555555515,3.3386339121439352,-0.12486111111111028,0.667726782428787
paired_sensitivities,CMN,Camí dels Nerets,drying5,linear_5_20_50,mean,regulated_pm_one,1,4.480901927410898,4.480901927410898,-0.6243055555555515,3.856596371855346,-0.12486111111111028,0.7713192743710693
paired_sensitivities,CMN,Camí dels Nerets,drying5,linear_5_20_50,mean,regulated_pm_two,1,4.059590733059144,4.059590733059144,-0.6243055555555515,3.435285177503592,-0.12486111111111028,0.6870570355007184
paired_sensitivities,CMN,Camí dels Nerets,drying5,hold_20,end,regulated_hg_one,1,4.5205135785582415,4.5205135785582415,-0.7250000000000014,3.79551357855824,-0.1450000000000003,0.759102715711648
paired_sensitivities,CMN,Camí dels Nerets,drying5,hold_20,end,regulated_hg_two,1,4.063633912143937,4.063633912143937,-0.7250000000000014,3.3386339121439352,-0.1450000000000003,0.667726782428787
paired_sensitivities,CMN,Camí dels Nerets,drying5,hold_20,end,regulated_pm_one,1,4.581596371855348,4.581596371855348,-0.7250000000000014,3.856596371855346,-0.1450000000000003,0.7713192743710693
paired_sensitivities,CMN,Camí dels Nerets,drying5,hold_20,end,regulated_pm_two,1,4.160285177503594,4.160285177503594,-0.7250000000000014,3.435285177503592,-0.1450000000000003,0.6870570355007184
paired_sensitivities,CMN,Camí dels Nerets,drying5,hold_20,mean,regulated_hg_one,1,4.4267635785582415,4.4267635785582415,-0.6312500000000014,3.79551357855824,-0.12625000000000028,0.759102715711648
paired_sensitivities,CMN,Camí dels Nerets,drying5,hold_20,mean,regulated_hg_two,1,3.9698839121439367,3.9698839121439367,-0.6312500000000014,3.3386339121439352,-0.12625000000000028,0.667726782428787
paired_sensitivities,CMN,Camí dels Nerets,drying5,hold_20,mean,regulated_pm_one,1,4.487846371855348,4.487846371855348,-0.6312500000000014,3.856596371855346,-0.12625000000000028,0.7713192743710693
paired_sensitivities,CMN,Camí dels Nerets,drying5,hold_20,mean,regulated_pm_two,1,4.066535177503594,4.066535177503594,-0.6312500000000014,3.435285177503592,-0.12625000000000028,0.6870570355007184
paired_sensitivities,CMN,Camí dels Nerets,drying5,blocks_10_20,end,regulated_hg_one,1,4.495513578558236,4.495513578558236,-0.6999999999999957,3.79551357855824,-0.13999999999999915,0.759102715711648
paired_sensitivities,CMN,Camí dels Nerets,drying5,blocks_10_20,end,regulated_hg_two,1,4.038633912143931,4.038633912143931,-0.6999999999999957,3.3386339121439352,-0.13999999999999915,0.667726782428787
paired_sensitivities,CMN,Camí dels Nerets,drying5,blocks_10_20,end,regulated_pm_one,1,4.556596371855342,4.556596371855342,-0.6999999999999957,3.856596371855346,-0.13999999999999915,0.7713192743710693
paired_sensitivities,CMN,Camí dels Nerets,drying5,blocks_10_20,end,regulated_pm_two,1,4.135285177503588,4.135285177503588,-0.6999999999999957,3.435285177503592,-0.13999999999999915,0.6870570355007184
paired_sensitivities,CMN,Camí dels Nerets,drying5,blocks_10_20,mean,regulated_hg_one,1,4.370513578558239,4.370513578558239,-0.5749999999999993,3.79551357855824,-0.11499999999999985,0.759102715711648
paired_sensitivities,CMN,Camí dels Nerets,drying5,blocks_10_20,mean,regulated_hg_two,1,3.9136339121439345,3.9136339121439345,-0.5749999999999993,3.3386339121439352,-0.11499999999999985,0.667726782428787
paired_sensitivities,CMN,Camí dels Nerets,drying5,blocks_10_20,mean,regulated_pm_one,1,4.4315963718553455,4.4315963718553455,-0.5749999999999993,3.856596371855346,-0.11499999999999985,0.7713192743710693
paired_sensitivities,CMN,Camí dels Nerets,drying5,blocks_10_20,mean,regulated_pm_two,1,4.010285177503592,4.010285177503592,-0.5749999999999993,3.435285177503592,-0.11499999999999985,0.6870570355007184
paired_sensitivities,EBX,El Boixer,daily,linear_5_20_50,end,regulated_hg_one,59,2.0075681043301215,-0.03108673456693091,0.09166666666666663,0.06057993209973572,0.09166666666666663,0.06057993209973572
paired_sensitivities,EBX,El Boixer,daily,linear_5_20_50,end,regulated_hg_two,59,1.9577059655489455,0.013403917368426936,0.09166666666666663,0.10507058403509358,0.09166666666666663,0.10507058403509358
paired_sensitivities,EBX,El Boixer,daily,linear_5_20_50,end,regulated_pm_one,59,2.044888598081855,-0.036600496086951456,0.09166666666666663,0.055066170579715176,0.09166666666666663,0.055066170579715176
paired_sensitivities,EBX,El Boixer,daily,linear_5_20_50,end,regulated_pm_two,59,1.9742277431809312,0.0052928926000502885,0.09166666666666663,0.09695955926671693,0.09166666666666663,0.09695955926671693
paired_sensitivities,EBX,El Boixer,daily,linear_5_20_50,mean,regulated_hg_one,59,2.714896929587846,-0.03256390029197805,0.09314383239171378,0.06057993209973572,0.09314383239171378,0.06057993209973572
paired_sensitivities,EBX,El Boixer,daily,linear_5_20_50,mean,regulated_hg_two,59,2.6532513338683543,0.011926751643379793,0.09314383239171378,0.10507058403509358,0.09314383239171378,0.10507058403509358
paired_sensitivities,EBX,El Boixer,daily,linear_5_20_50,mean,regulated_pm_one,59,2.7440797713389133,-0.038077661811998585,0.09314383239171378,0.055066170579715176,0.09314383239171378,0.055066170579715176
paired_sensitivities,EBX,El Boixer,daily,linear_5_20_50,mean,regulated_pm_two,59,2.6836233456499574,0.0038157268750031456,0.09314383239171378,0.09695955926671693,0.09314383239171378,0.09695955926671693
paired_sensitivities,EBX,El Boixer,daily,hold_20,end,regulated_hg_one,59,2.0571305966512066,-0.03814888145958642,0.09872881355932214,0.06057993209973572,0.09872881355932214,0.06057993209973572
paired_sensitivities,EBX,El Boixer,daily,hold_20,end,regulated_hg_two,59,2.0123631400553497,0.0063417704757714275,0.09872881355932214,0.10507058403509358,0.09872881355932214,0.10507058403509358
paired_sensitivities,EBX,El Boixer,daily,hold_20,end,regulated_pm_one,59,2.0789006104092658,-0.04366264297960695,0.09872881355932214,0.055066170579715176,0.09872881355932214,0.055066170579715176
paired_sensitivities,EBX,El Boixer,daily,hold_20,end,regulated_pm_two,59,2.0171414503820455,-0.0017692542926052194,0.09872881355932214,0.09695955926671693,0.09872881355932214,0.09695955926671693
paired_sensitivities,EBX,El Boixer,daily,hold_20,mean,regulated_hg_one,59,2.7239586533574176,-0.03929648032964277,0.0998764124293785,0.06057993209973572,0.0998764124293785,0.06057993209973572
paired_sensitivities,EBX,El Boixer,daily,hold_20,mean,regulated_hg_two,59,2.6729436722107764,0.005194171605715071,0.0998764124293785,0.10507058403509358,0.0998764124293785,0.10507058403509358
paired_sensitivities,EBX,El Boixer,daily,hold_20,mean,regulated_pm_one,59,2.7514575848000167,-0.044810241849663306,0.0998764124293785,0.055066170579715176,0.0998764124293785,0.055066170579715176
paired_sensitivities,EBX,El Boixer,daily,hold_20,mean,regulated_pm_two,59,2.701623942128344,-0.002916853162661576,0.0998764124293785,0.09695955926671693,0.0998764124293785,0.09695955926671693
paired_sensitivities,EBX,El Boixer,daily,blocks_10_20,end,regulated_hg_one,59,2.038024331137799,-0.042809898408738875,0.1033898305084746,0.06057993209973572,0.1033898305084746,0.06057993209973572
paired_sensitivities,EBX,El Boixer,daily,blocks_10_20,end,regulated_hg_two,59,1.9834296454468856,0.0016807535266189705,0.1033898305084746,0.10507058403509358,0.1033898305084746,0.10507058403509358
paired_sensitivities,EBX,El Boixer,daily,blocks_10_20,end,regulated_pm_one,59,2.0783540381644845,-0.04832365992875942,0.1033898305084746,0.055066170579715176,0.1033898305084746,0.055066170579715176
paired_sensitivities,EBX,El Boixer,daily,blocks_10_20,end,regulated_pm_two,59,2.004972954839479,-0.006430271241757678,0.1033898305084746,0.09695955926671693,0.1033898305084746,0.09695955926671693
paired_sensitivities,EBX,El Boixer,daily,blocks_10_20,mean,regulated_hg_one,59,2.6539450095376727,-0.04425763852173329,0.10483757062146902,0.06057993209973572,0.10483757062146902,0.06057993209973572
paired_sensitivities,EBX,El Boixer,daily,blocks_10_20,mean,regulated_hg_two,59,2.5954105082484054,0.00023301341362455118,0.10483757062146902,0.10507058403509358,0.10483757062146902,0.10507058403509358
paired_sensitivities,EBX,El Boixer,daily,blocks_10_20,mean,regulated_pm_one,59,2.6864892614841906,-0.049771400041753844,0.10483757062146902,0.055066170579715176,0.10483757062146902,0.055066170579715176
paired_sensitivities,EBX,El Boixer,daily,blocks_10_20,mean,regulated_pm_two,59,2.6231067539371815,-0.007878011354752096,0.10483757062146902,0.09695955926671693,0.10483757062146902,0.09695955926671693
paired_sensitivities,EBX,El Boixer,recharge_next,linear_5_20_50,end,regulated_hg_one,3,9.185599507090108,-9.185599507090108,12.977777777777787,3.792178270687677,3.360879629629632,0.8046183419944389
paired_sensitivities,EBX,El Boixer,recharge_next,linear_5_20_50,end,regulated_hg_two,3,9.48210321703687,-9.48210321703687,12.977777777777787,3.4956745607409148,3.360879629629632,0.7342448834762418
paired_sensitivities,EBX,El Boixer,recharge_next,linear_5_20_50,end,regulated_pm_one,3,9.088831322221587,-9.088831322221587,12.977777777777787,3.8889464555561992,3.360879629629632,0.8173933829232994
paired_sensitivities,EBX,El Boixer,recharge_next,linear_5_20_50,end,regulated_pm_two,3,9.354457460400035,-9.354457460400035,12.977777777777787,3.6233203173777517,3.360879629629632,0.7427539024622055
paired_sensitivities,EBX,El Boixer,recharge_next,linear_5_20_50,mean,regulated_hg_one,3,10.290634229312323,-10.290634229312323,14.082812500000001,3.792178270687677,3.673741319444445,0.8046183419944389
paired_sensitivities,EBX,El Boixer,recharge_next,linear_5_20_50,mean,regulated_hg_two,3,10.587137939259085,-10.587137939259085,14.082812500000001,3.4956745607409148,3.673741319444445,0.7342448834762418
paired_sensitivities,EBX,El Boixer,recharge_next,linear_5_20_50,mean,regulated_pm_one,3,10.193866044443801,-10.193866044443801,14.082812500000001,3.8889464555561992,3.673741319444445,0.8173933829232994
paired_sensitivities,EBX,El Boixer,recharge_next,linear_5_20_50,mean,regulated_pm_two,3,10.459492182622249,-10.459492182622249,14.082812500000001,3.6233203173777517,3.673741319444445,0.7427539024622055
paired_sensitivities,EBX,El Boixer,recharge_next,hold_20,end,regulated_hg_one,3,9.874488395978988,-9.874488395978988,13.666666666666664,3.792178270687677,3.507638888888888,0.8046183419944389
paired_sensitivities,EBX,El Boixer,recharge_next,hold_20,end,regulated_hg_two,3,10.17099210592575,-10.17099210592575,13.666666666666664,3.4956745607409148,3.507638888888888,0.7342448834762418
paired_sensitivities,EBX,El Boixer,recharge_next,hold_20,end,regulated_pm_one,3,9.777720211110465,-9.777720211110465,13.666666666666664,3.8889464555561992,3.507638888888888,0.8173933829232994
paired_sensitivities,EBX,El Boixer,recharge_next,hold_20,end,regulated_pm_two,3,10.043346349288912,-10.043346349288912,13.666666666666664,3.6233203173777517,3.507638888888888,0.7427539024622055
paired_sensitivities,EBX,El Boixer,recharge_next,hold_20,mean,regulated_hg_one,3,10.990634229312322,-10.990634229312322,14.782812499999999,3.792178270687677,3.816652199074074,0.8046183419944389
paired_sensitivities,EBX,El Boixer,recharge_next,hold_20,mean,regulated_hg_two,3,11.287137939259084,-11.287137939259084,14.782812499999999,3.4956745607409148,3.816652199074074,0.7342448834762418
paired_sensitivities,EBX,El Boixer,recharge_next,hold_20,mean,regulated_pm_one,3,10.893866044443799,-10.893866044443799,14.782812499999999,3.8889464555561992,3.816652199074074,0.8173933829232994
paired_sensitivities,EBX,El Boixer,recharge_next,hold_20,mean,regulated_pm_two,3,11.159492182622246,-11.159492182622246,14.782812499999999,3.6233203173777517,3.816652199074074,0.7427539024622055
paired_sensitivities,EBX,El Boixer,recharge_next,blocks_10_20,end,regulated_hg_one,3,9.541155062645656,-9.541155062645656,13.333333333333334,3.792178270687677,3.302777777777778,0.8046183419944389
paired_sensitivities,EBX,El Boixer,recharge_next,blocks_10_20,end,regulated_hg_two,3,9.837658772592418,-9.837658772592418,13.333333333333334,3.4956745607409148,3.302777777777778,0.7342448834762418
paired_sensitivities,EBX,El Boixer,recharge_next,blocks_10_20,end,regulated_pm_one,3,9.444386877777134,-9.444386877777134,13.333333333333334,3.8889464555561992,3.302777777777778,0.8173933829232994
paired_sensitivities,EBX,El Boixer,recharge_next,blocks_10_20,end,regulated_pm_two,3,9.710013015955582,-9.710013015955582,13.333333333333334,3.6233203173777517,3.302777777777778,0.7427539024622055
paired_sensitivities,EBX,El Boixer,recharge_next,blocks_10_20,mean,regulated_hg_one,3,10.453655062645657,-10.453655062645657,14.245833333333335,3.792178270687677,3.5377314814814818,0.8046183419944389
paired_sensitivities,EBX,El Boixer,recharge_next,blocks_10_20,mean,regulated_hg_two,3,10.75015877259242,-10.75015877259242,14.245833333333335,3.4956745607409148,3.5377314814814818,0.7342448834762418
paired_sensitivities,EBX,El Boixer,recharge_next,blocks_10_20,mean,regulated_pm_one,3,10.356886877777136,-10.356886877777136,14.245833333333335,3.8889464555561992,3.5377314814814818,0.8173933829232994
paired_sensitivities,EBX,El Boixer,recharge_next,blocks_10_20,mean,regulated_pm_two,3,10.622513015955583,-10.622513015955583,14.245833333333335,3.6233203173777517,3.5377314814814818,0.7427539024622055
paired_sensitivities,EBX,El Boixer,recharge_day3,linear_5_20_50,end,regulated_hg_one,3,8.169152111172576,-8.169152111172576,7.216666666666669,-0.9524854445059073,1.15775462962963,-0.2174152237778322
paired_sensitivities,EBX,El Boixer,recharge_day3,linear_5_20_50,end,regulated_hg_two,3,8.363040413406459,-8.363040413406459,7.216666666666669,-1.1463737467397899,1.15775462962963,-0.25514337117952157
paired_sensitivities,EBX,El Boixer,recharge_day3,linear_5_20_50,end,regulated_pm_one,3,8.282823612654237,-8.282823612654237,7.216666666666669,-1.0661569459875693,1.15775462962963,-0.23151924668649515
paired_sensitivities,EBX,El Boixer,recharge_day3,linear_5_20_50,end,regulated_pm_two,3,8.410288500120904,-8.410288500120904,7.216666666666669,-1.1936218334542357,1.15775462962963,-0.2636244289964224
paired_sensitivities,EBX,El Boixer,recharge_day3,linear_5_20_50,mean,regulated_hg_one,3,9.030089611172578,-9.030089611172578,8.077604166666669,-0.9524854445059073,1.3081983024691364,-0.2174152237778322
paired_sensitivities,EBX,El Boixer,recharge_day3,linear_5_20_50,mean,regulated_hg_two,3,9.22397791340646,-9.22397791340646,8.077604166666669,-1.1463737467397899,1.3081983024691364,-0.25514337117952157
paired_sensitivities,EBX,El Boixer,recharge_day3,linear_5_20_50,mean,regulated_pm_one,3,9.14376111265424,-9.14376111265424,8.077604166666669,-1.0661569459875693,1.3081983024691364,-0.23151924668649515
paired_sensitivities,EBX,El Boixer,recharge_day3,linear_5_20_50,mean,regulated_pm_two,3,9.271226000120905,-9.271226000120905,8.077604166666669,-1.1936218334542357,1.3081983024691364,-0.2636244289964224
paired_sensitivities,EBX,El Boixer,recharge_day3,hold_20,end,regulated_hg_one,3,8.652485444505903,-8.652485444505903,7.699999999999996,-0.9524854445059073,1.2288194444444436,-0.2174152237778322
paired_sensitivities,EBX,El Boixer,recharge_day3,hold_20,end,regulated_hg_two,3,8.846373746739786,-8.846373746739786,7.699999999999996,-1.1463737467397899,1.2288194444444436,-0.25514337117952157
paired_sensitivities,EBX,El Boixer,recharge_day3,hold_20,end,regulated_pm_one,3,8.766156945987564,-8.766156945987564,7.699999999999996,-1.0661569459875693,1.2288194444444436,-0.23151924668649515
paired_sensitivities,EBX,El Boixer,recharge_day3,hold_20,end,regulated_pm_two,3,8.893621833454231,-8.893621833454231,7.699999999999996,-1.1936218334542357,1.2288194444444436,-0.2636244289964224
paired_sensitivities,EBX,El Boixer,recharge_day3,hold_20,mean,regulated_hg_one,3,9.542242388950351,-9.542242388950351,8.589756944444444,-0.9524854445059073,1.382277199074074,-0.2174152237778322
paired_sensitivities,EBX,El Boixer,recharge_day3,hold_20,mean,regulated_hg_two,3,9.736130691184233,-9.736130691184233,8.589756944444444,-1.1463737467397899,1.382277199074074,-0.25514337117952157
paired_sensitivities,EBX,El Boixer,recharge_day3,hold_20,mean,regulated_pm_one,3,9.655913890432013,-9.655913890432013,8.589756944444444,-1.0661569459875693,1.382277199074074,-0.23151924668649515
paired_sensitivities,EBX,El Boixer,recharge_day3,hold_20,mean,regulated_pm_two,3,9.78337877789868,-9.78337877789868,8.589756944444444,-1.1936218334542357,1.382277199074074,-0.2636244289964224
paired_sensitivities,EBX,El Boixer,recharge_day3,blocks_10_20,end,regulated_hg_one,3,8.852485444505906,-8.852485444505906,7.899999999999999,-0.9524854445059073,1.234722222222222,-0.2174152237778322
paired_sensitivities,EBX,El Boixer,recharge_day3,blocks_10_20,end,regulated_hg_two,3,9.04637374673979,-9.04637374673979,7.899999999999999,-1.1463737467397899,1.234722222222222,-0.25514337117952157
paired_sensitivities,EBX,El Boixer,recharge_day3,blocks_10_20,end,regulated_pm_one,3,8.966156945987567,-8.966156945987567,7.899999999999999,-1.0661569459875693,1.234722222222222,-0.23151924668649515
paired_sensitivities,EBX,El Boixer,recharge_day3,blocks_10_20,end,regulated_pm_two,3,9.093621833454234,-9.093621833454234,7.899999999999999,-1.1936218334542357,1.234722222222222,-0.2636244289964224
paired_sensitivities,EBX,El Boixer,recharge_day3,blocks_10_20,mean,regulated_hg_one,3,9.612207666728128,-9.612207666728128,8.659722222222221,-0.9524854445059073,1.3612557870370368,-0.2174152237778322
paired_sensitivities,EBX,El Boixer,recharge_day3,blocks_10_20,mean,regulated_hg_two,3,9.806095968962012,-9.806095968962012,8.659722222222221,-1.1463737467397899,1.3612557870370368,-0.25514337117952157
paired_sensitivities,EBX,El Boixer,recharge_day3,blocks_10_20,mean,regulated_pm_one,3,9.72587916820979,-9.72587916820979,8.659722222222221,-1.0661569459875693,1.3612557870370368,-0.23151924668649515
paired_sensitivities,EBX,El Boixer,recharge_day3,blocks_10_20,mean,regulated_pm_two,3,9.853344055676457,-9.853344055676457,8.659722222222221,-1.1936218334542357,1.3612557870370368,-0.2636244289964224
paired_sensitivities,EBX,El Boixer,drying5,linear_5_20_50,end,regulated_hg_one,1,1.8286362352902614,1.8286362352902614,10.75833333333334,12.586969568623601,2.151666666666668,2.51739391372472
paired_sensitivities,EBX,El Boixer,drying5,linear_5_20_50,end,regulated_hg_two,1,0.03338472786648694,0.03338472786648694,10.75833333333334,10.791718061199827,2.151666666666668,2.1583436122399653
paired_sensitivities,EBX,El Boixer,drying5,linear_5_20_50,end,regulated_pm_one,1,2.491532317010268,2.491532317010268,10.75833333333334,13.249865650343608,2.151666666666668,2.6499731300687217
paired_sensitivities,EBX,El Boixer,drying5,linear_5_20_50,end,regulated_pm_two,1,0.6095897043922811,0.6095897043922811,10.75833333333334,11.367923037725621,2.151666666666668,2.273584607545124
paired_sensitivities,EBX,El Boixer,drying5,linear_5_20_50,mean,regulated_hg_one,1,0.8821084575124871,0.8821084575124871,11.704861111111114,12.586969568623601,2.3409722222222227,2.51739391372472
paired_sensitivities,EBX,El Boixer,drying5,linear_5_20_50,mean,regulated_hg_two,1,0.9131430499112874,-0.9131430499112874,11.704861111111114,10.791718061199827,2.3409722222222227,2.1583436122399653
paired_sensitivities,EBX,El Boixer,drying5,linear_5_20_50,mean,regulated_pm_one,1,1.5450045392324938,1.5450045392324938,11.704861111111114,13.249865650343608,2.3409722222222227,2.6499731300687217
paired_sensitivities,EBX,El Boixer,drying5,linear_5_20_50,mean,regulated_pm_two,1,0.3369380733854932,-0.3369380733854932,11.704861111111114,11.367923037725621,2.3409722222222227,2.273584607545124
paired_sensitivities,EBX,El Boixer,drying5,hold_20,end,regulated_hg_one,1,1.3619695686236,1.3619695686236,11.225000000000001,12.586969568623601,2.245,2.51739391372472
paired_sensitivities,EBX,El Boixer,drying5,hold_20,end,regulated_hg_two,1,0.4332819388001745,-0.4332819388001745,11.225000000000001,10.791718061199827,2.245,2.1583436122399653
paired_sensitivities,EBX,El Boixer,drying5,hold_20,end,regulated_pm_one,1,2.0248656503436067,2.0248656503436067,11.225000000000001,13.249865650343608,2.245,2.6499731300687217
paired_sensitivities,EBX,El Boixer,drying5,hold_20,end,regulated_pm_two,1,0.14292303772561965,0.14292303772561965,11.225000000000001,11.367923037725621,2.245,2.273584607545124
paired_sensitivities,EBX,El Boixer,drying5,hold_20,mean,regulated_hg_one,1,0.34009456862360565,0.34009456862360565,12.246874999999996,12.586969568623601,2.449374999999999,2.51739391372472
paired_sensitivities,EBX,El Boixer,drying5,hold_20,mean,regulated_hg_two,1,1.4551569388001688,-1.4551569388001688,12.246874999999996,10.791718061199827,2.449374999999999,2.1583436122399653
paired_sensitivities,EBX,El Boixer,drying5,hold_20,mean,regulated_pm_one,1,1.0029906503436123,1.0029906503436123,12.246874999999996,13.249865650343608,2.449374999999999,2.6499731300687217
paired_sensitivities,EBX,El Boixer,drying5,hold_20,mean,regulated_pm_two,1,0.8789519622743747,-0.8789519622743747,12.246874999999996,11.367923037725621,2.449374999999999,2.273584607545124
paired_sensitivities,EBX,El Boixer,drying5,blocks_10_20,end,regulated_hg_one,1,1.6869695686236028,1.6869695686236028,10.899999999999999,12.586969568623601,2.1799999999999997,2.51739391372472
paired_sensitivities,EBX,El Boixer,drying5,blocks_10_20,end,regulated_hg_two,1,0.10828193880017167,-0.10828193880017167,10.899999999999999,10.791718061199827,2.1799999999999997,2.1583436122399653
paired_sensitivities,EBX,El Boixer,drying5,blocks_10_20,end,regulated_pm_one,1,2.3498656503436095,2.3498656503436095,10.899999999999999,13.249865650343608,2.1799999999999997,2.6499731300687217
paired_sensitivities,EBX,El Boixer,drying5,blocks_10_20,end,regulated_pm_two,1,0.4679230377256225,0.4679230377256225,10.899999999999999,11.367923037725621,2.1799999999999997,2.273584607545124
paired_sensitivities,EBX,El Boixer,drying5,blocks_10_20,mean,regulated_hg_one,1,0.7494695686236028,0.7494695686236028,11.837499999999999,12.586969568623601,2.3674999999999997,2.51739391372472
paired_sensitivities,EBX,El Boixer,drying5,blocks_10_20,mean,regulated_hg_two,1,1.0457819388001717,-1.0457819388001717,11.837499999999999,10.791718061199827,2.3674999999999997,2.1583436122399653
paired_sensitivities,EBX,El Boixer,drying5,blocks_10_20,mean,regulated_pm_one,1,1.4123656503436095,1.4123656503436095,11.837499999999999,13.249865650343608,2.3674999999999997,2.6499731300687217
paired_sensitivities,EBX,El Boixer,drying5,blocks_10_20,mean,regulated_pm_two,1,0.4695769622743775,-0.4695769622743775,11.837499999999999,11.367923037725621,2.3674999999999997,2.273584607545124
paired_sensitivities,LCS,Los Coscolls,daily,linear_5_20_50,end,regulated_hg_one,59,0.9575811512730819,0.02022455561551046,-0.01935028248587575,0.0008742731296347098,-0.01935028248587575,0.0008742731296347098
paired_sensitivities,LCS,Los Coscolls,daily,linear_5_20_50,end,regulated_hg_two,59,0.9515443059797246,0.0194036184451948,-0.01935028248587575,5.3335959319047896e-05,-0.01935028248587575,5.3335959319047896e-05
paired_sensitivities,LCS,Los Coscolls,daily,linear_5_20_50,end,regulated_pm_one,59,0.9582706506516719,0.02013908579340201,-0.01935028248587575,0.0007888033075262576,-0.01935028248587575,0.0007888033075262576
paired_sensitivities,LCS,Los Coscolls,daily,linear_5_20_50,end,regulated_pm_two,59,0.9477581425150969,0.019304906349874577,-0.01935028248587575,-4.537613600117139e-05,-0.01935028248587575,-4.537613600117139e-05
paired_sensitivities,LCS,Los Coscolls,daily,linear_5_20_50,mean,regulated_hg_one,59,1.051500727179375,0.013521401189898355,-0.012647128060263631,0.0008742731296347098,-0.012647128060263631,0.0008742731296347098
paired_sensitivities,LCS,Los Coscolls,daily,linear_5_20_50,mean,regulated_hg_two,59,1.0193092282363212,0.012700464019582696,-0.012647128060263631,5.3335959319047896e-05,-0.012647128060263631,5.3335959319047896e-05
paired_sensitivities,LCS,Los Coscolls,daily,linear_5_20_50,mean,regulated_pm_one,59,1.0553460380670843,0.01343593136778989,-0.012647128060263631,0.0007888033075262576,-0.012647128060263631,0.0007888033075262576
paired_sensitivities,LCS,Los Coscolls,daily,linear_5_20_50,mean,regulated_pm_two,59,1.0296099308325422,0.012601751924262446,-0.012647128060263631,-4.537613600117139e-05,-0.012647128060263631,-4.537613600117139e-05
paired_sensitivities,LCS,Los Coscolls,daily,hold_20,end,regulated_hg_one,59,0.9767901908211052,0.020789527366922855,-0.019915254237288148,0.0008742731296347098,-0.019915254237288148,0.0008742731296347098
paired_sensitivities,LCS,Los Coscolls,daily,hold_20,end,regulated_hg_two,59,0.9727610989561948,0.019968590196607197,-0.019915254237288148,5.3335959319047896e-05,-0.019915254237288148,5.3335959319047896e-05
paired_sensitivities,LCS,Los Coscolls,daily,hold_20,end,regulated_pm_one,59,0.9774796901996953,0.020704057544814407,-0.019915254237288148,0.0007888033075262576,-0.019915254237288148,0.0007888033075262576
paired_sensitivities,LCS,Los Coscolls,daily,hold_20,end,regulated_pm_two,59,0.9678737245030204,0.019869878101286976,-0.019915254237288148,-4.537613600117139e-05,-0.019915254237288148,-4.537613600117139e-05
paired_sensitivities,LCS,Los Coscolls,daily,hold_20,mean,regulated_hg_one,59,1.0684145689872846,0.013745035841499106,-0.012870762711864383,0.0008742731296347098,-0.012870762711864383,0.0008742731296347098
paired_sensitivities,LCS,Los Coscolls,daily,hold_20,mean,regulated_hg_two,59,1.0363614860854318,0.012924098671183448,-0.012870762711864383,5.3335959319047896e-05,-0.012870762711864383,5.3335959319047896e-05
paired_sensitivities,LCS,Los Coscolls,daily,hold_20,mean,regulated_pm_one,59,1.072259879874994,0.01365956601939064,-0.012870762711864383,0.0007888033075262576,-0.012870762711864383,0.0007888033075262576
paired_sensitivities,LCS,Los Coscolls,daily,hold_20,mean,regulated_pm_two,59,1.0461895050538579,0.012825386575863197,-0.012870762711864383,-4.537613600117139e-05,-0.012870762711864383,-4.537613600117139e-05
paired_sensitivities,LCS,Los Coscolls,daily,blocks_10_20,end,regulated_hg_one,59,0.9911557321290274,0.022908171434719408,-0.022033898305084697,0.0008742731296347098,-0.022033898305084697,0.0008742731296347098
paired_sensitivities,LCS,Los Coscolls,daily,blocks_10_20,end,regulated_hg_two,59,0.9825068616680583,0.022087234264403743,-0.022033898305084697,5.3335959319047896e-05,-0.022033898305084697,5.3335959319047896e-05
paired_sensitivities,LCS,Los Coscolls,daily,blocks_10_20,end,regulated_pm_one,59,0.9929398102614468,0.022822701612610956,-0.022033898305084697,0.0007888033075262576,-0.022033898305084697,0.0007888033075262576
paired_sensitivities,LCS,Los Coscolls,daily,blocks_10_20,end,regulated_pm_two,59,0.977619487214884,0.021988522169083525,-0.022033898305084697,-4.537613600117139e-05,-0.022033898305084697,-4.537613600117139e-05
paired_sensitivities,LCS,Los Coscolls,daily,blocks_10_20,mean,regulated_hg_one,59,1.0682872331452262,0.015704781604210995,-0.014830508474576272,0.0008742731296347098,-0.014830508474576272,0.0008742731296347098
paired_sensitivities,LCS,Los Coscolls,daily,blocks_10_20,mean,regulated_hg_two,59,1.0316416051429338,0.014883844433895335,-0.014830508474576272,5.3335959319047896e-05,-0.014830508474576272,5.3335959319047896e-05
paired_sensitivities,LCS,Los Coscolls,daily,blocks_10_20,mean,regulated_pm_one,59,1.0775276496585533,0.015619311782102529,-0.014830508474576272,0.0007888033075262576,-0.014830508474576272,0.0007888033075262576
paired_sensitivities,LCS,Los Coscolls,daily,blocks_10_20,mean,regulated_pm_two,59,1.0421926406479607,0.014785132338575086,-0.014830508474576272,-4.537613600117139e-05,-0.014830508474576272,-4.537613600117139e-05
paired_sensitivities,LCS,Los Coscolls,recharge_next,linear_5_20_50,end,regulated_hg_one,3,4.187529604614232,4.187529604614232,-1.5277777777777761,2.6597518268364557,-0.46472222222222137,0.9622035133488537
paired_sensitivities,LCS,Los Coscolls,recharge_next,linear_5_20_50,end,regulated_hg_two,3,3.449925647760186,3.449925647760186,-1.5277777777777761,1.9221478699824095,-0.46472222222222137,0.7748801899663772
paired_sensitivities,LCS,Los Coscolls,recharge_next,linear_5_20_50,end,regulated_pm_one,3,4.340988474855237,4.340988474855237,-1.5277777777777761,2.813210697077461,-0.46472222222222137,1.018862145148204
paired_sensitivities,LCS,Los Coscolls,recharge_next,linear_5_20_50,end,regulated_pm_two,3,3.603523611229875,3.603523611229875,-1.5277777777777761,2.0757458334520993,-0.46472222222222137,0.8361731417486207
paired_sensitivities,LCS,Los Coscolls,recharge_next,linear_5_20_50,mean,regulated_hg_one,3,4.583420808317937,4.583420808317937,-1.9236689814814814,2.6597518268364557,-0.5737094907407406,0.9622035133488537
paired_sensitivities,LCS,Los Coscolls,recharge_next,linear_5_20_50,mean,regulated_hg_two,3,3.845816851463891,3.845816851463891,-1.9236689814814814,1.9221478699824095,-0.5737094907407406,0.7748801899663772
paired_sensitivities,LCS,Los Coscolls,recharge_next,linear_5_20_50,mean,regulated_pm_one,3,4.736879678558942,4.736879678558942,-1.9236689814814814,2.813210697077461,-0.5737094907407406,1.018862145148204
paired_sensitivities,LCS,Los Coscolls,recharge_next,linear_5_20_50,mean,regulated_pm_two,3,3.9994148149335804,3.9994148149335804,-1.9236689814814814,2.0757458334520993,-0.5737094907407406,0.8361731417486207
paired_sensitivities,LCS,Los Coscolls,recharge_next,hold_20,end,regulated_hg_one,3,4.326418493503122,4.326418493503122,-1.6666666666666667,2.6597518268364557,-0.500833333333333,0.9622035133488537
paired_sensitivities,LCS,Los Coscolls,recharge_next,hold_20,end,regulated_hg_two,3,3.5888145366490765,3.5888145366490765,-1.6666666666666667,1.9221478699824095,-0.500833333333333,0.7748801899663772
paired_sensitivities,LCS,Los Coscolls,recharge_next,hold_20,end,regulated_pm_one,3,4.479877363744127,4.479877363744127,-1.6666666666666667,2.813210697077461,-0.500833333333333,1.018862145148204
paired_sensitivities,LCS,Los Coscolls,recharge_next,hold_20,end,regulated_pm_two,3,3.742412500118766,3.742412500118766,-1.6666666666666667,2.0757458334520993,-0.500833333333333,0.8361731417486207
paired_sensitivities,LCS,Los Coscolls,recharge_next,hold_20,mean,regulated_hg_one,3,4.734925437947565,4.734925437947565,-2.075173611111109,2.6597518268364557,-0.6149826388888878,0.9622035133488537
paired_sensitivities,LCS,Los Coscolls,recharge_next,hold_20,mean,regulated_hg_two,3,3.9973214810935187,3.9973214810935187,-2.075173611111109,1.9221478699824095,-0.6149826388888878,0.7748801899663772
paired_sensitivities,LCS,Los Coscolls,recharge_next,hold_20,mean,regulated_pm_one,3,4.88838430818857,4.88838430818857,-2.075173611111109,2.813210697077461,-0.6149826388888878,1.018862145148204
paired_sensitivities,LCS,Los Coscolls,recharge_next,hold_20,mean,regulated_pm_two,3,4.1509194445632085,4.1509194445632085,-2.075173611111109,2.0757458334520993,-0.6149826388888878,0.8361731417486207
paired_sensitivities,LCS,Los Coscolls,recharge_next,blocks_10_20,end,regulated_hg_one,3,4.69308516016979,4.69308516016979,-2.033333333333335,2.6597518268364557,-0.5766666666666677,0.9622035133488537
paired_sensitivities,LCS,Los Coscolls,recharge_next,blocks_10_20,end,regulated_hg_two,3,3.9554812033157445,3.9554812033157445,-2.033333333333335,1.9221478699824095,-0.5766666666666677,0.7748801899663772
paired_sensitivities,LCS,Los Coscolls,recharge_next,blocks_10_20,end,regulated_pm_one,3,4.846544030410796,4.846544030410796,-2.033333333333335,2.813210697077461,-0.5766666666666677,1.018862145148204
paired_sensitivities,LCS,Los Coscolls,recharge_next,blocks_10_20,end,regulated_pm_two,3,4.109079166785434,4.109079166785434,-2.033333333333335,2.0757458334520993,-0.5766666666666677,0.8361731417486207
paired_sensitivities,LCS,Los Coscolls,recharge_next,blocks_10_20,mean,regulated_hg_one,3,5.167390715725345,5.167390715725345,-2.507638888888889,2.6597518268364557,-0.7042361111111108,0.9622035133488537
paired_sensitivities,LCS,Los Coscolls,recharge_next,blocks_10_20,mean,regulated_hg_two,3,4.429786758871299,4.429786758871299,-2.507638888888889,1.9221478699824095,-0.7042361111111108,0.7748801899663772
paired_sensitivities,LCS,Los Coscolls,recharge_next,blocks_10_20,mean,regulated_pm_one,3,5.32084958596635,5.32084958596635,-2.507638888888889,2.813210697077461,-0.7042361111111108,1.018862145148204
paired_sensitivities,LCS,Los Coscolls,recharge_next,blocks_10_20,mean,regulated_pm_two,3,4.5833847223409885,4.5833847223409885,-2.507638888888889,2.0757458334520993,-0.7042361111111108,0.8361731417486207
paired_sensitivities,LCS,Los Coscolls,recharge_day3,linear_5_20_50,end,regulated_hg_one,3,2.340323216526917,2.340323216526917,-1.6305555555555564,0.7097676609713605,-0.29275793650793663,0.15404443013565838
paired_sensitivities,LCS,Los Coscolls,recharge_day3,linear_5_20_50,end,regulated_hg_two,3,1.862875262034314,1.862875262034314,-1.6305555555555564,0.23231970647875774,-0.29275793650793663,0.08119182511411635
paired_sensitivities,LCS,Los Coscolls,recharge_day3,linear_5_20_50,end,regulated_pm_one,3,2.4528028677145186,2.4528028677145186,-1.6305555555555564,0.8222473121589622,-0.29275793650793663,0.177030916841623
paired_sensitivities,LCS,Los Coscolls,recharge_day3,linear_5_20_50,end,regulated_pm_two,3,1.925235414225886,1.925235414225886,-1.6305555555555564,0.2946798586703296,-0.29275793650793663,0.09692721446426467
paired_sensitivities,LCS,Los Coscolls,recharge_day3,linear_5_20_50,mean,regulated_hg_one,3,2.74732553134173,2.74732553134173,-2.0375578703703696,0.7097676609713605,-0.36038773148148145,0.15404443013565838
paired_sensitivities,LCS,Los Coscolls,recharge_day3,linear_5_20_50,mean,regulated_hg_two,3,2.2698775768491277,2.2698775768491277,-2.0375578703703696,0.23231970647875774,-0.36038773148148145,0.08119182511411635
paired_sensitivities,LCS,Los Coscolls,recharge_day3,linear_5_20_50,mean,regulated_pm_one,3,2.859805182529332,2.859805182529332,-2.0375578703703696,0.8222473121589622,-0.36038773148148145,0.177030916841623
paired_sensitivities,LCS,Los Coscolls,recharge_day3,linear_5_20_50,mean,regulated_pm_two,3,2.3322377290406995,2.3322377290406995,-2.0375578703703696,0.2946798586703296,-0.36038773148148145,0.09692721446426467
paired_sensitivities,LCS,Los Coscolls,recharge_day3,hold_20,end,regulated_hg_one,3,2.501434327638025,2.501434327638025,-1.7916666666666643,0.7097676609713605,-0.3193452380952377,0.15404443013565838
paired_sensitivities,LCS,Los Coscolls,recharge_day3,hold_20,end,regulated_hg_two,3,2.023986373145422,2.023986373145422,-1.7916666666666643,0.23231970647875774,-0.3193452380952377,0.08119182511411635
paired_sensitivities,LCS,Los Coscolls,recharge_day3,hold_20,end,regulated_pm_one,3,2.6139139788256265,2.6139139788256265,-1.7916666666666643,0.8222473121589622,-0.3193452380952377,0.177030916841623
paired_sensitivities,LCS,Los Coscolls,recharge_day3,hold_20,end,regulated_pm_two,3,2.0863465253369937,2.0863465253369937,-1.7916666666666643,0.2946798586703296,-0.3193452380952377,0.09692721446426467
paired_sensitivities,LCS,Los Coscolls,recharge_day3,hold_20,mean,regulated_hg_one,3,2.918274605415805,2.918274605415805,-2.2085069444444443,0.7097676609713605,-0.3889012896825396,0.15404443013565838
paired_sensitivities,LCS,Los Coscolls,recharge_day3,hold_20,mean,regulated_hg_two,3,2.440826650923202,2.440826650923202,-2.2085069444444443,0.23231970647875774,-0.3889012896825396,0.08119182511411635
paired_sensitivities,LCS,Los Coscolls,recharge_day3,hold_20,mean,regulated_pm_one,3,3.0307542566034065,3.0307542566034065,-2.2085069444444443,0.8222473121589622,-0.3889012896825396,0.177030916841623
paired_sensitivities,LCS,Los Coscolls,recharge_day3,hold_20,mean,regulated_pm_two,3,2.5031868031147737,2.5031868031147737,-2.2085069444444443,0.2946798586703296,-0.3889012896825396,0.09692721446426467
paired_sensitivities,LCS,Los Coscolls,recharge_day3,blocks_10_20,end,regulated_hg_one,3,2.943100994304695,2.943100994304695,-2.2333333333333343,0.7097676609713605,-0.38690476190476225,0.15404443013565838
paired_sensitivities,LCS,Los Coscolls,recharge_day3,blocks_10_20,end,regulated_hg_two,3,2.465653039812092,2.465653039812092,-2.2333333333333343,0.23231970647875774,-0.38690476190476225,0.08119182511411635
paired_sensitivities,LCS,Los Coscolls,recharge_day3,blocks_10_20,end,regulated_pm_one,3,3.0555806454922965,3.0555806454922965,-2.2333333333333343,0.8222473121589622,-0.38690476190476225,0.177030916841623
paired_sensitivities,LCS,Los Coscolls,recharge_day3,blocks_10_20,end,regulated_pm_two,3,2.5280131920036637,2.5280131920036637,-2.2333333333333343,0.2946798586703296,-0.38690476190476225,0.09692721446426467
paired_sensitivities,LCS,Los Coscolls,recharge_day3,blocks_10_20,mean,regulated_hg_one,3,3.431989883193582,3.431989883193582,-2.7222222222222214,0.7097676609713605,-0.46693948412698383,0.15404443013565838
paired_sensitivities,LCS,Los Coscolls,recharge_day3,blocks_10_20,mean,regulated_hg_two,3,2.954541928700979,2.954541928700979,-2.7222222222222214,0.23231970647875774,-0.46693948412698383,0.08119182511411635
paired_sensitivities,LCS,Los Coscolls,recharge_day3,blocks_10_20,mean,regulated_pm_one,3,3.5444695343811836,3.5444695343811836,-2.7222222222222214,0.8222473121589622,-0.46693948412698383,0.177030916841623
paired_sensitivities,LCS,Los Coscolls,recharge_day3,blocks_10_20,mean,regulated_pm_two,3,3.016902080892551,3.016902080892551,-2.7222222222222214,0.2946798586703296,-0.46693948412698383,0.09692721446426467
paired_sensitivities,LCS,Los Coscolls,drying5,linear_5_20_50,end,regulated_hg_one,1,2.079165290799972,2.079165290799972,0.591666666666665,2.670831957466637,0.118333333333333,0.5341663914933273
paired_sensitivities,LCS,Los Coscolls,drying5,linear_5_20_50,end,regulated_hg_two,1,1.4298966254798104,1.4298966254798104,0.591666666666665,2.0215632921464755,0.118333333333333,0.4043126584292951
paired_sensitivities,LCS,Los Coscolls,drying5,linear_5_20_50,end,regulated_pm_one,1,2.2688723164897597,2.2688723164897597,0.591666666666665,2.8605389831564247,0.118333333333333,0.572107796631285
paired_sensitivities,LCS,Los Coscolls,drying5,linear_5_20_50,end,regulated_pm_two,1,1.6612181017484486,1.6612181017484486,0.591666666666665,2.2528847684151136,0.118333333333333,0.45057695368302275
paired_sensitivities,LCS,Los Coscolls,drying5,linear_5_20_50,mean,regulated_hg_one,1,2.1453111241333054,2.1453111241333054,0.5255208333333314,2.670831957466637,0.10510416666666629,0.5341663914933273
paired_sensitivities,LCS,Los Coscolls,drying5,linear_5_20_50,mean,regulated_hg_two,1,1.496042458813144,1.496042458813144,0.5255208333333314,2.0215632921464755,0.10510416666666629,0.4043126584292951
paired_sensitivities,LCS,Los Coscolls,drying5,linear_5_20_50,mean,regulated_pm_one,1,2.3350181498230933,2.3350181498230933,0.5255208333333314,2.8605389831564247,0.10510416666666629,0.572107796631285
paired_sensitivities,LCS,Los Coscolls,drying5,linear_5_20_50,mean,regulated_pm_two,1,1.7273639350817822,1.7273639350817822,0.5255208333333314,2.2528847684151136,0.10510416666666629,0.45057695368302275
paired_sensitivities,LCS,Los Coscolls,drying5,hold_20,end,regulated_hg_one,1,2.0958319574666375,2.0958319574666375,0.5749999999999993,2.670831957466637,0.11499999999999985,0.5341663914933273
paired_sensitivities,LCS,Los Coscolls,drying5,hold_20,end,regulated_hg_two,1,1.4465632921464762,1.4465632921464762,0.5749999999999993,2.0215632921464755,0.11499999999999985,0.4043126584292951
paired_sensitivities,LCS,Los Coscolls,drying5,hold_20,end,regulated_pm_one,1,2.2855389831564255,2.2855389831564255,0.5749999999999993,2.8605389831564247,0.11499999999999985,0.572107796631285
paired_sensitivities,LCS,Los Coscolls,drying5,hold_20,end,regulated_pm_two,1,1.6778847684151144,1.6778847684151144,0.5749999999999993,2.2528847684151136,0.11499999999999985,0.45057695368302275
paired_sensitivities,LCS,Los Coscolls,drying5,hold_20,mean,regulated_hg_one,1,2.143227790799974,2.143227790799974,0.5276041666666629,2.670831957466637,0.10552083333333258,0.5341663914933273
paired_sensitivities,LCS,Los Coscolls,drying5,hold_20,mean,regulated_hg_two,1,1.4939591254798126,1.4939591254798126,0.5276041666666629,2.0215632921464755,0.10552083333333258,0.4043126584292951
paired_sensitivities,LCS,Los Coscolls,drying5,hold_20,mean,regulated_pm_one,1,2.332934816489762,2.332934816489762,0.5276041666666629,2.8605389831564247,0.10552083333333258,0.572107796631285
paired_sensitivities,LCS,Los Coscolls,drying5,hold_20,mean,regulated_pm_two,1,1.7252806017484508,1.7252806017484508,0.5276041666666629,2.2528847684151136,0.10552083333333258,0.45057695368302275
paired_sensitivities,LCS,Los Coscolls,drying5,blocks_10_20,end,regulated_hg_one,1,2.2708319574666382,2.2708319574666382,0.3999999999999986,2.670831957466637,0.07999999999999971,0.5341663914933273
paired_sensitivities,LCS,Los Coscolls,drying5,blocks_10_20,end,regulated_hg_two,1,1.6215632921464769,1.6215632921464769,0.3999999999999986,2.0215632921464755,0.07999999999999971,0.4043126584292951
paired_sensitivities,LCS,Los Coscolls,drying5,blocks_10_20,end,regulated_pm_one,1,2.460538983156426,2.460538983156426,0.3999999999999986,2.8605389831564247,0.07999999999999971,0.572107796631285
paired_sensitivities,LCS,Los Coscolls,drying5,blocks_10_20,end,regulated_pm_two,1,1.852884768415115,1.852884768415115,0.3999999999999986,2.2528847684151136,0.07999999999999971,0.45057695368302275
paired_sensitivities,LCS,Los Coscolls,drying5,blocks_10_20,mean,regulated_hg_one,1,2.2624986241333054,2.2624986241333054,0.40833333333333144,2.670831957466637,0.08166666666666629,0.5341663914933273
paired_sensitivities,LCS,Los Coscolls,drying5,blocks_10_20,mean,regulated_hg_two,1,1.613229958813144,1.613229958813144,0.40833333333333144,2.0215632921464755,0.08166666666666629,0.4043126584292951
paired_sensitivities,LCS,Los Coscolls,drying5,blocks_10_20,mean,regulated_pm_one,1,2.4522056498230933,2.4522056498230933,0.40833333333333144,2.8605389831564247,0.08166666666666629,0.572107796631285
paired_sensitivities,LCS,Los Coscolls,drying5,blocks_10_20,mean,regulated_pm_two,1,1.8445514350817822,1.8445514350817822,0.40833333333333144,2.2528847684151136,0.08166666666666629,0.45057695368302275
paired_sensitivities,PSN,Pessonada,daily,linear_5_20_50,end,regulated_hg_one,57,1.0058166553354797,0.010329786729253658,0.03026315789473693,0.040592944623990594,0.03026315789473693,0.040592944623990594
paired_sensitivities,PSN,Pessonada,daily,linear_5_20_50,end,regulated_hg_two,57,1.0230842998906038,0.004597637660087828,0.03026315789473693,0.03486079555482474,0.03026315789473693,0.03486079555482474
paired_sensitivities,PSN,Pessonada,daily,linear_5_20_50,end,regulated_pm_one,57,1.0086348161729104,0.007924635211378627,0.03026315789473693,0.03818779310611556,0.03026315789473693,0.03818779310611556
paired_sensitivities,PSN,Pessonada,daily,linear_5_20_50,end,regulated_pm_two,57,1.0285372459863218,0.002442546024556248,0.03026315789473693,0.032705703919293165,0.03026315789473693,0.032705703919293165
paired_sensitivities,PSN,Pessonada,daily,linear_5_20_50,mean,regulated_hg_one,57,1.4363443571357712,0.008261682440754679,0.032331262183235905,0.040592944623990594,0.032331262183235905,0.040592944623990594
paired_sensitivities,PSN,Pessonada,daily,linear_5_20_50,mean,regulated_hg_two,57,1.4549896489216843,0.0025295333715888483,0.032331262183235905,0.03486079555482474,0.032331262183235905,0.03486079555482474
paired_sensitivities,PSN,Pessonada,daily,linear_5_20_50,mean,regulated_pm_one,57,1.4412974911979322,0.005856530922879638,0.032331262183235905,0.03818779310611556,0.032331262183235905,0.03818779310611556
paired_sensitivities,PSN,Pessonada,daily,linear_5_20_50,mean,regulated_pm_two,57,1.4583891884671716,0.00037444173605725897,0.032331262183235905,0.032705703919293165,0.032331262183235905,0.032705703919293165
paired_sensitivities,PSN,Pessonada,daily,hold_20,end,regulated_hg_one,57,1.0470210078322293,0.011206979711709811,0.029385964912280776,0.040592944623990594,0.029385964912280776,0.040592944623990594
paired_sensitivities,PSN,Pessonada,daily,hold_20,end,regulated_hg_two,57,1.0704374819168199,0.005474830642543981,0.029385964912280776,0.03486079555482474,0.029385964912280776,0.03486079555482474
paired_sensitivities,PSN,Pessonada,daily,hold_20,end,regulated_pm_one,57,1.0502133101274123,0.008801828193834772,0.029385964912280776,0.03818779310611556,0.029385964912280776,0.03818779310611556
paired_sensitivities,PSN,Pessonada,daily,hold_20,end,regulated_pm_two,57,1.0751102481059949,0.0033197390070124006,0.029385964912280776,0.032705703919293165,0.029385964912280776,0.032705703919293165
paired_sensitivities,PSN,Pessonada,daily,hold_20,mean,regulated_hg_one,57,1.4653939773397417,0.008913485559663111,0.03167945906432747,0.040592944623990594,0.03167945906432747,0.040592944623990594
paired_sensitivities,PSN,Pessonada,daily,hold_20,mean,regulated_hg_two,57,1.4843207892725612,0.0031813364904972816,0.03167945906432747,0.03486079555482474,0.03167945906432747,0.03486079555482474
paired_sensitivities,PSN,Pessonada,daily,hold_20,mean,regulated_pm_one,57,1.4654345399327697,0.0065083340417880714,0.03167945906432747,0.03818779310611556,0.03167945906432747,0.03818779310611556
paired_sensitivities,PSN,Pessonada,daily,hold_20,mean,regulated_pm_two,57,1.4857253927876497,0.0010262448549656924,0.03167945906432747,0.032705703919293165,0.03167945906432747,0.032705703919293165
paired_sensitivities,PSN,Pessonada,daily,blocks_10_20,end,regulated_hg_one,57,0.9675140865468832,0.010768383220481766,0.029824561403508823,0.040592944623990594,0.029824561403508823,0.040592944623990594
paired_sensitivities,PSN,Pessonada,daily,blocks_10_20,end,regulated_hg_two,57,0.987087019849581,0.005036234151315936,0.029824561403508823,0.03486079555482474,0.029824561403508823,0.03486079555482474
paired_sensitivities,PSN,Pessonada,daily,blocks_10_20,end,regulated_pm_one,57,0.9627903608699488,0.008363231702606727,0.029824561403508823,0.03818779310611556,0.029824561403508823,0.03818779310611556
paired_sensitivities,PSN,Pessonada,daily,blocks_10_20,end,regulated_pm_two,57,0.9868573458507034,0.0028811425157843555,0.029824561403508823,0.032705703919293165,0.029824561403508823,0.032705703919293165
paired_sensitivities,PSN,Pessonada,daily,blocks_10_20,mean,regulated_hg_one,57,1.4155969525362666,0.008209903688318029,0.03238304093567254,0.040592944623990594,0.03238304093567254,0.040592944623990594
paired_sensitivities,PSN,Pessonada,daily,blocks_10_20,mean,regulated_hg_two,57,1.4311516506368276,0.0024777546191522065,0.03238304093567254,0.03486079555482474,0.03238304093567254,0.03486079555482474
paired_sensitivities,PSN,Pessonada,daily,blocks_10_20,mean,regulated_pm_one,57,1.4263647388076384,0.005804752170442996,0.03238304093567254,0.03818779310611556,0.03238304093567254,0.03818779310611556
paired_sensitivities,PSN,Pessonada,daily,blocks_10_20,mean,regulated_pm_two,57,1.441987470266148,0.00032266298362061734,0.03238304093567254,0.032705703919293165,0.03238304093567254,0.032705703919293165
paired_sensitivities,PSN,Pessonada,recharge_next,linear_5_20_50,end,regulated_hg_one,5,4.682857142569742,2.381154908044572,3.301666666666667,5.682821574711239,1.9658333333333338,2.510100807602458
paired_sensitivities,PSN,Pessonada,recharge_next,linear_5_20_50,end,regulated_hg_two,5,4.309000881061716,1.9136496445500581,3.301666666666667,5.215316311216726,1.9658333333333338,2.365522151278461
paired_sensitivities,PSN,Pessonada,recharge_next,linear_5_20_50,end,regulated_pm_one,5,4.553523451242528,2.4935667354346185,3.301666666666667,5.795233402101285,1.9658333333333338,2.5594613558528083
paired_sensitivities,PSN,Pessonada,recharge_next,linear_5_20_50,end,regulated_pm_two,5,4.17690141122284,2.0157937680101408,3.301666666666667,5.317460434676808,1.9658333333333338,2.4102853749221707
paired_sensitivities,PSN,Pessonada,recharge_next,linear_5_20_50,mean,regulated_hg_one,5,5.312614087014187,2.256050741377908,3.426770833333331,5.682821574711239,2.078706597222221,2.510100807602458
paired_sensitivities,PSN,Pessonada,recharge_next,linear_5_20_50,mean,regulated_hg_two,5,4.938757825506161,1.7885454778833945,3.426770833333331,5.215316311216726,2.078706597222221,2.365522151278461
paired_sensitivities,PSN,Pessonada,recharge_next,linear_5_20_50,mean,regulated_pm_one,5,5.183280395686973,2.3684625687679546,3.426770833333331,5.795233402101285,2.078706597222221,2.5594613558528083
paired_sensitivities,PSN,Pessonada,recharge_next,linear_5_20_50,mean,regulated_pm_two,5,4.806658355667285,1.890689601343477,3.426770833333331,5.317460434676808,2.078706597222221,2.4102853749221707
paired_sensitivities,PSN,Pessonada,recharge_next,hold_20,end,regulated_hg_one,5,4.972857142569742,2.1978215747112397,3.4849999999999994,5.682821574711239,2.0675,2.510100807602458
paired_sensitivities,PSN,Pessonada,recharge_next,hold_20,end,regulated_hg_two,5,4.599000881061716,1.7303163112167261,3.4849999999999994,5.215316311216726,2.0675,2.365522151278461
paired_sensitivities,PSN,Pessonada,recharge_next,hold_20,end,regulated_pm_one,5,4.843523451242528,2.3102334021012862,3.4849999999999994,5.795233402101285,2.0675,2.5594613558528083
paired_sensitivities,PSN,Pessonada,recharge_next,hold_20,end,regulated_pm_two,5,4.46690141122284,1.8324604346768087,3.4849999999999994,5.317460434676808,2.0675,2.4102853749221707
paired_sensitivities,PSN,Pessonada,recharge_next,hold_20,mean,regulated_hg_one,5,5.623169642569744,2.0598007413779063,3.623020833333333,5.682821574711239,2.1869010416666668,2.510100807602458
paired_sensitivities,PSN,Pessonada,recharge_next,hold_20,mean,regulated_hg_two,5,5.249313381061718,1.5922954778833924,3.623020833333333,5.215316311216726,2.1869010416666668,2.365522151278461
paired_sensitivities,PSN,Pessonada,recharge_next,hold_20,mean,regulated_pm_one,5,5.49383595124253,2.1722125687679528,3.623020833333333,5.795233402101285,2.1869010416666668,2.5594613558528083
paired_sensitivities,PSN,Pessonada,recharge_next,hold_20,mean,regulated_pm_two,5,5.117213911222842,1.694439601343475,3.623020833333333,5.317460434676808,2.1869010416666668,2.4102853749221707
paired_sensitivities,PSN,Pessonada,recharge_next,blocks_10_20,end,regulated_hg_one,5,4.807857142569741,2.1028215747112395,3.5799999999999996,5.682821574711239,2.0799999999999996,2.510100807602458
paired_sensitivities,PSN,Pessonada,recharge_next,blocks_10_20,end,regulated_hg_two,5,4.434000881061715,1.6353163112167257,3.5799999999999996,5.215316311216726,2.0799999999999996,2.365522151278461
paired_sensitivities,PSN,Pessonada,recharge_next,blocks_10_20,end,regulated_pm_one,5,4.678523451242527,2.215233402101286,3.5799999999999996,5.795233402101285,2.0799999999999996,2.5594613558528083
paired_sensitivities,PSN,Pessonada,recharge_next,blocks_10_20,end,regulated_pm_two,5,4.30190141122284,1.7374604346768083,3.5799999999999996,5.317460434676808,2.0799999999999996,2.4102853749221707
paired_sensitivities,PSN,Pessonada,recharge_next,blocks_10_20,mean,regulated_hg_one,5,5.3628571425697436,1.9836549080445711,3.699166666666668,5.682821574711239,2.178958333333334,2.510100807602458
paired_sensitivities,PSN,Pessonada,recharge_next,blocks_10_20,mean,regulated_hg_two,5,4.989000881061718,1.5161496445500573,3.699166666666668,5.215316311216726,2.178958333333334,2.365522151278461
paired_sensitivities,PSN,Pessonada,recharge_next,blocks_10_20,mean,regulated_pm_one,5,5.2335234512425295,2.0960667354346176,3.699166666666668,5.795233402101285,2.178958333333334,2.5594613558528083
paired_sensitivities,PSN,Pessonada,recharge_next,blocks_10_20,mean,regulated_pm_two,5,4.856901411222841,1.61829376801014,3.699166666666668,5.317460434676808,2.178958333333334,2.4102853749221707
paired_sensitivities,PSN,Pessonada,recharge_day3,linear_5_20_50,end,regulated_hg_one,5,4.120691646635229,1.274325289814552,1.9699999999999989,3.244325289814551,0.6226388888888886,0.7591708290725806
paired_sensitivities,PSN,Pessonada,recharge_day3,linear_5_20_50,end,regulated_hg_two,5,3.717599377643474,0.8669056489562917,1.9699999999999989,2.8369056489562907,0.6226388888888886,0.6854896158249526
paired_sensitivities,PSN,Pessonada,recharge_day3,linear_5_20_50,end,regulated_pm_one,5,4.152704679531714,1.1960760614374102,1.9699999999999989,3.1660760614374093,0.6226388888888886,0.7404280108036133
paired_sensitivities,PSN,Pessonada,recharge_day3,linear_5_20_50,end,regulated_pm_two,5,3.740209197479974,0.7839431013881079,1.9699999999999989,2.753943101388107,0.6226388888888886,0.6657425907808712
paired_sensitivities,PSN,Pessonada,recharge_day3,linear_5_20_50,mean,regulated_hg_one,5,4.639406924413008,1.3161655675923298,1.928159722222221,3.244325289814551,0.629968171296296,0.7591708290725806
paired_sensitivities,PSN,Pessonada,recharge_day3,linear_5_20_50,mean,regulated_hg_two,5,4.236314655421253,0.9087459267340696,1.928159722222221,2.8369056489562907,0.629968171296296,0.6854896158249526
paired_sensitivities,PSN,Pessonada,recharge_day3,linear_5_20_50,mean,regulated_pm_one,5,4.671419957309493,1.237916339215188,1.928159722222221,3.1660760614374093,0.629968171296296,0.7404280108036133
paired_sensitivities,PSN,Pessonada,recharge_day3,linear_5_20_50,mean,regulated_pm_two,5,4.258924475257753,0.8257833791658856,1.928159722222221,2.753943101388107,0.629968171296296,0.6657425907808712
paired_sensitivities,PSN,Pessonada,recharge_day3,hold_20,end,regulated_hg_one,5,4.3473583133018945,1.1743252898145513,2.0699999999999994,3.244325289814551,0.6520833333333332,0.7591708290725806
paired_sensitivities,PSN,Pessonada,recharge_day3,hold_20,end,regulated_hg_two,5,3.9442660443101403,0.7669056489562911,2.0699999999999994,2.8369056489562907,0.6520833333333332,0.6854896158249526
paired_sensitivities,PSN,Pessonada,recharge_day3,hold_20,end,regulated_pm_one,5,4.37937134619838,1.0960760614374094,2.0699999999999994,3.1660760614374093,0.6520833333333332,0.7404280108036133
paired_sensitivities,PSN,Pessonada,recharge_day3,hold_20,end,regulated_pm_two,5,3.9668758641466395,0.6839431013881072,2.0699999999999994,2.753943101388107,0.6520833333333332,0.6657425907808712
paired_sensitivities,PSN,Pessonada,recharge_day3,hold_20,mean,regulated_hg_one,5,4.883295813301898,1.2067211231478856,2.0376041666666653,3.244325289814551,0.6616579861111108,0.7591708290725806
paired_sensitivities,PSN,Pessonada,recharge_day3,hold_20,mean,regulated_hg_two,5,4.480203544310144,0.7993014822896255,2.0376041666666653,2.8369056489562907,0.6616579861111108,0.6854896158249526
paired_sensitivities,PSN,Pessonada,recharge_day3,hold_20,mean,regulated_pm_one,5,4.915308846198384,1.128471894770744,2.0376041666666653,3.1660760614374093,0.6616579861111108,0.7404280108036133
paired_sensitivities,PSN,Pessonada,recharge_day3,hold_20,mean,regulated_pm_two,5,4.502813364146643,0.7163389347214415,2.0376041666666653,2.753943101388107,0.6616579861111108,0.6657425907808712
paired_sensitivities,PSN,Pessonada,recharge_day3,blocks_10_20,end,regulated_hg_one,5,4.257358313301896,1.024325289814552,2.219999999999999,3.244325289814551,0.6766666666666664,0.7591708290725806
paired_sensitivities,PSN,Pessonada,recharge_day3,blocks_10_20,end,regulated_hg_two,5,3.8542660443101417,0.6169056489562917,2.219999999999999,2.8369056489562907,0.6766666666666664,0.6854896158249526
paired_sensitivities,PSN,Pessonada,recharge_day3,blocks_10_20,end,regulated_pm_one,5,4.289371346198382,0.9460760614374102,2.219999999999999,3.1660760614374093,0.6766666666666664,0.7404280108036133
paired_sensitivities,PSN,Pessonada,recharge_day3,blocks_10_20,end,regulated_pm_two,5,3.8768758641466414,0.5339431013881079,2.219999999999999,2.753943101388107,0.6766666666666664,0.6657425907808712
paired_sensitivities,PSN,Pessonada,recharge_day3,blocks_10_20,mean,regulated_hg_one,5,4.728608313301895,1.032241956481217,2.2120833333333336,3.244325289814551,0.6881597222222222,0.7591708290725806
paired_sensitivities,PSN,Pessonada,recharge_day3,blocks_10_20,mean,regulated_hg_two,5,4.325516044310141,0.6248223156229569,2.2120833333333336,2.8369056489562907,0.6881597222222222,0.6854896158249526
paired_sensitivities,PSN,Pessonada,recharge_day3,blocks_10_20,mean,regulated_pm_one,5,4.760621346198381,0.9539927281040753,2.2120833333333336,3.1660760614374093,0.6881597222222222,0.7404280108036133
paired_sensitivities,PSN,Pessonada,recharge_day3,blocks_10_20,mean,regulated_pm_two,5,4.34812586414664,0.541859768054773,2.2120833333333336,2.753943101388107,0.6881597222222222,0.6657425907808712
paired_sensitivities,PSN,Pessonada,drying5,linear_5_20_50,end,regulated_hg_one,1,0.6334986036538961,-0.6334986036538961,9.216666666666661,8.583168063012765,1.8433333333333324,1.716633612602553
paired_sensitivities,PSN,Pessonada,drying5,linear_5_20_50,end,regulated_hg_two,1,1.6469819386256157,-1.6469819386256157,9.216666666666661,7.569684728041046,1.8433333333333324,1.5139369456082092
paired_sensitivities,PSN,Pessonada,drying5,linear_5_20_50,end,regulated_pm_one,1,0.5756966668571657,-0.5756966668571657,9.216666666666661,8.640969999809496,1.8433333333333324,1.7281939999618992
paired_sensitivities,PSN,Pessonada,drying5,linear_5_20_50,end,regulated_pm_two,1,1.6403473013840717,-1.6403473013840717,9.216666666666661,7.57631936528259,1.8433333333333324,1.515263873056518
paired_sensitivities,PSN,Pessonada,drying5,linear_5_20_50,mean,regulated_hg_one,1,1.1833249925427918,-1.1833249925427918,9.766493055555557,8.583168063012765,1.9532986111111115,1.716633612602553
paired_sensitivities,PSN,Pessonada,drying5,linear_5_20_50,mean,regulated_hg_two,1,2.1968083275145114,-2.1968083275145114,9.766493055555557,7.569684728041046,1.9532986111111115,1.5139369456082092
paired_sensitivities,PSN,Pessonada,drying5,linear_5_20_50,mean,regulated_pm_one,1,1.1255230557460614,-1.1255230557460614,9.766493055555557,8.640969999809496,1.9532986111111115,1.7281939999618992
paired_sensitivities,PSN,Pessonada,drying5,linear_5_20_50,mean,regulated_pm_two,1,2.1901736902729674,-2.1901736902729674,9.766493055555557,7.57631936528259,1.9532986111111115,1.515263873056518
paired_sensitivities,PSN,Pessonada,drying5,hold_20,end,regulated_hg_one,1,1.1168319369872304,-1.1168319369872304,9.699999999999996,8.583168063012765,1.939999999999999,1.716633612602553
paired_sensitivities,PSN,Pessonada,drying5,hold_20,end,regulated_hg_two,1,2.13031527195895,-2.13031527195895,9.699999999999996,7.569684728041046,1.939999999999999,1.5139369456082092
paired_sensitivities,PSN,Pessonada,drying5,hold_20,end,regulated_pm_one,1,1.0590300001905,-1.0590300001905,9.699999999999996,8.640969999809496,1.939999999999999,1.7281939999618992
paired_sensitivities,PSN,Pessonada,drying5,hold_20,end,regulated_pm_two,1,2.123680634717406,-2.123680634717406,9.699999999999996,7.57631936528259,1.939999999999999,1.515263873056518
paired_sensitivities,PSN,Pessonada,drying5,hold_20,mean,regulated_hg_one,1,1.7111027703205703,-1.7111027703205703,10.294270833333336,8.583168063012765,2.0588541666666673,1.716633612602553
paired_sensitivities,PSN,Pessonada,drying5,hold_20,mean,regulated_hg_two,1,2.72458610529229,-2.72458610529229,10.294270833333336,7.569684728041046,2.0588541666666673,1.5139369456082092
paired_sensitivities,PSN,Pessonada,drying5,hold_20,mean,regulated_pm_one,1,1.65330083352384,-1.65330083352384,10.294270833333336,8.640969999809496,2.0588541666666673,1.7281939999618992
paired_sensitivities,PSN,Pessonada,drying5,hold_20,mean,regulated_pm_two,1,2.717951468050746,-2.717951468050746,10.294270833333336,7.57631936528259,2.0588541666666673,1.515263873056518
paired_sensitivities,PSN,Pessonada,drying5,blocks_10_20,end,regulated_hg_one,1,0.6168319369872375,-0.6168319369872375,9.200000000000003,8.583168063012765,1.8400000000000005,1.716633612602553
paired_sensitivities,PSN,Pessonada,drying5,blocks_10_20,end,regulated_hg_two,1,1.630315271958957,-1.630315271958957,9.200000000000003,7.569684728041046,1.8400000000000005,1.5139369456082092
paired_sensitivities,PSN,Pessonada,drying5,blocks_10_20,end,regulated_pm_one,1,0.5590300001905071,-0.5590300001905071,9.200000000000003,8.640969999809496,1.8400000000000005,1.7281939999618992
paired_sensitivities,PSN,Pessonada,drying5,blocks_10_20,end,regulated_pm_two,1,1.623680634717413,-1.623680634717413,9.200000000000003,7.57631936528259,1.8400000000000005,1.515263873056518
paired_sensitivities,PSN,Pessonada,drying5,blocks_10_20,mean,regulated_hg_one,1,1.1522486036539075,-1.1522486036539075,9.735416666666673,8.583168063012765,1.9470833333333346,1.716633612602553
paired_sensitivities,PSN,Pessonada,drying5,blocks_10_20,mean,regulated_hg_two,1,2.165731938625627,-2.165731938625627,9.735416666666673,7.569684728041046,1.9470833333333346,1.5139369456082092
paired_sensitivities,PSN,Pessonada,drying5,blocks_10_20,mean,regulated_pm_one,1,1.094446666857177,-1.094446666857177,9.735416666666673,8.640969999809496,1.9470833333333346,1.7281939999618992
paired_sensitivities,PSN,Pessonada,drying5,blocks_10_20,mean,regulated_pm_two,1,2.159097301384083,-2.159097301384083,9.735416666666673,7.57631936528259,1.9470833333333346,1.515263873056518
paired_sensitivities,BDS,Batlliu de Sort,daily,linear_5_20_50,end,regulated_hg_one,59,1.5767114107803086,0.0468665673178718,-0.007909604519774164,0.038956962798097634,-0.007909604519774164,0.038956962798097634
paired_sensitivities,BDS,Batlliu de Sort,daily,linear_5_20_50,end,regulated_hg_two,59,1.549622781235046,0.07233053632094344,-0.007909604519774164,0.06442093180116927,-0.007909604519774164,0.06442093180116927
paired_sensitivities,BDS,Batlliu de Sort,daily,linear_5_20_50,end,regulated_pm_one,59,1.5618533820792482,0.06276589887107319,-0.007909604519774164,0.05485629435129902,-0.007909604519774164,0.05485629435129902
paired_sensitivities,BDS,Batlliu de Sort,daily,linear_5_20_50,end,regulated_pm_two,59,1.587072447303013,0.10332970091561453,-0.007909604519774164,0.09542009639584037,-0.007909604519774164,0.09542009639584037
paired_sensitivities,BDS,Batlliu de Sort,daily,linear_5_20_50,mean,regulated_hg_one,59,1.9262051760144552,0.045718968447815145,-0.006762005649717506,0.038956962798097634,-0.006762005649717506,0.038956962798097634
paired_sensitivities,BDS,Batlliu de Sort,daily,linear_5_20_50,mean,regulated_hg_two,59,1.8937605549802168,0.07118293745088679,-0.006762005649717506,0.06442093180116927,-0.006762005649717506,0.06442093180116927
paired_sensitivities,BDS,Batlliu de Sort,daily,linear_5_20_50,mean,regulated_pm_one,59,1.8676749639648775,0.06161830000101652,-0.006762005649717506,0.05485629435129902,-0.006762005649717506,0.05485629435129902
paired_sensitivities,BDS,Batlliu de Sort,daily,linear_5_20_50,mean,regulated_pm_two,59,1.8928543038656205,0.10218210204555787,-0.006762005649717506,0.09542009639584037,-0.006762005649717506,0.09542009639584037
paired_sensitivities,BDS,Batlliu de Sort,daily,hold_20,end,regulated_hg_one,59,1.5879543664234712,0.04827899669640267,-0.009322033898305037,0.038956962798097634,-0.009322033898305037,0.038956962798097634
paired_sensitivities,BDS,Batlliu de Sort,daily,hold_20,end,regulated_hg_two,59,1.5631209657347938,0.07374296569947432,-0.009322033898305037,0.06442093180116927,-0.009322033898305037,0.06442093180116927
paired_sensitivities,BDS,Batlliu de Sort,daily,hold_20,end,regulated_pm_one,59,1.5643130282235704,0.06417832824960405,-0.009322033898305037,0.05485629435129902,-0.009322033898305037,0.05485629435129902
paired_sensitivities,BDS,Batlliu de Sort,daily,hold_20,end,regulated_pm_two,59,1.5892326060120643,0.1047421302941454,-0.009322033898305037,0.09542009639584037,-0.009322033898305037,0.09542009639584037
paired_sensitivities,BDS,Batlliu de Sort,daily,hold_20,mean,regulated_hg_one,59,1.946896565248303,0.047413883702052455,-0.008456920903954819,0.038956962798097634,-0.008456920903954819,0.038956962798097634
paired_sensitivities,BDS,Batlliu de Sort,daily,hold_20,mean,regulated_hg_two,59,1.9204265185264793,0.07287785270512409,-0.008456920903954819,0.06442093180116927,-0.008456920903954819,0.06442093180116927
paired_sensitivities,BDS,Batlliu de Sort,daily,hold_20,mean,regulated_pm_one,59,1.8799294422223816,0.06331321525525384,-0.008456920903954819,0.05485629435129902,-0.008456920903954819,0.05485629435129902
paired_sensitivities,BDS,Batlliu de Sort,daily,hold_20,mean,regulated_pm_two,59,1.9053259798473168,0.10387701729979518,-0.008456920903954819,0.09542009639584037,-0.008456920903954819,0.09542009639584037
paired_sensitivities,BDS,Batlliu de Sort,daily,blocks_10_20,end,regulated_hg_one,59,1.618070976914004,0.04743153906928407,-0.00847457627118644,0.038956962798097634,-0.00847457627118644,0.038956962798097634
paired_sensitivities,BDS,Batlliu de Sort,daily,blocks_10_20,end,regulated_hg_two,59,1.5963277396790443,0.07289550807235572,-0.00847457627118644,0.06442093180116927,-0.00847457627118644,0.06442093180116927
paired_sensitivities,BDS,Batlliu de Sort,daily,blocks_10_20,end,regulated_pm_one,59,1.5886553104311631,0.06333087062248545,-0.00847457627118644,0.05485629435129902,-0.00847457627118644,0.05485629435129902
paired_sensitivities,BDS,Batlliu de Sort,daily,blocks_10_20,end,regulated_pm_two,59,1.6128581390868353,0.1038946726670268,-0.00847457627118644,0.09542009639584037,-0.00847457627118644,0.09542009639584037
paired_sensitivities,BDS,Batlliu de Sort,daily,blocks_10_20,mean,regulated_hg_one,59,1.9823539326117359,0.047502160538210686,-0.00854519774011305,0.038956962798097634,-0.00854519774011305,0.038956962798097634
paired_sensitivities,BDS,Batlliu de Sort,daily,blocks_10_20,mean,regulated_hg_two,59,1.955668049443151,0.07296612954128233,-0.00854519774011305,0.06442093180116927,-0.00854519774011305,0.06442093180116927
paired_sensitivities,BDS,Batlliu de Sort,daily,blocks_10_20,mean,regulated_pm_one,59,1.9032065858832066,0.06340149209141206,-0.00854519774011305,0.05485629435129902,-0.00854519774011305,0.05485629435129902
paired_sensitivities,BDS,Batlliu de Sort,daily,blocks_10_20,mean,regulated_pm_two,59,1.9303718555918226,0.10396529413595341,-0.00854519774011305,0.09542009639584037,-0.00854519774011305,0.09542009639584037
paired_sensitivities,BDS,Batlliu de Sort,recharge_next,linear_5_20_50,end,regulated_hg_one,5,5.134837868121233,1.4176576000164989,3.039999999999999,4.457657600016498,1.2061111111111105,1.5475759433677847
paired_sensitivities,BDS,Batlliu de Sort,recharge_next,linear_5_20_50,end,regulated_hg_two,5,5.230907846114599,1.6486975610289485,3.039999999999999,4.688697561028947,1.2061111111111105,1.6256285729633342
paired_sensitivities,BDS,Batlliu de Sort,recharge_next,linear_5_20_50,end,regulated_pm_one,5,5.202314244072717,1.5776870244107375,3.039999999999999,4.617687024410737,1.2061111111111105,1.6127612969953333
paired_sensitivities,BDS,Batlliu de Sort,recharge_next,linear_5_20_50,end,regulated_pm_two,5,5.809974011726515,2.2241507737239656,3.039999999999999,5.264150773723965,1.2061111111111105,1.822547293032051
paired_sensitivities,BDS,Batlliu de Sort,recharge_next,linear_5_20_50,mean,regulated_hg_one,5,4.991261479232344,1.012970100016499,3.4446874999999992,4.457657600016498,1.3799999999999994,1.5475759433677847
paired_sensitivities,BDS,Batlliu de Sort,recharge_next,linear_5_20_50,mean,regulated_hg_two,5,5.0873314572257105,1.2440100610289484,3.4446874999999992,4.688697561028947,1.3799999999999994,1.6256285729633342
paired_sensitivities,BDS,Batlliu de Sort,recharge_next,linear_5_20_50,mean,regulated_pm_one,5,5.0587378551838285,1.1729995244107376,3.4446874999999992,4.617687024410737,1.3799999999999994,1.6127612969953333
paired_sensitivities,BDS,Batlliu de Sort,recharge_next,linear_5_20_50,mean,regulated_pm_two,5,5.666397622837627,1.8194632737239655,3.4446874999999992,5.264150773723965,1.3799999999999994,1.822547293032051
paired_sensitivities,BDS,Batlliu de Sort,recharge_next,hold_20,end,regulated_hg_one,5,5.1548378681212315,1.1776576000164984,3.28,4.457657600016498,1.3033333333333332,1.5475759433677847
paired_sensitivities,BDS,Batlliu de Sort,recharge_next,hold_20,end,regulated_hg_two,5,5.250907846114599,1.4086975610289478,3.28,4.688697561028947,1.3033333333333332,1.6256285729633342
paired_sensitivities,BDS,Batlliu de Sort,recharge_next,hold_20,end,regulated_pm_one,5,5.222314244072717,1.337687024410737,3.28,4.617687024410737,1.3033333333333332,1.6127612969953333
paired_sensitivities,BDS,Batlliu de Sort,recharge_next,hold_20,end,regulated_pm_two,5,5.829974011726514,1.984150773723965,3.28,5.264150773723965,1.3033333333333332,1.822547293032051
paired_sensitivities,BDS,Batlliu de Sort,recharge_next,hold_20,mean,regulated_hg_one,5,5.0107753681212275,0.7506784333498321,3.706979166666666,4.457657600016498,1.4861458333333328,1.5475759433677847
paired_sensitivities,BDS,Batlliu de Sort,recharge_next,hold_20,mean,regulated_hg_two,5,5.106845346114595,0.9817183943622816,3.706979166666666,4.688697561028947,1.4861458333333328,1.6256285729633342
paired_sensitivities,BDS,Batlliu de Sort,recharge_next,hold_20,mean,regulated_pm_one,5,5.078251744072713,0.9107078577440707,3.706979166666666,4.617687024410737,1.4861458333333328,1.6127612969953333
paired_sensitivities,BDS,Batlliu de Sort,recharge_next,hold_20,mean,regulated_pm_two,5,5.68591151172651,1.5571716070572987,3.706979166666666,5.264150773723965,1.4861458333333328,1.822547293032051
paired_sensitivities,BDS,Batlliu de Sort,recharge_next,blocks_10_20,end,regulated_hg_one,5,5.214837868121231,0.837657600016495,3.620000000000003,4.457657600016498,1.446666666666668,1.5475759433677847
paired_sensitivities,BDS,Batlliu de Sort,recharge_next,blocks_10_20,end,regulated_hg_two,5,5.310907846114597,1.0686975610289444,3.620000000000003,4.688697561028947,1.446666666666668,1.6256285729633342
paired_sensitivities,BDS,Batlliu de Sort,recharge_next,blocks_10_20,end,regulated_pm_one,5,5.282314244072715,0.9976870244107336,3.620000000000003,4.617687024410737,1.446666666666668,1.6127612969953333
paired_sensitivities,BDS,Batlliu de Sort,recharge_next,blocks_10_20,end,regulated_pm_two,5,5.889974011726514,1.6441507737239616,3.620000000000003,5.264150773723965,1.446666666666668,1.822547293032051
paired_sensitivities,BDS,Batlliu de Sort,recharge_next,blocks_10_20,mean,regulated_hg_one,5,5.0848378681212285,0.37182426668316043,4.085833333333338,4.457657600016498,1.6458333333333353,1.5475759433677847
paired_sensitivities,BDS,Batlliu de Sort,recharge_next,blocks_10_20,mean,regulated_hg_two,5,5.180907846114595,0.60286422769561,4.085833333333338,4.688697561028947,1.6458333333333353,1.6256285729633342
paired_sensitivities,BDS,Batlliu de Sort,recharge_next,blocks_10_20,mean,regulated_pm_one,5,5.152314244072713,0.531853691077399,4.085833333333338,4.617687024410737,1.6458333333333353,1.6127612969953333
paired_sensitivities,BDS,Batlliu de Sort,recharge_next,blocks_10_20,mean,regulated_pm_two,5,5.759974011726511,1.178317440390627,4.085833333333338,5.264150773723965,1.6458333333333353,1.822547293032051
paired_sensitivities,BDS,Batlliu de Sort,recharge_day3,linear_5_20_50,end,regulated_hg_one,5,4.167023835599264,-1.1789992397455196,2.2700000000000005,1.0910007602544807,0.4821666666666667,0.12895475825769911
paired_sensitivities,BDS,Batlliu de Sort,recharge_day3,linear_5_20_50,end,regulated_hg_two,5,4.286928279312884,-0.6750706765553329,2.2700000000000005,1.5949293234446673,0.4821666666666667,0.23677632230828718
paired_sensitivities,BDS,Batlliu de Sort,recharge_day3,linear_5_20_50,end,regulated_pm_one,5,4.529290139729593,-1.000983786274664,2.2700000000000005,1.2690162137253362,0.4821666666666667,0.16180395008728918
paired_sensitivities,BDS,Batlliu de Sort,recharge_day3,linear_5_20_50,end,regulated_pm_two,5,5.15812332518633,-0.19645313491728073,2.2700000000000005,2.0735468650827196,0.4821666666666667,0.32449126046484744
paired_sensitivities,BDS,Batlliu de Sort,recharge_day3,linear_5_20_50,mean,regulated_hg_one,5,4.1238988355992685,-1.3346936841899635,2.4256944444444444,1.0910007602544807,0.5142430555555555,0.12895475825769911
paired_sensitivities,BDS,Batlliu de Sort,recharge_day3,linear_5_20_50,mean,regulated_hg_two,5,4.243803279312888,-0.830765120999777,2.4256944444444444,1.5949293234446673,0.5142430555555555,0.23677632230828718
paired_sensitivities,BDS,Batlliu de Sort,recharge_day3,linear_5_20_50,mean,regulated_pm_one,5,4.486165139729598,-1.1566782307191081,2.4256944444444444,1.2690162137253362,0.5142430555555555,0.16180395008728918
paired_sensitivities,BDS,Batlliu de Sort,recharge_day3,linear_5_20_50,mean,regulated_pm_two,5,5.114998325186336,-0.35214757936172475,2.4256944444444444,2.0735468650827196,0.5142430555555555,0.32449126046484744
paired_sensitivities,BDS,Batlliu de Sort,recharge_day3,hold_20,end,regulated_hg_one,5,4.1403571689326,-1.298999239745517,2.389999999999998,1.0910007602544807,0.5069999999999995,0.12895475825769911
paired_sensitivities,BDS,Batlliu de Sort,recharge_day3,hold_20,end,regulated_hg_two,5,4.26026161264622,-0.7950706765553304,2.389999999999998,1.5949293234446673,0.5069999999999995,0.23677632230828718
paired_sensitivities,BDS,Batlliu de Sort,recharge_day3,hold_20,end,regulated_pm_one,5,4.502623473062929,-1.1209837862746614,2.389999999999998,1.2690162137253362,0.5069999999999995,0.16180395008728918
paired_sensitivities,BDS,Batlliu de Sort,recharge_day3,hold_20,end,regulated_pm_two,5,5.131456658519666,-0.31645313491727817,2.389999999999998,2.0735468650827196,0.5069999999999995,0.32449126046484744
paired_sensitivities,BDS,Batlliu de Sort,recharge_day3,hold_20,mean,regulated_hg_one,5,4.104315502265927,-1.4652492397455208,2.5562500000000012,1.0910007602544807,0.5412812500000003,0.12895475825769911
paired_sensitivities,BDS,Batlliu de Sort,recharge_day3,hold_20,mean,regulated_hg_two,5,4.224219945979548,-0.961320676555334,2.5562500000000012,1.5949293234446673,0.5412812500000003,0.23677632230828718
paired_sensitivities,BDS,Batlliu de Sort,recharge_day3,hold_20,mean,regulated_pm_one,5,4.466581806396257,-1.2872337862746652,2.5562500000000012,1.2690162137253362,0.5412812500000003,0.16180395008728918
paired_sensitivities,BDS,Batlliu de Sort,recharge_day3,hold_20,mean,regulated_pm_two,5,5.095414991852994,-0.4827031349172819,2.5562500000000012,2.0735468650827196,0.5412812500000003,0.32449126046484744
paired_sensitivities,BDS,Batlliu de Sort,recharge_day3,blocks_10_20,end,regulated_hg_one,5,4.120357168932598,-1.4689992397455187,2.5599999999999996,1.0910007602544807,0.5429999999999998,0.12895475825769911
paired_sensitivities,BDS,Batlliu de Sort,recharge_day3,blocks_10_20,end,regulated_hg_two,5,4.240261612646218,-0.9650706765553321,2.5599999999999996,1.5949293234446673,0.5429999999999998,0.23677632230828718
paired_sensitivities,BDS,Batlliu de Sort,recharge_day3,blocks_10_20,end,regulated_pm_one,5,4.482623473062928,-1.2909837862746631,2.5599999999999996,1.2690162137253362,0.5429999999999998,0.16180395008728918
paired_sensitivities,BDS,Batlliu de Sort,recharge_day3,blocks_10_20,end,regulated_pm_two,5,5.111456658519665,-0.4864531349172799,2.5599999999999996,2.0735468650827196,0.5429999999999998,0.32449126046484744
paired_sensitivities,BDS,Batlliu de Sort,recharge_day3,blocks_10_20,mean,regulated_hg_one,5,4.09577383559926,-1.6527492397455208,2.7437500000000012,1.0910007602544807,0.5811250000000003,0.12895475825769911
paired_sensitivities,BDS,Batlliu de Sort,recharge_day3,blocks_10_20,mean,regulated_hg_two,5,4.21567827931288,-1.1488206765553342,2.7437500000000012,1.5949293234446673,0.5811250000000003,0.23677632230828718
paired_sensitivities,BDS,Batlliu de Sort,recharge_day3,blocks_10_20,mean,regulated_pm_one,5,4.45804013972959,-1.4747337862746652,2.7437500000000012,1.2690162137253362,0.5811250000000003,0.16180395008728918
paired_sensitivities,BDS,Batlliu de Sort,recharge_day3,blocks_10_20,mean,regulated_pm_two,5,5.086873325186327,-0.6702031349172819,2.7437500000000012,2.0735468650827196,0.5811250000000003,0.32449126046484744
paired_sensitivities,BDS,Batlliu de Sort,drying5,linear_5_20_50,end,regulated_hg_one,1,0.13468503181189817,-0.13468503181189817,5.391666666666666,5.2569816348547675,1.0783333333333331,1.0513963269709534
paired_sensitivities,BDS,Batlliu de Sort,drying5,linear_5_20_50,end,regulated_hg_two,1,0.3357680235348717,-0.3357680235348717,5.391666666666666,5.055898643131794,1.0783333333333331,1.0111797286263589
paired_sensitivities,BDS,Batlliu de Sort,drying5,linear_5_20_50,end,regulated_pm_one,1,0.48096183461979436,0.48096183461979436,5.391666666666666,5.87262850128646,1.0783333333333331,1.174525700257292
paired_sensitivities,BDS,Batlliu de Sort,drying5,linear_5_20_50,end,regulated_pm_two,1,0.5249922497364494,0.5249922497364494,5.391666666666666,5.916658916403115,1.0783333333333331,1.183331783280623
paired_sensitivities,BDS,Batlliu de Sort,drying5,linear_5_20_50,mean,regulated_hg_one,1,0.3362475318119067,-0.3362475318119067,5.593229166666674,5.2569816348547675,1.118645833333335,1.0513963269709534
paired_sensitivities,BDS,Batlliu de Sort,drying5,linear_5_20_50,mean,regulated_hg_two,1,0.5373305235348802,-0.5373305235348802,5.593229166666674,5.055898643131794,1.118645833333335,1.0111797286263589
paired_sensitivities,BDS,Batlliu de Sort,drying5,linear_5_20_50,mean,regulated_pm_one,1,0.27939933461978583,0.27939933461978583,5.593229166666674,5.87262850128646,1.118645833333335,1.174525700257292
paired_sensitivities,BDS,Batlliu de Sort,drying5,linear_5_20_50,mean,regulated_pm_two,1,0.3234297497364409,0.3234297497364409,5.593229166666674,5.916658916403115,1.118645833333335,1.183331783280623
paired_sensitivities,BDS,Batlliu de Sort,drying5,hold_20,end,regulated_hg_one,1,0.6180183651452325,-0.6180183651452325,5.875,5.2569816348547675,1.175,1.0513963269709534
paired_sensitivities,BDS,Batlliu de Sort,drying5,hold_20,end,regulated_hg_two,1,0.819101356868206,-0.819101356868206,5.875,5.055898643131794,1.175,1.0111797286263589
paired_sensitivities,BDS,Batlliu de Sort,drying5,hold_20,end,regulated_pm_one,1,0.0023714987135399213,-0.0023714987135399213,5.875,5.87262850128646,1.175,1.174525700257292
paired_sensitivities,BDS,Batlliu de Sort,drying5,hold_20,end,regulated_pm_two,1,0.04165891640311514,0.04165891640311514,5.875,5.916658916403115,1.175,1.183331783280623
paired_sensitivities,BDS,Batlliu de Sort,drying5,hold_20,mean,regulated_hg_one,1,0.8591641984785667,-0.8591641984785667,6.116145833333334,5.2569816348547675,1.2232291666666668,1.0513963269709534
paired_sensitivities,BDS,Batlliu de Sort,drying5,hold_20,mean,regulated_hg_two,1,1.0602471902015402,-1.0602471902015402,6.116145833333334,5.055898643131794,1.2232291666666668,1.0111797286263589
paired_sensitivities,BDS,Batlliu de Sort,drying5,hold_20,mean,regulated_pm_one,1,0.2435173320468742,-0.2435173320468742,6.116145833333334,5.87262850128646,1.2232291666666668,1.174525700257292
paired_sensitivities,BDS,Batlliu de Sort,drying5,hold_20,mean,regulated_pm_two,1,0.19948691693021914,-0.19948691693021914,6.116145833333334,5.916658916403115,1.2232291666666668,1.183331783280623
paired_sensitivities,BDS,Batlliu de Sort,drying5,blocks_10_20,end,regulated_hg_one,1,1.2430183651452325,-1.2430183651452325,6.5,5.2569816348547675,1.3,1.0513963269709534
paired_sensitivities,BDS,Batlliu de Sort,drying5,blocks_10_20,end,regulated_hg_two,1,1.444101356868206,-1.444101356868206,6.5,5.055898643131794,1.3,1.0111797286263589
paired_sensitivities,BDS,Batlliu de Sort,drying5,blocks_10_20,end,regulated_pm_one,1,0.6273714987135399,-0.6273714987135399,6.5,5.87262850128646,1.3,1.174525700257292
paired_sensitivities,BDS,Batlliu de Sort,drying5,blocks_10_20,end,regulated_pm_two,1,0.5833410835968849,-0.5833410835968849,6.5,5.916658916403115,1.3,1.183331783280623
paired_sensitivities,BDS,Batlliu de Sort,drying5,blocks_10_20,mean,regulated_hg_one,1,1.5346850318118967,-1.5346850318118967,6.791666666666664,5.2569816348547675,1.358333333333333,1.0513963269709534
paired_sensitivities,BDS,Batlliu de Sort,drying5,blocks_10_20,mean,regulated_hg_two,1,1.7357680235348703,-1.7357680235348703,6.791666666666664,5.055898643131794,1.358333333333333,1.0111797286263589
paired_sensitivities,BDS,Batlliu de Sort,drying5,blocks_10_20,mean,regulated_pm_one,1,0.9190381653802042,-0.9190381653802042,6.791666666666664,5.87262850128646,1.358333333333333,1.174525700257292
paired_sensitivities,BDS,Batlliu de Sort,drying5,blocks_10_20,mean,regulated_pm_two,1,0.8750077502635492,-0.8750077502635492,6.791666666666664,5.916658916403115,1.358333333333333,1.183331783280623
paired_sensitivities,CDPA,Coll de Paller,daily,linear_5_20_50,end,regulated_hg_one,55,0.8554790382277954,-0.05959523615056563,0.07818181818181813,0.018586582031252498,0.07818181818181813,0.018586582031252498
paired_sensitivities,CDPA,Coll de Paller,daily,linear_5_20_50,end,regulated_hg_two,55,0.8718073642179449,-0.06237297127464831,0.07818181818181813,0.01580884690716982,0.07818181818181813,0.01580884690716982
paired_sensitivities,CDPA,Coll de Paller,daily,linear_5_20_50,end,regulated_pm_one,55,0.844154875624707,-0.06537557540289843,0.07818181818181813,0.012806242778919704,0.07818181818181813,0.012806242778919704
paired_sensitivities,CDPA,Coll de Paller,daily,linear_5_20_50,end,regulated_pm_two,55,0.8679334653110378,-0.06636106433305486,0.07818181818181813,0.011820753848763268,0.07818181818181813,0.011820753848763268
paired_sensitivities,CDPA,Coll de Paller,daily,linear_5_20_50,mean,regulated_hg_one,55,1.3222860016327456,-0.05745824120107077,0.07604482323232327,0.018586582031252498,0.07604482323232327,0.018586582031252498
paired_sensitivities,CDPA,Coll de Paller,daily,linear_5_20_50,mean,regulated_hg_two,55,1.3501359116390421,-0.06023597632515345,0.07604482323232327,0.01580884690716982,0.07604482323232327,0.01580884690716982
paired_sensitivities,CDPA,Coll de Paller,daily,linear_5_20_50,mean,regulated_pm_one,55,1.3049111501343111,-0.06323858045340357,0.07604482323232327,0.012806242778919704,0.07604482323232327,0.012806242778919704
paired_sensitivities,CDPA,Coll de Paller,daily,linear_5_20_50,mean,regulated_pm_two,55,1.331575781427628,-0.06422406938356001,0.07604482323232327,0.011820753848763268,0.07604482323232327,0.011820753848763268
paired_sensitivities,CDPA,Coll de Paller,daily,hold_20,end,regulated_hg_one,55,0.916455388990379,-0.04595887251420199,0.06454545454545449,0.018586582031252498,0.06454545454545449,0.018586582031252498
paired_sensitivities,CDPA,Coll de Paller,daily,hold_20,end,regulated_hg_two,55,0.9331436661354938,-0.048736607638284676,0.06454545454545449,0.01580884690716982,0.06454545454545449,0.01580884690716982
paired_sensitivities,CDPA,Coll de Paller,daily,hold_20,end,regulated_pm_one,55,0.8944395937511932,-0.05173921176653479,0.06454545454545449,0.012806242778919704,0.06454545454545449,0.012806242778919704
paired_sensitivities,CDPA,Coll de Paller,daily,hold_20,end,regulated_pm_two,55,0.9102925755943111,-0.052724700696691225,0.06454545454545449,0.011820753848763268,0.06454545454545449,0.011820753848763268
paired_sensitivities,CDPA,Coll de Paller,daily,hold_20,mean,regulated_hg_one,55,1.3091105578167437,-0.043506220999050514,0.06209280303030301,0.018586582031252498,0.06209280303030301,0.018586582031252498
paired_sensitivities,CDPA,Coll de Paller,daily,hold_20,mean,regulated_hg_two,55,1.3344702177244507,-0.04628395612313319,0.06209280303030301,0.01580884690716982,0.06209280303030301,0.01580884690716982
paired_sensitivities,CDPA,Coll de Paller,daily,hold_20,mean,regulated_pm_one,55,1.289126628662102,-0.04928656025138331,0.06209280303030301,0.012806242778919704,0.06209280303030301,0.012806242778919704
paired_sensitivities,CDPA,Coll de Paller,daily,hold_20,mean,regulated_pm_two,55,1.3121207065589096,-0.05027204918153975,0.06209280303030301,0.011820753848763268,0.06209280303030301,0.011820753848763268
paired_sensitivities,CDPA,Coll de Paller,daily,blocks_10_20,end,regulated_hg_one,55,0.8892967084019713,-0.05050432705965667,0.06909090909090917,0.018586582031252498,0.06909090909090917,0.018586582031252498
paired_sensitivities,CDPA,Coll de Paller,daily,blocks_10_20,end,regulated_hg_two,55,0.9209335475992356,-0.05328206218373935,0.06909090909090917,0.01580884690716982,0.06909090909090917,0.01580884690716982
paired_sensitivities,CDPA,Coll de Paller,daily,blocks_10_20,end,regulated_pm_one,55,0.8771012001347749,-0.056284666311989466,0.06909090909090917,0.012806242778919704,0.06909090909090917,0.012806242778919704
paired_sensitivities,CDPA,Coll de Paller,daily,blocks_10_20,end,regulated_pm_two,55,0.9068597467388599,-0.057270155242145904,0.06909090909090917,0.011820753848763268,0.06909090909090917,0.011820753848763268
paired_sensitivities,CDPA,Coll de Paller,daily,blocks_10_20,mean,regulated_hg_one,55,1.3144558391482963,-0.04826947857480802,0.06685606060606052,0.018586582031252498,0.06685606060606052,0.018586582031252498
paired_sensitivities,CDPA,Coll de Paller,daily,blocks_10_20,mean,regulated_hg_two,55,1.341485831754519,-0.051047213698890696,0.06685606060606052,0.01580884690716982,0.06685606060606052,0.01580884690716982
paired_sensitivities,CDPA,Coll de Paller,daily,blocks_10_20,mean,regulated_pm_one,55,1.2948936741166477,-0.054049817827140814,0.06685606060606052,0.012806242778919704,0.06685606060606052,0.012806242778919704
paired_sensitivities,CDPA,Coll de Paller,daily,blocks_10_20,mean,regulated_pm_two,55,1.3192065178309926,-0.05503530675729725,0.06685606060606052,0.011820753848763268,0.06685606060606052,0.011820753848763268
paired_sensitivities,CDPA,Coll de Paller,recharge_next,linear_5_20_50,end,regulated_hg_one,4,3.0445801738062164,0.7265612055570039,3.8437499999999964,4.570311205557,0.8031249999999984,1.4876756609170703
paired_sensitivities,CDPA,Coll de Paller,recharge_next,linear_5_20_50,end,regulated_hg_two,4,3.176615246480015,0.3037009940800137,3.8437499999999964,4.14745099408001,0.8031249999999984,1.3757855318335657
paired_sensitivities,CDPA,Coll de Paller,recharge_next,linear_5_20_50,end,regulated_pm_one,4,3.2228729164208327,0.5975196510604258,3.8437499999999964,4.441269651060423,0.8031249999999984,1.4767147147435975
paired_sensitivities,CDPA,Coll de Paller,recharge_next,linear_5_20_50,end,regulated_pm_two,4,3.391029398517333,0.13461781114056837,3.8437499999999964,3.978367811140565,0.8031249999999984,1.3578195588670523
paired_sensitivities,CDPA,Coll de Paller,recharge_next,linear_5_20_50,mean,regulated_hg_one,4,3.05881628491733,0.7404500944458896,3.8298611111111107,4.570311205557,0.7964930555555558,1.4876756609170703
paired_sensitivities,CDPA,Coll de Paller,recharge_next,linear_5_20_50,mean,regulated_hg_two,4,3.1908513575911286,0.31758988296889945,3.8298611111111107,4.14745099408001,0.7964930555555558,1.3757855318335657
paired_sensitivities,CDPA,Coll de Paller,recharge_next,linear_5_20_50,mean,regulated_pm_one,4,3.2371090275319463,0.6114085399493115,3.8298611111111107,4.441269651060423,0.7964930555555558,1.4767147147435975
paired_sensitivities,CDPA,Coll de Paller,recharge_next,linear_5_20_50,mean,regulated_pm_two,4,3.4052655096284465,0.1485067000294541,3.8298611111111107,3.978367811140565,0.7964930555555558,1.3578195588670523
paired_sensitivities,CDPA,Coll de Paller,recharge_next,hold_20,end,regulated_hg_one,4,2.907080173806217,0.8640612055569996,3.7062500000000007,4.570311205557,0.773125000000001,1.4876756609170703
paired_sensitivities,CDPA,Coll de Paller,recharge_next,hold_20,end,regulated_hg_two,4,3.0391152464800157,0.44120099408000946,3.7062500000000007,4.14745099408001,0.773125000000001,1.3757855318335657
paired_sensitivities,CDPA,Coll de Paller,recharge_next,hold_20,end,regulated_pm_one,4,3.0853729164208334,0.7350196510604216,3.7062500000000007,4.441269651060423,0.773125000000001,1.4767147147435975
paired_sensitivities,CDPA,Coll de Paller,recharge_next,hold_20,end,regulated_pm_two,4,3.2630221664523598,0.2721178111405641,3.7062500000000007,3.978367811140565,0.773125000000001,1.3578195588670523
paired_sensitivities,CDPA,Coll de Paller,recharge_next,hold_20,mean,regulated_hg_one,4,2.936507257139552,0.8674466222236703,3.70286458333333,4.570311205557,0.7699479166666654,1.4876756609170703
paired_sensitivities,CDPA,Coll de Paller,recharge_next,hold_20,mean,regulated_hg_two,4,3.0685423298133507,0.44458641074668015,3.70286458333333,4.14745099408001,0.7699479166666654,1.3757855318335657
paired_sensitivities,CDPA,Coll de Paller,recharge_next,hold_20,mean,regulated_pm_one,4,3.1147999997541684,0.7384050677270922,3.70286458333333,4.441269651060423,0.7699479166666654,1.4767147147435975
paired_sensitivities,CDPA,Coll de Paller,recharge_next,hold_20,mean,regulated_pm_two,4,3.2829564818506687,0.2755032278072348,3.70286458333333,3.978367811140565,0.7699479166666654,1.3578195588670523
paired_sensitivities,CDPA,Coll de Paller,recharge_next,blocks_10_20,end,regulated_hg_one,4,3.3008301738062213,0.42031120555700174,4.149999999999999,4.570311205557,0.8599999999999997,1.4876756609170703
paired_sensitivities,CDPA,Coll de Paller,recharge_next,blocks_10_20,end,regulated_hg_two,4,3.4445178927037476,-0.002549005919988412,4.149999999999999,4.14745099408001,0.8599999999999997,1.3757855318335657
paired_sensitivities,CDPA,Coll de Paller,recharge_next,blocks_10_20,end,regulated_pm_one,4,3.4791229164208377,0.2912696510604237,4.149999999999999,4.441269651060423,0.8599999999999997,1.4767147147435975
paired_sensitivities,CDPA,Coll de Paller,recharge_next,blocks_10_20,end,regulated_pm_two,4,3.719272166452364,-0.17163218885943377,4.149999999999999,3.978367811140565,0.8599999999999997,1.3578195588670523
paired_sensitivities,CDPA,Coll de Paller,recharge_next,blocks_10_20,mean,regulated_hg_one,4,3.3456218404728846,0.4130195388903328,4.1572916666666675,4.570311205557,0.8597395833333339,1.4876756609170703
paired_sensitivities,CDPA,Coll de Paller,recharge_next,blocks_10_20,mean,regulated_hg_two,4,3.4776569131466832,-0.009840672586657329,4.1572916666666675,4.14745099408001,0.8597395833333339,1.3757855318335657
paired_sensitivities,CDPA,Coll de Paller,recharge_next,blocks_10_20,mean,regulated_pm_one,4,3.523914583087501,0.28397798439375477,4.1572916666666675,4.441269651060423,0.8597395833333339,1.4767147147435975
paired_sensitivities,CDPA,Coll de Paller,recharge_next,blocks_10_20,mean,regulated_pm_two,4,3.738022166452363,-0.17892385552610268,4.1572916666666675,3.978367811140565,0.8597395833333339,1.3578195588670523
paired_sensitivities,CDPA,Coll de Paller,recharge_day3,linear_5_20_50,end,regulated_hg_one,4,3.590402144955587,-1.2458113447446018,3.6416666666666657,2.395855321922064,0.5081845238095236,0.4087560299447818
paired_sensitivities,CDPA,Coll de Paller,recharge_day3,linear_5_20_50,end,regulated_hg_two,4,3.604099813878588,-1.6625377086795359,3.6416666666666657,1.9791289579871298,0.5081845238095236,0.341054976550638
paired_sensitivities,CDPA,Coll de Paller,recharge_day3,linear_5_20_50,end,regulated_pm_one,4,3.6746696676369734,-1.2622030643516204,3.6416666666666657,2.3794636023150453,0.5081845238095236,0.42006986437581223
paired_sensitivities,CDPA,Coll de Paller,recharge_day3,linear_5_20_50,end,regulated_pm_two,4,3.6972663762465228,-1.7037029318614934,3.6416666666666657,1.9379637348051724,0.5081845238095236,0.3477479552881384
paired_sensitivities,CDPA,Coll de Paller,recharge_day3,linear_5_20_50,mean,regulated_hg_one,4,3.58306707551115,-1.2060109975223796,3.6018663194444436,2.395855321922064,0.49796471974206324,0.4087560299447818
paired_sensitivities,CDPA,Coll de Paller,recharge_day3,linear_5_20_50,mean,regulated_hg_two,4,3.5967647444341506,-1.6227373614573137,3.6018663194444436,1.9791289579871298,0.49796471974206324,0.341054976550638
paired_sensitivities,CDPA,Coll de Paller,recharge_day3,linear_5_20_50,mean,regulated_pm_one,4,3.6673345981925363,-1.2224027171293983,3.6018663194444436,2.3794636023150453,0.49796471974206324,0.42006986437581223
paired_sensitivities,CDPA,Coll de Paller,recharge_day3,linear_5_20_50,mean,regulated_pm_two,4,3.6899313068020856,-1.6639025846392712,3.6018663194444436,1.9379637348051724,0.49796471974206324,0.3477479552881384
paired_sensitivities,CDPA,Coll de Paller,recharge_day3,hold_20,end,regulated_hg_one,4,3.423735478288923,-1.1541446780779367,3.5500000000000007,2.395855321922064,0.49776785714285743,0.4087560299447818
paired_sensitivities,CDPA,Coll de Paller,recharge_day3,hold_20,end,regulated_hg_two,4,3.4374331472119235,-1.5708710420128709,3.5500000000000007,1.9791289579871298,0.49776785714285743,0.341054976550638
paired_sensitivities,CDPA,Coll de Paller,recharge_day3,hold_20,end,regulated_pm_one,4,3.508003000970309,-1.1705363976849554,3.5500000000000007,2.3794636023150453,0.49776785714285743,0.42006986437581223
paired_sensitivities,CDPA,Coll de Paller,recharge_day3,hold_20,end,regulated_pm_two,4,3.5305997095798585,-1.6120362651948283,3.5500000000000007,1.9379637348051724,0.49776785714285743,0.3477479552881384
paired_sensitivities,CDPA,Coll de Paller,recharge_day3,hold_20,mean,regulated_hg_one,4,3.4394906866222614,-1.1329207197445996,3.5287760416666636,2.395855321922064,0.49039713541666596,0.4087560299447818
paired_sensitivities,CDPA,Coll de Paller,recharge_day3,hold_20,mean,regulated_hg_two,4,3.453188355545262,-1.5496470836795337,3.5287760416666636,1.9791289579871298,0.49039713541666596,0.341054976550638
paired_sensitivities,CDPA,Coll de Paller,recharge_day3,hold_20,mean,regulated_pm_one,4,3.5237582093036477,-1.1493124393516183,3.5287760416666636,2.3794636023150453,0.49039713541666596,0.42006986437581223
paired_sensitivities,CDPA,Coll de Paller,recharge_day3,hold_20,mean,regulated_pm_two,4,3.546354917913197,-1.5908123068614912,3.5287760416666636,1.9379637348051724,0.49039713541666596,0.3477479552881384
paired_sensitivities,CDPA,Coll de Paller,recharge_day3,blocks_10_20,end,regulated_hg_one,4,3.798735478288925,-1.4791446780779345,3.8749999999999982,2.395855321922064,0.5348214285714282,0.4087560299447818
paired_sensitivities,CDPA,Coll de Paller,recharge_day3,blocks_10_20,end,regulated_hg_two,4,3.8124331472119253,-1.8958710420128684,3.8749999999999982,1.9791289579871298,0.5348214285714282,0.341054976550638
paired_sensitivities,CDPA,Coll de Paller,recharge_day3,blocks_10_20,end,regulated_pm_one,4,3.883003000970311,-1.495536397684953,3.8749999999999982,2.3794636023150453,0.5348214285714282,0.42006986437581223
paired_sensitivities,CDPA,Coll de Paller,recharge_day3,blocks_10_20,end,regulated_pm_two,4,3.9055997095798602,-1.9370362651948259,3.8749999999999982,1.9379637348051724,0.5348214285714282,0.3477479552881384
paired_sensitivities,CDPA,Coll de Paller,recharge_day3,blocks_10_20,mean,regulated_hg_one,4,3.832589644955591,-1.4671655114112698,3.8630208333333336,2.395855321922064,0.5288690476190478,0.4087560299447818
paired_sensitivities,CDPA,Coll de Paller,recharge_day3,blocks_10_20,mean,regulated_hg_two,4,3.8462873138785914,-1.8838918753462037,3.8630208333333336,1.9791289579871298,0.5288690476190478,0.341054976550638
paired_sensitivities,CDPA,Coll de Paller,recharge_day3,blocks_10_20,mean,regulated_pm_one,4,3.916857167636977,-1.4835572310182883,3.8630208333333336,2.3794636023150453,0.5288690476190478,0.42006986437581223
paired_sensitivities,CDPA,Coll de Paller,recharge_day3,blocks_10_20,mean,regulated_pm_two,4,3.9394538762465263,-1.9250570985281612,3.8630208333333336,1.9379637348051724,0.5288690476190478,0.3477479552881384
paired_sensitivities,CDPA,Coll de Paller,drying5,linear_5_20_50,end,regulated_hg_one,1,1.7255048753866618,1.7255048753866618,2.891666666666673,4.617171542053335,0.5783333333333346,0.9234343084106669
paired_sensitivities,CDPA,Coll de Paller,drying5,linear_5_20_50,end,regulated_hg_two,1,1.2077928829251476,1.2077928829251476,2.891666666666673,4.0994595495918205,0.5783333333333346,0.8198919099183641
paired_sensitivities,CDPA,Coll de Paller,drying5,linear_5_20_50,end,regulated_pm_one,1,1.6922096636150865,1.6922096636150865,2.891666666666673,4.583876330281759,0.5783333333333346,0.9167752660563518
paired_sensitivities,CDPA,Coll de Paller,drying5,linear_5_20_50,end,regulated_pm_two,1,1.1983384052929091,1.1983384052929091,2.891666666666673,4.090005071959582,0.5783333333333346,0.8180010143919164
paired_sensitivities,CDPA,Coll de Paller,drying5,linear_5_20_50,mean,regulated_hg_one,1,2.1485951531644574,2.1485951531644574,2.468576388888877,4.617171542053335,0.49371527777777546,0.9234343084106669
paired_sensitivities,CDPA,Coll de Paller,drying5,linear_5_20_50,mean,regulated_hg_two,1,1.6308831607029433,1.6308831607029433,2.468576388888877,4.0994595495918205,0.49371527777777546,0.8198919099183641
paired_sensitivities,CDPA,Coll de Paller,drying5,linear_5_20_50,mean,regulated_pm_one,1,2.115299941392882,2.115299941392882,2.468576388888877,4.583876330281759,0.49371527777777546,0.9167752660563518
paired_sensitivities,CDPA,Coll de Paller,drying5,linear_5_20_50,mean,regulated_pm_two,1,1.6214286830707048,1.6214286830707048,2.468576388888877,4.090005071959582,0.49371527777777546,0.8180010143919164
paired_sensitivities,CDPA,Coll de Paller,drying5,hold_20,end,regulated_hg_one,1,1.6421715420533332,1.6421715420533332,2.9750000000000014,4.617171542053335,0.5950000000000003,0.9234343084106669
paired_sensitivities,CDPA,Coll de Paller,drying5,hold_20,end,regulated_hg_two,1,1.124459549591819,1.124459549591819,2.9750000000000014,4.0994595495918205,0.5950000000000003,0.8198919099183641
paired_sensitivities,CDPA,Coll de Paller,drying5,hold_20,end,regulated_pm_one,1,1.608876330281758,1.608876330281758,2.9750000000000014,4.583876330281759,0.5950000000000003,0.9167752660563518
paired_sensitivities,CDPA,Coll de Paller,drying5,hold_20,end,regulated_pm_two,1,1.1150050719595805,1.1150050719595805,2.9750000000000014,4.090005071959582,0.5950000000000003,0.8180010143919164
paired_sensitivities,CDPA,Coll de Paller,drying5,hold_20,mean,regulated_hg_one,1,2.081234042053339,2.081234042053339,2.5359374999999957,4.617171542053335,0.5071874999999991,0.9234343084106669
paired_sensitivities,CDPA,Coll de Paller,drying5,hold_20,mean,regulated_hg_two,1,1.5635220495918247,1.5635220495918247,2.5359374999999957,4.0994595495918205,0.5071874999999991,0.8198919099183641
paired_sensitivities,CDPA,Coll de Paller,drying5,hold_20,mean,regulated_pm_one,1,2.0479388302817636,2.0479388302817636,2.5359374999999957,4.583876330281759,0.5071874999999991,0.9167752660563518
paired_sensitivities,CDPA,Coll de Paller,drying5,hold_20,mean,regulated_pm_two,1,1.5540675719595862,1.5540675719595862,2.5359374999999957,4.090005071959582,0.5071874999999991,0.8180010143919164
paired_sensitivities,CDPA,Coll de Paller,drying5,blocks_10_20,end,regulated_hg_one,1,1.217171542053336,1.217171542053336,3.3999999999999986,4.617171542053335,0.6799999999999997,0.9234343084106669
paired_sensitivities,CDPA,Coll de Paller,drying5,blocks_10_20,end,regulated_hg_two,1,0.6994595495918219,0.6994595495918219,3.3999999999999986,4.0994595495918205,0.6799999999999997,0.8198919099183641
paired_sensitivities,CDPA,Coll de Paller,drying5,blocks_10_20,end,regulated_pm_one,1,1.1838763302817608,1.1838763302817608,3.3999999999999986,4.583876330281759,0.6799999999999997,0.9167752660563518
paired_sensitivities,CDPA,Coll de Paller,drying5,blocks_10_20,end,regulated_pm_two,1,0.6900050719595834,0.6900050719595834,3.3999999999999986,4.090005071959582,0.6799999999999997,0.8180010143919164
paired_sensitivities,CDPA,Coll de Paller,drying5,blocks_10_20,mean,regulated_hg_one,1,1.6921715420533374,1.6921715420533374,2.924999999999997,4.617171542053335,0.5849999999999994,0.9234343084106669
paired_sensitivities,CDPA,Coll de Paller,drying5,blocks_10_20,mean,regulated_hg_two,1,1.1744595495918233,1.1744595495918233,2.924999999999997,4.0994595495918205,0.5849999999999994,0.8198919099183641
paired_sensitivities,CDPA,Coll de Paller,drying5,blocks_10_20,mean,regulated_pm_one,1,1.6588763302817622,1.6588763302817622,2.924999999999997,4.583876330281759,0.5849999999999994,0.9167752660563518
paired_sensitivities,CDPA,Coll de Paller,drying5,blocks_10_20,mean,regulated_pm_two,1,1.1650050719595848,1.1650050719595848,2.924999999999997,4.090005071959582,0.5849999999999994,0.8180010143919164
paired_sensitivities,LCDA,La Cultia d'Àreu,daily,linear_5_20_50,end,regulated_hg_one,59,1.8290352139807948,0.018126770714429953,0.04675141242937849,0.06487818314380844,0.04675141242937849,0.06487818314380844
paired_sensitivities,LCDA,La Cultia d'Àreu,daily,linear_5_20_50,end,regulated_hg_two,59,1.79466137423181,0.02336949667605107,0.04675141242937849,0.07012090910542956,0.04675141242937849,0.07012090910542956
paired_sensitivities,LCDA,La Cultia d'Àreu,daily,linear_5_20_50,end,regulated_pm_one,59,1.738534776893343,0.004572576806852117,0.04675141242937849,0.05132398923623061,0.04675141242937849,0.05132398923623061
paired_sensitivities,LCDA,La Cultia d'Àreu,daily,linear_5_20_50,end,regulated_pm_two,59,1.7374767955575416,0.01894808127248029,0.04675141242937849,0.06569949370185878,0.04675141242937849,0.06569949370185878
paired_sensitivities,LCDA,La Cultia d'Àreu,daily,linear_5_20_50,mean,regulated_hg_one,59,2.139773467086594,0.01586394114757495,0.04901424199623349,0.06487818314380844,0.04901424199623349,0.06487818314380844
paired_sensitivities,LCDA,La Cultia d'Àreu,daily,linear_5_20_50,mean,regulated_hg_two,59,2.0986523082715953,0.02110666710919607,0.04901424199623349,0.07012090910542956,0.04901424199623349,0.07012090910542956
paired_sensitivities,LCDA,La Cultia d'Àreu,daily,linear_5_20_50,mean,regulated_pm_one,59,2.0677005513122264,0.0023097472399971177,0.04901424199623349,0.05132398923623061,0.04901424199623349,0.05132398923623061
paired_sensitivities,LCDA,La Cultia d'Àreu,daily,linear_5_20_50,mean,regulated_pm_two,59,2.0671354584099553,0.016685251705625282,0.04901424199623349,0.06569949370185878,0.04901424199623349,0.06569949370185878
paired_sensitivities,LCDA,La Cultia d'Àreu,daily,hold_20,end,regulated_hg_one,59,1.8722555529638456,0.024623945855672853,0.04025423728813559,0.06487818314380844,0.04025423728813559,0.06487818314380844
paired_sensitivities,LCDA,La Cultia d'Àreu,daily,hold_20,end,regulated_hg_two,59,1.835278726022069,0.02986667181729397,0.04025423728813559,0.07012090910542956,0.04025423728813559,0.07012090910542956
paired_sensitivities,LCDA,La Cultia d'Àreu,daily,hold_20,end,regulated_pm_one,59,1.7769446476673287,0.011069751948095017,0.04025423728813559,0.05132398923623061,0.04025423728813559,0.05132398923623061
paired_sensitivities,LCDA,La Cultia d'Àreu,daily,hold_20,end,regulated_pm_two,59,1.78013216278918,0.025445256413723187,0.04025423728813559,0.06569949370185878,0.04025423728813559,0.06569949370185878
paired_sensitivities,LCDA,La Cultia d'Àreu,daily,hold_20,mean,regulated_hg_one,59,2.1735364143558975,0.022602406307650286,0.04227577683615816,0.06487818314380844,0.04227577683615816,0.06487818314380844
paired_sensitivities,LCDA,La Cultia d'Àreu,daily,hold_20,mean,regulated_hg_two,59,2.1354519787047406,0.027845132269271402,0.04227577683615816,0.07012090910542956,0.04227577683615816,0.07012090910542956
paired_sensitivities,LCDA,La Cultia d'Àreu,daily,hold_20,mean,regulated_pm_one,59,2.1020873215570477,0.00904821240007245,0.04227577683615816,0.05132398923623061,0.04227577683615816,0.05132398923623061
paired_sensitivities,LCDA,La Cultia d'Àreu,daily,hold_20,mean,regulated_pm_two,59,2.1012279725342493,0.023423716865700613,0.04227577683615816,0.06569949370185878,0.04227577683615816,0.06569949370185878
paired_sensitivities,LCDA,La Cultia d'Àreu,daily,blocks_10_20,end,regulated_hg_one,59,1.899797925845202,0.022505301787876256,0.0423728813559322,0.06487818314380844,0.0423728813559322,0.06487818314380844
paired_sensitivities,LCDA,La Cultia d'Àreu,daily,blocks_10_20,end,regulated_hg_two,59,1.8628210989034255,0.027748027749497344,0.0423728813559322,0.07012090910542956,0.0423728813559322,0.07012090910542956
paired_sensitivities,LCDA,La Cultia d'Àreu,daily,blocks_10_20,end,regulated_pm_one,59,1.808358328432591,0.008951107880298407,0.0423728813559322,0.05132398923623061,0.0423728813559322,0.05132398923623061
paired_sensitivities,LCDA,La Cultia d'Àreu,daily,blocks_10_20,end,regulated_pm_two,59,1.8085219932976555,0.02332661234592658,0.0423728813559322,0.06569949370185878,0.0423728813559322,0.06569949370185878
paired_sensitivities,LCDA,La Cultia d'Àreu,daily,blocks_10_20,mean,regulated_hg_one,59,2.1728526882243284,0.020316036251153052,0.04456214689265539,0.06487818314380844,0.04456214689265539,0.06487818314380844
paired_sensitivities,LCDA,La Cultia d'Àreu,daily,blocks_10_20,mean,regulated_hg_two,59,2.137756698875826,0.02555876221277417,0.04456214689265539,0.07012090910542956,0.04456214689265539,0.07012090910542956
paired_sensitivities,LCDA,La Cultia d'Àreu,daily,blocks_10_20,mean,regulated_pm_one,59,2.1019195955683476,0.0067618423435752174,0.04456214689265539,0.05132398923623061,0.04456214689265539,0.05132398923623061
paired_sensitivities,LCDA,La Cultia d'Àreu,daily,blocks_10_20,mean,regulated_pm_two,59,2.1088522425476683,0.02113734680920338,0.04456214689265539,0.06569949370185878,0.04456214689265539,0.06569949370185878
paired_sensitivities,LCDA,La Cultia d'Àreu,recharge_next,linear_5_20_50,end,regulated_hg_one,3,5.356320750210032,5.356320750210032,0.99444444444444,6.350765194654472,0.36736111111110936,2.5268612116719362
paired_sensitivities,LCDA,La Cultia d'Àreu,recharge_next,linear_5_20_50,end,regulated_hg_two,3,5.128198404852284,5.128198404852284,0.99444444444444,6.122642849296724,0.36736111111110936,2.4241210742569614
paired_sensitivities,LCDA,La Cultia d'Àreu,recharge_next,linear_5_20_50,end,regulated_pm_one,3,5.5948501669226065,5.5948501669226065,0.99444444444444,6.5892946113670465,0.36736111111110936,2.653586881108744
paired_sensitivities,LCDA,La Cultia d'Àreu,recharge_next,linear_5_20_50,end,regulated_pm_two,3,5.328699129707139,5.328699129707139,0.99444444444444,6.323143574151579,0.36736111111110936,2.5366383341429173
paired_sensitivities,LCDA,La Cultia d'Àreu,recharge_next,linear_5_20_50,mean,regulated_hg_one,3,4.940869361321134,4.940869361321134,1.4098958333333382,6.350765194654472,0.5094569830246934,2.5268612116719362
paired_sensitivities,LCDA,La Cultia d'Àreu,recharge_next,linear_5_20_50,mean,regulated_hg_two,3,4.712747015963386,4.712747015963386,1.4098958333333382,6.122642849296724,0.5094569830246934,2.4241210742569614
paired_sensitivities,LCDA,La Cultia d'Àreu,recharge_next,linear_5_20_50,mean,regulated_pm_one,3,5.179398778033708,5.179398778033708,1.4098958333333382,6.5892946113670465,0.5094569830246934,2.653586881108744
paired_sensitivities,LCDA,La Cultia d'Àreu,recharge_next,linear_5_20_50,mean,regulated_pm_two,3,4.913247740818241,4.913247740818241,1.4098958333333382,6.323143574151579,0.5094569830246934,2.5366383341429173
paired_sensitivities,LCDA,La Cultia d'Àreu,recharge_next,hold_20,end,regulated_hg_one,3,5.334098527987806,5.334098527987806,1.0166666666666664,6.350765194654472,0.3687499999999999,2.5268612116719362
paired_sensitivities,LCDA,La Cultia d'Àreu,recharge_next,hold_20,end,regulated_hg_two,3,5.105976182630059,5.105976182630059,1.0166666666666664,6.122642849296724,0.3687499999999999,2.4241210742569614
paired_sensitivities,LCDA,La Cultia d'Àreu,recharge_next,hold_20,end,regulated_pm_one,3,5.57262794470038,5.57262794470038,1.0166666666666664,6.5892946113670465,0.3687499999999999,2.653586881108744
paired_sensitivities,LCDA,La Cultia d'Àreu,recharge_next,hold_20,end,regulated_pm_two,3,5.306476907484913,5.306476907484913,1.0166666666666664,6.323143574151579,0.3687499999999999,2.5366383341429173
paired_sensitivities,LCDA,La Cultia d'Àreu,recharge_next,hold_20,mean,regulated_hg_one,3,4.890174916876695,4.890174916876695,1.4605902777777775,6.350765194654472,0.5187934027777773,2.5268612116719362
paired_sensitivities,LCDA,La Cultia d'Àreu,recharge_next,hold_20,mean,regulated_hg_two,3,4.662052571518947,4.662052571518947,1.4605902777777775,6.122642849296724,0.5187934027777773,2.4241210742569614
paired_sensitivities,LCDA,La Cultia d'Àreu,recharge_next,hold_20,mean,regulated_pm_one,3,5.128704333589269,5.128704333589269,1.4605902777777775,6.5892946113670465,0.5187934027777773,2.653586881108744
paired_sensitivities,LCDA,La Cultia d'Àreu,recharge_next,hold_20,mean,regulated_pm_two,3,4.862553296373801,4.862553296373801,1.4605902777777775,6.323143574151579,0.5187934027777773,2.5366383341429173
paired_sensitivities,LCDA,La Cultia d'Àreu,recharge_next,blocks_10_20,end,regulated_hg_one,3,5.317431861321138,5.317431861321138,1.0333333333333343,6.350765194654472,0.3666666666666669,2.5268612116719362
paired_sensitivities,LCDA,La Cultia d'Àreu,recharge_next,blocks_10_20,end,regulated_hg_two,3,5.08930951596339,5.08930951596339,1.0333333333333343,6.122642849296724,0.3666666666666669,2.4241210742569614
paired_sensitivities,LCDA,La Cultia d'Àreu,recharge_next,blocks_10_20,end,regulated_pm_one,3,5.5559612780337115,5.5559612780337115,1.0333333333333343,6.5892946113670465,0.3666666666666669,2.653586881108744
paired_sensitivities,LCDA,La Cultia d'Àreu,recharge_next,blocks_10_20,end,regulated_pm_two,3,5.289810240818245,5.289810240818245,1.0333333333333343,6.323143574151579,0.3666666666666669,2.5366383341429173
paired_sensitivities,LCDA,La Cultia d'Àreu,recharge_next,blocks_10_20,mean,regulated_hg_one,3,4.888959639098912,4.888959639098912,1.46180555555556,6.350765194654472,0.5081597222222236,2.5268612116719362
paired_sensitivities,LCDA,La Cultia d'Àreu,recharge_next,blocks_10_20,mean,regulated_hg_two,3,4.660837293741165,4.660837293741165,1.46180555555556,6.122642849296724,0.5081597222222236,2.4241210742569614
paired_sensitivities,LCDA,La Cultia d'Àreu,recharge_next,blocks_10_20,mean,regulated_pm_one,3,5.127489055811486,5.127489055811486,1.46180555555556,6.5892946113670465,0.5081597222222236,2.653586881108744
paired_sensitivities,LCDA,La Cultia d'Àreu,recharge_next,blocks_10_20,mean,regulated_pm_two,3,4.861338018596019,4.861338018596019,1.46180555555556,6.323143574151579,0.5081597222222236,2.5366383341429173
paired_sensitivities,LCDA,La Cultia d'Àreu,recharge_day3,linear_5_20_50,end,regulated_hg_one,3,3.8278030622300583,3.8278030622300583,-0.9305555555555595,2.897247506674499,-0.1957870370370378,0.5941229878060343
paired_sensitivities,LCDA,La Cultia d'Àreu,recharge_day3,linear_5_20_50,end,regulated_hg_two,3,3.772630614845758,3.772630614845758,-0.9305555555555595,2.8420750592901984,-0.1957870370370378,0.5825712995508571
paired_sensitivities,LCDA,La Cultia d'Àreu,recharge_day3,linear_5_20_50,end,regulated_pm_one,3,4.336307790202414,4.336307790202414,-0.9305555555555595,3.4057522346468545,-0.1957870370370378,0.723062619654558
paired_sensitivities,LCDA,La Cultia d'Àreu,recharge_day3,linear_5_20_50,end,regulated_pm_two,3,4.101230792781124,4.101230792781124,-0.9305555555555595,3.170675237225564,-0.1957870370370378,0.6696841972320251
paired_sensitivities,LCDA,La Cultia d'Àreu,recharge_day3,linear_5_20_50,mean,regulated_hg_one,3,3.8140299140819027,3.8140299140819027,-0.9167824074074039,2.897247506674499,-0.1984249614197523,0.5941229878060343
paired_sensitivities,LCDA,La Cultia d'Àreu,recharge_day3,linear_5_20_50,mean,regulated_hg_two,3,3.7588574666976022,3.7588574666976022,-0.9167824074074039,2.8420750592901984,-0.1984249614197523,0.5825712995508571
paired_sensitivities,LCDA,La Cultia d'Àreu,recharge_day3,linear_5_20_50,mean,regulated_pm_one,3,4.322534642054259,4.322534642054259,-0.9167824074074039,3.4057522346468545,-0.1984249614197523,0.723062619654558
paired_sensitivities,LCDA,La Cultia d'Àreu,recharge_day3,linear_5_20_50,mean,regulated_pm_two,3,4.087457644632968,4.087457644632968,-0.9167824074074039,3.170675237225564,-0.1984249614197523,0.6696841972320251
paired_sensitivities,LCDA,La Cultia d'Àreu,recharge_day3,hold_20,end,regulated_hg_one,3,3.9055808400078313,3.9055808400078313,-1.0083333333333322,2.897247506674499,-0.21458333333333304,0.5941229878060343
paired_sensitivities,LCDA,La Cultia d'Àreu,recharge_day3,hold_20,end,regulated_hg_two,3,3.850408392623531,3.850408392623531,-1.0083333333333322,2.8420750592901984,-0.21458333333333304,0.5825712995508571
paired_sensitivities,LCDA,La Cultia d'Àreu,recharge_day3,hold_20,end,regulated_pm_one,3,4.4140855679801865,4.4140855679801865,-1.0083333333333322,3.4057522346468545,-0.21458333333333304,0.723062619654558
paired_sensitivities,LCDA,La Cultia d'Àreu,recharge_day3,hold_20,end,regulated_pm_two,3,4.179008570558897,4.179008570558897,-1.0083333333333322,3.170675237225564,-0.21458333333333304,0.6696841972320251
paired_sensitivities,LCDA,La Cultia d'Àreu,recharge_day3,hold_20,mean,regulated_hg_one,3,3.905580840007833,3.905580840007833,-1.008333333333334,2.897247506674499,-0.22087094907407423,0.5941229878060343
paired_sensitivities,LCDA,La Cultia d'Àreu,recharge_day3,hold_20,mean,regulated_hg_two,3,3.8504083926235326,3.8504083926235326,-1.008333333333334,2.8420750592901984,-0.22087094907407423,0.5825712995508571
paired_sensitivities,LCDA,La Cultia d'Àreu,recharge_day3,hold_20,mean,regulated_pm_one,3,4.414085567980188,4.414085567980188,-1.008333333333334,3.4057522346468545,-0.22087094907407423,0.723062619654558
paired_sensitivities,LCDA,La Cultia d'Àreu,recharge_day3,hold_20,mean,regulated_pm_two,3,4.179008570558898,4.179008570558898,-1.008333333333334,3.170675237225564,-0.22087094907407423,0.6696841972320251
paired_sensitivities,LCDA,La Cultia d'Àreu,recharge_day3,blocks_10_20,end,regulated_hg_one,3,3.863914173341169,3.863914173341169,-0.9666666666666698,2.897247506674499,-0.2083333333333341,0.5941229878060343
paired_sensitivities,LCDA,La Cultia d'Àreu,recharge_day3,blocks_10_20,end,regulated_hg_two,3,3.8087417259568683,3.8087417259568683,-0.9666666666666698,2.8420750592901984,-0.2083333333333341,0.5825712995508571
paired_sensitivities,LCDA,La Cultia d'Àreu,recharge_day3,blocks_10_20,end,regulated_pm_one,3,4.372418901313524,4.372418901313524,-0.9666666666666698,3.4057522346468545,-0.2083333333333341,0.723062619654558
paired_sensitivities,LCDA,La Cultia d'Àreu,recharge_day3,blocks_10_20,end,regulated_pm_two,3,4.137341903892234,4.137341903892234,-0.9666666666666698,3.170675237225564,-0.2083333333333341,0.6696841972320251
paired_sensitivities,LCDA,La Cultia d'Àreu,recharge_day3,blocks_10_20,mean,regulated_hg_one,3,3.8743308400078287,3.8743308400078287,-0.9770833333333299,2.897247506674499,-0.21731481481481402,0.5941229878060343
paired_sensitivities,LCDA,La Cultia d'Àreu,recharge_day3,blocks_10_20,mean,regulated_hg_two,3,3.819158392623528,3.819158392623528,-0.9770833333333299,2.8420750592901984,-0.21731481481481402,0.5825712995508571
paired_sensitivities,LCDA,La Cultia d'Àreu,recharge_day3,blocks_10_20,mean,regulated_pm_one,3,4.382835567980185,4.382835567980185,-0.9770833333333299,3.4057522346468545,-0.21731481481481402,0.723062619654558
paired_sensitivities,LCDA,La Cultia d'Àreu,recharge_day3,blocks_10_20,mean,regulated_pm_two,3,4.147758570558894,4.147758570558894,-0.9770833333333299,3.170675237225564,-0.21731481481481402,0.6696841972320251
paired_sensitivities,LCDA,La Cultia d'Àreu,drying5,linear_5_20_50,end,regulated_hg_one,1,1.184312520114382,1.184312520114382,3.0249999999999915,4.2093125201143735,0.6049999999999983,0.8418625040228747
paired_sensitivities,LCDA,La Cultia d'Àreu,drying5,linear_5_20_50,end,regulated_hg_two,1,1.0748112049152887,1.0748112049152887,3.0249999999999915,4.09981120491528,0.6049999999999983,0.819962240983056
paired_sensitivities,LCDA,La Cultia d'Àreu,drying5,linear_5_20_50,end,regulated_pm_one,1,2.596229465326175,2.596229465326175,3.0249999999999915,5.6212294653261665,0.6049999999999983,1.1242458930652333
paired_sensitivities,LCDA,La Cultia d'Àreu,drying5,linear_5_20_50,end,regulated_pm_two,1,2.4093142202466282,2.4093142202466282,3.0249999999999915,5.43431422024662,0.6049999999999983,1.086862844049324
paired_sensitivities,LCDA,La Cultia d'Àreu,drying5,linear_5_20_50,mean,regulated_hg_one,1,0.8586180756699306,0.8586180756699306,3.350694444444443,4.2093125201143735,0.6701388888888886,0.8418625040228747
paired_sensitivities,LCDA,La Cultia d'Àreu,drying5,linear_5_20_50,mean,regulated_hg_two,1,0.7491167604708373,0.7491167604708373,3.350694444444443,4.09981120491528,0.6701388888888886,0.819962240983056
paired_sensitivities,LCDA,La Cultia d'Àreu,drying5,linear_5_20_50,mean,regulated_pm_one,1,2.2705350208817237,2.2705350208817237,3.350694444444443,5.6212294653261665,0.6701388888888886,1.1242458930652333
paired_sensitivities,LCDA,La Cultia d'Àreu,drying5,linear_5_20_50,mean,regulated_pm_two,1,2.083619775802177,2.083619775802177,3.350694444444443,5.43431422024662,0.6701388888888886,1.086862844049324
paired_sensitivities,LCDA,La Cultia d'Àreu,drying5,hold_20,end,regulated_hg_one,1,1.0843125201143735,1.0843125201143735,3.125,4.2093125201143735,0.625,0.8418625040228747
paired_sensitivities,LCDA,La Cultia d'Àreu,drying5,hold_20,end,regulated_hg_two,1,0.9748112049152802,0.9748112049152802,3.125,4.09981120491528,0.625,0.819962240983056
paired_sensitivities,LCDA,La Cultia d'Àreu,drying5,hold_20,end,regulated_pm_one,1,2.4962294653261665,2.4962294653261665,3.125,5.6212294653261665,0.625,1.1242458930652333
paired_sensitivities,LCDA,La Cultia d'Àreu,drying5,hold_20,end,regulated_pm_two,1,2.3093142202466197,2.3093142202466197,3.125,5.43431422024662,0.625,1.086862844049324
paired_sensitivities,LCDA,La Cultia d'Àreu,drying5,hold_20,mean,regulated_hg_one,1,0.7405625201143806,0.7405625201143806,3.468749999999993,4.2093125201143735,0.6937499999999985,0.8418625040228747
paired_sensitivities,LCDA,La Cultia d'Àreu,drying5,hold_20,mean,regulated_hg_two,1,0.6310612049152873,0.6310612049152873,3.468749999999993,4.09981120491528,0.6937499999999985,0.819962240983056
paired_sensitivities,LCDA,La Cultia d'Àreu,drying5,hold_20,mean,regulated_pm_one,1,2.1524794653261736,2.1524794653261736,3.468749999999993,5.6212294653261665,0.6937499999999985,1.1242458930652333
paired_sensitivities,LCDA,La Cultia d'Àreu,drying5,hold_20,mean,regulated_pm_two,1,1.9655642202466268,1.9655642202466268,3.468749999999993,5.43431422024662,0.6937499999999985,1.086862844049324
paired_sensitivities,LCDA,La Cultia d'Àreu,drying5,blocks_10_20,end,regulated_hg_one,1,1.109312520114372,1.109312520114372,3.1000000000000014,4.2093125201143735,0.6200000000000003,0.8418625040228747
paired_sensitivities,LCDA,La Cultia d'Àreu,drying5,blocks_10_20,end,regulated_hg_two,1,0.9998112049152788,0.9998112049152788,3.1000000000000014,4.09981120491528,0.6200000000000003,0.819962240983056
paired_sensitivities,LCDA,La Cultia d'Àreu,drying5,blocks_10_20,end,regulated_pm_one,1,2.521229465326165,2.521229465326165,3.1000000000000014,5.6212294653261665,0.6200000000000003,1.1242458930652333
paired_sensitivities,LCDA,La Cultia d'Àreu,drying5,blocks_10_20,end,regulated_pm_two,1,2.3343142202466183,2.3343142202466183,3.1000000000000014,5.43431422024662,0.6200000000000003,1.086862844049324
paired_sensitivities,LCDA,La Cultia d'Àreu,drying5,blocks_10_20,mean,regulated_hg_one,1,0.7718125201143735,0.7718125201143735,3.4375,4.2093125201143735,0.6875,0.8418625040228747
paired_sensitivities,LCDA,La Cultia d'Àreu,drying5,blocks_10_20,mean,regulated_hg_two,1,0.6623112049152802,0.6623112049152802,3.4375,4.09981120491528,0.6875,0.819962240983056
paired_sensitivities,LCDA,La Cultia d'Àreu,drying5,blocks_10_20,mean,regulated_pm_one,1,2.1837294653261665,2.1837294653261665,3.4375,5.6212294653261665,0.6875,1.1242458930652333
paired_sensitivities,LCDA,La Cultia d'Àreu,drying5,blocks_10_20,mean,regulated_pm_two,1,1.9968142202466197,1.9968142202466197,3.4375,5.43431422024662,0.6875,1.086862844049324
paired_sensitivities,EML,El Miracle,daily,linear_5_20_50,end,regulated_hg_one,59,0.5532185252374039,0.06317404654707948,-0.05466101694915257,0.008513029597926915,-0.05466101694915257,0.008513029597926915
paired_sensitivities,EML,El Miracle,daily,linear_5_20_50,end,regulated_hg_two,59,0.5177390849906821,0.057573196863064106,-0.05466101694915257,0.00291217991391154,-0.05466101694915257,0.00291217991391154
paired_sensitivities,EML,El Miracle,daily,linear_5_20_50,end,regulated_pm_one,59,0.5555692973370591,0.06414141042645641,-0.05466101694915257,0.009480393477303837,-0.05466101694915257,0.009480393477303837
paired_sensitivities,EML,El Miracle,daily,linear_5_20_50,end,regulated_pm_two,59,0.5207355037383041,0.057867063635021025,-0.05466101694915257,0.0032060466858684577,-0.05466101694915257,0.0032060466858684577
paired_sensitivities,EML,El Miracle,daily,linear_5_20_50,mean,regulated_hg_one,59,0.5997697728443295,0.06270029419303048,-0.05418726459510357,0.008513029597926915,-0.05418726459510357,0.008513029597926915
paired_sensitivities,EML,El Miracle,daily,linear_5_20_50,mean,regulated_hg_two,59,0.5575800928954386,0.057099444509015114,-0.05418726459510357,0.00291217991391154,-0.05418726459510357,0.00291217991391154
paired_sensitivities,EML,El Miracle,daily,linear_5_20_50,mean,regulated_pm_one,59,0.6051890000617247,0.0636676580724074,-0.05418726459510357,0.009480393477303837,-0.05418726459510357,0.009480393477303837
paired_sensitivities,EML,El Miracle,daily,linear_5_20_50,mean,regulated_pm_two,59,0.5633165174987147,0.057393311280972026,-0.05418726459510357,0.0032060466858684577,-0.05418726459510357,0.0032060466858684577
paired_sensitivities,EML,El Miracle,daily,hold_20,end,regulated_hg_one,59,0.5489812371018106,0.0657164194284354,-0.057203389830508475,0.008513029597926915,-0.057203389830508475,0.008513029597926915
paired_sensitivities,EML,El Miracle,daily,hold_20,end,regulated_hg_two,59,0.5146317403579137,0.06011556974442001,-0.057203389830508475,0.00291217991391154,-0.057203389830508475,0.00291217991391154
paired_sensitivities,EML,El Miracle,daily,hold_20,end,regulated_pm_one,59,0.5510441946109683,0.06668378330781231,-0.057203389830508475,0.009480393477303837,-0.057203389830508475,0.009480393477303837
paired_sensitivities,EML,El Miracle,daily,hold_20,end,regulated_pm_two,59,0.5164982156027108,0.06040943651637693,-0.057203389830508475,0.0032060466858684577,-0.057203389830508475,0.0032060466858684577
paired_sensitivities,EML,El Miracle,daily,hold_20,mean,regulated_hg_one,59,0.6011586617332182,0.06505434315724895,-0.056541313559322036,0.008513029597926915,-0.056541313559322036,0.008513029597926915
paired_sensitivities,EML,El Miracle,daily,hold_20,mean,regulated_hg_two,59,0.5594751023116343,0.059453493473233573,-0.056541313559322036,0.00291217991391154,-0.056541313559322036,0.00291217991391154
paired_sensitivities,EML,El Miracle,daily,hold_20,mean,regulated_pm_one,59,0.6061423898922329,0.06602170703662587,-0.056541313559322036,0.009480393477303837,-0.056541313559322036,0.009480393477303837
paired_sensitivities,EML,El Miracle,daily,hold_20,mean,regulated_pm_two,59,0.5652115269149104,0.05974736024519049,-0.056541313559322036,0.0032060466858684577,-0.056541313559322036,0.0032060466858684577
paired_sensitivities,EML,El Miracle,daily,blocks_10_20,end,regulated_hg_one,59,0.5374217578246797,0.06444523298775738,-0.05593220338983046,0.008513029597926915,-0.05593220338983046,0.008513029597926915
paired_sensitivities,EML,El Miracle,daily,blocks_10_20,end,regulated_hg_two,59,0.4991624846506617,0.058844383303742004,-0.05593220338983046,0.00291217991391154,-0.05593220338983046,0.00291217991391154
paired_sensitivities,EML,El Miracle,daily,blocks_10_20,end,regulated_pm_one,59,0.5412685251298494,0.0654125968671343,-0.05593220338983046,0.009480393477303837,-0.05593220338983046,0.009480393477303837
paired_sensitivities,EML,El Miracle,daily,blocks_10_20,end,regulated_pm_two,59,0.5015434704719128,0.059138250075698916,-0.05593220338983046,0.0032060466858684577,-0.05593220338983046,0.0032060466858684577
paired_sensitivities,EML,El Miracle,daily,blocks_10_20,mean,regulated_hg_one,59,0.5972283316650698,0.06349184315724898,-0.05497881355932207,0.008513029597926915,-0.05497881355932207,0.008513029597926915
paired_sensitivities,EML,El Miracle,daily,blocks_10_20,mean,regulated_hg_two,59,0.5539436397149343,0.05789099347323361,-0.05497881355932207,0.00291217991391154,-0.05497881355932207,0.00291217991391154
paired_sensitivities,EML,El Miracle,daily,blocks_10_20,mean,regulated_pm_one,59,0.6023299627716527,0.0644592070366259,-0.05497881355932207,0.009480393477303837,-0.05497881355932207,0.009480393477303837
paired_sensitivities,EML,El Miracle,daily,blocks_10_20,mean,regulated_pm_two,59,0.5596770745509301,0.058184860245190526,-0.05497881355932207,0.0032060466858684577,-0.05497881355932207,0.0032060466858684577
paired_sensitivities,EML,El Miracle,recharge_next,linear_5_20_50,end,regulated_hg_one,4,2.717669574887291,2.4012086194786555,0.14583333333333393,2.5470419528119894,0.07951388888888926,1.1167062319772256
paired_sensitivities,EML,El Miracle,recharge_next,linear_5_20_50,end,regulated_hg_two,4,2.186683357148401,1.8178499659907947,0.14583333333333393,1.9636832993241287,0.07951388888888926,0.8585946610628301
paired_sensitivities,EML,El Miracle,recharge_next,linear_5_20_50,end,regulated_pm_one,4,2.7979400447418414,2.475014655169278,0.14583333333333393,2.620847988502612,0.07951388888888926,1.1486487516107786
paired_sensitivities,EML,El Miracle,recharge_next,linear_5_20_50,end,regulated_pm_two,4,2.305817070833081,1.8998462339215478,0.14583333333333393,2.045679567254882,0.07951388888888926,0.8940085246326124
paired_sensitivities,EML,El Miracle,recharge_next,linear_5_20_50,mean,regulated_hg_one,4,2.711723394331733,2.415227716700876,0.1318142361111132,2.5470419528119894,0.08282696759259359,1.1167062319772256
paired_sensitivities,EML,El Miracle,recharge_next,linear_5_20_50,mean,regulated_hg_two,4,2.180737176592843,1.8318690632130155,0.1318142361111132,1.9636832993241287,0.08282696759259359,0.8585946610628301
paired_sensitivities,EML,El Miracle,recharge_next,linear_5_20_50,mean,regulated_pm_one,4,2.7919938641862836,2.489033752391499,0.1318142361111132,2.620847988502612,0.08282696759259359,1.1486487516107786
paired_sensitivities,EML,El Miracle,recharge_next,linear_5_20_50,mean,regulated_pm_two,4,2.299870890277523,1.9138653311437686,0.1318142361111132,2.045679567254882,0.08282696759259359,0.8940085246326124
paired_sensitivities,EML,El Miracle,recharge_next,hold_20,end,regulated_hg_one,4,2.6801695748872914,2.3720419528119905,0.17499999999999893,2.5470419528119894,0.09479166666666616,1.1167062319772256
paired_sensitivities,EML,El Miracle,recharge_next,hold_20,end,regulated_hg_two,4,2.1491833571484014,1.7886832993241297,0.17499999999999893,1.9636832993241287,0.09479166666666616,0.8585946610628301
paired_sensitivities,EML,El Miracle,recharge_next,hold_20,end,regulated_pm_one,4,2.760440044741842,2.445847988502613,0.17499999999999893,2.620847988502612,0.09479166666666616,1.1486487516107786
paired_sensitivities,EML,El Miracle,recharge_next,hold_20,end,regulated_pm_two,4,2.2683170708330813,1.8706795672548828,0.17499999999999893,2.045679567254882,0.09479166666666616,0.8940085246326124
paired_sensitivities,EML,El Miracle,recharge_next,hold_20,mean,regulated_hg_one,4,2.6737893665539567,2.3932659111453223,0.15377604166666714,2.5470419528119894,0.0951388888888891,1.1167062319772256
paired_sensitivities,EML,El Miracle,recharge_next,hold_20,mean,regulated_hg_two,4,2.1428031488150667,1.8099072576574615,0.15377604166666714,1.9636832993241287,0.0951388888888891,0.8585946610628301
paired_sensitivities,EML,El Miracle,recharge_next,hold_20,mean,regulated_pm_one,4,2.754059836408507,2.467071946835945,0.15377604166666714,2.620847988502612,0.0951388888888891,1.1486487516107786
paired_sensitivities,EML,El Miracle,recharge_next,hold_20,mean,regulated_pm_two,4,2.2619368624997467,1.8919035255882146,0.15377604166666714,2.045679567254882,0.0951388888888891,0.8940085246326124
paired_sensitivities,EML,El Miracle,recharge_next,blocks_10_20,end,regulated_hg_one,4,2.5926695748872874,2.34704195281199,0.1999999999999993,2.5470419528119894,0.1083333333333331,1.1167062319772256
paired_sensitivities,EML,El Miracle,recharge_next,blocks_10_20,end,regulated_hg_two,4,2.0616833571483975,1.7636832993241294,0.1999999999999993,1.9636832993241287,0.1083333333333331,0.8585946610628301
paired_sensitivities,EML,El Miracle,recharge_next,blocks_10_20,end,regulated_pm_one,4,2.672940044741838,2.420847988502613,0.1999999999999993,2.620847988502612,0.1083333333333331,1.1486487516107786
paired_sensitivities,EML,El Miracle,recharge_next,blocks_10_20,end,regulated_pm_two,4,2.1808170708330774,1.8456795672548825,0.1999999999999993,2.045679567254882,0.1083333333333331,0.8940085246326124
paired_sensitivities,EML,El Miracle,recharge_next,blocks_10_20,mean,regulated_hg_one,4,2.576002908220627,2.3543336194786555,0.19270833333333393,2.5470419528119894,0.11579861111111164,1.1167062319772256
paired_sensitivities,EML,El Miracle,recharge_next,blocks_10_20,mean,regulated_hg_two,4,2.045016690481737,1.7709749659907947,0.19270833333333393,1.9636832993241287,0.11579861111111164,0.8585946610628301
paired_sensitivities,EML,El Miracle,recharge_next,blocks_10_20,mean,regulated_pm_one,4,2.6562733780751775,2.428139655169278,0.19270833333333393,2.620847988502612,0.11579861111111164,1.1486487516107786
paired_sensitivities,EML,El Miracle,recharge_next,blocks_10_20,mean,regulated_pm_two,4,2.164150404166417,1.8529712339215478,0.19270833333333393,2.045679567254882,0.11579861111111164,0.8940085246326124
paired_sensitivities,EML,El Miracle,recharge_day3,linear_5_20_50,end,regulated_hg_one,4,1.9463962146390208,1.353935875809415,0.06875000000000053,1.4226858758094159,0.01760416666666682,0.3358337185385539
paired_sensitivities,EML,El Miracle,recharge_day3,linear_5_20_50,end,regulated_hg_two,4,1.2880721089118927,0.7222662918440006,0.06875000000000053,0.7910162918440011,0.01760416666666682,0.1878402763060778
paired_sensitivities,EML,El Miracle,recharge_day3,linear_5_20_50,end,regulated_pm_one,4,2.0494140547281585,1.4482492733490624,0.06875000000000053,1.516999273349063,0.01760416666666682,0.35828919978185086
paired_sensitivities,EML,El Miracle,recharge_day3,linear_5_20_50,end,regulated_pm_two,4,1.4146653350415639,0.7905710622309488,0.06875000000000053,0.8593210622309493,0.01760416666666682,0.2043092734522387
paired_sensitivities,EML,El Miracle,recharge_day3,linear_5_20_50,mean,regulated_hg_one,4,2.0020819785279103,1.3935626119205242,0.029123263888891415,1.4226858758094159,0.010954861111111703,0.3358337185385539
paired_sensitivities,EML,El Miracle,recharge_day3,linear_5_20_50,mean,regulated_hg_two,4,1.3437578728007822,0.7618930279551097,0.029123263888891415,0.7910162918440011,0.010954861111111703,0.1878402763060778
paired_sensitivities,EML,El Miracle,recharge_day3,linear_5_20_50,mean,regulated_pm_one,4,2.105099818617048,1.4878760094601715,0.029123263888891415,1.516999273349063,0.010954861111111703,0.35828919978185086
paired_sensitivities,EML,El Miracle,recharge_day3,linear_5_20_50,mean,regulated_pm_two,4,1.4703510989304533,0.8301977983420579,0.029123263888891415,0.8593210622309493,0.010954861111111703,0.2043092734522387
paired_sensitivities,EML,El Miracle,recharge_day3,hold_20,end,regulated_hg_one,4,1.9297295479723542,1.353935875809416,0.06874999999999964,1.4226858758094159,0.01781249999999992,0.3358337185385539
paired_sensitivities,EML,El Miracle,recharge_day3,hold_20,end,regulated_hg_two,4,1.2714054422452261,0.7222662918440015,0.06874999999999964,0.7910162918440011,0.01781249999999992,0.1878402763060778
paired_sensitivities,EML,El Miracle,recharge_day3,hold_20,end,regulated_pm_one,4,2.032747388061492,1.4482492733490633,0.06874999999999964,1.516999273349063,0.01781249999999992,0.35828919978185086
paired_sensitivities,EML,El Miracle,recharge_day3,hold_20,end,regulated_pm_two,4,1.3979986683748973,0.7905710622309496,0.06874999999999964,0.8593210622309493,0.01781249999999992,0.2043092734522387
paired_sensitivities,EML,El Miracle,recharge_day3,hold_20,mean,regulated_hg_one,4,1.980901422972352,1.398076500809415,0.02460937500000071,1.4226858758094159,0.010182291666666822,0.3358337185385539
paired_sensitivities,EML,El Miracle,recharge_day3,hold_20,mean,regulated_hg_two,4,1.322577317245224,0.7664069168440004,0.02460937500000071,0.7910162918440011,0.010182291666666822,0.1878402763060778
paired_sensitivities,EML,El Miracle,recharge_day3,hold_20,mean,regulated_pm_one,4,2.08391926306149,1.4923898983490622,0.02460937500000071,1.516999273349063,0.010182291666666822,0.35828919978185086
paired_sensitivities,EML,El Miracle,recharge_day3,hold_20,mean,regulated_pm_two,4,1.4491705433748951,0.8347116872309486,0.02460937500000071,0.8593210622309493,0.010182291666666822,0.2043092734522387
paired_sensitivities,EML,El Miracle,recharge_day3,blocks_10_20,end,regulated_hg_one,4,1.8859795479723522,1.3976858758094144,0.025000000000001243,1.4226858758094159,0.0075000000000003285,0.3358337185385539
paired_sensitivities,EML,El Miracle,recharge_day3,blocks_10_20,end,regulated_hg_two,4,1.2276554422452242,0.7660162918439999,0.025000000000001243,0.7910162918440011,0.0075000000000003285,0.1878402763060778
paired_sensitivities,EML,El Miracle,recharge_day3,blocks_10_20,end,regulated_pm_one,4,1.9889973880614902,1.4919992733490617,0.025000000000001243,1.516999273349063,0.0075000000000003285,0.35828919978185086
paired_sensitivities,EML,El Miracle,recharge_day3,blocks_10_20,end,regulated_pm_two,4,1.3542486683748953,0.834321062230948,0.025000000000001243,0.8593210622309493,0.0075000000000003285,0.2043092734522387
paired_sensitivities,EML,El Miracle,recharge_day3,blocks_10_20,mean,regulated_hg_one,4,1.915667047972358,1.4304983758094174,-0.007812500000001776,1.4226858758094159,0.0027083333333329587,0.3358337185385539
paired_sensitivities,EML,El Miracle,recharge_day3,blocks_10_20,mean,regulated_hg_two,4,1.25734294224523,0.7988287918440029,-0.007812500000001776,0.7910162918440011,0.0027083333333329587,0.1878402763060778
paired_sensitivities,EML,El Miracle,recharge_day3,blocks_10_20,mean,regulated_pm_one,4,2.018684888061496,1.5248117733490647,-0.007812500000001776,1.516999273349063,0.0027083333333329587,0.35828919978185086
paired_sensitivities,EML,El Miracle,recharge_day3,blocks_10_20,mean,regulated_pm_two,4,1.3839361683749012,0.8671335622309511,-0.007812500000001776,0.8593210622309493,0.0027083333333329587,0.2043092734522387
paired_sensitivities,EML,El Miracle,drying5,linear_5_20_50,end,regulated_hg_one,2,1.2864688426476407,1.2864688426476407,0.2833333333333332,1.569802175980974,0.05666666666666664,0.3139604351961948
paired_sensitivities,EML,El Miracle,drying5,linear_5_20_50,end,regulated_hg_two,2,0.8988563050494264,0.8988563050494264,0.2833333333333332,1.1821896383827597,0.05666666666666664,0.23643792767655192
paired_sensitivities,EML,El Miracle,drying5,linear_5_20_50,end,regulated_pm_one,2,1.3345749028798988,1.3345749028798988,0.2833333333333332,1.617908236213232,0.05666666666666664,0.3235816472426464
paired_sensitivities,EML,El Miracle,drying5,linear_5_20_50,end,regulated_pm_two,2,0.9785151952235733,0.9785151952235733,0.2833333333333332,1.2618485285569065,0.05666666666666664,0.25236970571138134
paired_sensitivities,EML,El Miracle,drying5,linear_5_20_50,mean,regulated_hg_one,2,1.2869896759809718,1.2869896759809718,0.28281250000000213,1.569802175980974,0.05656250000000043,0.3139604351961948
paired_sensitivities,EML,El Miracle,drying5,linear_5_20_50,mean,regulated_hg_two,2,0.8993771383827575,0.8993771383827575,0.28281250000000213,1.1821896383827597,0.05656250000000043,0.23643792767655192
paired_sensitivities,EML,El Miracle,drying5,linear_5_20_50,mean,regulated_pm_one,2,1.3350957362132299,1.3350957362132299,0.28281250000000213,1.617908236213232,0.05656250000000043,0.3235816472426464
paired_sensitivities,EML,El Miracle,drying5,linear_5_20_50,mean,regulated_pm_two,2,0.9790360285569044,0.9790360285569044,0.28281250000000213,1.2618485285569065,0.05656250000000043,0.25236970571138134
paired_sensitivities,EML,El Miracle,drying5,hold_20,end,regulated_hg_one,2,1.2698021759809732,1.2698021759809732,0.3000000000000007,1.569802175980974,0.06000000000000014,0.3139604351961948
paired_sensitivities,EML,El Miracle,drying5,hold_20,end,regulated_hg_two,2,0.8821896383827589,0.8821896383827589,0.3000000000000007,1.1821896383827597,0.06000000000000014,0.23643792767655192
paired_sensitivities,EML,El Miracle,drying5,hold_20,end,regulated_pm_one,2,1.3179082362132313,1.3179082362132313,0.3000000000000007,1.617908236213232,0.06000000000000014,0.3235816472426464
paired_sensitivities,EML,El Miracle,drying5,hold_20,end,regulated_pm_two,2,0.9618485285569058,0.9618485285569058,0.3000000000000007,1.2618485285569065,0.06000000000000014,0.25236970571138134
paired_sensitivities,EML,El Miracle,drying5,hold_20,mean,regulated_hg_one,2,1.2703230093143079,1.2703230093143079,0.2994791666666661,1.569802175980974,0.05989583333333322,0.3139604351961948
paired_sensitivities,EML,El Miracle,drying5,hold_20,mean,regulated_hg_two,2,0.8827104717160935,0.8827104717160935,0.2994791666666661,1.1821896383827597,0.05989583333333322,0.23643792767655192
paired_sensitivities,EML,El Miracle,drying5,hold_20,mean,regulated_pm_one,2,1.318429069546566,1.318429069546566,0.2994791666666661,1.617908236213232,0.05989583333333322,0.3235816472426464
paired_sensitivities,EML,El Miracle,drying5,hold_20,mean,regulated_pm_two,2,0.9623693618902405,0.9623693618902405,0.2994791666666661,1.2618485285569065,0.05989583333333322,0.25236970571138134
paired_sensitivities,EML,El Miracle,drying5,blocks_10_20,end,regulated_hg_one,2,1.2698021759809732,1.2698021759809732,0.3000000000000007,1.569802175980974,0.060000000000000143,0.3139604351961948
paired_sensitivities,EML,El Miracle,drying5,blocks_10_20,end,regulated_hg_two,2,0.8821896383827589,0.8821896383827589,0.3000000000000007,1.1821896383827597,0.060000000000000143,0.23643792767655192
paired_sensitivities,EML,El Miracle,drying5,blocks_10_20,end,regulated_pm_one,2,1.3179082362132313,1.3179082362132313,0.3000000000000007,1.617908236213232,0.060000000000000143,0.3235816472426464
paired_sensitivities,EML,El Miracle,drying5,blocks_10_20,end,regulated_pm_two,2,0.9618485285569058,0.9618485285569058,0.3000000000000007,1.2618485285569065,0.060000000000000143,0.25236970571138134
paired_sensitivities,EML,El Miracle,drying5,blocks_10_20,mean,regulated_hg_one,2,1.26771884264764,1.26771884264764,0.3020833333333339,1.569802175980974,0.060416666666666785,0.3139604351961948
paired_sensitivities,EML,El Miracle,drying5,blocks_10_20,mean,regulated_hg_two,2,0.8801063050494257,0.8801063050494257,0.3020833333333339,1.1821896383827597,0.060416666666666785,0.23643792767655192
paired_sensitivities,EML,El Miracle,drying5,blocks_10_20,mean,regulated_pm_one,2,1.315824902879898,1.315824902879898,0.3020833333333339,1.617908236213232,0.060416666666666785,0.3235816472426464
paired_sensitivities,EML,El Miracle,drying5,blocks_10_20,mean,regulated_pm_two,2,0.9597651952235726,0.9597651952235726,0.3020833333333339,1.2618485285569065,0.060416666666666785,0.25236970571138134
paired_sensitivities,BCLL,Borda Coll,daily,linear_5_20_50,end,regulated_hg_one,54,1.6371113086659923,-0.012564523543507922,0.06064814814814819,0.04808362460464027,0.06064814814814819,0.04808362460464027
paired_sensitivities,BCLL,Borda Coll,daily,linear_5_20_50,end,regulated_hg_two,54,1.618235000899933,0.02252440805503035,0.06064814814814819,0.08317255620317854,0.06064814814814819,0.08317255620317854
paired_sensitivities,BCLL,Borda Coll,daily,linear_5_20_50,end,regulated_pm_one,54,1.6430405128654184,-0.007182238095213427,0.06064814814814819,0.05346591005293476,0.06064814814814819,0.05346591005293476
paired_sensitivities,BCLL,Borda Coll,daily,linear_5_20_50,end,regulated_pm_two,54,1.587742154984316,0.031598541778398485,0.06064814814814819,0.09224668992654667,0.06064814814814819,0.09224668992654667
paired_sensitivities,BCLL,Borda Coll,daily,linear_5_20_50,mean,regulated_hg_one,54,1.8513452681242717,-0.01210156058054492,0.06018518518518518,0.04808362460464027,0.06018518518518518,0.04808362460464027
paired_sensitivities,BCLL,Borda Coll,daily,linear_5_20_50,mean,regulated_hg_two,54,1.862783055458453,0.022987371017993353,0.06018518518518518,0.08317255620317854,0.06018518518518518,0.08317255620317854
paired_sensitivities,BCLL,Borda Coll,daily,linear_5_20_50,mean,regulated_pm_one,54,1.813303979332937,-0.006719275132250424,0.06018518518518518,0.05346591005293476,0.06018518518518518,0.05346591005293476
paired_sensitivities,BCLL,Borda Coll,daily,linear_5_20_50,mean,regulated_pm_two,54,1.8302868870551057,0.032061504741361484,0.06018518518518518,0.09224668992654667,0.06018518518518518,0.09224668992654667
paired_sensitivities,BCLL,Borda Coll,daily,hold_20,end,regulated_hg_one,54,1.6815557531104368,0.00039843941945509354,0.04768518518518517,0.04808362460464027,0.04768518518518517,0.04808362460464027
paired_sensitivities,BCLL,Borda Coll,daily,hold_20,end,regulated_hg_two,54,1.6608275934925256,0.03548737101799337,0.04768518518518517,0.08317255620317854,0.04768518518518517,0.08317255620317854
paired_sensitivities,BCLL,Borda Coll,daily,hold_20,end,regulated_pm_one,54,1.6881022412604805,0.0057807248677495884,0.04768518518518517,0.05346591005293476,0.04768518518518517,0.05346591005293476
paired_sensitivities,BCLL,Borda Coll,daily,hold_20,end,regulated_pm_two,54,1.6309520315275259,0.0445615047413615,0.04768518518518517,0.09224668992654667,0.04768518518518517,0.09224668992654667
paired_sensitivities,BCLL,Borda Coll,daily,hold_20,mean,regulated_hg_one,54,1.8877489486151802,0.0011700443577266216,0.046913580246913646,0.04808362460464027,0.046913580246913646,0.04808362460464027
paired_sensitivities,BCLL,Borda Coll,daily,hold_20,mean,regulated_hg_two,54,1.8992656688577934,0.03625897595626489,0.046913580246913646,0.08317255620317854,0.046913580246913646,0.08317255620317854
paired_sensitivities,BCLL,Borda Coll,daily,hold_20,mean,regulated_pm_one,54,1.8514855636950769,0.006552329806021117,0.046913580246913646,0.05346591005293476,0.046913580246913646,0.05346591005293476
paired_sensitivities,BCLL,Borda Coll,daily,hold_20,mean,regulated_pm_two,54,1.8685713520756817,0.04533310967963303,0.046913580246913646,0.09224668992654667,0.046913580246913646,0.09224668992654667
paired_sensitivities,BCLL,Borda Coll,daily,blocks_10_20,end,regulated_hg_one,54,1.6847964938511772,-6.452354350790892e-05,0.048148148148148176,0.04808362460464027,0.048148148148148176,0.04808362460464027
paired_sensitivities,BCLL,Borda Coll,daily,blocks_10_20,end,regulated_hg_two,54,1.6548186354545027,0.03502440805503036,0.048148148148148176,0.08317255620317854,0.048148148148148176,0.08317255620317854
paired_sensitivities,BCLL,Borda Coll,daily,blocks_10_20,end,regulated_pm_one,54,1.6959726116308507,0.005317761904786587,0.048148148148148176,0.05346591005293476,0.048148148148148176,0.05346591005293476
paired_sensitivities,BCLL,Borda Coll,daily,blocks_10_20,end,regulated_pm_two,54,1.6286372167127112,0.044098541778398496,0.048148148148148176,0.09224668992654667,0.048148148148148176,0.09224668992654667
paired_sensitivities,BCLL,Borda Coll,daily,blocks_10_20,mean,regulated_hg_one,54,1.889716541207773,0.0011314641108131093,0.04695216049382719,0.04808362460464027,0.04695216049382719,0.04808362460464027
paired_sensitivities,BCLL,Borda Coll,daily,blocks_10_20,mean,regulated_hg_two,54,1.9042520811901409,0.03622039570935138,0.04695216049382719,0.08317255620317854,0.04695216049382719,0.08317255620317854
paired_sensitivities,BCLL,Borda Coll,daily,blocks_10_20,mean,regulated_pm_one,54,1.8578705945592744,0.006513749559107539,0.04695216049382719,0.05346591005293476,0.04695216049382719,0.05346591005293476
paired_sensitivities,BCLL,Borda Coll,daily,blocks_10_20,mean,regulated_pm_two,54,1.8745705804707435,0.04529452943271951,0.04695216049382719,0.09224668992654667,0.04695216049382719,0.09224668992654667
paired_sensitivities,BCLL,Borda Coll,recharge_next,linear_5_20_50,end,regulated_hg_one,3,8.086586881337047,-5.9116425001350565,2.305555555555557,-3.606086944579499,0.33425925925926037,-0.28852376056291734
paired_sensitivities,BCLL,Borda Coll,recharge_next,linear_5_20_50,end,regulated_hg_two,3,7.108241187851615,-5.477063392258348,2.305555555555557,-3.1715078367027907,0.33425925925926037,-0.30672167351825314
paired_sensitivities,BCLL,Borda Coll,recharge_next,linear_5_20_50,end,regulated_pm_one,3,7.229363759718132,-5.335622698564499,2.305555555555557,-3.030067143008941,0.33425925925926037,-0.23938768030921706
paired_sensitivities,BCLL,Borda Coll,recharge_next,linear_5_20_50,end,regulated_pm_two,3,6.488401974626672,-4.99170851392083,2.305555555555557,-2.6861529583652732,0.33425925925926037,-0.24824324960990438
paired_sensitivities,BCLL,Borda Coll,recharge_next,linear_5_20_50,mean,regulated_hg_one,3,7.775822992448163,-5.718934166801721,2.1128472222222214,-3.606086944579499,0.32181712962962905,-0.28852376056291734
paired_sensitivities,BCLL,Borda Coll,recharge_next,linear_5_20_50,mean,regulated_hg_two,3,6.857671458379529,-5.284355058925012,2.1128472222222214,-3.1715078367027907,0.32181712962962905,-0.30672167351825314
paired_sensitivities,BCLL,Borda Coll,recharge_next,linear_5_20_50,mean,regulated_pm_one,3,6.918599870829248,-5.142914365231163,2.1128472222222214,-3.030067143008941,0.32181712962962905,-0.23938768030921706
paired_sensitivities,BCLL,Borda Coll,recharge_next,linear_5_20_50,mean,regulated_pm_two,3,6.177638085737789,-4.799000180587495,2.1128472222222214,-2.6861529583652732,0.32181712962962905,-0.24824324960990438
paired_sensitivities,BCLL,Borda Coll,recharge_next,hold_20,end,regulated_hg_one,3,8.131031325781494,-5.889420277912832,2.2833333333333328,-3.606086944579499,0.31944444444444425,-0.28852376056291734
paired_sensitivities,BCLL,Borda Coll,recharge_next,hold_20,end,regulated_hg_two,3,7.152685632296063,-5.454841170036123,2.2833333333333328,-3.1715078367027907,0.31944444444444425,-0.30672167351825314
paired_sensitivities,BCLL,Borda Coll,recharge_next,hold_20,end,regulated_pm_one,3,7.27380820416258,-5.313400476342274,2.2833333333333328,-3.030067143008941,0.31944444444444425,-0.23938768030921706
paired_sensitivities,BCLL,Borda Coll,recharge_next,hold_20,end,regulated_pm_two,3,6.53284641907112,-4.969486291698606,2.2833333333333328,-2.6861529583652732,0.31944444444444425,-0.24824324960990438
paired_sensitivities,BCLL,Borda Coll,recharge_next,hold_20,mean,regulated_hg_one,3,7.8199202146703835,-5.717198055690611,2.111111111111112,-3.606086944579499,0.31388888888888916,-0.28852376056291734
paired_sensitivities,BCLL,Borda Coll,recharge_next,hold_20,mean,regulated_hg_two,3,6.841574521184952,-5.282618947813902,2.111111111111112,-3.1715078367027907,0.31388888888888916,-0.30672167351825314
paired_sensitivities,BCLL,Borda Coll,recharge_next,hold_20,mean,regulated_pm_one,3,6.962697093051468,-5.141178254120053,2.111111111111112,-3.030067143008941,0.31388888888888916,-0.23938768030921706
paired_sensitivities,BCLL,Borda Coll,recharge_next,hold_20,mean,regulated_pm_two,3,6.221735307960009,-4.797264069476385,2.111111111111112,-2.6861529583652732,0.31388888888888916,-0.24824324960990438
paired_sensitivities,BCLL,Borda Coll,recharge_next,blocks_10_20,end,regulated_hg_one,3,7.8810313257814935,-5.872753611246167,2.266666666666668,-3.606086944579499,0.3555555555555563,-0.28852376056291734
paired_sensitivities,BCLL,Borda Coll,recharge_next,blocks_10_20,end,regulated_hg_two,3,6.925495532453602,-5.438174503369459,2.266666666666668,-3.1715078367027907,0.3555555555555563,-0.30672167351825314
paired_sensitivities,BCLL,Borda Coll,recharge_next,blocks_10_20,end,regulated_pm_one,3,7.023808204162578,-5.296733809675609,2.266666666666668,-3.030067143008941,0.3555555555555563,-0.23938768030921706
paired_sensitivities,BCLL,Borda Coll,recharge_next,blocks_10_20,end,regulated_pm_two,3,6.282846419071119,-4.952819625031942,2.266666666666668,-2.6861529583652732,0.3555555555555563,-0.24824324960990438
paired_sensitivities,BCLL,Borda Coll,recharge_next,blocks_10_20,mean,regulated_hg_one,3,7.573392436892606,-5.747059166801722,2.140972222222223,-3.606086944579499,0.3649305555555558,-0.28852376056291734
paired_sensitivities,BCLL,Borda Coll,recharge_next,blocks_10_20,mean,regulated_hg_two,3,6.727578865786934,-5.312480058925014,2.140972222222223,-3.1715078367027907,0.3649305555555558,-0.30672167351825314
paired_sensitivities,BCLL,Borda Coll,recharge_next,blocks_10_20,mean,regulated_pm_one,3,6.716169315273691,-5.171039365231164,2.140972222222223,-3.030067143008941,0.3649305555555558,-0.23938768030921706
paired_sensitivities,BCLL,Borda Coll,recharge_next,blocks_10_20,mean,regulated_pm_two,3,6.015609599015851,-4.827125180587497,2.140972222222223,-2.6861529583652732,0.3649305555555558,-0.24824324960990438
paired_sensitivities,BCLL,Borda Coll,recharge_day3,linear_5_20_50,end,regulated_hg_one,3,8.486042516997609,-7.144503053882588,0.7888888888888902,-6.355614164993699,-0.05277777777777759,-0.8849443298628964
paired_sensitivities,BCLL,Borda Coll,recharge_day3,linear_5_20_50,end,regulated_hg_two,3,7.95708725686677,-6.9218407306053455,0.7888888888888902,-6.132951841716455,-0.05277777777777759,-0.9165648159517615
paired_sensitivities,BCLL,Borda Coll,recharge_day3,linear_5_20_50,end,regulated_pm_one,3,7.8370289252868295,-6.996072236854577,0.7888888888888902,-6.207183347965686,-0.05277777777777759,-0.9153560107819172
paired_sensitivities,BCLL,Borda Coll,recharge_day3,linear_5_20_50,end,regulated_pm_two,3,7.362605315795025,-6.7313828837739775,0.7888888888888902,-5.942493994885087,-0.05277777777777759,-0.929222450600289
paired_sensitivities,BCLL,Borda Coll,recharge_day3,linear_5_20_50,mean,regulated_hg_one,3,8.55762816514576,-7.252315553882589,0.8967013888888905,-6.355614164993699,-0.03253761574074051,-0.8849443298628964
paired_sensitivities,BCLL,Borda Coll,recharge_day3,linear_5_20_50,mean,regulated_hg_two,3,8.02867290501492,-7.029653230605345,0.8967013888888905,-6.132951841716455,-0.03253761574074051,-0.9165648159517615
paired_sensitivities,BCLL,Borda Coll,recharge_day3,linear_5_20_50,mean,regulated_pm_one,3,7.908614573434979,-7.103884736854577,0.8967013888888905,-6.207183347965686,-0.03253761574074051,-0.9153560107819172
paired_sensitivities,BCLL,Borda Coll,recharge_day3,linear_5_20_50,mean,regulated_pm_two,3,7.434190963943174,-6.839195383773977,0.8967013888888905,-5.942493994885087,-0.03253761574074051,-0.929222450600289
paired_sensitivities,BCLL,Borda Coll,recharge_day3,hold_20,end,regulated_hg_one,3,8.497153628108721,-7.188947498327029,0.8333333333333309,-6.355614164993699,-0.0479166666666672,-0.8849443298628964
paired_sensitivities,BCLL,Borda Coll,recharge_day3,hold_20,end,regulated_hg_two,3,7.968198367977881,-6.966285175049786,0.8333333333333309,-6.132951841716455,-0.0479166666666672,-0.9165648159517615
paired_sensitivities,BCLL,Borda Coll,recharge_day3,hold_20,end,regulated_pm_one,3,7.8481400363979406,-7.040516681299017,0.8333333333333309,-6.207183347965686,-0.0479166666666672,-0.9153560107819172
paired_sensitivities,BCLL,Borda Coll,recharge_day3,hold_20,end,regulated_pm_two,3,7.373716426906136,-6.775827328218418,0.8333333333333309,-5.942493994885087,-0.0479166666666672,-0.929222450600289
paired_sensitivities,BCLL,Borda Coll,recharge_day3,hold_20,mean,regulated_hg_one,3,8.565730016997607,-7.311343331660367,0.9557291666666679,-6.355614164993699,-0.024565972222221937,-0.8849443298628964
paired_sensitivities,BCLL,Borda Coll,recharge_day3,hold_20,mean,regulated_hg_two,3,8.036774756866768,-7.088681008383123,0.9557291666666679,-6.132951841716455,-0.024565972222221937,-0.9165648159517615
paired_sensitivities,BCLL,Borda Coll,recharge_day3,hold_20,mean,regulated_pm_one,3,7.916716425286828,-7.162912514632354,0.9557291666666679,-6.207183347965686,-0.024565972222221937,-0.9153560107819172
paired_sensitivities,BCLL,Borda Coll,recharge_day3,hold_20,mean,regulated_pm_two,3,7.442292815795024,-6.898223161551755,0.9557291666666679,-5.942493994885087,-0.024565972222221937,-0.929222450600289
paired_sensitivities,BCLL,Borda Coll,recharge_day3,blocks_10_20,end,regulated_hg_one,3,8.280486961442055,-7.222280831660363,0.8666666666666648,-6.355614164993699,-0.02083333333333363,-0.8849443298628964
paired_sensitivities,BCLL,Borda Coll,recharge_day3,blocks_10_20,end,regulated_hg_two,3,7.751531701311215,-6.9996185083831195,0.8666666666666648,-6.132951841716455,-0.02083333333333363,-0.9165648159517615
paired_sensitivities,BCLL,Borda Coll,recharge_day3,blocks_10_20,end,regulated_pm_one,3,7.631473369731275,-7.0738500146323515,0.8666666666666648,-6.207183347965686,-0.02083333333333363,-0.9153560107819172
paired_sensitivities,BCLL,Borda Coll,recharge_day3,blocks_10_20,end,regulated_pm_two,3,7.15704976023947,-6.8091606615517515,0.8666666666666648,-5.942493994885087,-0.02083333333333363,-0.929222450600289
paired_sensitivities,BCLL,Borda Coll,recharge_day3,blocks_10_20,mean,regulated_hg_one,3,8.35201473921983,-7.336864164993702,0.9812500000000028,-6.355614164993699,0.0019097222222228538,-0.8849443298628964
paired_sensitivities,BCLL,Borda Coll,recharge_day3,blocks_10_20,mean,regulated_hg_two,3,7.823059479088992,-7.114201841716458,0.9812500000000028,-6.132951841716455,0.0019097222222228538,-0.9165648159517615
paired_sensitivities,BCLL,Borda Coll,recharge_day3,blocks_10_20,mean,regulated_pm_one,3,7.703001147509052,-7.188433347965689,0.9812500000000028,-6.207183347965686,0.0019097222222228538,-0.9153560107819172
paired_sensitivities,BCLL,Borda Coll,recharge_day3,blocks_10_20,mean,regulated_pm_two,3,7.228577538017247,-6.92374399488509,0.9812500000000028,-5.942493994885087,0.0019097222222228538,-0.929222450600289
paired_sensitivities,BCLL,Borda Coll,drying5,linear_5_20_50,end,regulated_hg_one,1,0.6950825665158842,0.6950825665158842,4.299999999999997,4.995082566515881,0.8599999999999994,0.9990165133031763
paired_sensitivities,BCLL,Borda Coll,drying5,linear_5_20_50,end,regulated_hg_two,1,1.1237560967949811,1.1237560967949811,4.299999999999997,5.423756096794978,0.8599999999999994,1.0847512193589957
paired_sensitivities,BCLL,Borda Coll,drying5,linear_5_20_50,end,regulated_pm_one,1,1.4801734769930537,1.4801734769930537,4.299999999999997,5.780173476993051,0.8599999999999994,1.1560346953986103
paired_sensitivities,BCLL,Borda Coll,drying5,linear_5_20_50,end,regulated_pm_two,1,1.8417600980422613,1.8417600980422613,4.299999999999997,6.141760098042258,0.8599999999999994,1.2283520196084516
paired_sensitivities,BCLL,Borda Coll,drying5,linear_5_20_50,mean,regulated_hg_one,1,0.5971658998492142,0.5971658998492142,4.397916666666667,4.995082566515881,0.8795833333333334,0.9990165133031763
paired_sensitivities,BCLL,Borda Coll,drying5,linear_5_20_50,mean,regulated_hg_two,1,1.0258394301283111,1.0258394301283111,4.397916666666667,5.423756096794978,0.8795833333333334,1.0847512193589957
paired_sensitivities,BCLL,Borda Coll,drying5,linear_5_20_50,mean,regulated_pm_one,1,1.3822568103263837,1.3822568103263837,4.397916666666667,5.780173476993051,0.8795833333333334,1.1560346953986103
paired_sensitivities,BCLL,Borda Coll,drying5,linear_5_20_50,mean,regulated_pm_two,1,1.7438434313755913,1.7438434313755913,4.397916666666667,6.141760098042258,0.8795833333333334,1.2283520196084516
paired_sensitivities,BCLL,Borda Coll,drying5,hold_20,end,regulated_hg_one,1,0.7450825665158849,0.7450825665158849,4.2499999999999964,4.995082566515881,0.8499999999999993,0.9990165133031763
paired_sensitivities,BCLL,Borda Coll,drying5,hold_20,end,regulated_hg_two,1,1.1737560967949818,1.1737560967949818,4.2499999999999964,5.423756096794978,0.8499999999999993,1.0847512193589957
paired_sensitivities,BCLL,Borda Coll,drying5,hold_20,end,regulated_pm_one,1,1.5301734769930544,1.5301734769930544,4.2499999999999964,5.780173476993051,0.8499999999999993,1.1560346953986103
paired_sensitivities,BCLL,Borda Coll,drying5,hold_20,end,regulated_pm_two,1,1.891760098042262,1.891760098042262,4.2499999999999964,6.141760098042258,0.8499999999999993,1.2283520196084516
paired_sensitivities,BCLL,Borda Coll,drying5,hold_20,mean,regulated_hg_one,1,0.6607075665158799,0.6607075665158799,4.334375000000001,4.995082566515881,0.8668750000000003,0.9990165133031763
paired_sensitivities,BCLL,Borda Coll,drying5,hold_20,mean,regulated_hg_two,1,1.0893810967949769,1.0893810967949769,4.334375000000001,5.423756096794978,0.8668750000000003,1.0847512193589957
paired_sensitivities,BCLL,Borda Coll,drying5,hold_20,mean,regulated_pm_one,1,1.4457984769930494,1.4457984769930494,4.334375000000001,5.780173476993051,0.8668750000000003,1.1560346953986103
paired_sensitivities,BCLL,Borda Coll,drying5,hold_20,mean,regulated_pm_two,1,1.807385098042257,1.807385098042257,4.334375000000001,6.141760098042258,0.8668750000000003,1.2283520196084516
paired_sensitivities,BCLL,Borda Coll,drying5,blocks_10_20,end,regulated_hg_one,1,0.9950825665158813,0.9950825665158813,4.0,4.995082566515881,0.8,0.9990165133031763
paired_sensitivities,BCLL,Borda Coll,drying5,blocks_10_20,end,regulated_hg_two,1,1.4237560967949783,1.4237560967949783,4.0,5.423756096794978,0.8,1.0847512193589957
paired_sensitivities,BCLL,Borda Coll,drying5,blocks_10_20,end,regulated_pm_one,1,1.7801734769930508,1.7801734769930508,4.0,5.780173476993051,0.8,1.1560346953986103
paired_sensitivities,BCLL,Borda Coll,drying5,blocks_10_20,end,regulated_pm_two,1,2.1417600980422584,2.1417600980422584,4.0,6.141760098042258,0.8,1.2283520196084516
paired_sensitivities,BCLL,Borda Coll,drying5,blocks_10_20,mean,regulated_hg_one,1,0.9388325665158792,0.9388325665158792,4.056250000000002,4.995082566515881,0.8112500000000005,0.9990165133031763
paired_sensitivities,BCLL,Borda Coll,drying5,blocks_10_20,mean,regulated_hg_two,1,1.3675060967949761,1.3675060967949761,4.056250000000002,5.423756096794978,0.8112500000000005,1.0847512193589957
paired_sensitivities,BCLL,Borda Coll,drying5,blocks_10_20,mean,regulated_pm_one,1,1.7239234769930487,1.7239234769930487,4.056250000000002,5.780173476993051,0.8112500000000005,1.1560346953986103
paired_sensitivities,BCLL,Borda Coll,drying5,blocks_10_20,mean,regulated_pm_two,1,2.0855100980422563,2.0855100980422563,4.056250000000002,6.141760098042258,0.8112500000000005,1.2283520196084516
paired_sensitivities,LLA,Llivia,daily,linear_5_20_50,end,regulated_hg_one,59,2.418844968124954,0.15855332525220403,-0.12048022598870052,0.038073099263503475,-0.12048022598870052,0.038073099263503475
paired_sensitivities,LLA,Llivia,daily,linear_5_20_50,end,regulated_hg_two,59,2.4636458695571912,0.14845869381317184,-0.12048022598870052,0.02797846782447126,-0.12048022598870052,0.02797846782447126
paired_sensitivities,LLA,Llivia,daily,linear_5_20_50,end,regulated_pm_one,59,2.3862887346063553,0.1663123769507423,-0.12048022598870052,0.04583215096204178,-0.12048022598870052,0.04583215096204178
paired_sensitivities,LLA,Llivia,daily,linear_5_20_50,end,regulated_pm_two,59,2.425111316070494,0.15405918092295082,-0.12048022598870052,0.03357895493425032,-0.12048022598870052,0.03357895493425032
paired_sensitivities,LLA,Llivia,daily,linear_5_20_50,mean,regulated_hg_one,59,2.4531748396633555,0.17031474238968045,-0.13224164312617695,0.038073099263503475,-0.13224164312617695,0.038073099263503475
paired_sensitivities,LLA,Llivia,daily,linear_5_20_50,mean,regulated_hg_two,59,2.5169169611541746,0.16022011095064825,-0.13224164312617695,0.02797846782447126,-0.13224164312617695,0.02797846782447126
paired_sensitivities,LLA,Llivia,daily,linear_5_20_50,mean,regulated_pm_one,59,2.4166754873672645,0.17807379408821872,-0.13224164312617695,0.04583215096204178,-0.13224164312617695,0.04583215096204178
paired_sensitivities,LLA,Llivia,daily,linear_5_20_50,mean,regulated_pm_two,59,2.4670574720635075,0.16582059806042726,-0.13224164312617695,0.03357895493425032,-0.13224164312617695,0.03357895493425032
paired_sensitivities,LLA,Llivia,daily,hold_20,end,regulated_hg_one,59,2.454852931794671,0.17409004841604586,-0.13601694915254234,0.038073099263503475,-0.13601694915254234,0.038073099263503475
paired_sensitivities,LLA,Llivia,daily,hold_20,end,regulated_hg_two,59,2.499911862854031,0.16399541697701367,-0.13601694915254234,0.02797846782447126,-0.13601694915254234,0.02797846782447126
paired_sensitivities,LLA,Llivia,daily,hold_20,end,regulated_pm_one,59,2.423263149655373,0.18184910011458413,-0.13601694915254234,0.04583215096204178,-0.13601694915254234,0.04583215096204178
paired_sensitivities,LLA,Llivia,daily,hold_20,end,regulated_pm_two,59,2.4622628820898793,0.16959590408679262,-0.13601694915254234,0.03357895493425032,-0.13601694915254234,0.03357895493425032
paired_sensitivities,LLA,Llivia,daily,hold_20,mean,regulated_hg_one,59,2.458648003505164,0.1864752885290402,-0.1484021892655367,0.038073099263503475,-0.1484021892655367,0.038073099263503475
paired_sensitivities,LLA,Llivia,daily,hold_20,mean,regulated_hg_two,59,2.522390124995983,0.17638065709000797,-0.1484021892655367,0.02797846782447126,-0.1484021892655367,0.02797846782447126
paired_sensitivities,LLA,Llivia,daily,hold_20,mean,regulated_pm_one,59,2.4221486512090724,0.19423434022757846,-0.1484021892655367,0.04583215096204178,-0.1484021892655367,0.04583215096204178
paired_sensitivities,LLA,Llivia,daily,hold_20,mean,regulated_pm_two,59,2.4729896754533383,0.18198114419978698,-0.1484021892655367,0.03357895493425032,-0.1484021892655367,0.03357895493425032
paired_sensitivities,LLA,Llivia,daily,blocks_10_20,end,regulated_hg_one,59,2.4656822803942218,0.18044598061943573,-0.14237288135593223,0.038073099263503475,-0.14237288135593223,0.038073099263503475
paired_sensitivities,LLA,Llivia,daily,blocks_10_20,end,regulated_hg_two,59,2.5112241953498584,0.17035134918040357,-0.14237288135593223,0.02797846782447126,-0.14237288135593223,0.02797846782447126
paired_sensitivities,LLA,Llivia,daily,blocks_10_20,end,regulated_pm_one,59,2.4366607535934808,0.18820503231797403,-0.14237288135593223,0.04583215096204178,-0.14237288135593223,0.04583215096204178
paired_sensitivities,LLA,Llivia,daily,blocks_10_20,end,regulated_pm_two,59,2.4749096429501667,0.17595183629018252,-0.14237288135593223,0.03357895493425032,-0.14237288135593223,0.03357895493425032
paired_sensitivities,LLA,Llivia,daily,blocks_10_20,mean,regulated_hg_one,59,2.3879294300588363,0.19266349474372943,-0.15459039548022593,0.038073099263503475,-0.15459039548022593,0.038073099263503475
paired_sensitivities,LLA,Llivia,daily,blocks_10_20,mean,regulated_hg_two,59,2.4516715515496554,0.1825688633046972,-0.15459039548022593,0.02797846782447126,-0.15459039548022593,0.02797846782447126
paired_sensitivities,LLA,Llivia,daily,blocks_10_20,mean,regulated_pm_one,59,2.351430077762745,0.2004225464422677,-0.15459039548022593,0.04583215096204178,-0.15459039548022593,0.04583215096204178
paired_sensitivities,LLA,Llivia,daily,blocks_10_20,mean,regulated_pm_two,59,2.401605715974642,0.18816935041447622,-0.15459039548022593,0.03357895493425032,-0.15459039548022593,0.03357895493425032
paired_sensitivities,LLA,Llivia,recharge_next,linear_5_20_50,end,regulated_hg_one,5,4.174526942763996,-1.893376793922494,5.4733333333333345,3.579956539410841,2.6516666666666673,1.726619121464825
paired_sensitivities,LLA,Llivia,recharge_next,linear_5_20_50,end,regulated_hg_two,5,4.2554170178910535,-2.094055267736588,5.4733333333333345,3.379278065596747,2.6516666666666673,1.6379835351106755
paired_sensitivities,LLA,Llivia,recharge_next,linear_5_20_50,end,regulated_pm_one,5,4.258264975641617,-1.5800143441851011,5.4733333333333345,3.893318989148234,2.6516666666666673,1.8661907424852757
paired_sensitivities,LLA,Llivia,recharge_next,linear_5_20_50,end,regulated_pm_two,5,4.295298631728662,-1.7033811493906983,5.4733333333333345,3.7699521839426366,2.6516666666666673,1.810618972280973
paired_sensitivities,LLA,Llivia,recharge_next,linear_5_20_50,mean,regulated_hg_one,5,5.016085530948364,-2.669140682811384,6.249097222222225,3.579956539410841,3.0294270833333345,1.726619121464825
paired_sensitivities,LLA,Llivia,recharge_next,linear_5_20_50,mean,regulated_hg_two,5,5.1411345402343835,-2.8698191566254785,6.249097222222225,3.379278065596747,3.0294270833333345,1.6379835351106755
paired_sensitivities,LLA,Llivia,recharge_next,linear_5_20_50,mean,regulated_pm_one,5,4.704580736683503,-2.3557782330739916,6.249097222222225,3.893318989148234,3.0294270833333345,1.8661907424852757
paired_sensitivities,LLA,Llivia,recharge_next,linear_5_20_50,mean,regulated_pm_two,5,4.78558042011765,-2.479145038279589,6.249097222222225,3.7699521839426366,3.0294270833333345,1.810618972280973
paired_sensitivities,LLA,Llivia,recharge_next,hold_20,end,regulated_hg_one,5,4.357860276097327,-1.7900434605891586,5.369999999999999,3.579956539410841,2.5966666666666667,1.726619121464825
paired_sensitivities,LLA,Llivia,recharge_next,hold_20,end,regulated_hg_two,5,4.438750351224384,-1.9907219344032527,5.369999999999999,3.379278065596747,2.5966666666666667,1.6379835351106755
paired_sensitivities,LLA,Llivia,recharge_next,hold_20,end,regulated_pm_one,5,4.441598308974948,-1.4766810108517658,5.369999999999999,3.893318989148234,2.5966666666666667,1.8661907424852757
paired_sensitivities,LLA,Llivia,recharge_next,hold_20,end,regulated_pm_two,5,4.478631965061993,-1.600047816057363,5.369999999999999,3.7699521839426366,2.5966666666666667,1.810618972280973
paired_sensitivities,LLA,Llivia,recharge_next,hold_20,mean,regulated_hg_one,5,4.88414108650392,-2.4806684605891625,6.0606250000000035,3.579956539410841,2.9317187500000017,1.726619121464825
paired_sensitivities,LLA,Llivia,recharge_next,hold_20,mean,regulated_hg_two,5,5.00919009578994,-2.6813469344032566,6.0606250000000035,3.379278065596747,2.9317187500000017,1.6379835351106755
paired_sensitivities,LLA,Llivia,recharge_next,hold_20,mean,regulated_pm_one,5,4.57263629223906,-2.16730601085177,6.0606250000000035,3.893318989148234,2.9317187500000017,1.8661907424852757
paired_sensitivities,LLA,Llivia,recharge_next,hold_20,mean,regulated_pm_two,5,4.653635975673207,-2.2906728160573677,6.0606250000000035,3.7699521839426366,2.9317187500000017,1.810618972280973
paired_sensitivities,LLA,Llivia,recharge_next,blocks_10_20,end,regulated_hg_one,5,4.117860276097328,-1.4600434605891632,5.0400000000000045,3.579956539410841,2.4533333333333354,1.726619121464825
paired_sensitivities,LLA,Llivia,recharge_next,blocks_10_20,end,regulated_hg_two,5,4.198750351224387,-1.6607219344032573,5.0400000000000045,3.379278065596747,2.4533333333333354,1.6379835351106755
paired_sensitivities,LLA,Llivia,recharge_next,blocks_10_20,end,regulated_pm_one,5,4.36722333404104,-1.1466810108517704,5.0400000000000045,3.893318989148234,2.4533333333333354,1.8661907424852757
paired_sensitivities,LLA,Llivia,recharge_next,blocks_10_20,end,regulated_pm_two,5,4.330917401346135,-1.2700478160573676,5.0400000000000045,3.7699521839426366,2.4533333333333354,1.810618972280973
paired_sensitivities,LLA,Llivia,recharge_next,blocks_10_20,mean,regulated_hg_one,5,4.582057753170589,-2.0887934605891614,5.668750000000002,3.579956539410841,2.765000000000001,1.726619121464825
paired_sensitivities,LLA,Llivia,recharge_next,blocks_10_20,mean,regulated_hg_two,5,4.7071067624566085,-2.2894719344032555,5.668750000000002,3.379278065596747,2.765000000000001,1.6379835351106755
paired_sensitivities,LLA,Llivia,recharge_next,blocks_10_20,mean,regulated_pm_one,5,4.403677983971822,-1.7754310108517684,5.668750000000002,3.893318989148234,2.765000000000001,1.8661907424852757
paired_sensitivities,LLA,Llivia,recharge_next,blocks_10_20,mean,regulated_pm_two,5,4.41133807862402,-1.8987978160573655,5.668750000000002,3.7699521839426366,2.765000000000001,1.810618972280973
paired_sensitivities,LLA,Llivia,recharge_day3,linear_5_20_50,end,regulated_hg_one,5,4.303844269204077,-0.03070450246075156,0.8599999999999988,0.8292954975392471,0.25258333333333305,0.2322997796303304
paired_sensitivities,LLA,Llivia,recharge_day3,linear_5_20_50,end,regulated_hg_two,5,4.261358069298796,-0.20441188786936176,0.8599999999999988,0.6555881121306368,0.25258333333333305,0.19214592234467878
paired_sensitivities,LLA,Llivia,recharge_day3,linear_5_20_50,end,regulated_pm_one,5,4.680063588783366,0.266060903639632,0.8599999999999988,1.1260609036396307,0.25258333333333305,0.30278327682463413
paired_sensitivities,LLA,Llivia,recharge_day3,linear_5_20_50,end,regulated_pm_two,5,4.653186525450652,0.11144327485188565,0.8599999999999988,0.9714432748518845,0.25258333333333305,0.26735889373623556
paired_sensitivities,LLA,Llivia,recharge_day3,linear_5_20_50,mean,regulated_hg_one,5,4.527212324759632,0.005371886428134598,0.8239236111111126,0.8292954975392471,0.24101215277777813,0.2322997796303304
paired_sensitivities,LLA,Llivia,recharge_day3,linear_5_20_50,mean,regulated_hg_two,5,4.484726124854352,-0.1683354989804756,0.8239236111111126,0.6555881121306368,0.24101215277777813,0.19214592234467878
paired_sensitivities,LLA,Llivia,recharge_day3,linear_5_20_50,mean,regulated_pm_one,5,4.903431644338922,0.3021372925285181,0.8239236111111126,1.1260609036396307,0.24101215277777813,0.30278327682463413
paired_sensitivities,LLA,Llivia,recharge_day3,linear_5_20_50,mean,regulated_pm_two,5,4.876554581006208,0.1475196637407718,0.8239236111111126,0.9714432748518845,0.24101215277777813,0.26735889373623556
paired_sensitivities,LLA,Llivia,recharge_day3,hold_20,end,regulated_hg_one,5,4.5471776025374115,0.11929549753924702,0.7100000000000002,0.8292954975392471,0.2152500000000001,0.2322997796303304
paired_sensitivities,LLA,Llivia,recharge_day3,hold_20,end,regulated_hg_two,5,4.504691402632131,-0.05441188786936317,0.7100000000000002,0.6555881121306368,0.2152500000000001,0.19214592234467878
paired_sensitivities,LLA,Llivia,recharge_day3,hold_20,end,regulated_pm_one,5,4.9233969221167015,0.41606090363963055,0.7100000000000002,1.1260609036396307,0.2152500000000001,0.30278327682463413
paired_sensitivities,LLA,Llivia,recharge_day3,hold_20,end,regulated_pm_two,5,4.896519858783987,0.26144327485188423,0.7100000000000002,0.9714432748518845,0.2152500000000001,0.26735889373623556
paired_sensitivities,LLA,Llivia,recharge_day3,hold_20,mean,regulated_hg_one,5,4.752281769204078,0.14002466420591048,0.6892708333333367,0.8292954975392471,0.20714062500000072,0.2322997796303304
paired_sensitivities,LLA,Llivia,recharge_day3,hold_20,mean,regulated_hg_two,5,4.709795569298797,-0.03368272120269973,0.6892708333333367,0.6555881121306368,0.20714062500000072,0.19214592234467878
paired_sensitivities,LLA,Llivia,recharge_day3,hold_20,mean,regulated_pm_one,5,5.128501088783367,0.436790070306294,0.6892708333333367,1.1260609036396307,0.20714062500000072,0.30278327682463413
paired_sensitivities,LLA,Llivia,recharge_day3,hold_20,mean,regulated_pm_two,5,5.101624025450653,0.2821724415185477,0.6892708333333367,0.9714432748518845,0.20714062500000072,0.26735889373623556
paired_sensitivities,LLA,Llivia,recharge_day3,blocks_10_20,end,regulated_hg_one,5,4.55717760253741,0.24929549753924746,0.5799999999999997,0.8292954975392471,0.18299999999999988,0.2322997796303304
paired_sensitivities,LLA,Llivia,recharge_day3,blocks_10_20,end,regulated_hg_two,5,4.514691402632129,0.07558811213063725,0.5799999999999997,0.6555881121306368,0.18299999999999988,0.19214592234467878
paired_sensitivities,LLA,Llivia,recharge_day3,blocks_10_20,end,regulated_pm_one,5,4.9333969221167,0.546060903639631,0.5799999999999997,1.1260609036396307,0.18299999999999988,0.30278327682463413
paired_sensitivities,LLA,Llivia,recharge_day3,blocks_10_20,end,regulated_pm_two,5,4.9065198587839856,0.3914432748518847,0.5799999999999997,0.9714432748518845,0.18299999999999988,0.26735889373623556
paired_sensitivities,LLA,Llivia,recharge_day3,blocks_10_20,mean,regulated_hg_one,5,4.775510935870747,0.29012883087258057,0.5391666666666666,0.8292954975392471,0.1705625,0.2322997796303304
paired_sensitivities,LLA,Llivia,recharge_day3,blocks_10_20,mean,regulated_hg_two,5,4.733024735965467,0.1164214454639704,0.5391666666666666,0.6555881121306368,0.1705625,0.19214592234467878
paired_sensitivities,LLA,Llivia,recharge_day3,blocks_10_20,mean,regulated_pm_one,5,5.151730255450037,0.5868942369729642,0.5391666666666666,1.1260609036396307,0.1705625,0.30278327682463413
paired_sensitivities,LLA,Llivia,recharge_day3,blocks_10_20,mean,regulated_pm_two,5,5.124853192117322,0.4322766081852178,0.5391666666666666,0.9714432748518845,0.1705625,0.26735889373623556
paired_sensitivities,LLA,Llivia,drying5,linear_5_20_50,end,regulated_hg_one,1,11.519434159573844,-11.519434159573844,16.174999999999997,4.655565840426154,3.2349999999999994,0.9311131680852307
paired_sensitivities,LLA,Llivia,drying5,linear_5_20_50,end,regulated_hg_two,1,12.537213760102711,-12.537213760102711,16.174999999999997,3.637786239897286,3.2349999999999994,0.7275572479794572
paired_sensitivities,LLA,Llivia,drying5,linear_5_20_50,end,regulated_pm_one,1,10.909530472672571,-10.909530472672571,16.174999999999997,5.265469527327425,3.2349999999999994,1.0530939054654849
paired_sensitivities,LLA,Llivia,drying5,linear_5_20_50,end,regulated_pm_two,1,11.742924658966523,-11.742924658966523,16.174999999999997,4.4320753410334754,3.2349999999999994,0.8864150682066951
paired_sensitivities,LLA,Llivia,drying5,linear_5_20_50,mean,regulated_hg_one,1,11.994781381796084,-11.994781381796084,16.650347222222237,4.655565840426154,3.3300694444444474,0.9311131680852307
paired_sensitivities,LLA,Llivia,drying5,linear_5_20_50,mean,regulated_hg_two,1,13.01256098232495,-13.01256098232495,16.650347222222237,3.637786239897286,3.3300694444444474,0.7275572479794572
paired_sensitivities,LLA,Llivia,drying5,linear_5_20_50,mean,regulated_pm_one,1,11.384877694894811,-11.384877694894811,16.650347222222237,5.265469527327425,3.3300694444444474,1.0530939054654849
paired_sensitivities,LLA,Llivia,drying5,linear_5_20_50,mean,regulated_pm_two,1,12.218271881188763,-12.218271881188763,16.650347222222237,4.4320753410334754,3.3300694444444474,0.8864150682066951
paired_sensitivities,LLA,Llivia,drying5,hold_20,end,regulated_hg_one,1,11.869434159573846,-11.869434159573846,16.525,4.655565840426154,3.3049999999999997,0.9311131680852307
paired_sensitivities,LLA,Llivia,drying5,hold_20,end,regulated_hg_two,1,12.887213760102712,-12.887213760102712,16.525,3.637786239897286,3.3049999999999997,0.7275572479794572
paired_sensitivities,LLA,Llivia,drying5,hold_20,end,regulated_pm_one,1,11.259530472672573,-11.259530472672573,16.525,5.265469527327425,3.3049999999999997,1.0530939054654849
paired_sensitivities,LLA,Llivia,drying5,hold_20,end,regulated_pm_two,1,12.092924658966524,-12.092924658966524,16.525,4.4320753410334754,3.3049999999999997,0.8864150682066951
paired_sensitivities,LLA,Llivia,drying5,hold_20,mean,regulated_hg_one,1,12.339225826240519,-12.339225826240519,16.99479166666667,4.655565840426154,3.398958333333334,0.9311131680852307
paired_sensitivities,LLA,Llivia,drying5,hold_20,mean,regulated_hg_two,1,13.357005426769385,-13.357005426769385,16.99479166666667,3.637786239897286,3.398958333333334,0.7275572479794572
paired_sensitivities,LLA,Llivia,drying5,hold_20,mean,regulated_pm_one,1,11.729322139339246,-11.729322139339246,16.99479166666667,5.265469527327425,3.398958333333334,1.0530939054654849
paired_sensitivities,LLA,Llivia,drying5,hold_20,mean,regulated_pm_two,1,12.562716325633197,-12.562716325633197,16.99479166666667,4.4320753410334754,3.398958333333334,0.8864150682066951
paired_sensitivities,LLA,Llivia,drying5,blocks_10_20,end,regulated_hg_one,1,10.844434159573847,-10.844434159573847,15.5,4.655565840426154,3.1,0.9311131680852307
paired_sensitivities,LLA,Llivia,drying5,blocks_10_20,end,regulated_hg_two,1,11.862213760102714,-11.862213760102714,15.5,3.637786239897286,3.1,0.7275572479794572
paired_sensitivities,LLA,Llivia,drying5,blocks_10_20,end,regulated_pm_one,1,10.234530472672574,-10.234530472672574,15.5,5.265469527327425,3.1,1.0530939054654849
paired_sensitivities,LLA,Llivia,drying5,blocks_10_20,end,regulated_pm_two,1,11.067924658966525,-11.067924658966525,15.5,4.4320753410334754,3.1,0.8864150682066951
paired_sensitivities,LLA,Llivia,drying5,blocks_10_20,mean,regulated_hg_one,1,11.209017492907183,-11.209017492907183,15.864583333333336,4.655565840426154,3.172916666666667,0.9311131680852307
paired_sensitivities,LLA,Llivia,drying5,blocks_10_20,mean,regulated_hg_two,1,12.22679709343605,-12.22679709343605,15.864583333333336,3.637786239897286,3.172916666666667,0.7275572479794572
paired_sensitivities,LLA,Llivia,drying5,blocks_10_20,mean,regulated_pm_one,1,10.59911380600591,-10.59911380600591,15.864583333333336,5.265469527327425,3.172916666666667,1.0530939054654849
paired_sensitivities,LLA,Llivia,drying5,blocks_10_20,mean,regulated_pm_two,1,11.432507992299861,-11.432507992299861,15.864583333333336,4.4320753410334754,3.172916666666667,0.8864150682066951
paired_sensitivities,CLLA,Clarella,daily,linear_5_20_50,end,regulated_hg_one,50,1.0689213047100952,0.06522497454993349,0.049166666666666574,0.11439164121660006,0.049166666666666574,0.11439164121660006
paired_sensitivities,CLLA,Clarella,daily,linear_5_20_50,end,regulated_hg_two,50,1.1579312754124755,0.04498360198898726,0.049166666666666574,0.09415026865565383,0.049166666666666574,0.09415026865565383
paired_sensitivities,CLLA,Clarella,daily,linear_5_20_50,end,regulated_pm_one,50,1.0591099196127713,0.07566816844469304,0.049166666666666574,0.12483483511135961,0.049166666666666574,0.12483483511135961
paired_sensitivities,CLLA,Clarella,daily,linear_5_20_50,end,regulated_pm_two,50,1.1363389420475853,0.05732831413898643,0.049166666666666574,0.106494980805653,0.049166666666666574,0.106494980805653
paired_sensitivities,CLLA,Clarella,daily,linear_5_20_50,mean,regulated_hg_one,50,2.433096153616684,0.06191941899437787,0.0524722222222222,0.11439164121660006,0.0524722222222222,0.11439164121660006
paired_sensitivities,CLLA,Clarella,daily,linear_5_20_50,mean,regulated_hg_two,50,2.4937891443393734,0.041678046433431634,0.0524722222222222,0.09415026865565383,0.0524722222222222,0.09415026865565383
paired_sensitivities,CLLA,Clarella,daily,linear_5_20_50,mean,regulated_pm_one,50,2.4199977696384196,0.07236261288913741,0.0524722222222222,0.12483483511135961,0.0524722222222222,0.12483483511135961
paired_sensitivities,CLLA,Clarella,daily,linear_5_20_50,mean,regulated_pm_two,50,2.48060733001865,0.05402275858343081,0.0524722222222222,0.106494980805653,0.0524722222222222,0.106494980805653
paired_sensitivities,CLLA,Clarella,daily,hold_20,end,regulated_hg_one,50,1.1040995338434558,0.06789164121660016,0.046499999999999916,0.11439164121660006,0.046499999999999916,0.11439164121660006
paired_sensitivities,CLLA,Clarella,daily,hold_20,end,regulated_hg_two,50,1.1858456438833214,0.047650268655653916,0.046499999999999916,0.09415026865565383,0.046499999999999916,0.09415026865565383
paired_sensitivities,CLLA,Clarella,daily,hold_20,end,regulated_pm_one,50,1.0934797735929505,0.07833483511135969,0.046499999999999916,0.12483483511135961,0.046499999999999916,0.12483483511135961
paired_sensitivities,CLLA,Clarella,daily,hold_20,end,regulated_pm_two,50,1.1662696716931293,0.05999498080565309,0.046499999999999916,0.106494980805653,0.046499999999999916,0.106494980805653
paired_sensitivities,CLLA,Clarella,daily,hold_20,mean,regulated_hg_one,50,2.4475946820700853,0.06447497454993333,0.04991666666666674,0.11439164121660006,0.04991666666666674,0.11439164121660006
paired_sensitivities,CLLA,Clarella,daily,hold_20,mean,regulated_hg_two,50,2.5233142892988107,0.04423360198898709,0.04991666666666674,0.09415026865565383,0.04991666666666674,0.09415026865565383
paired_sensitivities,CLLA,Clarella,daily,hold_20,mean,regulated_pm_one,50,2.4346337264920055,0.07491816844469286,0.04991666666666674,0.12483483511135961,0.04991666666666674,0.12483483511135961
paired_sensitivities,CLLA,Clarella,daily,hold_20,mean,regulated_pm_two,50,2.512704552240873,0.056578314138986265,0.04991666666666674,0.106494980805653,0.04991666666666674,0.106494980805653
paired_sensitivities,CLLA,Clarella,daily,blocks_10_20,end,regulated_hg_one,50,1.194224829474407,0.07839164121660012,0.03599999999999994,0.11439164121660006,0.03599999999999994,0.11439164121660006
paired_sensitivities,CLLA,Clarella,daily,blocks_10_20,end,regulated_hg_two,50,1.290902344203822,0.05815026865565389,0.03599999999999994,0.09415026865565383,0.03599999999999994,0.09415026865565383
paired_sensitivities,CLLA,Clarella,daily,blocks_10_20,end,regulated_pm_one,50,1.1786163161008387,0.08883483511135966,0.03599999999999994,0.12483483511135961,0.03599999999999994,0.12483483511135961
paired_sensitivities,CLLA,Clarella,daily,blocks_10_20,end,regulated_pm_two,50,1.2677612067320627,0.07049498080565306,0.03599999999999994,0.106494980805653,0.03599999999999994,0.106494980805653
paired_sensitivities,CLLA,Clarella,daily,blocks_10_20,mean,regulated_hg_one,50,2.465174162068654,0.07468330788326669,0.03970833333333339,0.11439164121660006,0.03970833333333339,0.11439164121660006
paired_sensitivities,CLLA,Clarella,daily,blocks_10_20,mean,regulated_hg_two,50,2.5603406178691173,0.054441935322320445,0.03970833333333339,0.09415026865565383,0.03970833333333339,0.09415026865565383
paired_sensitivities,CLLA,Clarella,daily,blocks_10_20,mean,regulated_pm_one,50,2.4516324578635644,0.08512650177802622,0.03970833333333339,0.12483483511135961,0.03970833333333339,0.12483483511135961
paired_sensitivities,CLLA,Clarella,daily,blocks_10_20,mean,regulated_pm_two,50,2.552455097478542,0.06678664747231962,0.03970833333333339,0.106494980805653,0.03970833333333339,0.106494980805653
paired_sensitivities,CLLA,Clarella,recharge_next,linear_5_20_50,end,regulated_hg_one,2,11.878579214313199,-3.463757589591153,28.141666666666662,24.67790907707551,5.677083333333333,6.246555059123409
paired_sensitivities,CLLA,Clarella,recharge_next,linear_5_20_50,end,regulated_hg_two,2,10.895976868226574,-3.4887728847381054,28.141666666666662,24.652893781928558,5.677083333333333,6.090409353908982
paired_sensitivities,CLLA,Clarella,recharge_next,linear_5_20_50,end,regulated_pm_one,2,11.701893620982467,-3.1957547206145103,28.141666666666662,24.945911946052153,5.677083333333333,6.313853224265625
paired_sensitivities,CLLA,Clarella,recharge_next,linear_5_20_50,end,regulated_pm_two,2,10.778645184487624,-3.220357048712144,28.141666666666662,24.921309617954517,5.677083333333333,6.166755143957226
paired_sensitivities,CLLA,Clarella,recharge_next,linear_5_20_50,mean,regulated_hg_one,2,12.553666019868768,-3.7791221729244997,28.457031250000007,24.67790907707551,5.686197916666669,6.246555059123409
paired_sensitivities,CLLA,Clarella,recharge_next,linear_5_20_50,mean,regulated_hg_two,2,11.571063673782142,-3.804137468071452,28.457031250000007,24.652893781928558,5.686197916666669,6.090409353908982
paired_sensitivities,CLLA,Clarella,recharge_next,linear_5_20_50,mean,regulated_pm_one,2,12.376980426538033,-3.511119303947857,28.457031250000007,24.945911946052153,5.686197916666669,6.313853224265625
paired_sensitivities,CLLA,Clarella,recharge_next,linear_5_20_50,mean,regulated_pm_two,2,11.453731990043192,-3.5357216320454907,28.457031250000007,24.921309617954517,5.686197916666669,6.166755143957226
paired_sensitivities,CLLA,Clarella,recharge_next,hold_20,end,regulated_hg_one,2,12.336912547646534,-3.9220909229244887,28.599999999999998,24.67790907707551,5.76875,6.246555059123409
paired_sensitivities,CLLA,Clarella,recharge_next,hold_20,end,regulated_hg_two,2,11.35431020155991,-3.947106218071441,28.599999999999998,24.652893781928558,5.76875,6.090409353908982
paired_sensitivities,CLLA,Clarella,recharge_next,hold_20,end,regulated_pm_one,2,12.160226954315803,-3.654088053947846,28.599999999999998,24.945911946052153,5.76875,6.313853224265625
paired_sensitivities,CLLA,Clarella,recharge_next,hold_20,end,regulated_pm_two,2,11.23697851782096,-3.6786903820454797,28.599999999999998,24.921309617954517,5.76875,6.166755143957226
paired_sensitivities,CLLA,Clarella,recharge_next,hold_20,mean,regulated_hg_one,2,13.05644379764654,-4.281205506257824,28.95911458333333,24.67790907707551,5.786510416666666,6.246555059123409
paired_sensitivities,CLLA,Clarella,recharge_next,hold_20,mean,regulated_hg_two,2,12.073841451559915,-4.306220801404777,28.95911458333333,24.652893781928558,5.786510416666666,6.090409353908982
paired_sensitivities,CLLA,Clarella,recharge_next,hold_20,mean,regulated_pm_one,2,12.879758204315806,-4.013202637281181,28.95911458333333,24.945911946052153,5.786510416666666,6.313853224265625
paired_sensitivities,CLLA,Clarella,recharge_next,hold_20,mean,regulated_pm_two,2,11.956509767820965,-4.037804965378815,28.95911458333333,24.921309617954517,5.786510416666666,6.166755143957226
paired_sensitivities,CLLA,Clarella,recharge_next,blocks_10_20,end,regulated_hg_one,2,13.311912547646532,-4.7720909229244866,29.449999999999996,24.67790907707551,5.92,6.246555059123409
paired_sensitivities,CLLA,Clarella,recharge_next,blocks_10_20,end,regulated_hg_two,2,12.329310201559908,-4.797106218071439,29.449999999999996,24.652893781928558,5.92,6.090409353908982
paired_sensitivities,CLLA,Clarella,recharge_next,blocks_10_20,end,regulated_pm_one,2,13.135226954315801,-4.504088053947844,29.449999999999996,24.945911946052153,5.92,6.313853224265625
paired_sensitivities,CLLA,Clarella,recharge_next,blocks_10_20,end,regulated_pm_two,2,12.211978517820958,-4.528690382045477,29.449999999999996,24.921309617954517,5.92,6.166755143957226
paired_sensitivities,CLLA,Clarella,recharge_next,blocks_10_20,mean,regulated_hg_one,2,14.133787547646534,-5.266882589591154,29.944791666666664,24.67790907707551,5.969895833333333,6.246555059123409
paired_sensitivities,CLLA,Clarella,recharge_next,blocks_10_20,mean,regulated_hg_two,2,13.15118520155991,-5.291897884738107,29.944791666666664,24.652893781928558,5.969895833333333,6.090409353908982
paired_sensitivities,CLLA,Clarella,recharge_next,blocks_10_20,mean,regulated_pm_one,2,13.957101954315803,-4.998879720614512,29.944791666666664,24.945911946052153,5.969895833333333,6.313853224265625
paired_sensitivities,CLLA,Clarella,recharge_next,blocks_10_20,mean,regulated_pm_two,2,13.03385351782096,-5.023482048712145,29.944791666666664,24.921309617954517,5.969895833333333,6.166755143957226
paired_sensitivities,CLLA,Clarella,recharge_day3,linear_5_20_50,end,regulated_hg_one,2,11.512129318589437,-5.634454932890137,24.37083333333333,18.736378400443193,3.519940476190476,3.029893756440061
paired_sensitivities,CLLA,Clarella,recharge_day3,linear_5_20_50,end,regulated_hg_two,2,9.377694220802946,-5.430711440503499,24.37083333333333,18.940121892829833,3.519940476190476,2.955570062206018
paired_sensitivities,CLLA,Clarella,recharge_day3,linear_5_20_50,end,regulated_pm_one,2,11.418383779931093,-5.290988110410522,24.37083333333333,19.07984522292281,3.519940476190476,3.0923383712847174
paired_sensitivities,CLLA,Clarella,recharge_day3,linear_5_20_50,end,regulated_pm_two,2,9.39008684484683,-5.094889107609472,24.37083333333333,19.275944225723862,3.519940476190476,3.0221990538839814
paired_sensitivities,CLLA,Clarella,recharge_day3,linear_5_20_50,mean,regulated_hg_one,2,12.77966404081166,-6.554072988445697,25.29045138888889,18.736378400443193,3.632676091269842,3.029893756440061
paired_sensitivities,CLLA,Clarella,recharge_day3,linear_5_20_50,mean,regulated_hg_two,2,10.645228943025169,-6.350329496059059,25.29045138888889,18.940121892829833,3.632676091269842,2.955570062206018
paired_sensitivities,CLLA,Clarella,recharge_day3,linear_5_20_50,mean,regulated_pm_one,2,12.685918502153315,-6.210606165966082,25.29045138888889,19.07984522292281,3.632676091269842,3.0923383712847174
paired_sensitivities,CLLA,Clarella,recharge_day3,linear_5_20_50,mean,regulated_pm_two,2,10.657621567069054,-6.014507163165032,25.29045138888889,19.275944225723862,3.632676091269842,3.0221990538839814
paired_sensitivities,CLLA,Clarella,recharge_day3,hold_20,end,regulated_hg_one,2,11.72046265192277,-5.876121599556806,24.6125,18.736378400443193,3.55625,3.029893756440061
paired_sensitivities,CLLA,Clarella,recharge_day3,hold_20,end,regulated_hg_two,2,9.58602755413628,-5.672378107170168,24.6125,18.940121892829833,3.55625,2.955570062206018
paired_sensitivities,CLLA,Clarella,recharge_day3,hold_20,end,regulated_pm_one,2,11.626717113264426,-5.532654777077191,24.6125,19.07984522292281,3.55625,3.0923383712847174
paired_sensitivities,CLLA,Clarella,recharge_day3,hold_20,end,regulated_pm_two,2,9.598420178180165,-5.336555774276141,24.6125,19.275944225723862,3.55625,3.0221990538839814
paired_sensitivities,CLLA,Clarella,recharge_day3,hold_20,mean,regulated_hg_one,2,13.051712651922767,-6.849038266223471,25.585416666666667,18.736378400443193,3.6760416666666664,3.029893756440061
paired_sensitivities,CLLA,Clarella,recharge_day3,hold_20,mean,regulated_hg_two,2,10.917277554136275,-6.645294773836833,25.585416666666667,18.940121892829833,3.6760416666666664,2.955570062206018
paired_sensitivities,CLLA,Clarella,recharge_day3,hold_20,mean,regulated_pm_one,2,12.957967113264422,-6.505571443743856,25.585416666666667,19.07984522292281,3.6760416666666664,3.0923383712847174
paired_sensitivities,CLLA,Clarella,recharge_day3,hold_20,mean,regulated_pm_two,2,10.92967017818016,-6.309472440942805,25.585416666666667,19.275944225723862,3.6760416666666664,3.0221990538839814
paired_sensitivities,CLLA,Clarella,recharge_day3,blocks_10_20,end,regulated_hg_one,2,12.257962651922771,-6.263621599556809,25.000000000000004,18.736378400443193,3.603571428571429,3.029893756440061
paired_sensitivities,CLLA,Clarella,recharge_day3,blocks_10_20,end,regulated_hg_two,2,10.123527554136281,-6.059878107170171,25.000000000000004,18.940121892829833,3.603571428571429,2.955570062206018
paired_sensitivities,CLLA,Clarella,recharge_day3,blocks_10_20,end,regulated_pm_one,2,12.164217113264428,-5.920154777077194,25.000000000000004,19.07984522292281,3.603571428571429,3.0923383712847174
paired_sensitivities,CLLA,Clarella,recharge_day3,blocks_10_20,end,regulated_pm_two,2,10.135920178180166,-5.7240557742761435,25.000000000000004,19.275944225723862,3.603571428571429,3.0221990538839814
paired_sensitivities,CLLA,Clarella,recharge_day3,blocks_10_20,mean,regulated_hg_one,2,13.667337651922768,-7.325079932890138,26.061458333333334,18.736378400443193,3.7365699404761905,3.029893756440061
paired_sensitivities,CLLA,Clarella,recharge_day3,blocks_10_20,mean,regulated_hg_two,2,11.532902554136276,-7.1213364405035,26.061458333333334,18.940121892829833,3.7365699404761905,2.955570062206018
paired_sensitivities,CLLA,Clarella,recharge_day3,blocks_10_20,mean,regulated_pm_one,2,13.573592113264423,-6.981613110410523,26.061458333333334,19.07984522292281,3.7365699404761905,3.0923383712847174
paired_sensitivities,CLLA,Clarella,recharge_day3,blocks_10_20,mean,regulated_pm_two,2,11.545295178180162,-6.7855141076094725,26.061458333333334,19.275944225723862,3.7365699404761905,3.0221990538839814
paired_sensitivities,CLLP,Cantallops,daily,linear_5_20_50,end,regulated_hg_one,59,0.748619231275443,0.2030693754989938,-0.1076271186440677,0.09544225685492609,-0.1076271186440677,0.09544225685492609
paired_sensitivities,CLLP,Cantallops,daily,linear_5_20_50,end,regulated_hg_two,59,0.7354378448718135,0.1640310049158193,-0.1076271186440677,0.05640388627175157,-0.1076271186440677,0.05640388627175157
paired_sensitivities,CLLP,Cantallops,daily,linear_5_20_50,end,regulated_pm_one,59,0.7428112801429828,0.18921100849721256,-0.1076271186440677,0.08158388985314488,-0.1076271186440677,0.08158388985314488
paired_sensitivities,CLLP,Cantallops,daily,linear_5_20_50,end,regulated_pm_two,59,0.7198009613155103,0.1525737016363797,-0.1076271186440677,0.044946582992312,-0.1076271186440677,0.044946582992312
paired_sensitivities,CLLP,Cantallops,daily,linear_5_20_50,mean,regulated_hg_one,59,0.6860622500732807,0.2034165977212161,-0.10797434086628999,0.09544225685492609,-0.10797434086628999,0.09544225685492609
paired_sensitivities,CLLP,Cantallops,daily,linear_5_20_50,mean,regulated_hg_two,59,0.6694128279526333,0.16437822713804157,-0.10797434086628999,0.05640388627175157,-0.10797434086628999,0.05640388627175157
paired_sensitivities,CLLP,Cantallops,daily,linear_5_20_50,mean,regulated_pm_one,59,0.6808785436803985,0.18955823071943487,-0.10797434086628999,0.08158388985314488,-0.10797434086628999,0.08158388985314488
paired_sensitivities,CLLP,Cantallops,daily,linear_5_20_50,mean,regulated_pm_two,59,0.6547745243530357,0.15292092385860198,-0.10797434086628999,0.044946582992312,-0.10797434086628999,0.044946582992312
paired_sensitivities,CLLP,Cantallops,daily,hold_20,end,regulated_hg_one,59,0.7548838082048063,0.19883208736340063,-0.10338983050847454,0.09544225685492609,-0.10338983050847454,0.09544225685492609
paired_sensitivities,CLLP,Cantallops,daily,hold_20,end,regulated_hg_two,59,0.7412982823275214,0.15979371678022614,-0.10338983050847454,0.05640388627175157,-0.10338983050847454,0.05640388627175157
paired_sensitivities,CLLP,Cantallops,daily,hold_20,end,regulated_pm_one,59,0.7493084552842255,0.1849737203616194,-0.10338983050847454,0.08158388985314488,-0.10338983050847454,0.08158388985314488
paired_sensitivities,CLLP,Cantallops,daily,hold_20,end,regulated_pm_two,59,0.725733164705341,0.14833641350078655,-0.10338983050847454,0.044946582992312,-0.10338983050847454,0.044946582992312
paired_sensitivities,CLLP,Cantallops,daily,hold_20,mean,regulated_hg_one,59,0.68896361542168,0.19922050544249675,-0.10377824858757065,0.09544225685492609,-0.10377824858757065,0.09544225685492609
paired_sensitivities,CLLP,Cantallops,daily,hold_20,mean,regulated_hg_two,59,0.6715040458364235,0.16018213485932226,-0.10377824858757065,0.05640388627175157,-0.10377824858757065,0.05640388627175157
paired_sensitivities,CLLP,Cantallops,daily,hold_20,mean,regulated_pm_one,59,0.6837799090287978,0.18536213844071553,-0.10377824858757065,0.08158388985314488,-0.10377824858757065,0.08158388985314488
paired_sensitivities,CLLP,Cantallops,daily,hold_20,mean,regulated_pm_two,59,0.6566980380212816,0.14872483157988267,-0.10377824858757065,0.044946582992312,-0.10377824858757065,0.044946582992312
paired_sensitivities,CLLP,Cantallops,daily,blocks_10_20,end,regulated_hg_one,59,0.7524136642851019,0.2005270026176379,-0.10508474576271179,0.09544225685492609,-0.10508474576271179,0.09544225685492609
paired_sensitivities,CLLP,Cantallops,daily,blocks_10_20,end,regulated_hg_two,59,0.740749550418007,0.16148863203446337,-0.10508474576271179,0.05640388627175157,-0.10508474576271179,0.05640388627175157
paired_sensitivities,CLLP,Cantallops,daily,blocks_10_20,end,regulated_pm_one,59,0.7468374906460858,0.18666863561585667,-0.10508474576271179,0.08158388985314488,-0.10508474576271179,0.08158388985314488
paired_sensitivities,CLLP,Cantallops,daily,blocks_10_20,end,regulated_pm_two,59,0.7249922241787452,0.1500313287550238,-0.10508474576271179,0.044946582992312,-0.10508474576271179,0.044946582992312
paired_sensitivities,CLLP,Cantallops,daily,blocks_10_20,mean,regulated_hg_one,59,0.6861387566646181,0.2009860421656605,-0.1055437853107344,0.09544225685492609,-0.1055437853107344,0.09544225685492609
paired_sensitivities,CLLP,Cantallops,daily,blocks_10_20,mean,regulated_hg_two,59,0.6692618141980058,0.161947671582486,-0.1055437853107344,0.05640388627175157,-0.1055437853107344,0.05640388627175157
paired_sensitivities,CLLP,Cantallops,daily,blocks_10_20,mean,regulated_pm_one,59,0.6809550502717359,0.18712767516387926,-0.1055437853107344,0.08158388985314488,-0.1055437853107344,0.08158388985314488
paired_sensitivities,CLLP,Cantallops,daily,blocks_10_20,mean,regulated_pm_two,59,0.6544381510156321,0.1504903683030464,-0.1055437853107344,0.044946582992312,-0.1055437853107344,0.044946582992312
paired_sensitivities,CLLP,Cantallops,recharge_next,linear_5_20_50,end,regulated_hg_one,4,4.291279298278291,4.291279298278291,-0.5729166666666652,3.7183626316116256,-0.254166666666666,1.657807885651458
paired_sensitivities,CLLP,Cantallops,recharge_next,linear_5_20_50,end,regulated_hg_two,4,3.7043906589589772,3.7043906589589772,-0.5729166666666652,3.1314739922923116,-0.254166666666666,1.40757336829448
paired_sensitivities,CLLP,Cantallops,recharge_next,linear_5_20_50,end,regulated_pm_one,4,4.147017641265396,4.147017641265396,-0.5729166666666652,3.574100974598731,-0.254166666666666,1.587861443917419
paired_sensitivities,CLLP,Cantallops,recharge_next,linear_5_20_50,end,regulated_pm_two,4,3.508356847119584,3.508356847119584,-0.5729166666666652,2.9354401804529187,-0.254166666666666,1.3123858039861687
paired_sensitivities,CLLP,Cantallops,recharge_next,linear_5_20_50,mean,regulated_hg_one,4,4.282208117722734,4.282208117722734,-0.5638454861111075,3.7183626316116256,-0.24856047453703561,1.657807885651458
paired_sensitivities,CLLP,Cantallops,recharge_next,linear_5_20_50,mean,regulated_hg_two,4,3.6953194784034196,3.6953194784034196,-0.5638454861111075,3.1314739922923116,-0.24856047453703561,1.40757336829448
paired_sensitivities,CLLP,Cantallops,recharge_next,linear_5_20_50,mean,regulated_pm_one,4,4.137946460709839,4.137946460709839,-0.5638454861111075,3.574100974598731,-0.24856047453703561,1.587861443917419
paired_sensitivities,CLLP,Cantallops,recharge_next,linear_5_20_50,mean,regulated_pm_two,4,3.499285666564026,3.499285666564026,-0.5638454861111075,2.9354401804529187,-0.24856047453703561,1.3123858039861687
paired_sensitivities,CLLP,Cantallops,recharge_next,hold_20,end,regulated_hg_one,4,4.287112631611627,4.287112631611627,-0.5687500000000005,3.7183626316116256,-0.25208333333333366,1.657807885651458
paired_sensitivities,CLLP,Cantallops,recharge_next,hold_20,end,regulated_hg_two,4,3.7002239922923126,3.7002239922923126,-0.5687500000000005,3.1314739922923116,-0.25208333333333366,1.40757336829448
paired_sensitivities,CLLP,Cantallops,recharge_next,hold_20,end,regulated_pm_one,4,4.142850974598732,4.142850974598732,-0.5687500000000005,3.574100974598731,-0.25208333333333366,1.587861443917419
paired_sensitivities,CLLP,Cantallops,recharge_next,hold_20,end,regulated_pm_two,4,3.504190180452919,3.504190180452919,-0.5687500000000005,2.9354401804529187,-0.25208333333333366,1.3123858039861687
paired_sensitivities,CLLP,Cantallops,recharge_next,hold_20,mean,regulated_hg_one,4,4.28463867327829,4.28463867327829,-0.5662760416666641,3.7183626316116256,-0.2498914930555543,1.657807885651458
paired_sensitivities,CLLP,Cantallops,recharge_next,hold_20,mean,regulated_hg_two,4,3.697750033958976,3.697750033958976,-0.5662760416666641,3.1314739922923116,-0.2498914930555543,1.40757336829448
paired_sensitivities,CLLP,Cantallops,recharge_next,hold_20,mean,regulated_pm_one,4,4.140377016265395,4.140377016265395,-0.5662760416666641,3.574100974598731,-0.2498914930555543,1.587861443917419
paired_sensitivities,CLLP,Cantallops,recharge_next,hold_20,mean,regulated_pm_two,4,3.5017162221195828,3.5017162221195828,-0.5662760416666641,2.9354401804529187,-0.2498914930555543,1.3123858039861687
paired_sensitivities,CLLP,Cantallops,recharge_next,blocks_10_20,end,regulated_hg_one,4,4.293362631611625,4.293362631611625,-0.5749999999999993,3.7183626316116256,-0.25416666666666643,1.657807885651458
paired_sensitivities,CLLP,Cantallops,recharge_next,blocks_10_20,end,regulated_hg_two,4,3.7064739922923113,3.7064739922923113,-0.5749999999999993,3.1314739922923116,-0.25416666666666643,1.40757336829448
paired_sensitivities,CLLP,Cantallops,recharge_next,blocks_10_20,end,regulated_pm_one,4,4.14910097459873,4.14910097459873,-0.5749999999999993,3.574100974598731,-0.25416666666666643,1.587861443917419
paired_sensitivities,CLLP,Cantallops,recharge_next,blocks_10_20,end,regulated_pm_two,4,3.510440180452918,3.510440180452918,-0.5749999999999993,2.9354401804529187,-0.25416666666666643,1.3123858039861687
paired_sensitivities,CLLP,Cantallops,recharge_next,blocks_10_20,mean,regulated_hg_one,4,4.284508464944959,4.284508464944959,-0.5661458333333327,3.7183626316116256,-0.2488715277777775,1.657807885651458
paired_sensitivities,CLLP,Cantallops,recharge_next,blocks_10_20,mean,regulated_hg_two,4,3.6976198256256447,3.6976198256256447,-0.5661458333333327,3.1314739922923116,-0.2488715277777775,1.40757336829448
paired_sensitivities,CLLP,Cantallops,recharge_next,blocks_10_20,mean,regulated_pm_one,4,4.140246807932064,4.140246807932064,-0.5661458333333327,3.574100974598731,-0.2488715277777775,1.587861443917419
paired_sensitivities,CLLP,Cantallops,recharge_next,blocks_10_20,mean,regulated_pm_two,4,3.5015860137862513,3.5015860137862513,-0.5661458333333327,2.9354401804529187,-0.2488715277777775,1.3123858039861687
paired_sensitivities,CLLP,Cantallops,recharge_day3,linear_5_20_50,end,regulated_hg_one,4,3.024063168555072,3.024063168555072,-0.5541666666666663,2.469896501888406,-0.12666666666666657,0.5739242647949587
paired_sensitivities,CLLP,Cantallops,recharge_day3,linear_5_20_50,end,regulated_hg_two,4,2.3413710680468984,2.23443506608217,-0.5541666666666663,1.6802683994155037,-0.12666666666666657,0.3925845272811669
paired_sensitivities,CLLP,Cantallops,recharge_day3,linear_5_20_50,end,regulated_pm_one,4,2.8809958493250947,2.8809958493250947,-0.5541666666666663,2.3268291826584284,-0.12666666666666657,0.5371466988971589
paired_sensitivities,CLLP,Cantallops,recharge_day3,linear_5_20_50,end,regulated_pm_two,4,2.1689120163877234,2.0723471635165605,-0.5541666666666663,1.5181804968498942,-0.12666666666666657,0.350976209104205
paired_sensitivities,CLLP,Cantallops,recharge_day3,linear_5_20_50,mean,regulated_hg_one,4,3.105920807443959,3.105920807443959,-0.6360243055555532,2.469896501888406,-0.1473480902777772,0.5739242647949587
paired_sensitivities,CLLP,Cantallops,recharge_day3,linear_5_20_50,mean,regulated_hg_two,4,2.354912734713566,2.316292704971057,-0.6360243055555532,1.6802683994155037,-0.1473480902777772,0.3925845272811669
paired_sensitivities,CLLP,Cantallops,recharge_day3,linear_5_20_50,mean,regulated_pm_one,4,2.9628534882139816,2.9628534882139816,-0.6360243055555532,2.3268291826584284,-0.1473480902777772,0.5371466988971589
paired_sensitivities,CLLP,Cantallops,recharge_day3,linear_5_20_50,mean,regulated_pm_two,4,2.182453683054391,2.1542048024054474,-0.6360243055555532,1.5181804968498942,-0.1473480902777772,0.350976209104205
paired_sensitivities,CLLP,Cantallops,recharge_day3,hold_20,end,regulated_hg_one,4,3.0073965018884072,3.0073965018884072,-0.5375000000000014,2.469896501888406,-0.12250000000000036,0.5739242647949587
paired_sensitivities,CLLP,Cantallops,recharge_day3,hold_20,end,regulated_hg_two,4,2.341371068046901,2.217768399415505,-0.5375000000000014,1.6802683994155037,-0.12250000000000036,0.3925845272811669
paired_sensitivities,CLLP,Cantallops,recharge_day3,hold_20,end,regulated_pm_one,4,2.86432918265843,2.86432918265843,-0.5375000000000014,2.3268291826584284,-0.12250000000000036,0.5371466988971589
paired_sensitivities,CLLP,Cantallops,recharge_day3,hold_20,end,regulated_pm_two,4,2.168912016387726,2.0556804968498956,-0.5375000000000014,1.5181804968498942,-0.12250000000000036,0.350976209104205
paired_sensitivities,CLLP,Cantallops,recharge_day3,hold_20,mean,regulated_hg_one,4,3.094375668555072,3.094375668555072,-0.6244791666666663,2.469896501888406,-0.14473958333333328,0.5739242647949587
paired_sensitivities,CLLP,Cantallops,recharge_day3,hold_20,mean,regulated_hg_two,4,2.3525689847135656,2.30474756608217,-0.6244791666666663,1.6802683994155037,-0.14473958333333328,0.3925845272811669
paired_sensitivities,CLLP,Cantallops,recharge_day3,hold_20,mean,regulated_pm_one,4,2.9513083493250947,2.9513083493250947,-0.6244791666666663,2.3268291826584284,-0.14473958333333328,0.5371466988971589
paired_sensitivities,CLLP,Cantallops,recharge_day3,hold_20,mean,regulated_pm_two,4,2.1801099330543905,2.1426596635165605,-0.6244791666666663,1.5181804968498942,-0.14473958333333328,0.350976209104205
paired_sensitivities,CLLP,Cantallops,recharge_day3,blocks_10_20,end,regulated_hg_one,4,3.0198965018884065,3.0198965018884065,-0.5500000000000007,2.469896501888406,-0.12500000000000017,0.5739242647949587
paired_sensitivities,CLLP,Cantallops,recharge_day3,blocks_10_20,end,regulated_hg_two,4,2.3413710680468993,2.2302683994155044,-0.5500000000000007,1.6802683994155037,-0.12500000000000017,0.3925845272811669
paired_sensitivities,CLLP,Cantallops,recharge_day3,blocks_10_20,end,regulated_pm_one,4,2.876829182658429,2.876829182658429,-0.5500000000000007,2.3268291826584284,-0.12500000000000017,0.5371466988971589
paired_sensitivities,CLLP,Cantallops,recharge_day3,blocks_10_20,end,regulated_pm_two,4,2.1689120163877242,2.068180496849895,-0.5500000000000007,1.5181804968498942,-0.12500000000000017,0.350976209104205
paired_sensitivities,CLLP,Cantallops,recharge_day3,blocks_10_20,mean,regulated_hg_one,4,3.111042335221737,3.111042335221737,-0.6411458333333311,2.469896501888406,-0.14854166666666613,0.5739242647949587
paired_sensitivities,CLLP,Cantallops,recharge_day3,blocks_10_20,mean,regulated_hg_two,4,2.363766901380232,2.3214142327488347,-0.6411458333333311,1.6802683994155037,-0.14854166666666613,0.3925845272811669
paired_sensitivities,CLLP,Cantallops,recharge_day3,blocks_10_20,mean,regulated_pm_one,4,2.9679750159917595,2.9679750159917595,-0.6411458333333311,2.3268291826584284,-0.14854166666666613,0.5371466988971589
paired_sensitivities,CLLP,Cantallops,recharge_day3,blocks_10_20,mean,regulated_pm_two,4,2.1913078497210567,2.1593263301832253,-0.6411458333333311,1.5181804968498942,-0.14854166666666613,0.350976209104205
paired_sensitivities,CLLP,Cantallops,drying5,linear_5_20_50,end,regulated_hg_one,3,1.0322518649968884,1.0322518649968884,0.4499999999999993,1.4822518649968877,0.08999999999999986,0.2964503729993776
paired_sensitivities,CLLP,Cantallops,drying5,linear_5_20_50,end,regulated_hg_two,3,0.7507917933053946,0.7507917933053946,0.4499999999999993,1.200791793305394,0.08999999999999986,0.24015835866107876
paired_sensitivities,CLLP,Cantallops,drying5,linear_5_20_50,end,regulated_pm_one,3,1.0550436803855046,1.0550436803855046,0.4499999999999993,1.5050436803855038,0.08999999999999986,0.30100873607710077
paired_sensitivities,CLLP,Cantallops,drying5,linear_5_20_50,end,regulated_pm_two,3,0.7778954108273577,0.7778954108273577,0.4499999999999993,1.227895410827357,0.08999999999999986,0.2455790821654714
paired_sensitivities,CLLP,Cantallops,drying5,linear_5_20_50,mean,regulated_hg_one,3,1.0270435316635527,1.0270435316635527,0.455208333333335,1.4822518649968877,0.091041666666667,0.2964503729993776
paired_sensitivities,CLLP,Cantallops,drying5,linear_5_20_50,mean,regulated_hg_two,3,0.7455834599720589,0.7455834599720589,0.455208333333335,1.200791793305394,0.091041666666667,0.24015835866107876
paired_sensitivities,CLLP,Cantallops,drying5,linear_5_20_50,mean,regulated_pm_one,3,1.0498353470521689,1.0498353470521689,0.455208333333335,1.5050436803855038,0.091041666666667,0.30100873607710077
paired_sensitivities,CLLP,Cantallops,drying5,linear_5_20_50,mean,regulated_pm_two,3,0.772687077494022,0.772687077494022,0.455208333333335,1.227895410827357,0.091041666666667,0.2455790821654714
paired_sensitivities,CLLP,Cantallops,drying5,hold_20,end,regulated_hg_one,3,1.0655851983302211,1.0655851983302211,0.4166666666666667,1.4822518649968877,0.08333333333333333,0.2964503729993776
paired_sensitivities,CLLP,Cantallops,drying5,hold_20,end,regulated_hg_two,3,0.7841251266387272,0.7841251266387272,0.4166666666666667,1.200791793305394,0.08333333333333333,0.24015835866107876
paired_sensitivities,CLLP,Cantallops,drying5,hold_20,end,regulated_pm_one,3,1.0883770137188373,1.0883770137188373,0.4166666666666667,1.5050436803855038,0.08333333333333333,0.30100873607710077
paired_sensitivities,CLLP,Cantallops,drying5,hold_20,end,regulated_pm_two,3,0.8112287441606904,0.8112287441606904,0.4166666666666667,1.227895410827357,0.08333333333333333,0.2455790821654714
paired_sensitivities,CLLP,Cantallops,drying5,hold_20,mean,regulated_hg_one,3,1.0572518649968883,1.0572518649968883,0.42499999999999954,1.4822518649968877,0.0849999999999999,0.2964503729993776
paired_sensitivities,CLLP,Cantallops,drying5,hold_20,mean,regulated_hg_two,3,0.7757917933053944,0.7757917933053944,0.42499999999999954,1.200791793305394,0.0849999999999999,0.24015835866107876
paired_sensitivities,CLLP,Cantallops,drying5,hold_20,mean,regulated_pm_one,3,1.0800436803855045,1.0800436803855045,0.42499999999999954,1.5050436803855038,0.0849999999999999,0.30100873607710077
paired_sensitivities,CLLP,Cantallops,drying5,hold_20,mean,regulated_pm_two,3,0.8028954108273575,0.8028954108273575,0.42499999999999954,1.227895410827357,0.0849999999999999,0.2455790821654714
paired_sensitivities,CLLP,Cantallops,drying5,blocks_10_20,end,regulated_hg_one,3,1.0489185316635554,1.0489185316635554,0.4333333333333324,1.4822518649968877,0.08666666666666648,0.2964503729993776
paired_sensitivities,CLLP,Cantallops,drying5,blocks_10_20,end,regulated_hg_two,3,0.7674584599720615,0.7674584599720615,0.4333333333333324,1.200791793305394,0.08666666666666648,0.24015835866107876
paired_sensitivities,CLLP,Cantallops,drying5,blocks_10_20,end,regulated_pm_one,3,1.0717103470521716,1.0717103470521716,0.4333333333333324,1.5050436803855038,0.08666666666666648,0.30100873607710077
paired_sensitivities,CLLP,Cantallops,drying5,blocks_10_20,end,regulated_pm_two,3,0.7945620774940246,0.7945620774940246,0.4333333333333324,1.227895410827357,0.08666666666666648,0.2455790821654714
paired_sensitivities,CLLP,Cantallops,drying5,blocks_10_20,mean,regulated_hg_one,3,1.040585198330219,1.040585198330219,0.4416666666666688,1.4822518649968877,0.08833333333333375,0.2964503729993776
paired_sensitivities,CLLP,Cantallops,drying5,blocks_10_20,mean,regulated_hg_two,3,0.7591251266387251,0.7591251266387251,0.4416666666666688,1.200791793305394,0.08833333333333375,0.24015835866107876
paired_sensitivities,CLLP,Cantallops,drying5,blocks_10_20,mean,regulated_pm_one,3,1.0633770137188352,1.0633770137188352,0.4416666666666688,1.5050436803855038,0.08833333333333375,0.30100873607710077
paired_sensitivities,CLLP,Cantallops,drying5,blocks_10_20,mean,regulated_pm_two,3,0.7862287441606882,0.7862287441606882,0.4416666666666688,1.227895410827357,0.08833333333333375,0.2455790821654714
paired_sensitivities,BOLV,Bolvir,daily,linear_5_20_50,end,regulated_hg_one,32,2.195172967658657,-0.18103491715911066,-0.03411458333333345,-0.2151495004924441,-0.03411458333333345,-0.2151495004924441
paired_sensitivities,BOLV,Bolvir,daily,linear_5_20_50,end,regulated_hg_two,32,2.0207088953778944,0.014227486374236042,-0.03411458333333345,-0.019887096959097406,-0.03411458333333345,-0.019887096959097406
paired_sensitivities,BOLV,Bolvir,daily,linear_5_20_50,end,regulated_pm_one,32,2.1419353936311807,-0.16105966719931442,-0.03411458333333345,-0.19517425053264786,-0.03411458333333345,-0.19517425053264786
paired_sensitivities,BOLV,Bolvir,daily,linear_5_20_50,end,regulated_pm_two,32,1.8988847466201428,0.03787265196458589,-0.03411458333333345,0.0037580686312524425,-0.03411458333333345,0.0037580686312524425
paired_sensitivities,BOLV,Bolvir,daily,linear_5_20_50,mean,regulated_hg_one,32,3.7465238691554985,-0.18623239979799966,-0.028917100694444475,-0.2151495004924441,-0.028917100694444475,-0.2151495004924441
paired_sensitivities,BOLV,Bolvir,daily,linear_5_20_50,mean,regulated_hg_two,32,3.5503525172117154,0.009030003735347042,-0.028917100694444475,-0.019887096959097406,-0.028917100694444475,-0.019887096959097406
paired_sensitivities,BOLV,Bolvir,daily,linear_5_20_50,mean,regulated_pm_one,32,3.645305135867182,-0.16625714983820342,-0.028917100694444475,-0.19517425053264786,-0.028917100694444475,-0.19517425053264786
paired_sensitivities,BOLV,Bolvir,daily,linear_5_20_50,mean,regulated_pm_two,32,3.371027389885121,0.03267516932569689,-0.028917100694444475,0.0037580686312524425,-0.028917100694444475,0.0037580686312524425
paired_sensitivities,BOLV,Bolvir,daily,hold_20,end,regulated_hg_one,32,2.2550688009919906,-0.1659307504924441,-0.049218750000000006,-0.2151495004924441,-0.049218750000000006,-0.2151495004924441
paired_sensitivities,BOLV,Bolvir,daily,hold_20,end,regulated_hg_two,32,2.0524797287112286,0.0293316530409026,-0.049218750000000006,-0.019887096959097406,-0.049218750000000006,-0.019887096959097406
paired_sensitivities,BOLV,Bolvir,daily,hold_20,end,regulated_pm_one,32,2.201831226964514,-0.14595550053264786,-0.049218750000000006,-0.19517425053264786,-0.049218750000000006,-0.19517425053264786
paired_sensitivities,BOLV,Bolvir,daily,hold_20,end,regulated_pm_two,32,1.92961391328681,0.05297681863125245,-0.049218750000000006,0.0037580686312524425,-0.049218750000000006,0.0037580686312524425
paired_sensitivities,BOLV,Bolvir,daily,hold_20,mean,regulated_hg_one,32,3.7714479142943875,-0.17061825049244408,-0.04453125000000002,-0.2151495004924441,-0.04453125000000002,-0.2151495004924441
paired_sensitivities,BOLV,Bolvir,daily,hold_20,mean,regulated_hg_two,32,3.589686284572826,0.024644153040902617,-0.04453125000000002,-0.019887096959097406,-0.04453125000000002,-0.019887096959097406
paired_sensitivities,BOLV,Bolvir,daily,hold_20,mean,regulated_pm_one,32,3.6702291810060705,-0.15064300053264795,-0.04453125000000002,-0.19517425053264786,-0.04453125000000002,-0.19517425053264786
paired_sensitivities,BOLV,Bolvir,daily,hold_20,mean,regulated_pm_two,32,3.4107734836351207,0.04828931863125252,-0.04453125000000002,0.0037580686312524425,-0.04453125000000002,0.0037580686312524425
paired_sensitivities,BOLV,Bolvir,daily,blocks_10_20,end,regulated_hg_one,32,2.442333936780564,-0.1588995004924441,-0.056249999999999994,-0.2151495004924441,-0.056249999999999994,-0.2151495004924441
paired_sensitivities,BOLV,Bolvir,daily,blocks_10_20,end,regulated_hg_two,32,2.2790632962038027,0.03636290304090259,-0.056249999999999994,-0.019887096959097406,-0.056249999999999994,-0.019887096959097406
paired_sensitivities,BOLV,Bolvir,daily,blocks_10_20,end,regulated_pm_one,32,2.383862476964514,-0.13892425053264787,-0.056249999999999994,-0.19517425053264786,-0.056249999999999994,-0.19517425053264786
paired_sensitivities,BOLV,Bolvir,daily,blocks_10_20,end,regulated_pm_two,32,2.1522701632868095,0.06000806863125244,-0.056249999999999994,0.0037580686312524425,-0.056249999999999994,0.0037580686312524425
paired_sensitivities,BOLV,Bolvir,daily,blocks_10_20,mean,regulated_hg_one,32,3.810705726794388,-0.16339168799244408,-0.0517578125,-0.2151495004924441,-0.0517578125,-0.2151495004924441
paired_sensitivities,BOLV,Bolvir,daily,blocks_10_20,mean,regulated_hg_two,32,3.6523375603987343,0.03187071554090262,-0.0517578125,-0.019887096959097406,-0.0517578125,-0.019887096959097406
paired_sensitivities,BOLV,Bolvir,daily,blocks_10_20,mean,regulated_pm_one,32,3.709486993506071,-0.14341643803264784,-0.0517578125,-0.19517425053264786,-0.0517578125,-0.19517425053264786
paired_sensitivities,BOLV,Bolvir,daily,blocks_10_20,mean,regulated_pm_two,32,3.4853828586351208,0.05551588113125247,-0.0517578125,0.0037580686312524425,-0.0517578125,0.0037580686312524425
paired_sensitivities,BOLV,Bolvir,recharge_next,linear_5_20_50,end,regulated_hg_one,2,5.662527887100485,5.662527887100485,8.141666666666666,13.804194553767152,3.8291666666666666,6.243676184814136
paired_sensitivities,BOLV,Bolvir,recharge_next,linear_5_20_50,end,regulated_hg_two,2,4.727651168638492,4.727651168638492,8.141666666666666,12.869317835305159,3.8291666666666666,5.902076561747512
paired_sensitivities,BOLV,Bolvir,recharge_next,linear_5_20_50,end,regulated_pm_one,2,5.2306749573178974,5.2306749573178974,8.141666666666666,13.372341623984564,3.8291666666666666,5.848847996989846
paired_sensitivities,BOLV,Bolvir,recharge_next,linear_5_20_50,end,regulated_pm_two,2,3.8542554037908756,3.8542554037908756,8.141666666666666,11.995922070457542,3.8291666666666666,5.219751104637449
paired_sensitivities,BOLV,Bolvir,recharge_next,linear_5_20_50,mean,regulated_hg_one,2,5.085444553767152,5.085444553767152,8.71875,13.804194553767152,4.149088541666667,6.243676184814136
paired_sensitivities,BOLV,Bolvir,recharge_next,linear_5_20_50,mean,regulated_hg_two,2,4.150567835305159,4.150567835305159,8.71875,12.869317835305159,4.149088541666667,5.902076561747512
paired_sensitivities,BOLV,Bolvir,recharge_next,linear_5_20_50,mean,regulated_pm_one,2,4.653591623984564,4.653591623984564,8.71875,13.372341623984564,4.149088541666667,5.848847996989846
paired_sensitivities,BOLV,Bolvir,recharge_next,linear_5_20_50,mean,regulated_pm_two,2,3.277172070457542,3.277172070457542,8.71875,11.995922070457542,4.149088541666667,5.219751104637449
paired_sensitivities,BOLV,Bolvir,recharge_next,hold_20,end,regulated_hg_one,2,5.729194553767153,5.729194553767153,8.075,13.804194553767152,3.7874999999999996,6.243676184814136
paired_sensitivities,BOLV,Bolvir,recharge_next,hold_20,end,regulated_hg_two,2,4.79431783530516,4.79431783530516,8.075,12.869317835305159,3.7874999999999996,5.902076561747512
paired_sensitivities,BOLV,Bolvir,recharge_next,hold_20,end,regulated_pm_one,2,5.297341623984565,5.297341623984565,8.075,13.372341623984564,3.7874999999999996,5.848847996989846
paired_sensitivities,BOLV,Bolvir,recharge_next,hold_20,end,regulated_pm_two,2,3.920922070457543,3.920922070457543,8.075,11.995922070457542,3.7874999999999996,5.219751104637449
paired_sensitivities,BOLV,Bolvir,recharge_next,hold_20,mean,regulated_hg_one,2,5.17606955376715,5.17606955376715,8.628125,13.804194553767152,4.095052083333334,6.243676184814136
paired_sensitivities,BOLV,Bolvir,recharge_next,hold_20,mean,regulated_hg_two,2,4.241192835305157,4.241192835305157,8.628125,12.869317835305159,4.095052083333334,5.902076561747512
paired_sensitivities,BOLV,Bolvir,recharge_next,hold_20,mean,regulated_pm_one,2,4.7442166239845625,4.7442166239845625,8.628125,13.372341623984564,4.095052083333334,5.848847996989846
paired_sensitivities,BOLV,Bolvir,recharge_next,hold_20,mean,regulated_pm_two,2,3.3677970704575406,3.3677970704575406,8.628125,11.995922070457542,4.095052083333334,5.219751104637449
paired_sensitivities,BOLV,Bolvir,recharge_next,blocks_10_20,end,regulated_hg_one,2,6.654194553767152,6.654194553767152,7.15,13.804194553767152,3.375,6.243676184814136
paired_sensitivities,BOLV,Bolvir,recharge_next,blocks_10_20,end,regulated_hg_two,2,5.719317835305159,5.719317835305159,7.15,12.869317835305159,3.375,5.902076561747512
paired_sensitivities,BOLV,Bolvir,recharge_next,blocks_10_20,end,regulated_pm_one,2,6.222341623984564,6.222341623984564,7.15,13.372341623984564,3.375,5.848847996989846
paired_sensitivities,BOLV,Bolvir,recharge_next,blocks_10_20,end,regulated_pm_two,2,4.845922070457542,4.845922070457542,7.15,11.995922070457542,3.375,5.219751104637449
paired_sensitivities,BOLV,Bolvir,recharge_next,blocks_10_20,mean,regulated_hg_one,2,6.21044455376715,6.21044455376715,7.593750000000002,13.804194553767152,3.6252604166666673,6.243676184814136
paired_sensitivities,BOLV,Bolvir,recharge_next,blocks_10_20,mean,regulated_hg_two,2,5.275567835305157,5.275567835305157,7.593750000000002,12.869317835305159,3.6252604166666673,5.902076561747512
paired_sensitivities,BOLV,Bolvir,recharge_next,blocks_10_20,mean,regulated_pm_one,2,5.778591623984562,5.778591623984562,7.593750000000002,13.372341623984564,3.6252604166666673,5.848847996989846
paired_sensitivities,BOLV,Bolvir,recharge_next,blocks_10_20,mean,regulated_pm_two,2,4.40217207045754,4.40217207045754,7.593750000000002,11.995922070457542,3.6252604166666673,5.219751104637449
paired_sensitivities,BOLV,Bolvir,recharge_day3,linear_5_20_50,end,regulated_hg_one,2,3.3547550921472338,1.9924411754872056,3.1958333333333337,5.188274508820539,0.8996527777777777,1.4545261515104138
paired_sensitivities,BOLV,Bolvir,recharge_day3,linear_5_20_50,end,regulated_hg_two,2,3.6229161231169202,1.8817777858438456,3.1958333333333337,5.077611119177179,0.8996527777777777,1.4426446549584506
paired_sensitivities,BOLV,Bolvir,recharge_day3,linear_5_20_50,end,regulated_pm_one,2,1.740709888768456,1.740709888768456,3.1958333333333337,4.93654322210179,0.8996527777777777,1.3208453699036176
paired_sensitivities,BOLV,Bolvir,recharge_day3,linear_5_20_50,end,regulated_pm_two,2,1.2218035760670558,1.2218035760670558,3.1958333333333337,4.4176369094003896,0.8996527777777777,1.1774436049758594
paired_sensitivities,BOLV,Bolvir,recharge_day3,linear_5_20_50,mean,regulated_hg_one,2,2.8919078699250083,1.5747328421538729,3.6135416666666664,5.188274508820539,1.0059606481481482,1.4545261515104138
paired_sensitivities,BOLV,Bolvir,recharge_day3,linear_5_20_50,mean,regulated_hg_two,2,3.1600689008946947,1.464069452510513,3.6135416666666664,5.077611119177179,1.0059606481481482,1.4426446549584506
paired_sensitivities,BOLV,Bolvir,recharge_day3,linear_5_20_50,mean,regulated_pm_one,2,1.3230015554351233,1.3230015554351233,3.6135416666666664,4.93654322210179,1.0059606481481482,1.3208453699036176
paired_sensitivities,BOLV,Bolvir,recharge_day3,linear_5_20_50,mean,regulated_pm_two,2,0.8040952427337231,0.8040952427337231,3.6135416666666664,4.4176369094003896,1.0059606481481482,1.1774436049758594
paired_sensitivities,BOLV,Bolvir,recharge_day3,hold_20,end,regulated_hg_one,2,3.4547550921472308,2.0257745088205397,3.1624999999999996,5.188274508820539,0.8885416666666667,1.4545261515104138
paired_sensitivities,BOLV,Bolvir,recharge_day3,hold_20,end,regulated_hg_two,2,3.722916123116917,1.9151111191771797,3.1624999999999996,5.077611119177179,0.8885416666666667,1.4426446549584506
paired_sensitivities,BOLV,Bolvir,recharge_day3,hold_20,end,regulated_pm_one,2,1.77404322210179,1.77404322210179,3.1624999999999996,4.93654322210179,0.8885416666666667,1.3208453699036176
paired_sensitivities,BOLV,Bolvir,recharge_day3,hold_20,end,regulated_pm_two,2,1.25513690940039,1.25513690940039,3.1624999999999996,4.4176369094003896,0.8885416666666667,1.1774436049758594
paired_sensitivities,BOLV,Bolvir,recharge_day3,hold_20,mean,regulated_hg_one,2,3.001109258813899,1.6054620088205391,3.5828125,5.188274508820539,0.9950086805555556,1.4545261515104138
paired_sensitivities,BOLV,Bolvir,recharge_day3,hold_20,mean,regulated_hg_two,2,3.2692702897835852,1.4947986191771792,3.5828125,5.077611119177179,0.9950086805555556,1.4426446549584506
paired_sensitivities,BOLV,Bolvir,recharge_day3,hold_20,mean,regulated_pm_one,2,1.3537307221017896,1.3537307221017896,3.5828125,4.93654322210179,0.9950086805555556,1.3208453699036176
paired_sensitivities,BOLV,Bolvir,recharge_day3,hold_20,mean,regulated_pm_two,2,0.8348244094003894,0.8348244094003894,3.5828125,4.4176369094003896,0.9950086805555556,1.1774436049758594
paired_sensitivities,BOLV,Bolvir,recharge_day3,blocks_10_20,end,regulated_hg_one,2,4.017255092147232,2.238274508820541,2.9499999999999984,5.188274508820539,0.820833333333333,1.4545261515104138
paired_sensitivities,BOLV,Bolvir,recharge_day3,blocks_10_20,end,regulated_hg_two,2,4.285416123116918,2.127611119177181,2.9499999999999984,5.077611119177179,0.820833333333333,1.4426446549584506
paired_sensitivities,BOLV,Bolvir,recharge_day3,blocks_10_20,end,regulated_pm_one,2,2.0675727671778743,1.9865432221017914,2.9499999999999984,4.93654322210179,0.820833333333333,1.3208453699036176
paired_sensitivities,BOLV,Bolvir,recharge_day3,blocks_10_20,end,regulated_pm_two,2,1.4676369094003912,1.4676369094003912,2.9499999999999984,4.4176369094003896,0.820833333333333,1.1774436049758594
paired_sensitivities,BOLV,Bolvir,recharge_day3,blocks_10_20,mean,regulated_hg_one,2,3.625588425480567,1.8757745088205393,3.3125,5.188274508820539,0.912673611111111,1.4545261515104138
paired_sensitivities,BOLV,Bolvir,recharge_day3,blocks_10_20,mean,regulated_hg_two,2,3.8937494564502533,1.7651111191771793,3.3125,5.077611119177179,0.912673611111111,1.4426446549584506
paired_sensitivities,BOLV,Bolvir,recharge_day3,blocks_10_20,mean,regulated_pm_one,2,1.6759061005112095,1.6240432221017898,3.3125,4.93654322210179,0.912673611111111,1.3208453699036176
paired_sensitivities,BOLV,Bolvir,recharge_day3,blocks_10_20,mean,regulated_pm_two,2,1.1051369094003896,1.1051369094003896,3.3125,4.4176369094003896,0.912673611111111,1.1774436049758594
paired_sensitivities,BOLV,Bolvir,drying5,linear_5_20_50,end,regulated_hg_one,1,4.992194020249421,4.992194020249421,9.949999999999998,14.942194020249419,1.9899999999999995,2.988438804049884
paired_sensitivities,BOLV,Bolvir,drying5,linear_5_20_50,end,regulated_hg_two,1,2.0157721066178045,2.0157721066178045,9.949999999999998,11.965772106617802,1.9899999999999995,2.3931544213235605
paired_sensitivities,BOLV,Bolvir,drying5,linear_5_20_50,end,regulated_pm_one,1,5.276016465154994,5.276016465154994,9.949999999999998,15.226016465154991,1.9899999999999995,3.0452032930309985
paired_sensitivities,BOLV,Bolvir,drying5,linear_5_20_50,end,regulated_pm_two,1,2.1667697927513085,2.1667697927513085,9.949999999999998,12.116769792751306,1.9899999999999995,2.423353958550261
paired_sensitivities,BOLV,Bolvir,drying5,linear_5_20_50,mean,regulated_hg_one,1,4.123270409138309,4.123270409138309,10.81892361111111,14.942194020249419,2.163784722222222,2.988438804049884
paired_sensitivities,BOLV,Bolvir,drying5,linear_5_20_50,mean,regulated_hg_two,1,1.146848495506692,1.146848495506692,10.81892361111111,11.965772106617802,2.163784722222222,2.3931544213235605
paired_sensitivities,BOLV,Bolvir,drying5,linear_5_20_50,mean,regulated_pm_one,1,4.407092854043881,4.407092854043881,10.81892361111111,15.226016465154991,2.163784722222222,3.0452032930309985
paired_sensitivities,BOLV,Bolvir,drying5,linear_5_20_50,mean,regulated_pm_two,1,1.297846181640196,1.297846181640196,10.81892361111111,12.116769792751306,2.163784722222222,2.423353958550261
paired_sensitivities,BOLV,Bolvir,drying5,hold_20,end,regulated_hg_one,1,4.992194020249418,4.992194020249418,9.950000000000001,14.942194020249419,1.9900000000000002,2.988438804049884
paired_sensitivities,BOLV,Bolvir,drying5,hold_20,end,regulated_hg_two,1,2.015772106617801,2.015772106617801,9.950000000000001,11.965772106617802,1.9900000000000002,2.3931544213235605
paired_sensitivities,BOLV,Bolvir,drying5,hold_20,end,regulated_pm_one,1,5.27601646515499,5.27601646515499,9.950000000000001,15.226016465154991,1.9900000000000002,3.0452032930309985
paired_sensitivities,BOLV,Bolvir,drying5,hold_20,end,regulated_pm_two,1,2.166769792751305,2.166769792751305,9.950000000000001,12.116769792751306,1.9900000000000002,2.423353958550261
paired_sensitivities,BOLV,Bolvir,drying5,hold_20,mean,regulated_hg_one,1,4.12813152024942,4.12813152024942,10.814062499999999,14.942194020249419,2.1628125,2.988438804049884
paired_sensitivities,BOLV,Bolvir,drying5,hold_20,mean,regulated_hg_two,1,1.1517096066178034,1.1517096066178034,10.814062499999999,11.965772106617802,2.1628125,2.3931544213235605
paired_sensitivities,BOLV,Bolvir,drying5,hold_20,mean,regulated_pm_one,1,4.411953965154993,4.411953965154993,10.814062499999999,15.226016465154991,2.1628125,3.0452032930309985
paired_sensitivities,BOLV,Bolvir,drying5,hold_20,mean,regulated_pm_two,1,1.3027072927513075,1.3027072927513075,10.814062499999999,12.116769792751306,2.1628125,2.423353958550261
paired_sensitivities,BOLV,Bolvir,drying5,blocks_10_20,end,regulated_hg_one,1,5.842194020249421,5.842194020249421,9.099999999999998,14.942194020249419,1.8199999999999996,2.988438804049884
paired_sensitivities,BOLV,Bolvir,drying5,blocks_10_20,end,regulated_hg_two,1,2.865772106617804,2.865772106617804,9.099999999999998,11.965772106617802,1.8199999999999996,2.3931544213235605
paired_sensitivities,BOLV,Bolvir,drying5,blocks_10_20,end,regulated_pm_one,1,6.1260164651549935,6.1260164651549935,9.099999999999998,15.226016465154991,1.8199999999999996,3.0452032930309985
paired_sensitivities,BOLV,Bolvir,drying5,blocks_10_20,end,regulated_pm_two,1,3.016769792751308,3.016769792751308,9.099999999999998,12.116769792751306,1.8199999999999996,2.423353958550261
paired_sensitivities,BOLV,Bolvir,drying5,blocks_10_20,mean,regulated_hg_one,1,5.123444020249419,5.123444020249419,9.81875,14.942194020249419,1.9637499999999999,2.988438804049884
paired_sensitivities,BOLV,Bolvir,drying5,blocks_10_20,mean,regulated_hg_two,1,2.1470221066178024,2.1470221066178024,9.81875,11.965772106617802,1.9637499999999999,2.3931544213235605
paired_sensitivities,BOLV,Bolvir,drying5,blocks_10_20,mean,regulated_pm_one,1,5.407266465154992,5.407266465154992,9.81875,15.226016465154991,1.9637499999999999,3.0452032930309985
paired_sensitivities,BOLV,Bolvir,drying5,blocks_10_20,mean,regulated_pm_two,1,2.2980197927513064,2.2980197927513064,9.81875,12.116769792751306,1.9637499999999999,2.423353958550261
paired_sensitivities,GGUE,Garriguella,daily,linear_5_20_50,end,regulated_hg_one,59,0.7491273658650389,0.07487561062955667,0.0521186440677966,0.12699425469735326,0.0521186440677966,0.12699425469735326
paired_sensitivities,GGUE,Garriguella,daily,linear_5_20_50,end,regulated_hg_two,59,0.7666216387027073,0.021795203596334217,0.0521186440677966,0.07391384766413081,0.0521186440677966,0.07391384766413081
paired_sensitivities,GGUE,Garriguella,daily,linear_5_20_50,end,regulated_pm_one,59,0.7157947344446655,0.07441317791855458,0.0521186440677966,0.12653182198635118,0.0521186440677966,0.12653182198635118
paired_sensitivities,GGUE,Garriguella,daily,linear_5_20_50,end,regulated_pm_two,59,0.7265670514707674,0.01866650899123858,0.0521186440677966,0.07078515305903518,0.0521186440677966,0.07078515305903518
paired_sensitivities,GGUE,Garriguella,daily,linear_5_20_50,mean,regulated_hg_one,59,0.8911520119267007,0.07759453718322898,0.04939971751412429,0.12699425469735326,0.04939971751412429,0.12699425469735326
paired_sensitivities,GGUE,Garriguella,daily,linear_5_20_50,mean,regulated_hg_two,59,0.9182402449189494,0.02451413015000653,0.04939971751412429,0.07391384766413081,0.04939971751412429,0.07391384766413081
paired_sensitivities,GGUE,Garriguella,daily,linear_5_20_50,mean,regulated_pm_one,59,0.8636147044579581,0.07713210447222689,0.04939971751412429,0.12653182198635118,0.04939971751412429,0.12653182198635118
paired_sensitivities,GGUE,Garriguella,daily,linear_5_20_50,mean,regulated_pm_two,59,0.8812588077788179,0.021385435544910895,0.04939971751412429,0.07078515305903518,0.04939971751412429,0.07078515305903518
paired_sensitivities,GGUE,Garriguella,daily,hold_20,end,regulated_hg_one,59,0.7604268008932877,0.07318069537531942,0.05381355932203385,0.12699425469735326,0.05381355932203385,0.12699425469735326
paired_sensitivities,GGUE,Garriguella,daily,hold_20,end,regulated_hg_two,59,0.7796248957970936,0.020100288342096966,0.05381355932203385,0.07391384766413081,0.05381355932203385,0.07391384766413081
paired_sensitivities,GGUE,Garriguella,daily,hold_20,end,regulated_pm_one,59,0.725399254218677,0.07271826266431733,0.05381355932203385,0.12653182198635118,0.05381355932203385,0.12653182198635118
paired_sensitivities,GGUE,Garriguella,daily,hold_20,end,regulated_pm_two,59,0.7384314582504286,0.016971593737001328,0.05381355932203385,0.07078515305903518,0.05381355932203385,0.07078515305903518
paired_sensitivities,GGUE,Garriguella,daily,hold_20,mean,regulated_hg_one,59,0.9083130288758532,0.07604086486684478,0.0509533898305085,0.12699425469735326,0.0509533898305085,0.12699425469735326
paired_sensitivities,GGUE,Garriguella,daily,hold_20,mean,regulated_hg_two,59,0.935401261868102,0.022960457833622317,0.0509533898305085,0.07391384766413081,0.0509533898305085,0.07391384766413081
paired_sensitivities,GGUE,Garriguella,daily,hold_20,mean,regulated_pm_one,59,0.8807757214071107,0.07557843215584267,0.0509533898305085,0.12653182198635118,0.0509533898305085,0.12653182198635118
paired_sensitivities,GGUE,Garriguella,daily,hold_20,mean,regulated_pm_two,59,0.8984198247279706,0.019831763228526682,0.0509533898305085,0.07078515305903518,0.0509533898305085,0.07078515305903518
paired_sensitivities,GGUE,Garriguella,daily,blocks_10_20,end,regulated_hg_one,59,0.8235623941136264,0.07784171232447187,0.04915254237288139,0.12699425469735326,0.04915254237288139,0.12699425469735326
paired_sensitivities,GGUE,Garriguella,daily,blocks_10_20,end,regulated_hg_two,59,0.8413252725128664,0.024761305291249425,0.04915254237288139,0.07391384766413081,0.04915254237288139,0.07391384766413081
paired_sensitivities,GGUE,Garriguella,daily,blocks_10_20,end,regulated_pm_one,59,0.7893823050661343,0.07737927961346978,0.04915254237288139,0.12653182198635118,0.04915254237288139,0.12653182198635118
paired_sensitivities,GGUE,Garriguella,daily,blocks_10_20,end,regulated_pm_two,59,0.8018841757092998,0.021632610686153787,0.04915254237288139,0.07078515305903518,0.04915254237288139,0.07078515305903518
paired_sensitivities,GGUE,Garriguella,daily,blocks_10_20,mean,regulated_hg_one,59,0.9561767294408247,0.080913746222777,0.04608050847457627,0.12699425469735326,0.04608050847457627,0.12699425469735326
paired_sensitivities,GGUE,Garriguella,daily,blocks_10_20,mean,regulated_hg_two,59,0.9832649624330735,0.027833339189554544,0.04608050847457627,0.07391384766413081,0.04608050847457627,0.07391384766413081
paired_sensitivities,GGUE,Garriguella,daily,blocks_10_20,mean,regulated_pm_one,59,0.9286394219720822,0.08045131351177491,0.04608050847457627,0.12653182198635118,0.04608050847457627,0.12653182198635118
paired_sensitivities,GGUE,Garriguella,daily,blocks_10_20,mean,regulated_pm_two,59,0.946283525292942,0.02470464458445891,0.04608050847457627,0.07078515305903518,0.04608050847457627,0.07078515305903518
paired_sensitivities,GGUE,Garriguella,recharge_next,linear_5_20_50,end,regulated_hg_one,5,3.2062348092276745,2.535849453541267,3.028333333333335,5.5641827868746025,1.4741666666666677,2.5728213131260964
paired_sensitivities,GGUE,Garriguella,recharge_next,linear_5_20_50,end,regulated_hg_two,5,2.956438200631393,1.9137665807512587,3.028333333333335,4.942099914084594,1.4741666666666677,2.3053554665482943
paired_sensitivities,GGUE,Garriguella,recharge_next,linear_5_20_50,end,regulated_pm_one,5,3.0655648042544903,2.3502933648404842,3.028333333333335,5.37862669817382,1.4741666666666677,2.4812051587457664
paired_sensitivities,GGUE,Garriguella,recharge_next,linear_5_20_50,end,regulated_pm_two,5,2.7831392834653346,1.695286307817926,3.028333333333335,4.723619641151261,1.4741666666666677,2.1977214120174033
paired_sensitivities,GGUE,Garriguella,recharge_next,linear_5_20_50,mean,regulated_hg_one,5,3.126234809227674,2.753280009096824,2.810902777777778,5.5641827868746025,1.3705092592592594,2.5728213131260964
paired_sensitivities,GGUE,Garriguella,recharge_next,linear_5_20_50,mean,regulated_hg_two,5,2.8764382006313927,2.131197136306816,2.810902777777778,4.942099914084594,1.3705092592592594,2.3053554665482943
paired_sensitivities,GGUE,Garriguella,recharge_next,linear_5_20_50,mean,regulated_pm_one,5,2.98556480425449,2.567723920396041,2.810902777777778,5.37862669817382,1.3705092592592594,2.4812051587457664
paired_sensitivities,GGUE,Garriguella,recharge_next,linear_5_20_50,mean,regulated_pm_two,5,2.7031392834653345,1.912716863373483,2.810902777777778,4.723619641151261,1.3705092592592594,2.1977214120174033
paired_sensitivities,GGUE,Garriguella,recharge_next,hold_20,end,regulated_hg_one,5,3.3229014758943407,2.439182786874602,3.125,5.5641827868746025,1.5225,2.5728213131260964
paired_sensitivities,GGUE,Garriguella,recharge_next,hold_20,end,regulated_hg_two,5,3.0731048672980594,1.817099914084594,3.125,4.942099914084594,1.5225,2.3053554665482943
paired_sensitivities,GGUE,Garriguella,recharge_next,hold_20,end,regulated_pm_one,5,3.182231470921157,2.2536266981738193,3.125,5.37862669817382,1.5225,2.4812051587457664
paired_sensitivities,GGUE,Garriguella,recharge_next,hold_20,end,regulated_pm_two,5,2.8998059501320013,1.5986196411512612,3.125,4.723619641151261,1.5225,2.1977214120174033
paired_sensitivities,GGUE,Garriguella,recharge_next,hold_20,mean,regulated_hg_one,5,3.221234809227673,2.690224453541268,2.8739583333333343,5.5641827868746025,1.4026388888888894,2.5728213131260964
paired_sensitivities,GGUE,Garriguella,recharge_next,hold_20,mean,regulated_hg_two,5,2.9714382006313915,2.0681415807512598,2.8739583333333343,4.942099914084594,1.4026388888888894,2.3053554665482943
paired_sensitivities,GGUE,Garriguella,recharge_next,hold_20,mean,regulated_pm_one,5,3.0805648042544886,2.504668364840485,2.8739583333333343,5.37862669817382,1.4026388888888894,2.4812051587457664
paired_sensitivities,GGUE,Garriguella,recharge_next,hold_20,mean,regulated_pm_two,5,2.7981392834653334,1.8496613078179271,2.8739583333333343,4.723619641151261,1.4026388888888894,2.1977214120174033
paired_sensitivities,GGUE,Garriguella,recharge_next,blocks_10_20,end,regulated_hg_one,5,3.367901475894341,2.7641827868746023,2.8,5.5641827868746025,1.3699999999999999,2.5728213131260964
paired_sensitivities,GGUE,Garriguella,recharge_next,blocks_10_20,end,regulated_hg_two,5,3.11810486729806,2.1420999140845938,2.8,4.942099914084594,1.3699999999999999,2.3053554665482943
paired_sensitivities,GGUE,Garriguella,recharge_next,blocks_10_20,end,regulated_pm_one,5,3.227231470921157,2.5786266981738195,2.8,5.37862669817382,1.3699999999999999,2.4812051587457664
paired_sensitivities,GGUE,Garriguella,recharge_next,blocks_10_20,end,regulated_pm_two,5,2.9448059501320016,1.9236196411512614,2.8,4.723619641151261,1.3699999999999999,2.1977214120174033
paired_sensitivities,GGUE,Garriguella,recharge_next,blocks_10_20,mean,regulated_hg_one,5,3.200818142561008,3.0587661202079346,2.5054166666666675,5.5641827868746025,1.227777777777778,2.5728213131260964
paired_sensitivities,GGUE,Garriguella,recharge_next,blocks_10_20,mean,regulated_hg_two,5,2.9510215339647266,2.4366832474179265,2.5054166666666675,4.942099914084594,1.227777777777778,2.3053554665482943
paired_sensitivities,GGUE,Garriguella,recharge_next,blocks_10_20,mean,regulated_pm_one,5,3.0601481375878237,2.873210031507152,2.5054166666666675,5.37862669817382,1.227777777777778,2.4812051587457664
paired_sensitivities,GGUE,Garriguella,recharge_next,blocks_10_20,mean,regulated_pm_two,5,2.777722616798668,2.218202974484594,2.5054166666666675,4.723619641151261,1.227777777777778,2.1977214120174033
paired_sensitivities,GGUE,Garriguella,recharge_day3,linear_5_20_50,end,regulated_hg_one,5,2.6618940735015038,1.181531661210819,2.9666666666666677,4.148198327877487,0.7243333333333336,0.989590076172576
paired_sensitivities,GGUE,Garriguella,recharge_day3,linear_5_20_50,end,regulated_hg_two,5,2.4177018655006757,0.25421800159548696,2.9666666666666677,3.220884668262155,0.7243333333333336,0.7741051005182862
paired_sensitivities,GGUE,Garriguella,recharge_day3,linear_5_20_50,end,regulated_pm_one,5,2.559496208114987,1.1285778978620409,2.9666666666666677,4.095244564528709,0.7243333333333336,0.9741883938088965
paired_sensitivities,GGUE,Garriguella,recharge_day3,linear_5_20_50,end,regulated_pm_two,5,2.3055964671740616,0.2304700521466881,2.9666666666666677,3.197136718813356,0.7243333333333336,0.7657846515086584
paired_sensitivities,GGUE,Garriguella,recharge_day3,linear_5_20_50,mean,regulated_hg_one,5,2.6977274068348374,1.213892772321931,2.934305555555556,4.148198327877487,0.717810763888889,0.989590076172576
paired_sensitivities,GGUE,Garriguella,recharge_day3,linear_5_20_50,mean,regulated_hg_two,5,2.453535198834009,0.28657911270659897,2.934305555555556,3.220884668262155,0.717810763888889,0.7741051005182862
paired_sensitivities,GGUE,Garriguella,recharge_day3,linear_5_20_50,mean,regulated_pm_one,5,2.5953295414483204,1.160939008973153,2.934305555555556,4.095244564528709,0.717810763888889,0.9741883938088965
paired_sensitivities,GGUE,Garriguella,recharge_day3,linear_5_20_50,mean,regulated_pm_two,5,2.341429800507395,0.2628311632578001,2.934305555555556,3.197136718813356,0.717810763888889,0.7657846515086584
paired_sensitivities,GGUE,Garriguella,recharge_day3,hold_20,end,regulated_hg_one,5,2.7885607401681716,1.0481983278774876,3.099999999999999,4.148198327877487,0.7574999999999998,0.989590076172576
paired_sensitivities,GGUE,Garriguella,recharge_day3,hold_20,end,regulated_hg_two,5,2.5443685321673435,0.12088466826215552,3.099999999999999,3.220884668262155,0.7574999999999998,0.7741051005182862
paired_sensitivities,GGUE,Garriguella,recharge_day3,hold_20,end,regulated_pm_one,5,2.686162874781655,0.9952445645287096,3.099999999999999,4.095244564528709,0.7574999999999998,0.9741883938088965
paired_sensitivities,GGUE,Garriguella,recharge_day3,hold_20,end,regulated_pm_two,5,2.4322631338407295,0.09713671881335666,3.099999999999999,3.197136718813356,0.7574999999999998,0.7657846515086584
paired_sensitivities,GGUE,Garriguella,recharge_day3,hold_20,mean,regulated_hg_one,5,2.830644073501504,1.0952816612108207,3.052916666666666,4.148198327877487,0.7475572916666665,0.989590076172576
paired_sensitivities,GGUE,Garriguella,recharge_day3,hold_20,mean,regulated_hg_two,5,2.5864518655006754,0.16796800159548866,3.052916666666666,3.220884668262155,0.7475572916666665,0.7741051005182862
paired_sensitivities,GGUE,Garriguella,recharge_day3,hold_20,mean,regulated_pm_one,5,2.728246208114987,1.0423278978620427,3.052916666666666,4.095244564528709,0.7475572916666665,0.9741883938088965
paired_sensitivities,GGUE,Garriguella,recharge_day3,hold_20,mean,regulated_pm_two,5,2.4743464671740614,0.14422005214668981,3.052916666666666,3.197136718813356,0.7475572916666665,0.7657846515086584
paired_sensitivities,GGUE,Garriguella,recharge_day3,blocks_10_20,end,regulated_hg_one,5,2.868560740168172,1.2481983278774884,2.8999999999999986,4.148198327877487,0.7109999999999996,0.989590076172576
paired_sensitivities,GGUE,Garriguella,recharge_day3,blocks_10_20,end,regulated_hg_two,5,2.624368532167344,0.3208846682621562,2.8999999999999986,3.220884668262155,0.7109999999999996,0.7741051005182862
paired_sensitivities,GGUE,Garriguella,recharge_day3,blocks_10_20,end,regulated_pm_one,5,2.7661628747816556,1.1952445645287102,2.8999999999999986,4.095244564528709,0.7109999999999996,0.9741883938088965
paired_sensitivities,GGUE,Garriguella,recharge_day3,blocks_10_20,end,regulated_pm_two,5,2.51226313384073,0.29713671881335735,2.8999999999999986,3.197136718813356,0.7109999999999996,0.7657846515086584
paired_sensitivities,GGUE,Garriguella,recharge_day3,blocks_10_20,mean,regulated_hg_one,5,2.9089774068348384,1.3086149945441519,2.839583333333335,4.148198327877487,0.6974583333333337,0.989590076172576
paired_sensitivities,GGUE,Garriguella,recharge_day3,blocks_10_20,mean,regulated_hg_two,5,2.66478519883401,0.3813013349288198,2.839583333333335,3.220884668262155,0.6974583333333337,0.7741051005182862
paired_sensitivities,GGUE,Garriguella,recharge_day3,blocks_10_20,mean,regulated_pm_one,5,2.8065795414483214,1.2556612311953739,2.839583333333335,4.095244564528709,0.6974583333333337,0.9741883938088965
paired_sensitivities,GGUE,Garriguella,recharge_day3,blocks_10_20,mean,regulated_pm_two,5,2.552679800507396,0.35755338548002097,2.839583333333335,3.197136718813356,0.6974583333333337,0.7657846515086584
paired_sensitivities,GGUE,Garriguella,drying5,linear_5_20_50,end,regulated_hg_one,3,1.3775759717862561,1.0884384578322535,1.3805555555555564,2.46899401338781,0.2761111111111113,0.493798802677562
paired_sensitivities,GGUE,Garriguella,drying5,linear_5_20_50,end,regulated_hg_two,3,1.0427741007511189,0.9938257974847795,1.3805555555555564,2.374381353040336,0.2761111111111113,0.4748762706080672
paired_sensitivities,GGUE,Garriguella,drying5,linear_5_20_50,end,regulated_pm_one,3,1.3277857241025692,1.0402859292081537,1.3805555555555564,2.4208414847637103,0.2761111111111113,0.48416829695274205
paired_sensitivities,GGUE,Garriguella,drying5,linear_5_20_50,end,regulated_pm_two,3,1.0405043714166695,1.0220527448796635,1.3805555555555564,2.4026083004352197,0.2761111111111113,0.480521660087044
paired_sensitivities,GGUE,Garriguella,drying5,linear_5_20_50,mean,regulated_hg_one,3,1.3320319903047753,1.2317833652396628,1.237210648148147,2.46899401338781,0.24744212962962944,0.493798802677562
paired_sensitivities,GGUE,Garriguella,drying5,linear_5_20_50,mean,regulated_hg_two,3,1.1371707048921889,1.1371707048921889,1.237210648148147,2.374381353040336,0.24744212962962944,0.4748762706080672
paired_sensitivities,GGUE,Garriguella,drying5,linear_5_20_50,mean,regulated_pm_one,3,1.2822417426210886,1.183630836615563,1.237210648148147,2.4208414847637103,0.24744212962962944,0.48416829695274205
paired_sensitivities,GGUE,Garriguella,drying5,linear_5_20_50,mean,regulated_pm_two,3,1.1653976522870726,1.1653976522870726,1.237210648148147,2.4026083004352197,0.24744212962962944,0.480521660087044
paired_sensitivities,GGUE,Garriguella,drying5,hold_20,end,regulated_hg_one,3,1.4609093051195894,1.0273273467211435,1.4416666666666664,2.46899401338781,0.2883333333333333,0.493798802677562
paired_sensitivities,GGUE,Garriguella,drying5,hold_20,end,regulated_hg_two,3,1.1261074340844521,0.9327146863736695,1.4416666666666664,2.374381353040336,0.2883333333333333,0.4748762706080672
paired_sensitivities,GGUE,Garriguella,drying5,hold_20,end,regulated_pm_one,3,1.4111190574359027,0.9791748180970438,1.4416666666666664,2.4208414847637103,0.2883333333333333,0.48416829695274205
paired_sensitivities,GGUE,Garriguella,drying5,hold_20,end,regulated_pm_two,3,1.1238377047500028,0.9609416337685533,1.4416666666666664,2.4026083004352197,0.2883333333333333,0.480521660087044
paired_sensitivities,GGUE,Garriguella,drying5,hold_20,mean,regulated_hg_one,3,1.4048329162307018,1.1858342911655906,1.2831597222222193,2.46899401338781,0.25663194444444387,0.493798802677562
paired_sensitivities,GGUE,Garriguella,drying5,hold_20,mean,regulated_hg_two,3,1.0912216308181166,1.0912216308181166,1.2831597222222193,2.374381353040336,0.25663194444444387,0.4748762706080672
paired_sensitivities,GGUE,Garriguella,drying5,hold_20,mean,regulated_pm_one,3,1.355042668547015,1.1376817625414908,1.2831597222222193,2.4208414847637103,0.25663194444444387,0.48416829695274205
paired_sensitivities,GGUE,Garriguella,drying5,hold_20,mean,regulated_pm_two,3,1.1194485782130006,1.1194485782130006,1.2831597222222193,2.4026083004352197,0.25663194444444387,0.480521660087044
paired_sensitivities,GGUE,Garriguella,drying5,blocks_10_20,end,regulated_hg_one,3,1.4525759717862576,1.135660680054479,1.333333333333331,2.46899401338781,0.26666666666666616,0.493798802677562
paired_sensitivities,GGUE,Garriguella,drying5,blocks_10_20,end,regulated_hg_two,3,1.1177741007511206,1.041048019707005,1.333333333333331,2.374381353040336,0.26666666666666616,0.4748762706080672
paired_sensitivities,GGUE,Garriguella,drying5,blocks_10_20,end,regulated_pm_one,3,1.402785724102571,1.0875081514303793,1.333333333333331,2.4208414847637103,0.26666666666666616,0.48416829695274205
paired_sensitivities,GGUE,Garriguella,drying5,blocks_10_20,end,regulated_pm_two,3,1.115504371416671,1.0692749671018889,1.333333333333331,2.4026083004352197,0.26666666666666616,0.480521660087044
paired_sensitivities,GGUE,Garriguella,drying5,blocks_10_20,mean,regulated_hg_one,3,1.3685481940084818,1.293299568943363,1.1756944444444468,2.46899401338781,0.23513888888888937,0.493798802677562
paired_sensitivities,GGUE,Garriguella,drying5,blocks_10_20,mean,regulated_hg_two,3,1.1986869085958891,1.1986869085958891,1.1756944444444468,2.374381353040336,0.23513888888888937,0.4748762706080672
paired_sensitivities,GGUE,Garriguella,drying5,blocks_10_20,mean,regulated_pm_one,3,1.318757946324795,1.2451470403192633,1.1756944444444468,2.4208414847637103,0.23513888888888937,0.48416829695274205
paired_sensitivities,GGUE,Garriguella,drying5,blocks_10_20,mean,regulated_pm_two,3,1.2269138559907729,1.2269138559907729,1.1756944444444468,2.4026083004352197,0.23513888888888937,0.480521660087044
paired_sensitivities,AGDS,Aguilar de Segarra,daily,linear_5_20_50,end,regulated_hg_one,59,1.5958905064405262,0.0785597004873824,-0.03446327683615816,0.04409642365122424,-0.03446327683615816,0.04409642365122424
paired_sensitivities,AGDS,Aguilar de Segarra,daily,linear_5_20_50,end,regulated_hg_two,59,1.5514178402529932,0.0707940855460044,-0.03446327683615816,0.03633080870984624,-0.03446327683615816,0.03633080870984624
paired_sensitivities,AGDS,Aguilar de Segarra,daily,linear_5_20_50,end,regulated_pm_one,59,1.6146706504225068,0.07991613212852093,-0.03446327683615816,0.04545285529236277,-0.03446327683615816,0.04545285529236277
paired_sensitivities,AGDS,Aguilar de Segarra,daily,linear_5_20_50,end,regulated_pm_two,59,1.5723930794925471,0.07255274991133977,-0.03446327683615816,0.03808947307518161,-0.03446327683615816,0.03808947307518161
paired_sensitivities,AGDS,Aguilar de Segarra,daily,linear_5_20_50,mean,regulated_hg_one,59,1.6089991056280506,0.07990150839698684,-0.035805084745762605,0.04409642365122424,-0.035805084745762605,0.04409642365122424
paired_sensitivities,AGDS,Aguilar de Segarra,daily,linear_5_20_50,mean,regulated_hg_two,59,1.558757607505074,0.07213589345560885,-0.035805084745762605,0.03633080870984624,-0.035805084745762605,0.03633080870984624
paired_sensitivities,AGDS,Aguilar de Segarra,daily,linear_5_20_50,mean,regulated_pm_one,59,1.6267636630401703,0.08125794003812538,-0.035805084745762605,0.04545285529236277,-0.035805084745762605,0.04545285529236277
paired_sensitivities,AGDS,Aguilar de Segarra,daily,linear_5_20_50,mean,regulated_pm_two,59,1.5816018097027498,0.07389455782094421,-0.035805084745762605,0.03808947307518161,-0.035805084745762605,0.03808947307518161
paired_sensitivities,AGDS,Aguilar de Segarra,daily,hold_20,end,regulated_hg_one,59,1.600163608329658,0.07714727110885135,-0.033050847457627104,0.04409642365122424,-0.033050847457627104,0.04409642365122424
paired_sensitivities,AGDS,Aguilar de Segarra,daily,hold_20,end,regulated_hg_two,59,1.5556717658085815,0.06938165616747335,-0.033050847457627104,0.03633080870984624,-0.033050847457627104,0.03633080870984624
paired_sensitivities,AGDS,Aguilar de Segarra,daily,hold_20,end,regulated_pm_one,59,1.6183974877530154,0.07850370274998988,-0.033050847457627104,0.04545285529236277,-0.033050847457627104,0.04545285529236277
paired_sensitivities,AGDS,Aguilar de Segarra,daily,hold_20,end,regulated_pm_two,59,1.5760870632459651,0.0711403205328087,-0.033050847457627104,0.03808947307518161,-0.033050847457627104,0.03808947307518161
paired_sensitivities,AGDS,Aguilar de Segarra,daily,hold_20,mean,regulated_hg_one,59,1.6112060265320054,0.07861266658907733,-0.03451624293785309,0.04409642365122424,-0.03451624293785309,0.04409642365122424
paired_sensitivities,AGDS,Aguilar de Segarra,daily,hold_20,mean,regulated_hg_two,59,1.5609998391434918,0.07084705164769933,-0.03451624293785309,0.03633080870984624,-0.03451624293785309,0.03633080870984624
paired_sensitivities,AGDS,Aguilar de Segarra,daily,hold_20,mean,regulated_pm_one,59,1.6288352809654476,0.07996909823021586,-0.03451624293785309,0.04545285529236277,-0.03451624293785309,0.04545285529236277
paired_sensitivities,AGDS,Aguilar de Segarra,daily,hold_20,mean,regulated_pm_two,59,1.583866144609751,0.0726057160130347,-0.03451624293785309,0.03808947307518161,-0.03451624293785309,0.03808947307518161
paired_sensitivities,AGDS,Aguilar de Segarra,daily,blocks_10_20,end,regulated_hg_one,59,1.6069432693466075,0.07968964399020731,-0.03559322033898307,0.04409642365122424,-0.03559322033898307,0.04409642365122424
paired_sensitivities,AGDS,Aguilar de Segarra,daily,blocks_10_20,end,regulated_hg_two,59,1.5607565115712936,0.07192402904882932,-0.03559322033898307,0.03633080870984624,-0.03559322033898307,0.03633080870984624
paired_sensitivities,AGDS,Aguilar de Segarra,daily,blocks_10_20,end,regulated_pm_one,59,1.6251771487699649,0.08104607563134585,-0.03559322033898307,0.04545285529236277,-0.03559322033898307,0.04545285529236277
paired_sensitivities,AGDS,Aguilar de Segarra,daily,blocks_10_20,end,regulated_pm_two,59,1.5828667242629146,0.07368269341416468,-0.03559322033898307,0.03808947307518161,-0.03559322033898307,0.03808947307518161
paired_sensitivities,AGDS,Aguilar de Segarra,daily,blocks_10_20,mean,regulated_hg_one,59,1.6077808852890676,0.0808195874930321,-0.03672316384180787,0.04409642365122424,-0.03672316384180787,0.04409642365122424
paired_sensitivities,AGDS,Aguilar de Segarra,daily,blocks_10_20,mean,regulated_hg_two,59,1.5570097261491416,0.07305397255165412,-0.03672316384180787,0.03633080870984624,-0.03672316384180787,0.03633080870984624
paired_sensitivities,AGDS,Aguilar de Segarra,daily,blocks_10_20,mean,regulated_pm_one,59,1.6257002969631438,0.08217601913417065,-0.03672316384180787,0.04545285529236277,-0.03672316384180787,0.04545285529236277
paired_sensitivities,AGDS,Aguilar de Segarra,daily,blocks_10_20,mean,regulated_pm_two,59,1.580546935570203,0.07481263691698947,-0.03672316384180787,0.03808947307518161,-0.03672316384180787,0.03808947307518161
paired_sensitivities,AGDS,Aguilar de Segarra,recharge_next,linear_5_20_50,end,regulated_hg_one,4,9.907530401597757,7.561375731728502,0.2937499999999993,7.855125731728501,0.14687499999999964,3.9275628658642505
paired_sensitivities,AGDS,Aguilar de Segarra,recharge_next,linear_5_20_50,end,regulated_hg_two,4,9.521487320219556,7.112915000664392,0.2937499999999993,7.4066650006643915,0.14687499999999964,3.7033325003321957
paired_sensitivities,AGDS,Aguilar de Segarra,recharge_next,linear_5_20_50,end,regulated_pm_one,4,10.256544408276175,7.8293893560905214,0.2937499999999993,8.12313935609052,0.14687499999999964,4.06156967804526
paired_sensitivities,AGDS,Aguilar de Segarra,recharge_next,linear_5_20_50,end,regulated_pm_two,4,9.917786726720962,7.40476205817406,0.2937499999999993,7.698512058174059,0.14687499999999964,3.8492560290870297
paired_sensitivities,AGDS,Aguilar de Segarra,recharge_next,linear_5_20_50,mean,regulated_hg_one,4,9.853884568264423,7.639066703950727,0.2160590277777743,7.855125731728501,0.10802951388888715,3.9275628658642505
paired_sensitivities,AGDS,Aguilar de Segarra,recharge_next,linear_5_20_50,mean,regulated_hg_two,4,9.467841486886222,7.190605972886617,0.2160590277777743,7.4066650006643915,0.10802951388888715,3.7033325003321957
paired_sensitivities,AGDS,Aguilar de Segarra,recharge_next,linear_5_20_50,mean,regulated_pm_one,4,10.202898574942841,7.907080328312746,0.2160590277777743,8.12313935609052,0.10802951388888715,4.06156967804526
paired_sensitivities,AGDS,Aguilar de Segarra,recharge_next,linear_5_20_50,mean,regulated_pm_two,4,9.864140893387628,7.482453030396285,0.2160590277777743,7.698512058174059,0.10802951388888715,3.8492560290870297
paired_sensitivities,AGDS,Aguilar de Segarra,recharge_next,hold_20,end,regulated_hg_one,4,9.899197068264423,7.561375731728502,0.2937499999999993,7.855125731728501,0.14687499999999964,3.9275628658642505
paired_sensitivities,AGDS,Aguilar de Segarra,recharge_next,hold_20,end,regulated_hg_two,4,9.513153986886222,7.112915000664392,0.2937499999999993,7.4066650006643915,0.14687499999999964,3.7033325003321957
paired_sensitivities,AGDS,Aguilar de Segarra,recharge_next,hold_20,end,regulated_pm_one,4,10.24821107494284,7.8293893560905214,0.2937499999999993,8.12313935609052,0.14687499999999964,4.06156967804526
paired_sensitivities,AGDS,Aguilar de Segarra,recharge_next,hold_20,end,regulated_pm_two,4,9.909453393387626,7.40476205817406,0.2937499999999993,7.698512058174059,0.14687499999999964,3.8492560290870297
paired_sensitivities,AGDS,Aguilar de Segarra,recharge_next,hold_20,mean,regulated_hg_one,4,9.850499151597756,7.645229898395168,0.2098958333333334,7.855125731728501,0.1049479166666667,3.9275628658642505
paired_sensitivities,AGDS,Aguilar de Segarra,recharge_next,hold_20,mean,regulated_hg_two,4,9.464456070219555,7.196769167331059,0.2098958333333334,7.4066650006643915,0.1049479166666667,3.7033325003321957
paired_sensitivities,AGDS,Aguilar de Segarra,recharge_next,hold_20,mean,regulated_pm_one,4,10.199513158276174,7.913243522757188,0.2098958333333334,8.12313935609052,0.1049479166666667,4.06156967804526
paired_sensitivities,AGDS,Aguilar de Segarra,recharge_next,hold_20,mean,regulated_pm_two,4,9.86075547672096,7.488616224840726,0.2098958333333334,7.698512058174059,0.1049479166666667,3.8492560290870297
paired_sensitivities,AGDS,Aguilar de Segarra,recharge_next,blocks_10_20,end,regulated_hg_one,4,9.780447068264422,7.680125731728503,0.17499999999999805,7.855125731728501,0.08749999999999902,3.9275628658642505
paired_sensitivities,AGDS,Aguilar de Segarra,recharge_next,blocks_10_20,end,regulated_hg_two,4,9.394403986886221,7.231665000664394,0.17499999999999805,7.4066650006643915,0.08749999999999902,3.7033325003321957
paired_sensitivities,AGDS,Aguilar de Segarra,recharge_next,blocks_10_20,end,regulated_pm_one,4,10.12946107494284,7.948139356090524,0.17499999999999805,8.12313935609052,0.08749999999999902,4.06156967804526
paired_sensitivities,AGDS,Aguilar de Segarra,recharge_next,blocks_10_20,end,regulated_pm_two,4,9.790703393387627,7.523512058174061,0.17499999999999805,7.698512058174059,0.08749999999999902,3.8492560290870297
paired_sensitivities,AGDS,Aguilar de Segarra,recharge_next,blocks_10_20,mean,regulated_hg_one,4,9.742426234931091,7.752521565061836,0.10260416666666483,7.855125731728501,0.051302083333332416,3.9275628658642505
paired_sensitivities,AGDS,Aguilar de Segarra,recharge_next,blocks_10_20,mean,regulated_hg_two,4,9.356383153552889,7.3040608339977275,0.10260416666666483,7.4066650006643915,0.051302083333332416,3.7033325003321957
paired_sensitivities,AGDS,Aguilar de Segarra,recharge_next,blocks_10_20,mean,regulated_pm_one,4,10.091440241609508,8.020535189423857,0.10260416666666483,8.12313935609052,0.051302083333332416,4.06156967804526
paired_sensitivities,AGDS,Aguilar de Segarra,recharge_next,blocks_10_20,mean,regulated_pm_two,4,9.752682560054295,7.5959078915073945,0.10260416666666483,7.698512058174059,0.051302083333332416,3.8492560290870297
paired_sensitivities,AGDS,Aguilar de Segarra,recharge_day3,linear_5_20_50,end,regulated_hg_one,4,8.480940955975974,2.5262069682243977,0.4229166666666657,2.9491236348910634,0.10572916666666643,0.7372809087227659
paired_sensitivities,AGDS,Aguilar de Segarra,recharge_day3,linear_5_20_50,end,regulated_hg_two,4,7.899715160035322,2.0955799282456775,0.4229166666666657,2.5184965949123432,0.10572916666666643,0.6296241487280858
paired_sensitivities,AGDS,Aguilar de Segarra,recharge_day3,linear_5_20_50,end,regulated_pm_one,4,8.80780021511213,2.8760608669762586,0.4229166666666657,3.2989775336429243,0.10572916666666643,0.8247443834107311
paired_sensitivities,AGDS,Aguilar de Segarra,recharge_day3,linear_5_20_50,end,regulated_pm_two,4,8.284907216429186,2.447476067365363,0.4229166666666657,2.8703927340320288,0.10572916666666643,0.7175981835080072
paired_sensitivities,AGDS,Aguilar de Segarra,recharge_day3,linear_5_20_50,mean,regulated_hg_one,4,8.435628455975973,2.516571551557731,0.4325520833333325,2.9491236348910634,0.10813802083333313,0.7372809087227659
paired_sensitivities,AGDS,Aguilar de Segarra,recharge_day3,linear_5_20_50,mean,regulated_hg_two,4,7.854402660035321,2.0859445115790107,0.4325520833333325,2.5184965949123432,0.10813802083333313,0.6296241487280858
paired_sensitivities,AGDS,Aguilar de Segarra,recharge_day3,linear_5_20_50,mean,regulated_pm_one,4,8.762487715112128,2.866425450309592,0.4325520833333325,3.2989775336429243,0.10813802083333313,0.8247443834107311
paired_sensitivities,AGDS,Aguilar de Segarra,recharge_day3,linear_5_20_50,mean,regulated_pm_two,4,8.239594716429185,2.4378406506986963,0.4325520833333325,2.8703927340320288,0.10813802083333313,0.7175981835080072
paired_sensitivities,AGDS,Aguilar de Segarra,recharge_day3,hold_20,end,regulated_hg_one,4,8.472607622642641,2.517873634891064,0.43124999999999947,2.9491236348910634,0.10781249999999987,0.7372809087227659
paired_sensitivities,AGDS,Aguilar de Segarra,recharge_day3,hold_20,end,regulated_hg_two,4,7.8913818267019895,2.0872465949123438,0.43124999999999947,2.5184965949123432,0.10781249999999987,0.6296241487280858
paired_sensitivities,AGDS,Aguilar de Segarra,recharge_day3,hold_20,end,regulated_pm_one,4,8.799466881778795,2.867727533642925,0.43124999999999947,3.2989775336429243,0.10781249999999987,0.8247443834107311
paired_sensitivities,AGDS,Aguilar de Segarra,recharge_day3,hold_20,end,regulated_pm_two,4,8.276573883095853,2.4391427340320293,0.43124999999999947,2.8703927340320288,0.10781249999999987,0.7175981835080072
paired_sensitivities,AGDS,Aguilar de Segarra,recharge_day3,hold_20,mean,regulated_hg_one,4,8.428597205975976,2.5090194682243965,0.44010416666666696,2.9491236348910634,0.11002604166666674,0.7372809087227659
paired_sensitivities,AGDS,Aguilar de Segarra,recharge_day3,hold_20,mean,regulated_hg_two,4,7.847371410035324,2.0783924282456763,0.44010416666666696,2.5184965949123432,0.11002604166666674,0.6296241487280858
paired_sensitivities,AGDS,Aguilar de Segarra,recharge_day3,hold_20,mean,regulated_pm_one,4,8.755456465112129,2.8588733669762574,0.44010416666666696,3.2989775336429243,0.11002604166666674,0.8247443834107311
paired_sensitivities,AGDS,Aguilar de Segarra,recharge_day3,hold_20,mean,regulated_pm_two,4,8.232563466429188,2.430288567365362,0.44010416666666696,2.8703927340320288,0.11002604166666674,0.7175981835080072
paired_sensitivities,AGDS,Aguilar de Segarra,recharge_day3,blocks_10_20,end,regulated_hg_one,4,8.32885762264264,2.6491236348910636,0.2999999999999998,2.9491236348910634,0.07499999999999996,0.7372809087227659
paired_sensitivities,AGDS,Aguilar de Segarra,recharge_day3,blocks_10_20,end,regulated_hg_two,4,7.747631826701989,2.2184965949123434,0.2999999999999998,2.5184965949123432,0.07499999999999996,0.6296241487280858
paired_sensitivities,AGDS,Aguilar de Segarra,recharge_day3,blocks_10_20,end,regulated_pm_one,4,8.655716881778794,2.9989775336429245,0.2999999999999998,3.2989775336429243,0.07499999999999996,0.8247443834107311
paired_sensitivities,AGDS,Aguilar de Segarra,recharge_day3,blocks_10_20,end,regulated_pm_two,4,8.132823883095853,2.570392734032029,0.2999999999999998,2.8703927340320288,0.07499999999999996,0.7175981835080072
paired_sensitivities,AGDS,Aguilar de Segarra,recharge_day3,blocks_10_20,mean,regulated_hg_one,4,8.30333678930931,2.6392278015577304,0.30989583333333304,2.9491236348910634,0.07747395833333326,0.7372809087227659
paired_sensitivities,AGDS,Aguilar de Segarra,recharge_day3,blocks_10_20,mean,regulated_hg_two,4,7.722110993368657,2.20860076157901,0.30989583333333304,2.5184965949123432,0.07747395833333326,0.6296241487280858
paired_sensitivities,AGDS,Aguilar de Segarra,recharge_day3,blocks_10_20,mean,regulated_pm_one,4,8.630196048445463,2.9890817003095913,0.30989583333333304,3.2989775336429243,0.07747395833333326,0.8247443834107311
paired_sensitivities,AGDS,Aguilar de Segarra,recharge_day3,blocks_10_20,mean,regulated_pm_two,4,8.107303049762521,2.5604969006986957,0.30989583333333304,2.8703927340320288,0.07747395833333326,0.7175981835080072
paired_sensitivities,AGDS,Aguilar de Segarra,drying5,linear_5_20_50,end,regulated_hg_one,1,3.7902277399986053,3.7902277399986053,0.5916666666666615,4.381894406665267,0.11833333333333229,0.8763788813330533
paired_sensitivities,AGDS,Aguilar de Segarra,drying5,linear_5_20_50,end,regulated_hg_two,1,3.189722336268607,3.189722336268607,0.5916666666666615,3.7813890029352684,0.11833333333333229,0.7562778005870536
paired_sensitivities,AGDS,Aguilar de Segarra,drying5,linear_5_20_50,end,regulated_pm_one,1,4.450093076851326,4.450093076851326,0.5916666666666615,5.0417597435179875,0.11833333333333229,1.0083519487035975
paired_sensitivities,AGDS,Aguilar de Segarra,drying5,linear_5_20_50,end,regulated_pm_two,1,3.858999738524271,3.858999738524271,0.5916666666666615,4.450666405190932,0.11833333333333229,0.8901332810381865
paired_sensitivities,AGDS,Aguilar de Segarra,drying5,linear_5_20_50,mean,regulated_hg_one,1,3.9322416288874917,3.9322416288874917,0.449652777777775,4.381894406665267,0.089930555555555,0.8763788813330533
paired_sensitivities,AGDS,Aguilar de Segarra,drying5,linear_5_20_50,mean,regulated_hg_two,1,3.3317362251574933,3.3317362251574933,0.449652777777775,3.7813890029352684,0.089930555555555,0.7562778005870536
paired_sensitivities,AGDS,Aguilar de Segarra,drying5,linear_5_20_50,mean,regulated_pm_one,1,4.5921069657402125,4.5921069657402125,0.449652777777775,5.0417597435179875,0.089930555555555,1.0083519487035975
paired_sensitivities,AGDS,Aguilar de Segarra,drying5,linear_5_20_50,mean,regulated_pm_two,1,4.001013627413157,4.001013627413157,0.449652777777775,4.450666405190932,0.089930555555555,0.8901332810381865
paired_sensitivities,AGDS,Aguilar de Segarra,drying5,hold_20,end,regulated_hg_one,1,3.8068944066652675,3.8068944066652675,0.5749999999999993,4.381894406665267,0.11499999999999985,0.8763788813330533
paired_sensitivities,AGDS,Aguilar de Segarra,drying5,hold_20,end,regulated_hg_two,1,3.206389002935269,3.206389002935269,0.5749999999999993,3.7813890029352684,0.11499999999999985,0.7562778005870536
paired_sensitivities,AGDS,Aguilar de Segarra,drying5,hold_20,end,regulated_pm_one,1,4.466759743517988,4.466759743517988,0.5749999999999993,5.0417597435179875,0.11499999999999985,1.0083519487035975
paired_sensitivities,AGDS,Aguilar de Segarra,drying5,hold_20,end,regulated_pm_two,1,3.875666405190933,3.875666405190933,0.5749999999999993,4.450666405190932,0.11499999999999985,0.8901332810381865
paired_sensitivities,AGDS,Aguilar de Segarra,drying5,hold_20,mean,regulated_hg_one,1,3.953769406665269,3.953769406665269,0.42812499999999787,4.381894406665267,0.08562499999999958,0.8763788813330533
paired_sensitivities,AGDS,Aguilar de Segarra,drying5,hold_20,mean,regulated_hg_two,1,3.3532640029352705,3.3532640029352705,0.42812499999999787,3.7813890029352684,0.08562499999999958,0.7562778005870536
paired_sensitivities,AGDS,Aguilar de Segarra,drying5,hold_20,mean,regulated_pm_one,1,4.61363474351799,4.61363474351799,0.42812499999999787,5.0417597435179875,0.08562499999999958,1.0083519487035975
paired_sensitivities,AGDS,Aguilar de Segarra,drying5,hold_20,mean,regulated_pm_two,1,4.0225414051909345,4.0225414051909345,0.42812499999999787,4.450666405190932,0.08562499999999958,0.8901332810381865
paired_sensitivities,AGDS,Aguilar de Segarra,drying5,blocks_10_20,end,regulated_hg_one,1,3.9818944066652717,3.9818944066652717,0.399999999999995,4.381894406665267,0.079999999999999,0.8763788813330533
paired_sensitivities,AGDS,Aguilar de Segarra,drying5,blocks_10_20,end,regulated_hg_two,1,3.3813890029352733,3.3813890029352733,0.399999999999995,3.7813890029352684,0.079999999999999,0.7562778005870536
paired_sensitivities,AGDS,Aguilar de Segarra,drying5,blocks_10_20,end,regulated_pm_one,1,4.6417597435179925,4.6417597435179925,0.399999999999995,5.0417597435179875,0.079999999999999,1.0083519487035975
paired_sensitivities,AGDS,Aguilar de Segarra,drying5,blocks_10_20,end,regulated_pm_two,1,4.050666405190937,4.050666405190937,0.399999999999995,4.450666405190932,0.079999999999999,0.8901332810381865
paired_sensitivities,AGDS,Aguilar de Segarra,drying5,blocks_10_20,mean,regulated_hg_one,1,4.094394406665269,4.094394406665269,0.28749999999999787,4.381894406665267,0.05749999999999957,0.8763788813330533
paired_sensitivities,AGDS,Aguilar de Segarra,drying5,blocks_10_20,mean,regulated_hg_two,1,3.4938890029352705,3.4938890029352705,0.28749999999999787,3.7813890029352684,0.05749999999999957,0.7562778005870536
paired_sensitivities,AGDS,Aguilar de Segarra,drying5,blocks_10_20,mean,regulated_pm_one,1,4.75425974351799,4.75425974351799,0.28749999999999787,5.0417597435179875,0.05749999999999957,1.0083519487035975
paired_sensitivities,AGDS,Aguilar de Segarra,drying5,blocks_10_20,mean,regulated_pm_two,1,4.1631664051909345,4.1631664051909345,0.28749999999999787,4.450666405190932,0.05749999999999957,0.8901332810381865
paired_sensitivities,TDLL,Torre del Lluvià,daily,linear_5_20_50,end,regulated_hg_one,59,1.1742872330067884,0.1041716252724255,0.0007062146892654966,0.104877839961691,0.0007062146892654966,0.104877839961691
paired_sensitivities,TDLL,Torre del Lluvià,daily,linear_5_20_50,end,regulated_hg_two,59,1.1768233078464299,0.08394433322051778,0.0007062146892654966,0.08465054790978327,0.0007062146892654966,0.08465054790978327
paired_sensitivities,TDLL,Torre del Lluvià,daily,linear_5_20_50,end,regulated_pm_one,59,1.140131932735054,0.1115137833197702,0.0007062146892654966,0.11221999800903569,0.0007062146892654966,0.11221999800903569
paired_sensitivities,TDLL,Torre del Lluvià,daily,linear_5_20_50,end,regulated_pm_two,59,1.1345343830715293,0.09101806024901238,0.0007062146892654966,0.09172427493827788,0.0007062146892654966,0.09172427493827788
paired_sensitivities,TDLL,Torre del Lluvià,daily,linear_5_20_50,mean,regulated_hg_one,59,1.784451566149848,0.10174989740048566,0.0031279425612053386,0.104877839961691,0.0031279425612053386,0.104877839961691
paired_sensitivities,TDLL,Torre del Lluvià,daily,linear_5_20_50,mean,regulated_hg_two,59,1.8055988615409186,0.08152260534857794,0.0031279425612053386,0.08465054790978327,0.0031279425612053386,0.08465054790978327
paired_sensitivities,TDLL,Torre del Lluvià,daily,linear_5_20_50,mean,regulated_pm_one,59,1.7551137941157275,0.10909205544783036,0.0031279425612053386,0.11221999800903569,0.0031279425612053386,0.11221999800903569
paired_sensitivities,TDLL,Torre del Lluvià,daily,linear_5_20_50,mean,regulated_pm_two,59,1.7658017555757501,0.08859633237707254,0.0031279425612053386,0.09172427493827788,0.0031279425612053386,0.09172427493827788
paired_sensitivities,TDLL,Torre del Lluvià,daily,hold_20,end,regulated_hg_one,59,1.2139318037687765,0.10360665352101305,0.001271186440677954,0.104877839961691,0.001271186440677954,0.104877839961691
paired_sensitivities,TDLL,Torre del Lluvià,daily,hold_20,end,regulated_hg_two,59,1.2165129677570365,0.08337936146910532,0.001271186440677954,0.08465054790978327,0.001271186440677954,0.08465054790978327
paired_sensitivities,TDLL,Torre del Lluvià,daily,hold_20,end,regulated_pm_one,59,1.1800410279738158,0.11094881156835774,0.001271186440677954,0.11221999800903569,0.001271186440677954,0.11221999800903569
paired_sensitivities,TDLL,Torre del Lluvià,daily,hold_20,end,regulated_pm_two,59,1.1752795139990826,0.09045308849759992,0.001271186440677954,0.09172427493827788,0.001271186440677954,0.09172427493827788
paired_sensitivities,TDLL,Torre del Lluvià,daily,hold_20,mean,regulated_hg_one,59,1.8154790919284103,0.1009671761198831,0.0039106638418079055,0.104877839961691,0.0039106638418079055,0.104877839961691
paired_sensitivities,TDLL,Torre del Lluvià,daily,hold_20,mean,regulated_hg_two,59,1.8374432589043836,0.08073988406797537,0.0039106638418079055,0.08465054790978327,0.0039106638418079055,0.08465054790978327
paired_sensitivities,TDLL,Torre del Lluvià,daily,hold_20,mean,regulated_pm_one,59,1.7860779413321937,0.1083093341672278,0.0039106638418079055,0.11221999800903569,0.0039106638418079055,0.11221999800903569
paired_sensitivities,TDLL,Torre del Lluvià,daily,hold_20,mean,regulated_pm_two,59,1.797516680246183,0.08781361109646997,0.0039106638418079055,0.09172427493827788,0.0039106638418079055,0.09172427493827788
paired_sensitivities,TDLL,Torre del Lluvià,daily,blocks_10_20,end,regulated_hg_one,59,1.354495887013004,0.10487783996169094,6.021548608136442e-17,0.104877839961691,6.021548608136442e-17,0.104877839961691
paired_sensitivities,TDLL,Torre del Lluvià,daily,blocks_10_20,end,regulated_hg_two,59,1.346692614000639,0.08465054790978321,6.021548608136442e-17,0.08465054790978327,6.021548608136442e-17,0.08465054790978327
paired_sensitivities,TDLL,Torre del Lluvià,daily,blocks_10_20,end,regulated_pm_one,59,1.323189473205492,0.11221999800903563,6.021548608136442e-17,0.11221999800903569,6.021548608136442e-17,0.11221999800903569
paired_sensitivities,TDLL,Torre del Lluvià,daily,blocks_10_20,end,regulated_pm_two,59,1.312228079277991,0.09172427493827781,6.021548608136442e-17,0.09172427493827788,6.021548608136442e-17,0.09172427493827788
paired_sensitivities,TDLL,Torre del Lluvià,daily,blocks_10_20,mean,regulated_hg_one,59,1.8090020533319262,0.10198235973570229,0.0028954802259887166,0.104877839961691,0.0028954802259887166,0.104877839961691
paired_sensitivities,TDLL,Torre del Lluvià,daily,blocks_10_20,mean,regulated_hg_two,59,1.8231560579137391,0.08175506768379456,0.0028954802259887166,0.08465054790978327,0.0028954802259887166,0.08465054790978327
paired_sensitivities,TDLL,Torre del Lluvià,daily,blocks_10_20,mean,regulated_pm_one,59,1.7834514415650593,0.10932451778304698,0.0028954802259887166,0.11221999800903569,0.0028954802259887166,0.11221999800903569
paired_sensitivities,TDLL,Torre del Lluvià,daily,blocks_10_20,mean,regulated_pm_two,59,1.7886810913120477,0.08882879471228916,0.0028954802259887166,0.09172427493827788,0.0028954802259887166,0.09172427493827788
paired_sensitivities,TDLL,Torre del Lluvià,recharge_next,linear_5_20_50,end,regulated_hg_one,3,5.962433899091181,-0.8079299549467361,13.27222222222222,12.464292267275484,6.63611111111111,6.232146133637742
paired_sensitivities,TDLL,Torre del Lluvià,recharge_next,linear_5_20_50,end,regulated_hg_two,3,5.484331322542363,-1.7346095342363066,13.27222222222222,11.537612687985913,6.63611111111111,5.768806343992956
paired_sensitivities,TDLL,Torre del Lluvià,recharge_next,linear_5_20_50,end,regulated_pm_one,3,6.705947656403172,-0.1838352707931925,13.27222222222222,13.088386951429028,6.63611111111111,6.544193475714514
paired_sensitivities,TDLL,Torre del Lluvià,recharge_next,linear_5_20_50,end,regulated_pm_two,3,6.344265891224862,-0.9205819487601209,13.27222222222222,12.351640273462099,6.63611111111111,6.1758201367310495
paired_sensitivities,TDLL,Torre del Lluvià,recharge_next,linear_5_20_50,mean,regulated_hg_one,3,6.366369084276367,-0.8683466216134095,13.332638888888892,12.464292267275484,6.666319444444446,6.232146133637742
paired_sensitivities,TDLL,Torre del Lluvià,recharge_next,linear_5_20_50,mean,regulated_hg_two,3,5.888266507727549,-1.7950262009029798,13.332638888888892,11.537612687985913,6.666319444444446,5.768806343992956
paired_sensitivities,TDLL,Torre del Lluvià,recharge_next,linear_5_20_50,mean,regulated_pm_one,3,7.109882841588358,-0.24425193745986581,13.332638888888892,13.088386951429028,6.666319444444446,6.544193475714514
paired_sensitivities,TDLL,Torre del Lluvià,recharge_next,linear_5_20_50,mean,regulated_pm_two,3,6.748201076410048,-0.9809986154267941,13.332638888888892,12.351640273462099,6.666319444444446,6.1758201367310495
paired_sensitivities,TDLL,Torre del Lluvià,recharge_next,hold_20,end,regulated_hg_one,3,6.073545010202292,-0.9523743993911854,13.41666666666667,12.464292267275484,6.708333333333335,6.232146133637742
paired_sensitivities,TDLL,Torre del Lluvià,recharge_next,hold_20,end,regulated_hg_two,3,5.595442433653473,-1.8790539786807559,13.41666666666667,11.537612687985913,6.708333333333335,5.768806343992956
paired_sensitivities,TDLL,Torre del Lluvià,recharge_next,hold_20,end,regulated_pm_one,3,6.817058767514283,-0.32827971523764177,13.41666666666667,13.088386951429028,6.708333333333335,6.544193475714514
paired_sensitivities,TDLL,Torre del Lluvià,recharge_next,hold_20,end,regulated_pm_two,3,6.455377002335973,-1.06502639320457,13.41666666666667,12.351640273462099,6.708333333333335,6.1758201367310495
paired_sensitivities,TDLL,Torre del Lluvià,recharge_next,hold_20,mean,regulated_hg_one,3,6.548545010202292,-1.03154106605785,13.495833333333334,12.464292267275484,6.747916666666667,6.232146133637742
paired_sensitivities,TDLL,Torre del Lluvià,recharge_next,hold_20,mean,regulated_hg_two,3,6.070442433653474,-1.9582206453474205,13.495833333333334,11.537612687985913,6.747916666666667,5.768806343992956
paired_sensitivities,TDLL,Torre del Lluvià,recharge_next,hold_20,mean,regulated_pm_one,3,7.292058767514283,-0.4074463819043063,13.495833333333334,13.088386951429028,6.747916666666667,6.544193475714514
paired_sensitivities,TDLL,Torre del Lluvià,recharge_next,hold_20,mean,regulated_pm_two,3,6.930377002335973,-1.1441930598712347,13.495833333333334,12.351640273462099,6.747916666666667,6.1758201367310495
paired_sensitivities,TDLL,Torre del Lluvià,recharge_next,blocks_10_20,end,regulated_hg_one,3,7.540211676868957,0.930958933942151,11.533333333333333,12.464292267275484,5.766666666666667,6.232146133637742
paired_sensitivities,TDLL,Torre del Lluvià,recharge_next,blocks_10_20,end,regulated_hg_two,3,7.062109100320138,0.004279354652580558,11.533333333333333,11.537612687985913,5.766666666666667,5.768806343992956
paired_sensitivities,TDLL,Torre del Lluvià,recharge_next,blocks_10_20,end,regulated_pm_one,3,8.283725434180948,1.5550536180956946,11.533333333333333,13.088386951429028,5.766666666666667,6.544193475714514
paired_sensitivities,TDLL,Torre del Lluvià,recharge_next,blocks_10_20,end,regulated_pm_two,3,7.922043669002638,0.8183069401287663,11.533333333333333,12.351640273462099,5.766666666666667,6.1758201367310495
paired_sensitivities,TDLL,Torre del Lluvià,recharge_next,blocks_10_20,mean,regulated_hg_one,3,8.204795010202293,0.8080422672754836,11.65625,12.464292267275484,5.828125,6.232146133637742
paired_sensitivities,TDLL,Torre del Lluvià,recharge_next,blocks_10_20,mean,regulated_hg_two,3,7.726692433653475,-0.11863731201408682,11.65625,11.537612687985913,5.828125,5.768806343992956
paired_sensitivities,TDLL,Torre del Lluvià,recharge_next,blocks_10_20,mean,regulated_pm_one,3,8.948308767514284,1.4321369514290272,11.65625,13.088386951429028,5.828125,6.544193475714514
paired_sensitivities,TDLL,Torre del Lluvià,recharge_next,blocks_10_20,mean,regulated_pm_two,3,8.586627002335975,0.6953902734620989,11.65625,12.351640273462099,5.828125,6.1758201367310495
paired_sensitivities,TDLL,Torre del Lluvià,recharge_day3,linear_5_20_50,end,regulated_hg_one,3,2.3181869180808308,-2.144677283845319,9.316666666666666,7.171989382821348,2.3291666666666666,1.792997345705337
paired_sensitivities,TDLL,Torre del Lluvià,recharge_day3,linear_5_20_50,end,regulated_hg_two,3,3.248540103740947,-3.248540103740947,9.316666666666666,6.06812656292572,2.3291666666666666,1.51703164073143
paired_sensitivities,TDLL,Torre del Lluvià,recharge_day3,linear_5_20_50,end,regulated_pm_one,3,3.251789820781834,-1.2715210647345536,9.316666666666666,8.045145601932113,2.3291666666666666,2.011286400483028
paired_sensitivities,TDLL,Torre del Lluvià,recharge_day3,linear_5_20_50,end,regulated_pm_two,3,3.3114574005839823,-2.3028173027630667,9.316666666666666,7.0138493639036,2.3291666666666666,1.7534623409759
paired_sensitivities,TDLL,Torre del Lluvià,recharge_day3,linear_5_20_50,mean,regulated_hg_one,3,2.6774461773400895,-2.593519876437912,9.76550925925926,7.171989382821348,2.441377314814815,1.792997345705337
paired_sensitivities,TDLL,Torre del Lluvià,recharge_day3,linear_5_20_50,mean,regulated_hg_two,3,3.6973826963335403,-3.6973826963335403,9.76550925925926,6.06812656292572,2.441377314814815,1.51703164073143
paired_sensitivities,TDLL,Torre del Lluvià,recharge_day3,linear_5_20_50,mean,regulated_pm_one,3,3.136859265226279,-1.720363657327147,9.76550925925926,8.045145601932113,2.441377314814815,2.011286400483028
paired_sensitivities,TDLL,Torre del Lluvià,recharge_day3,linear_5_20_50,mean,regulated_pm_two,3,3.2861101783617617,-2.75165989535566,9.76550925925926,7.0138493639036,2.441377314814815,1.7534623409759
paired_sensitivities,TDLL,Torre del Lluvià,recharge_day3,hold_20,end,regulated_hg_one,3,2.52374247363639,-2.3280106171786548,9.500000000000002,7.171989382821348,2.3750000000000004,1.792997345705337
paired_sensitivities,TDLL,Torre del Lluvià,recharge_day3,hold_20,end,regulated_hg_two,3,3.431873437074283,-3.431873437074283,9.500000000000002,6.06812656292572,2.3750000000000004,1.51703164073143
paired_sensitivities,TDLL,Torre del Lluvià,recharge_day3,hold_20,end,regulated_pm_one,3,3.1906787096707228,-1.4548543980678896,9.500000000000002,8.045145601932113,2.3750000000000004,2.011286400483028
paired_sensitivities,TDLL,Torre del Lluvià,recharge_day3,hold_20,end,regulated_pm_two,3,3.2281240672506475,-2.4861506360964025,9.500000000000002,7.0138493639036,2.3750000000000004,1.7534623409759
paired_sensitivities,TDLL,Torre del Lluvià,recharge_day3,hold_20,mean,regulated_hg_one,3,2.8949230291919408,-2.769330061623097,9.941319444444444,7.171989382821348,2.485329861111111,1.792997345705337
paired_sensitivities,TDLL,Torre del Lluvià,recharge_day3,hold_20,mean,regulated_hg_two,3,3.873192881518725,-3.873192881518725,9.941319444444444,6.06812656292572,2.485329861111111,1.51703164073143
paired_sensitivities,TDLL,Torre del Lluvià,recharge_day3,hold_20,mean,regulated_pm_one,3,3.1073453763373884,-1.8961738425123318,9.941319444444444,8.045145601932113,2.485329861111111,2.011286400483028
paired_sensitivities,TDLL,Torre del Lluvià,recharge_day3,hold_20,mean,regulated_pm_two,3,3.2149296228062045,-2.9274700805408447,9.941319444444444,7.0138493639036,2.485329861111111,1.7534623409759
paired_sensitivities,TDLL,Torre del Lluvià,recharge_day3,blocks_10_20,end,regulated_hg_one,3,3.018684258923097,-1.3280106171786559,8.500000000000004,7.171989382821348,2.125000000000001,1.792997345705337
paired_sensitivities,TDLL,Torre del Lluvià,recharge_day3,blocks_10_20,end,regulated_hg_two,3,3.0656029042381396,-2.4318734370742843,8.500000000000004,6.06812656292572,2.125000000000001,1.51703164073143
paired_sensitivities,TDLL,Torre del Lluvià,recharge_day3,blocks_10_20,end,regulated_pm_one,3,4.0740120430040525,-0.45485439806789074,8.500000000000004,8.045145601932113,2.125000000000001,2.011286400483028
paired_sensitivities,TDLL,Torre del Lluvià,recharge_day3,blocks_10_20,end,regulated_pm_two,3,3.644790733917313,-1.4861506360964036,8.500000000000004,7.0138493639036,2.125000000000001,1.7534623409759
paired_sensitivities,TDLL,Torre del Lluvià,recharge_day3,blocks_10_20,mean,regulated_hg_one,3,3.1103509255897666,-1.64606617273421,8.818055555555558,7.171989382821348,2.2045138888888896,1.792997345705337
paired_sensitivities,TDLL,Torre del Lluvià,recharge_day3,blocks_10_20,mean,regulated_hg_two,3,3.143380682015919,-2.749928992629838,8.818055555555558,6.06812656292572,2.2045138888888896,1.51703164073143
paired_sensitivities,TDLL,Torre del Lluvià,recharge_day3,blocks_10_20,mean,regulated_pm_one,3,4.165678709670722,-0.7729099536234448,8.818055555555558,8.045145601932113,2.2045138888888896,2.011286400483028
paired_sensitivities,TDLL,Torre del Lluvià,recharge_day3,blocks_10_20,mean,regulated_pm_two,3,3.7225685116950924,-1.8042061916519578,8.818055555555558,7.0138493639036,2.2045138888888896,1.7534623409759
paired_sensitivities,TDLL,Torre del Lluvià,drying5,linear_5_20_50,end,regulated_hg_one,2,4.375063861030055,-2.122275421794208,9.9375,7.815224578205791,1.9875,1.5630449156411585
paired_sensitivities,TDLL,Torre del Lluvià,drying5,linear_5_20_50,end,regulated_hg_two,2,4.085776660191863,-3.045761680335799,9.9375,6.891738319664201,1.9875,1.37834766393284
paired_sensitivities,TDLL,Torre del Lluvià,drying5,linear_5_20_50,end,regulated_pm_one,2,3.991162609523936,-1.6635679012830056,9.9375,8.273932098716994,1.9875,1.6547864197433988
paired_sensitivities,TDLL,Torre del Lluvià,drying5,linear_5_20_50,end,regulated_pm_two,2,3.6743107165061284,-2.4176942725131143,9.9375,7.519805727486886,1.9875,1.5039611454973771
paired_sensitivities,TDLL,Torre del Lluvià,drying5,linear_5_20_50,mean,regulated_hg_one,2,4.797893722141165,-2.520799727349764,10.336024305555556,7.815224578205791,2.067204861111111,1.5630449156411585
paired_sensitivities,TDLL,Torre del Lluvià,drying5,linear_5_20_50,mean,regulated_hg_two,2,4.508606521302973,-3.444285985891355,10.336024305555556,6.891738319664201,2.067204861111111,1.37834766393284
paired_sensitivities,TDLL,Torre del Lluvià,drying5,linear_5_20_50,mean,regulated_pm_one,2,4.413992470635046,-2.0620922068385616,10.336024305555556,8.273932098716994,2.067204861111111,1.6547864197433988
paired_sensitivities,TDLL,Torre del Lluvià,drying5,linear_5_20_50,mean,regulated_pm_two,2,4.097140577617238,-2.8162185780686704,10.336024305555556,7.519805727486886,2.067204861111111,1.5039611454973771
paired_sensitivities,TDLL,Torre del Lluvià,drying5,hold_20,end,regulated_hg_one,2,4.508397194363388,-2.3222754217942145,10.137500000000006,7.815224578205791,2.027500000000001,1.5630449156411585
paired_sensitivities,TDLL,Torre del Lluvià,drying5,hold_20,end,regulated_hg_two,2,4.219109993525196,-3.2457616803358054,10.137500000000006,6.891738319664201,2.027500000000001,1.37834766393284
paired_sensitivities,TDLL,Torre del Lluvià,drying5,hold_20,end,regulated_pm_one,2,4.124495942857269,-1.863567901283012,10.137500000000006,8.273932098716994,2.027500000000001,1.6547864197433988
paired_sensitivities,TDLL,Torre del Lluvià,drying5,hold_20,end,regulated_pm_two,2,3.8076440498394613,-2.6176942725131207,10.137500000000006,7.519805727486886,2.027500000000001,1.5039611454973771
paired_sensitivities,TDLL,Torre del Lluvià,drying5,hold_20,mean,regulated_hg_one,2,4.969074277696718,-2.7079525051275417,10.523177083333334,7.815224578205791,2.1046354166666665,1.5630449156411585
paired_sensitivities,TDLL,Torre del Lluvià,drying5,hold_20,mean,regulated_hg_two,2,4.679787076858526,-3.6314387636691325,10.523177083333334,6.891738319664201,2.1046354166666665,1.37834766393284
paired_sensitivities,TDLL,Torre del Lluvià,drying5,hold_20,mean,regulated_pm_one,2,4.585173026190599,-2.249244984616339,10.523177083333334,8.273932098716994,2.1046354166666665,1.6547864197433988
paired_sensitivities,TDLL,Torre del Lluvià,drying5,hold_20,mean,regulated_pm_two,2,4.268321133172791,-3.003371355846448,10.523177083333334,7.519805727486886,2.1046354166666665,1.5039611454973771
paired_sensitivities,TDLL,Torre del Lluvià,drying5,blocks_10_20,end,regulated_hg_one,2,4.9458971943633845,-1.134775421794211,8.950000000000003,7.815224578205791,1.7900000000000005,1.5630449156411585
paired_sensitivities,TDLL,Torre del Lluvià,drying5,blocks_10_20,end,regulated_hg_two,2,4.656609993525192,-2.058261680335802,8.950000000000003,6.891738319664201,1.7900000000000005,1.37834766393284
paired_sensitivities,TDLL,Torre del Lluvià,drying5,blocks_10_20,end,regulated_pm_one,2,4.561995942857266,-0.6760679012830084,8.950000000000003,8.273932098716994,1.7900000000000005,1.6547864197433988
paired_sensitivities,TDLL,Torre del Lluvià,drying5,blocks_10_20,end,regulated_pm_two,2,4.245144049839458,-1.4301942725131171,8.950000000000003,7.519805727486886,1.7900000000000005,1.5039611454973771
paired_sensitivities,TDLL,Torre del Lluvià,drying5,blocks_10_20,mean,regulated_hg_one,2,5.456313861030054,-1.3576920884608792,9.172916666666671,7.815224578205791,1.8345833333333341,1.5630449156411585
paired_sensitivities,TDLL,Torre del Lluvià,drying5,blocks_10_20,mean,regulated_hg_two,2,5.167026660191862,-2.28117834700247,9.172916666666671,6.891738319664201,1.8345833333333341,1.37834766393284
paired_sensitivities,TDLL,Torre del Lluvià,drying5,blocks_10_20,mean,regulated_pm_one,2,5.072412609523935,-0.8989845679496766,9.172916666666671,8.273932098716994,1.8345833333333341,1.6547864197433988
paired_sensitivities,TDLL,Torre del Lluvià,drying5,blocks_10_20,mean,regulated_pm_two,2,4.755560716506127,-1.6531109391797854,9.172916666666671,7.519805727486886,1.8345833333333341,1.5039611454973771
paired_sensitivities,PDCE,Pobla de Cérvoles,daily,linear_5_20_50,end,regulated_hg_one,59,0.33935931263875524,0.07992227774833971,-0.07344632768361586,0.006475950064723848,-0.07344632768361586,0.006475950064723848
paired_sensitivities,PDCE,Pobla de Cérvoles,daily,linear_5_20_50,end,regulated_hg_two,59,0.3323838473170373,0.07646482059359376,-0.07344632768361586,0.0030184929099779075,-0.07344632768361586,0.0030184929099779075
paired_sensitivities,PDCE,Pobla de Cérvoles,daily,linear_5_20_50,end,regulated_pm_one,59,0.3365417799774228,0.07877212895725497,-0.07344632768361586,0.0053258012736391,-0.07344632768361586,0.0053258012736391
paired_sensitivities,PDCE,Pobla de Cérvoles,daily,linear_5_20_50,end,regulated_pm_two,59,0.33082212730508564,0.07609500189229164,-0.07344632768361586,0.0026486742086757817,-0.07344632768361586,0.0026486742086757817
paired_sensitivities,PDCE,Pobla de Cérvoles,daily,linear_5_20_50,mean,regulated_hg_one,59,0.26548466232183626,0.07686495665606098,-0.07038900659133714,0.006475950064723848,-0.07038900659133714,0.006475950064723848
paired_sensitivities,PDCE,Pobla de Cérvoles,daily,linear_5_20_50,mean,regulated_hg_two,59,0.2592213020694329,0.07340749950131503,-0.07038900659133714,0.0030184929099779075,-0.07038900659133714,0.0030184929099779075
paired_sensitivities,PDCE,Pobla de Cérvoles,daily,linear_5_20_50,mean,regulated_pm_one,59,0.2651549548462927,0.07571480786497624,-0.07038900659133714,0.0053258012736391,-0.07038900659133714,0.0053258012736391
paired_sensitivities,PDCE,Pobla de Cérvoles,daily,linear_5_20_50,mean,regulated_pm_two,59,0.25659891222557035,0.07303768080001291,-0.07038900659133714,0.0026486742086757817,-0.07038900659133714,0.0026486742086757817
paired_sensitivities,PDCE,Pobla de Cérvoles,daily,hold_20,end,regulated_hg_one,59,0.3484997434689327,0.0810522212511645,-0.07457627118644065,0.006475950064723848,-0.07457627118644065,0.006475950064723848
paired_sensitivities,PDCE,Pobla de Cérvoles,daily,hold_20,end,regulated_hg_two,59,0.3423015058069729,0.07759476409641856,-0.07457627118644065,0.0030184929099779075,-0.07457627118644065,0.0030184929099779075
paired_sensitivities,PDCE,Pobla de Cérvoles,daily,hold_20,end,regulated_pm_one,59,0.345853724559605,0.07990207246007976,-0.07457627118644065,0.0053258012736391,-0.07457627118644065,0.0053258012736391
paired_sensitivities,PDCE,Pobla de Cérvoles,daily,hold_20,end,regulated_pm_two,59,0.3407898656579756,0.07722494539511644,-0.07457627118644065,0.0026486742086757817,-0.07457627118644065,0.0026486742086757817
paired_sensitivities,PDCE,Pobla de Cérvoles,daily,hold_20,mean,regulated_hg_one,59,0.27042228002428426,0.07770652916076912,-0.07123057909604527,0.006475950064723848,-0.07123057909604527,0.006475950064723848
paired_sensitivities,PDCE,Pobla de Cérvoles,daily,hold_20,mean,regulated_hg_two,59,0.2638411231617114,0.07424907200602317,-0.07123057909604527,0.0030184929099779075,-0.07123057909604527,0.0030184929099779075
paired_sensitivities,PDCE,Pobla de Cérvoles,daily,hold_20,mean,regulated_pm_one,59,0.2703044369555203,0.07655638036968437,-0.07123057909604527,0.0053258012736391,-0.07123057909604527,0.0053258012736391
paired_sensitivities,PDCE,Pobla de Cérvoles,daily,hold_20,mean,regulated_pm_two,59,0.26146590845909184,0.07387925330472105,-0.07123057909604527,0.0026486742086757817,-0.07123057909604527,0.0026486742086757817
paired_sensitivities,PDCE,Pobla de Cérvoles,daily,blocks_10_20,end,regulated_hg_one,59,0.34647424674544525,0.08444205175963906,-0.07796610169491522,0.006475950064723848,-0.07796610169491522,0.006475950064723848
paired_sensitivities,PDCE,Pobla de Cérvoles,daily,blocks_10_20,end,regulated_hg_two,59,0.33956825503690796,0.08098459460489313,-0.07796610169491522,0.0030184929099779075,-0.07796610169491522,0.0030184929099779075
paired_sensitivities,PDCE,Pobla de Cérvoles,daily,blocks_10_20,end,regulated_pm_one,59,0.3443223511608172,0.08329190296855432,-0.07796610169491522,0.0053258012736391,-0.07796610169491522,0.0053258012736391
paired_sensitivities,PDCE,Pobla de Cérvoles,daily,blocks_10_20,end,regulated_pm_two,59,0.33824749277661975,0.08061477590359101,-0.07796610169491522,0.0026486742086757817,-0.07796610169491522,0.0026486742086757817
paired_sensitivities,PDCE,Pobla de Cérvoles,daily,blocks_10_20,mean,regulated_hg_one,59,0.26630955311709675,0.08024007435850922,-0.07376412429378536,0.006475950064723848,-0.07376412429378536,0.006475950064723848
paired_sensitivities,PDCE,Pobla de Cérvoles,daily,blocks_10_20,mean,regulated_hg_two,59,0.25920658926340606,0.07678261720376327,-0.07376412429378536,0.0030184929099779075,-0.07376412429378536,0.0030184929099779075
paired_sensitivities,PDCE,Pobla de Cérvoles,daily,blocks_10_20,mean,regulated_pm_one,59,0.26674688045834494,0.07908992556742446,-0.07376412429378536,0.0053258012736391,-0.07376412429378536,0.0053258012736391
paired_sensitivities,PDCE,Pobla de Cérvoles,daily,blocks_10_20,mean,regulated_pm_two,59,0.256505799182181,0.07641279850246115,-0.07376412429378536,0.0026486742086757817,-0.07376412429378536,0.0026486742086757817
paired_sensitivities,PDCE,Pobla de Cérvoles,recharge_next,linear_5_20_50,end,regulated_hg_one,1,3.2610332741705905,3.2610332741705905,-0.33333333333333215,2.9276999408372584,-0.16666666666666607,1.4638499704186292
paired_sensitivities,PDCE,Pobla de Cérvoles,recharge_next,linear_5_20_50,end,regulated_hg_two,1,2.811148062555536,2.811148062555536,-0.33333333333333215,2.477814729222204,-0.16666666666666607,1.238907364611102
paired_sensitivities,PDCE,Pobla de Cérvoles,recharge_next,linear_5_20_50,end,regulated_pm_one,1,3.1949940072392136,3.1949940072392136,-0.33333333333333215,2.8616606739058814,-0.16666666666666607,1.4308303369529407
paired_sensitivities,PDCE,Pobla de Cérvoles,recharge_next,linear_5_20_50,end,regulated_pm_two,1,2.715288802168653,2.715288802168653,-0.33333333333333215,2.381955468835321,-0.16666666666666607,1.1909777344176604
paired_sensitivities,PDCE,Pobla de Cérvoles,recharge_next,linear_5_20_50,mean,regulated_hg_one,1,3.3266582741705877,3.3266582741705877,-0.3989583333333293,2.9276999408372584,-0.19947916666666465,1.4638499704186292
paired_sensitivities,PDCE,Pobla de Cérvoles,recharge_next,linear_5_20_50,mean,regulated_hg_two,1,2.8767730625555332,2.8767730625555332,-0.3989583333333293,2.477814729222204,-0.19947916666666465,1.238907364611102
paired_sensitivities,PDCE,Pobla de Cérvoles,recharge_next,linear_5_20_50,mean,regulated_pm_one,1,3.2606190072392107,3.2606190072392107,-0.3989583333333293,2.8616606739058814,-0.19947916666666465,1.4308303369529407
paired_sensitivities,PDCE,Pobla de Cérvoles,recharge_next,linear_5_20_50,mean,regulated_pm_two,1,2.78091380216865,2.78091380216865,-0.3989583333333293,2.381955468835321,-0.19947916666666465,1.1909777344176604
paired_sensitivities,PDCE,Pobla de Cérvoles,recharge_next,hold_20,end,regulated_hg_one,1,3.2776999408372562,3.2776999408372562,-0.34999999999999787,2.9276999408372584,-0.17499999999999893,1.4638499704186292
paired_sensitivities,PDCE,Pobla de Cérvoles,recharge_next,hold_20,end,regulated_hg_two,1,2.827814729222202,2.827814729222202,-0.34999999999999787,2.477814729222204,-0.17499999999999893,1.238907364611102
paired_sensitivities,PDCE,Pobla de Cérvoles,recharge_next,hold_20,end,regulated_pm_one,1,3.2116606739058793,3.2116606739058793,-0.34999999999999787,2.8616606739058814,-0.17499999999999893,1.4308303369529407
paired_sensitivities,PDCE,Pobla de Cérvoles,recharge_next,hold_20,end,regulated_pm_two,1,2.7319554688353187,2.7319554688353187,-0.34999999999999787,2.381955468835321,-0.17499999999999893,1.1909777344176604
paired_sensitivities,PDCE,Pobla de Cérvoles,recharge_next,hold_20,mean,regulated_hg_one,1,3.3474916075039234,3.3474916075039234,-0.419791666666665,2.9276999408372584,-0.2098958333333325,1.4638499704186292
paired_sensitivities,PDCE,Pobla de Cérvoles,recharge_next,hold_20,mean,regulated_hg_two,1,2.897606395888869,2.897606395888869,-0.419791666666665,2.477814729222204,-0.2098958333333325,1.238907364611102
paired_sensitivities,PDCE,Pobla de Cérvoles,recharge_next,hold_20,mean,regulated_pm_one,1,3.2814523405725464,3.2814523405725464,-0.419791666666665,2.8616606739058814,-0.2098958333333325,1.4308303369529407
paired_sensitivities,PDCE,Pobla de Cérvoles,recharge_next,hold_20,mean,regulated_pm_two,1,2.801747135501986,2.801747135501986,-0.419791666666665,2.381955468835321,-0.2098958333333325,1.1909777344176604
paired_sensitivities,PDCE,Pobla de Cérvoles,recharge_next,blocks_10_20,end,regulated_hg_one,1,3.3276999408372605,3.3276999408372605,-0.40000000000000213,2.9276999408372584,-0.20000000000000107,1.4638499704186292
paired_sensitivities,PDCE,Pobla de Cérvoles,recharge_next,blocks_10_20,end,regulated_hg_two,1,2.877814729222206,2.877814729222206,-0.40000000000000213,2.477814729222204,-0.20000000000000107,1.238907364611102
paired_sensitivities,PDCE,Pobla de Cérvoles,recharge_next,blocks_10_20,end,regulated_pm_one,1,3.2616606739058835,3.2616606739058835,-0.40000000000000213,2.8616606739058814,-0.20000000000000107,1.4308303369529407
paired_sensitivities,PDCE,Pobla de Cérvoles,recharge_next,blocks_10_20,end,regulated_pm_two,1,2.781955468835323,2.781955468835323,-0.40000000000000213,2.381955468835321,-0.20000000000000107,1.1909777344176604
paired_sensitivities,PDCE,Pobla de Cérvoles,recharge_next,blocks_10_20,mean,regulated_hg_one,1,3.3922832741705884,3.3922832741705884,-0.46458333333333,2.9276999408372584,-0.232291666666665,1.4638499704186292
paired_sensitivities,PDCE,Pobla de Cérvoles,recharge_next,blocks_10_20,mean,regulated_hg_two,1,2.942398062555534,2.942398062555534,-0.46458333333333,2.477814729222204,-0.232291666666665,1.238907364611102
paired_sensitivities,PDCE,Pobla de Cérvoles,recharge_next,blocks_10_20,mean,regulated_pm_one,1,3.3262440072392114,3.3262440072392114,-0.46458333333333,2.8616606739058814,-0.232291666666665,1.4308303369529407
paired_sensitivities,PDCE,Pobla de Cérvoles,recharge_next,blocks_10_20,mean,regulated_pm_two,1,2.846538802168651,2.846538802168651,-0.46458333333333,2.381955468835321,-0.232291666666665,1.1909777344176604
paired_sensitivities,PDCE,Pobla de Cérvoles,recharge_day3,linear_5_20_50,end,regulated_hg_one,1,1.7692759552900421,1.7692759552900421,0.3833333333333364,2.1526092886233785,0.0958333333333341,0.5381523221558446
paired_sensitivities,PDCE,Pobla de Cérvoles,recharge_day3,linear_5_20_50,end,regulated_hg_two,1,1.168673623464364,1.168673623464364,0.3833333333333364,1.5520069567977004,0.0958333333333341,0.3880017391994251
paired_sensitivities,PDCE,Pobla de Cérvoles,recharge_day3,linear_5_20_50,end,regulated_pm_one,1,1.518332466787462,1.518332466787462,0.3833333333333364,1.9016658001207984,0.0958333333333341,0.4754164500301996
paired_sensitivities,PDCE,Pobla de Cérvoles,recharge_day3,linear_5_20_50,end,regulated_pm_two,1,0.8913051300801578,0.8913051300801578,0.3833333333333364,1.2746384634134942,0.0958333333333341,0.31865961585337355
paired_sensitivities,PDCE,Pobla de Cérvoles,recharge_day3,linear_5_20_50,mean,regulated_hg_one,1,1.9805606775122664,1.9805606775122664,0.17204861111111214,2.1526092886233785,0.043012152777778034,0.5381523221558446
paired_sensitivities,PDCE,Pobla de Cérvoles,recharge_day3,linear_5_20_50,mean,regulated_hg_two,1,1.3799583456865883,1.3799583456865883,0.17204861111111214,1.5520069567977004,0.043012152777778034,0.3880017391994251
paired_sensitivities,PDCE,Pobla de Cérvoles,recharge_day3,linear_5_20_50,mean,regulated_pm_one,1,1.7296171890096863,1.7296171890096863,0.17204861111111214,1.9016658001207984,0.043012152777778034,0.4754164500301996
paired_sensitivities,PDCE,Pobla de Cérvoles,recharge_day3,linear_5_20_50,mean,regulated_pm_two,1,1.102589852302382,1.102589852302382,0.17204861111111214,1.2746384634134942,0.043012152777778034,0.31865961585337355
paired_sensitivities,PDCE,Pobla de Cérvoles,recharge_day3,hold_20,end,regulated_hg_one,1,1.7526092886233764,1.7526092886233764,0.40000000000000213,2.1526092886233785,0.10000000000000053,0.5381523221558446
paired_sensitivities,PDCE,Pobla de Cérvoles,recharge_day3,hold_20,end,regulated_hg_two,1,1.1520069567976983,1.1520069567976983,0.40000000000000213,1.5520069567977004,0.10000000000000053,0.3880017391994251
paired_sensitivities,PDCE,Pobla de Cérvoles,recharge_day3,hold_20,end,regulated_pm_one,1,1.5016658001207963,1.5016658001207963,0.40000000000000213,1.9016658001207984,0.10000000000000053,0.4754164500301996
paired_sensitivities,PDCE,Pobla de Cérvoles,recharge_day3,hold_20,end,regulated_pm_two,1,0.874638463413492,0.874638463413492,0.40000000000000213,1.2746384634134942,0.10000000000000053,0.31865961585337355
paired_sensitivities,PDCE,Pobla de Cérvoles,recharge_day3,hold_20,mean,regulated_hg_one,1,1.9854217886233743,1.9854217886233743,0.16718750000000426,2.1526092886233785,0.041796875000001066,0.5381523221558446
paired_sensitivities,PDCE,Pobla de Cérvoles,recharge_day3,hold_20,mean,regulated_hg_two,1,1.3848194567976961,1.3848194567976961,0.16718750000000426,1.5520069567977004,0.041796875000001066,0.3880017391994251
paired_sensitivities,PDCE,Pobla de Cérvoles,recharge_day3,hold_20,mean,regulated_pm_one,1,1.7344783001207942,1.7344783001207942,0.16718750000000426,1.9016658001207984,0.041796875000001066,0.4754164500301996
paired_sensitivities,PDCE,Pobla de Cérvoles,recharge_day3,hold_20,mean,regulated_pm_two,1,1.10745096341349,1.10745096341349,0.16718750000000426,1.2746384634134942,0.041796875000001066,0.31865961585337355
paired_sensitivities,PDCE,Pobla de Cérvoles,recharge_day3,blocks_10_20,end,regulated_hg_one,1,1.9526092886233828,1.9526092886233828,0.19999999999999574,2.1526092886233785,0.049999999999998934,0.5381523221558446
paired_sensitivities,PDCE,Pobla de Cérvoles,recharge_day3,blocks_10_20,end,regulated_hg_two,1,1.3520069567977047,1.3520069567977047,0.19999999999999574,1.5520069567977004,0.049999999999998934,0.3880017391994251
paired_sensitivities,PDCE,Pobla de Cérvoles,recharge_day3,blocks_10_20,end,regulated_pm_one,1,1.7016658001208027,1.7016658001208027,0.19999999999999574,1.9016658001207984,0.049999999999998934,0.4754164500301996
paired_sensitivities,PDCE,Pobla de Cérvoles,recharge_day3,blocks_10_20,end,regulated_pm_two,1,1.0746384634134984,1.0746384634134984,0.19999999999999574,1.2746384634134942,0.049999999999998934,0.31865961585337355
paired_sensitivities,PDCE,Pobla de Cérvoles,recharge_day3,blocks_10_20,mean,regulated_hg_one,1,2.177609288623377,2.177609288623377,-0.02499999999999858,2.1526092886233785,-0.006249999999999645,0.5381523221558446
paired_sensitivities,PDCE,Pobla de Cérvoles,recharge_day3,blocks_10_20,mean,regulated_hg_two,1,1.577006956797699,1.577006956797699,-0.02499999999999858,1.5520069567977004,-0.006249999999999645,0.3880017391994251
paired_sensitivities,PDCE,Pobla de Cérvoles,recharge_day3,blocks_10_20,mean,regulated_pm_one,1,1.926665800120797,1.926665800120797,-0.02499999999999858,1.9016658001207984,-0.006249999999999645,0.4754164500301996
paired_sensitivities,PDCE,Pobla de Cérvoles,recharge_day3,blocks_10_20,mean,regulated_pm_two,1,1.2996384634134928,1.2996384634134928,-0.02499999999999858,1.2746384634134942,-0.006249999999999645,0.31865961585337355
paired_sensitivities,PDCE,Pobla de Cérvoles,drying5,linear_5_20_50,end,regulated_hg_one,1,0.7739225813193871,0.7739225813193871,0.5,1.273922581319387,0.1,0.25478451626387744
paired_sensitivities,PDCE,Pobla de Cérvoles,drying5,linear_5_20_50,end,regulated_hg_two,1,0.6379351898668966,0.6379351898668966,0.5,1.1379351898668966,0.1,0.2275870379733793
paired_sensitivities,PDCE,Pobla de Cérvoles,drying5,linear_5_20_50,end,regulated_pm_one,1,0.6992147027211164,0.6992147027211164,0.5,1.1992147027211164,0.1,0.23984294054422328
paired_sensitivities,PDCE,Pobla de Cérvoles,drying5,linear_5_20_50,end,regulated_pm_two,1,0.48181377569947337,0.48181377569947337,0.5,0.9818137756994734,0.1,0.19636275513989468
paired_sensitivities,PDCE,Pobla de Cérvoles,drying5,linear_5_20_50,mean,regulated_hg_one,1,1.07045035909717,1.07045035909717,0.20347222222221717,1.273922581319387,0.04069444444444344,0.25478451626387744
paired_sensitivities,PDCE,Pobla de Cérvoles,drying5,linear_5_20_50,mean,regulated_hg_two,1,0.9344629676446794,0.9344629676446794,0.20347222222221717,1.1379351898668966,0.04069444444444344,0.2275870379733793
paired_sensitivities,PDCE,Pobla de Cérvoles,drying5,linear_5_20_50,mean,regulated_pm_one,1,0.9957424804988992,0.9957424804988992,0.20347222222221717,1.1992147027211164,0.04069444444444344,0.23984294054422328
paired_sensitivities,PDCE,Pobla de Cérvoles,drying5,linear_5_20_50,mean,regulated_pm_two,1,0.7783415534772562,0.7783415534772562,0.20347222222221717,0.9818137756994734,0.04069444444444344,0.19636275513989468
paired_sensitivities,PDCE,Pobla de Cérvoles,drying5,hold_20,end,regulated_hg_one,1,0.7739225813193871,0.7739225813193871,0.5,1.273922581319387,0.1,0.25478451626387744
paired_sensitivities,PDCE,Pobla de Cérvoles,drying5,hold_20,end,regulated_hg_two,1,0.6379351898668966,0.6379351898668966,0.5,1.1379351898668966,0.1,0.2275870379733793
paired_sensitivities,PDCE,Pobla de Cérvoles,drying5,hold_20,end,regulated_pm_one,1,0.6992147027211164,0.6992147027211164,0.5,1.1992147027211164,0.1,0.23984294054422328
paired_sensitivities,PDCE,Pobla de Cérvoles,drying5,hold_20,end,regulated_pm_two,1,0.48181377569947337,0.48181377569947337,0.5,0.9818137756994734,0.1,0.19636275513989468
paired_sensitivities,PDCE,Pobla de Cérvoles,drying5,hold_20,mean,regulated_hg_one,1,1.086422581319387,1.086422581319387,0.1875,1.273922581319387,0.0375,0.25478451626387744
paired_sensitivities,PDCE,Pobla de Cérvoles,drying5,hold_20,mean,regulated_hg_two,1,0.9504351898668966,0.9504351898668966,0.1875,1.1379351898668966,0.0375,0.2275870379733793
paired_sensitivities,PDCE,Pobla de Cérvoles,drying5,hold_20,mean,regulated_pm_one,1,1.0117147027211164,1.0117147027211164,0.1875,1.1992147027211164,0.0375,0.23984294054422328
paired_sensitivities,PDCE,Pobla de Cérvoles,drying5,hold_20,mean,regulated_pm_two,1,0.7943137756994734,0.7943137756994734,0.1875,0.9818137756994734,0.0375,0.19636275513989468
paired_sensitivities,PDCE,Pobla de Cérvoles,drying5,blocks_10_20,end,regulated_hg_one,1,0.8739225813193885,0.8739225813193885,0.3999999999999986,1.273922581319387,0.07999999999999971,0.25478451626387744
paired_sensitivities,PDCE,Pobla de Cérvoles,drying5,blocks_10_20,end,regulated_hg_two,1,0.737935189866898,0.737935189866898,0.3999999999999986,1.1379351898668966,0.07999999999999971,0.2275870379733793
paired_sensitivities,PDCE,Pobla de Cérvoles,drying5,blocks_10_20,end,regulated_pm_one,1,0.7992147027211178,0.7992147027211178,0.3999999999999986,1.1992147027211164,0.07999999999999971,0.23984294054422328
paired_sensitivities,PDCE,Pobla de Cérvoles,drying5,blocks_10_20,end,regulated_pm_two,1,0.5818137756994748,0.5818137756994748,0.3999999999999986,0.9818137756994734,0.07999999999999971,0.19636275513989468
paired_sensitivities,PDCE,Pobla de Cérvoles,drying5,blocks_10_20,mean,regulated_hg_one,1,1.1489225813193835,1.1489225813193835,0.12500000000000355,1.273922581319387,0.02500000000000071,0.25478451626387744
paired_sensitivities,PDCE,Pobla de Cérvoles,drying5,blocks_10_20,mean,regulated_hg_two,1,1.012935189866893,1.012935189866893,0.12500000000000355,1.1379351898668966,0.02500000000000071,0.2275870379733793
paired_sensitivities,PDCE,Pobla de Cérvoles,drying5,blocks_10_20,mean,regulated_pm_one,1,1.0742147027211129,1.0742147027211129,0.12500000000000355,1.1992147027211164,0.02500000000000071,0.23984294054422328
paired_sensitivities,PDCE,Pobla de Cérvoles,drying5,blocks_10_20,mean,regulated_pm_two,1,0.8568137756994698,0.8568137756994698,0.12500000000000355,0.9818137756994734,0.02500000000000071,0.19636275513989468
paired_sensitivities,VIL,Vilosell,daily,linear_5_20_50,end,regulated_hg_one,59,0.3041029932014392,0.07779980776512753,-0.06906779661016949,0.008732011154958056,-0.06906779661016949,0.008732011154958056
paired_sensitivities,VIL,Vilosell,daily,linear_5_20_50,end,regulated_hg_two,59,0.2969229791222004,0.07307153973268082,-0.06906779661016949,0.004003743122511346,-0.06906779661016949,0.004003743122511346
paired_sensitivities,VIL,Vilosell,daily,linear_5_20_50,end,regulated_pm_one,59,0.3030420189194906,0.07702199443177282,-0.06906779661016949,0.007954197821603344,-0.06906779661016949,0.007954197821603344
paired_sensitivities,VIL,Vilosell,daily,linear_5_20_50,end,regulated_pm_two,59,0.2953593640930716,0.07282600181852729,-0.06906779661016949,0.003758205208357803,-0.06906779661016949,0.003758205208357803
paired_sensitivities,VIL,Vilosell,daily,linear_5_20_50,mean,regulated_hg_one,59,0.27323114872800247,0.07724660625853624,-0.06851459510357819,0.008732011154958056,-0.06851459510357819,0.008732011154958056
paired_sensitivities,VIL,Vilosell,daily,linear_5_20_50,mean,regulated_hg_two,59,0.2648739585691968,0.07251833822608952,-0.06851459510357819,0.004003743122511346,-0.06851459510357819,0.004003743122511346
paired_sensitivities,VIL,Vilosell,daily,linear_5_20_50,mean,regulated_pm_one,59,0.2738692999707436,0.07646879292518152,-0.06851459510357819,0.007954197821603344,-0.06851459510357819,0.007954197821603344
paired_sensitivities,VIL,Vilosell,daily,linear_5_20_50,mean,regulated_pm_two,59,0.26461794883354134,0.07227280031193599,-0.06851459510357819,0.003758205208357803,-0.06851459510357819,0.003758205208357803
paired_sensitivities,VIL,Vilosell,daily,hold_20,end,regulated_hg_one,59,0.3116071409506914,0.08118963827360216,-0.0724576271186441,0.008732011154958056,-0.0724576271186441,0.008732011154958056
paired_sensitivities,VIL,Vilosell,daily,hold_20,end,regulated_hg_two,59,0.30440881269460096,0.07646137024115544,-0.0724576271186441,0.004003743122511346,-0.0724576271186441,0.004003743122511346
paired_sensitivities,VIL,Vilosell,daily,hold_20,end,regulated_pm_one,59,0.310533127281161,0.08041182494024744,-0.0724576271186441,0.007954197821603344,-0.0724576271186441,0.007954197821603344
paired_sensitivities,VIL,Vilosell,daily,hold_20,end,regulated_pm_two,59,0.3028318198354832,0.07621583232700191,-0.0724576271186441,0.003758205208357803,-0.0724576271186441,0.003758205208357803
paired_sensitivities,VIL,Vilosell,daily,hold_20,mean,regulated_hg_one,59,0.27847655403105875,0.08081887556173767,-0.07208686440677961,0.008732011154958056,-0.07208686440677961,0.008732011154958056
paired_sensitivities,VIL,Vilosell,daily,hold_20,mean,regulated_hg_two,59,0.2704589397368055,0.07609060752929096,-0.07208686440677961,0.004003743122511346,-0.07208686440677961,0.004003743122511346
paired_sensitivities,VIL,Vilosell,daily,hold_20,mean,regulated_pm_one,59,0.27910117379371957,0.08004106222838296,-0.07208686440677961,0.007954197821603344,-0.07208686440677961,0.007954197821603344
paired_sensitivities,VIL,Vilosell,daily,hold_20,mean,regulated_pm_two,59,0.27020293000115,0.07584506961513741,-0.07208686440677961,0.003758205208357803,-0.07208686440677961,0.003758205208357803
paired_sensitivities,VIL,Vilosell,daily,blocks_10_20,end,regulated_hg_one,59,0.3103359545100135,0.08500319759563602,-0.07627118644067797,0.008732011154958056,-0.07627118644067797,0.008732011154958056
paired_sensitivities,VIL,Vilosell,daily,blocks_10_20,end,regulated_hg_two,59,0.30282078150092534,0.08027492956318931,-0.07627118644067797,0.004003743122511346,-0.07627118644067797,0.004003743122511346
paired_sensitivities,VIL,Vilosell,daily,blocks_10_20,end,regulated_pm_one,59,0.3092619408404831,0.08422538426228131,-0.07627118644067797,0.007954197821603344,-0.07627118644067797,0.007954197821603344
paired_sensitivities,VIL,Vilosell,daily,blocks_10_20,end,regulated_pm_two,59,0.30156063339480527,0.08002939164903577,-0.07627118644067797,0.003758205208357803,-0.07627118644067797,0.003758205208357803
paired_sensitivities,VIL,Vilosell,daily,blocks_10_20,mean,regulated_hg_one,59,0.27742135588431105,0.08468540098546645,-0.07595338983050841,0.008732011154958056,-0.07595338983050841,0.008732011154958056
paired_sensitivities,VIL,Vilosell,daily,blocks_10_20,mean,regulated_hg_two,59,0.2683521614117581,0.07995713295301975,-0.07595338983050841,0.004003743122511346,-0.07595338983050841,0.004003743122511346
paired_sensitivities,VIL,Vilosell,daily,blocks_10_20,mean,regulated_pm_one,59,0.2780595071270522,0.08390758765211175,-0.07595338983050841,0.007954197821603344,-0.07595338983050841,0.007954197821603344
paired_sensitivities,VIL,Vilosell,daily,blocks_10_20,mean,regulated_pm_two,59,0.2686508436143221,0.07971159503886621,-0.07595338983050841,0.003758205208357803,-0.07595338983050841,0.003758205208357803
paired_sensitivities,VIL,Vilosell,recharge_next,linear_5_20_50,end,regulated_hg_one,2,1.460828885779975,1.460828885779975,0.08333333333333215,1.544162219113307,0.041666666666666075,0.7720811095566535
paired_sensitivities,VIL,Vilosell,recharge_next,linear_5_20_50,end,regulated_hg_two,2,1.22065048711117,1.22065048711117,0.08333333333333215,1.3039838204445022,0.041666666666666075,0.6519919102222511
paired_sensitivities,VIL,Vilosell,recharge_next,linear_5_20_50,end,regulated_pm_one,2,1.4596064353742992,1.4596064353742992,0.08333333333333215,1.5429397687076314,0.041666666666666075,0.7714698843538157
paired_sensitivities,VIL,Vilosell,recharge_next,linear_5_20_50,end,regulated_pm_two,2,1.216304097368333,1.216304097368333,0.08333333333333215,1.2996374307016652,0.041666666666666075,0.6498187153508326
paired_sensitivities,VIL,Vilosell,recharge_next,linear_5_20_50,mean,regulated_hg_one,2,1.7800997191133128,1.7800997191133128,-0.23593750000000568,1.544162219113307,-0.11796875000000284,0.7720811095566535
paired_sensitivities,VIL,Vilosell,recharge_next,linear_5_20_50,mean,regulated_hg_two,2,1.539921320444508,1.539921320444508,-0.23593750000000568,1.3039838204445022,-0.11796875000000284,0.6519919102222511
paired_sensitivities,VIL,Vilosell,recharge_next,linear_5_20_50,mean,regulated_pm_one,2,1.778877268707637,1.778877268707637,-0.23593750000000568,1.5429397687076314,-0.11796875000000284,0.7714698843538157
paired_sensitivities,VIL,Vilosell,recharge_next,linear_5_20_50,mean,regulated_pm_two,2,1.5355749307016708,1.5355749307016708,-0.23593750000000568,1.2996374307016652,-0.11796875000000284,0.6498187153508326
paired_sensitivities,VIL,Vilosell,recharge_next,hold_20,end,regulated_hg_one,2,1.4441622191133057,1.4441622191133057,0.10000000000000142,1.544162219113307,0.05000000000000071,0.7720811095566535
paired_sensitivities,VIL,Vilosell,recharge_next,hold_20,end,regulated_hg_two,2,1.2039838204445008,1.2039838204445008,0.10000000000000142,1.3039838204445022,0.05000000000000071,0.6519919102222511
paired_sensitivities,VIL,Vilosell,recharge_next,hold_20,end,regulated_pm_one,2,1.44293976870763,1.44293976870763,0.10000000000000142,1.5429397687076314,0.05000000000000071,0.7714698843538157
paired_sensitivities,VIL,Vilosell,recharge_next,hold_20,end,regulated_pm_two,2,1.1996374307016637,1.1996374307016637,0.10000000000000142,1.2996374307016652,0.05000000000000071,0.6498187153508326
paired_sensitivities,VIL,Vilosell,recharge_next,hold_20,mean,regulated_hg_one,2,1.7894747191133114,1.7894747191133114,-0.24531250000000426,1.544162219113307,-0.12265625000000213,0.7720811095566535
paired_sensitivities,VIL,Vilosell,recharge_next,hold_20,mean,regulated_hg_two,2,1.5492963204445065,1.5492963204445065,-0.24531250000000426,1.3039838204445022,-0.12265625000000213,0.6519919102222511
paired_sensitivities,VIL,Vilosell,recharge_next,hold_20,mean,regulated_pm_one,2,1.7882522687076357,1.7882522687076357,-0.24531250000000426,1.5429397687076314,-0.12265625000000213,0.7714698843538157
paired_sensitivities,VIL,Vilosell,recharge_next,hold_20,mean,regulated_pm_two,2,1.5449499307016694,1.5449499307016694,-0.24531250000000426,1.2996374307016652,-0.12265625000000213,0.6498187153508326
paired_sensitivities,VIL,Vilosell,recharge_next,blocks_10_20,end,regulated_hg_one,2,1.4941622191133064,1.4941622191133064,0.05000000000000071,1.544162219113307,0.025000000000000355,0.7720811095566535
paired_sensitivities,VIL,Vilosell,recharge_next,blocks_10_20,end,regulated_hg_two,2,1.2539838204445015,1.2539838204445015,0.05000000000000071,1.3039838204445022,0.025000000000000355,0.6519919102222511
paired_sensitivities,VIL,Vilosell,recharge_next,blocks_10_20,end,regulated_pm_one,2,1.4929397687076307,1.4929397687076307,0.05000000000000071,1.5429397687076314,0.025000000000000355,0.7714698843538157
paired_sensitivities,VIL,Vilosell,recharge_next,blocks_10_20,end,regulated_pm_two,2,1.2496374307016644,1.2496374307016644,0.05000000000000071,1.2996374307016652,0.025000000000000355,0.6498187153508326
paired_sensitivities,VIL,Vilosell,recharge_next,blocks_10_20,mean,regulated_hg_one,2,1.8347872191133057,1.8347872191133057,-0.2906249999999986,1.544162219113307,-0.1453124999999993,0.7720811095566535
paired_sensitivities,VIL,Vilosell,recharge_next,blocks_10_20,mean,regulated_hg_two,2,1.5946088204445008,1.5946088204445008,-0.2906249999999986,1.3039838204445022,-0.1453124999999993,0.6519919102222511
paired_sensitivities,VIL,Vilosell,recharge_next,blocks_10_20,mean,regulated_pm_one,2,1.83356476870763,1.83356476870763,-0.2906249999999986,1.5429397687076314,-0.1453124999999993,0.7714698843538157
paired_sensitivities,VIL,Vilosell,recharge_next,blocks_10_20,mean,regulated_pm_two,2,1.5902624307016637,1.5902624307016637,-0.2906249999999986,1.2996374307016652,-0.1453124999999993,0.6498187153508326
paired_sensitivities,VIL,Vilosell,recharge_day3,linear_5_20_50,end,regulated_hg_one,2,0.8213103043766972,0.7053483406354444,0.29583333333333073,1.001181673968775,0.07395833333333268,0.2502954184921938
paired_sensitivities,VIL,Vilosell,recharge_day3,linear_5_20_50,end,regulated_hg_two,2,0.6786416577407053,0.4020268266748843,0.29583333333333073,0.697860160008215,0.07395833333333268,0.17446504000205376
paired_sensitivities,VIL,Vilosell,recharge_day3,linear_5_20_50,end,regulated_pm_one,2,0.7516129823799343,0.6366252538732554,0.29583333333333073,0.9324585872065861,0.07395833333333268,0.23311464680164654
paired_sensitivities,VIL,Vilosell,recharge_day3,linear_5_20_50,end,regulated_pm_two,2,0.6042470881093589,0.3256966908547594,0.29583333333333073,0.6215300241880901,0.07395833333333268,0.15538250604702253
paired_sensitivities,VIL,Vilosell,recharge_day3,linear_5_20_50,mean,regulated_hg_one,2,0.9055984988211478,0.8653309795243393,0.13585069444443576,1.001181673968775,0.03396267361110894,0.2502954184921938
paired_sensitivities,VIL,Vilosell,recharge_day3,linear_5_20_50,mean,regulated_hg_two,2,0.762929852185156,0.5620094655637793,0.13585069444443576,0.697860160008215,0.03396267361110894,0.17446504000205376
paired_sensitivities,VIL,Vilosell,recharge_day3,linear_5_20_50,mean,regulated_pm_one,2,0.835901176824385,0.7966078927621504,0.13585069444443576,0.9324585872065861,0.03396267361110894,0.23311464680164654
paired_sensitivities,VIL,Vilosell,recharge_day3,linear_5_20_50,mean,regulated_pm_two,2,0.6885352825538096,0.48567932974365435,0.13585069444443576,0.6215300241880901,0.03396267361110894,0.15538250604702253
paired_sensitivities,VIL,Vilosell,recharge_day3,hold_20,end,regulated_hg_one,2,0.8213103043767007,0.6886816739687751,0.3125,1.001181673968775,0.078125,0.2502954184921938
paired_sensitivities,VIL,Vilosell,recharge_day3,hold_20,end,regulated_hg_two,2,0.6786416577407088,0.38536016000821505,0.3125,0.697860160008215,0.078125,0.17446504000205376
paired_sensitivities,VIL,Vilosell,recharge_day3,hold_20,end,regulated_pm_one,2,0.7516129823799379,0.6199585872065861,0.3125,0.9324585872065861,0.078125,0.23311464680164654
paired_sensitivities,VIL,Vilosell,recharge_day3,hold_20,end,regulated_pm_two,2,0.6042470881093625,0.3090300241880901,0.3125,0.6215300241880901,0.078125,0.15538250604702253
paired_sensitivities,VIL,Vilosell,recharge_day3,hold_20,mean,regulated_hg_one,2,0.9158415543767036,0.8602962573021122,0.14088541666666288,1.001181673968775,0.03522135416666572,0.2502954184921938
paired_sensitivities,VIL,Vilosell,recharge_day3,hold_20,mean,regulated_hg_two,2,0.7731729077407117,0.5569747433415522,0.14088541666666288,0.697860160008215,0.03522135416666572,0.17446504000205376
paired_sensitivities,VIL,Vilosell,recharge_day3,hold_20,mean,regulated_pm_one,2,0.8461442323799407,0.7915731705399233,0.14088541666666288,0.9324585872065861,0.03522135416666572,0.23311464680164654
paired_sensitivities,VIL,Vilosell,recharge_day3,hold_20,mean,regulated_pm_two,2,0.6987783381093653,0.48064460752142724,0.14088541666666288,0.6215300241880901,0.03522135416666572,0.15538250604702253
paired_sensitivities,VIL,Vilosell,recharge_day3,blocks_10_20,end,regulated_hg_one,2,0.808810304376705,0.7511816739687751,0.25,1.001181673968775,0.0625,0.2502954184921938
paired_sensitivities,VIL,Vilosell,recharge_day3,blocks_10_20,end,regulated_hg_two,2,0.6661416577407131,0.44786016000821505,0.25,0.697860160008215,0.0625,0.17446504000205376
paired_sensitivities,VIL,Vilosell,recharge_day3,blocks_10_20,end,regulated_pm_one,2,0.7391129823799422,0.6824585872065861,0.25,0.9324585872065861,0.0625,0.23311464680164654
paired_sensitivities,VIL,Vilosell,recharge_day3,blocks_10_20,end,regulated_pm_two,2,0.5917470881093667,0.3715300241880901,0.25,0.6215300241880901,0.0625,0.15538250604702253
paired_sensitivities,VIL,Vilosell,recharge_day3,blocks_10_20,mean,regulated_hg_one,2,0.9303483406354458,0.9303483406354458,0.0708333333333293,1.001181673968775,0.017708333333332327,0.2502954184921938
paired_sensitivities,VIL,Vilosell,recharge_day3,blocks_10_20,mean,regulated_hg_two,2,0.7786416577407067,0.6270268266748857,0.0708333333333293,0.697860160008215,0.017708333333332327,0.17446504000205376
paired_sensitivities,VIL,Vilosell,recharge_day3,blocks_10_20,mean,regulated_pm_one,2,0.8616252538732568,0.8616252538732568,0.0708333333333293,0.9324585872065861,0.017708333333332327,0.23311464680164654
paired_sensitivities,VIL,Vilosell,recharge_day3,blocks_10_20,mean,regulated_pm_two,2,0.7042470881093603,0.5506966908547608,0.0708333333333293,0.6215300241880901,0.017708333333332327,0.15538250604702253
paired_sensitivities,VIL,Vilosell,drying5,linear_5_20_50,end,regulated_hg_one,1,0.6979433540073248,0.6979433540073248,0.40833333333333854,1.1062766873406633,0.0816666666666677,0.22125533746813267
paired_sensitivities,VIL,Vilosell,drying5,linear_5_20_50,end,regulated_hg_two,1,0.5967435803368275,0.5967435803368275,0.40833333333333854,1.005076913670166,0.0816666666666677,0.20101538273403322
paired_sensitivities,VIL,Vilosell,drying5,linear_5_20_50,end,regulated_pm_one,1,0.6611337660721182,0.6611337660721182,0.40833333333333854,1.0694670994054567,0.0816666666666677,0.21389341988109134
paired_sensitivities,VIL,Vilosell,drying5,linear_5_20_50,end,regulated_pm_two,1,0.516496947080086,0.516496947080086,0.40833333333333854,0.9248302804134245,0.0816666666666677,0.1849660560826849
paired_sensitivities,VIL,Vilosell,drying5,linear_5_20_50,mean,regulated_hg_one,1,0.8856169651184476,0.8856169651184476,0.22065972222221575,1.1062766873406633,0.04413194444444315,0.22125533746813267
paired_sensitivities,VIL,Vilosell,drying5,linear_5_20_50,mean,regulated_hg_two,1,0.7844171914479503,0.7844171914479503,0.22065972222221575,1.005076913670166,0.04413194444444315,0.20101538273403322
paired_sensitivities,VIL,Vilosell,drying5,linear_5_20_50,mean,regulated_pm_one,1,0.848807377183241,0.848807377183241,0.22065972222221575,1.0694670994054567,0.04413194444444315,0.21389341988109134
paired_sensitivities,VIL,Vilosell,drying5,linear_5_20_50,mean,regulated_pm_two,1,0.7041705581912088,0.7041705581912088,0.22065972222221575,0.9248302804134245,0.04413194444444315,0.1849660560826849
paired_sensitivities,VIL,Vilosell,drying5,hold_20,end,regulated_hg_one,1,0.6812766873406662,0.6812766873406662,0.42499999999999716,1.1062766873406633,0.08499999999999944,0.22125533746813267
paired_sensitivities,VIL,Vilosell,drying5,hold_20,end,regulated_hg_two,1,0.5800769136701689,0.5800769136701689,0.42499999999999716,1.005076913670166,0.08499999999999944,0.20101538273403322
paired_sensitivities,VIL,Vilosell,drying5,hold_20,end,regulated_pm_one,1,0.6444670994054595,0.6444670994054595,0.42499999999999716,1.0694670994054567,0.08499999999999944,0.21389341988109134
paired_sensitivities,VIL,Vilosell,drying5,hold_20,end,regulated_pm_two,1,0.49983028041342736,0.49983028041342736,0.42499999999999716,0.9248302804134245,0.08499999999999944,0.1849660560826849
paired_sensitivities,VIL,Vilosell,drying5,hold_20,mean,regulated_hg_one,1,0.8859641873406647,0.8859641873406647,0.22031249999999858,1.1062766873406633,0.04406249999999971,0.22125533746813267
paired_sensitivities,VIL,Vilosell,drying5,hold_20,mean,regulated_hg_two,1,0.7847644136701675,0.7847644136701675,0.22031249999999858,1.005076913670166,0.04406249999999971,0.20101538273403322
paired_sensitivities,VIL,Vilosell,drying5,hold_20,mean,regulated_pm_one,1,0.8491545994054581,0.8491545994054581,0.22031249999999858,1.0694670994054567,0.04406249999999971,0.21389341988109134
paired_sensitivities,VIL,Vilosell,drying5,hold_20,mean,regulated_pm_two,1,0.7045177804134259,0.7045177804134259,0.22031249999999858,0.9248302804134245,0.04406249999999971,0.1849660560826849
paired_sensitivities,VIL,Vilosell,drying5,blocks_10_20,end,regulated_hg_one,1,0.7062766873406647,0.7062766873406647,0.3999999999999986,1.1062766873406633,0.07999999999999971,0.22125533746813267
paired_sensitivities,VIL,Vilosell,drying5,blocks_10_20,end,regulated_hg_two,1,0.6050769136701675,0.6050769136701675,0.3999999999999986,1.005076913670166,0.07999999999999971,0.20101538273403322
paired_sensitivities,VIL,Vilosell,drying5,blocks_10_20,end,regulated_pm_one,1,0.6694670994054581,0.6694670994054581,0.3999999999999986,1.0694670994054567,0.07999999999999971,0.21389341988109134
paired_sensitivities,VIL,Vilosell,drying5,blocks_10_20,end,regulated_pm_two,1,0.5248302804134259,0.5248302804134259,0.3999999999999986,0.9248302804134245,0.07999999999999971,0.1849660560826849
paired_sensitivities,VIL,Vilosell,drying5,blocks_10_20,mean,regulated_hg_one,1,0.9250266873406647,0.9250266873406647,0.18124999999999858,1.1062766873406633,0.03624999999999971,0.22125533746813267
paired_sensitivities,VIL,Vilosell,drying5,blocks_10_20,mean,regulated_hg_two,1,0.8238269136701675,0.8238269136701675,0.18124999999999858,1.005076913670166,0.03624999999999971,0.20101538273403322
paired_sensitivities,VIL,Vilosell,drying5,blocks_10_20,mean,regulated_pm_one,1,0.8882170994054581,0.8882170994054581,0.18124999999999858,1.0694670994054567,0.03624999999999971,0.21389341988109134
paired_sensitivities,VIL,Vilosell,drying5,blocks_10_20,mean,regulated_pm_two,1,0.7435802804134259,0.7435802804134259,0.18124999999999858,0.9248302804134245,0.03624999999999971,0.1849660560826849
paired_sensitivities,MDF,Mas dels Frares,daily,linear_5_20_50,end,regulated_hg_one,59,1.5294144913652985,0.029023871547679204,0.016101694915254226,0.045125566462933434,0.016101694915254226,0.045125566462933434
paired_sensitivities,MDF,Mas dels Frares,daily,linear_5_20_50,end,regulated_hg_two,59,1.485572670805026,0.09839071883064361,0.016101694915254226,0.11449241374589783,0.016101694915254226,0.11449241374589783
paired_sensitivities,MDF,Mas dels Frares,daily,linear_5_20_50,end,regulated_pm_one,59,1.5282209753074243,0.052062505886801835,0.016101694915254226,0.06816420080205605,0.016101694915254226,0.06816420080205605
paired_sensitivities,MDF,Mas dels Frares,daily,linear_5_20_50,end,regulated_pm_two,59,1.473854044473751,0.12844232299098177,0.016101694915254226,0.144544017906236,0.016101694915254226,0.144544017906236
paired_sensitivities,MDF,Mas dels Frares,daily,linear_5_20_50,mean,regulated_hg_one,59,1.6127001889237225,0.02736426702790526,0.017761299435028233,0.045125566462933434,0.017761299435028233,0.045125566462933434
paired_sensitivities,MDF,Mas dels Frares,daily,linear_5_20_50,mean,regulated_hg_two,59,1.572921556115536,0.09673111431086955,0.017761299435028233,0.11449241374589783,0.017761299435028233,0.11449241374589783
paired_sensitivities,MDF,Mas dels Frares,daily,linear_5_20_50,mean,regulated_pm_one,59,1.611482131753814,0.05040290136702777,0.017761299435028233,0.06816420080205605,0.017761299435028233,0.06816420080205605
paired_sensitivities,MDF,Mas dels Frares,daily,linear_5_20_50,mean,regulated_pm_two,59,1.561127151498373,0.1267827184712078,0.017761299435028233,0.144544017906236,0.017761299435028233,0.144544017906236
paired_sensitivities,MDF,Mas dels Frares,daily,hold_20,end,regulated_hg_one,59,1.5384540393878974,0.029023871547679086,0.016101694915254285,0.045125566462933434,0.016101694915254285,0.045125566462933434
paired_sensitivities,MDF,Mas dels Frares,daily,hold_20,end,regulated_hg_two,59,1.4946122188276252,0.09839071883064361,0.016101694915254285,0.11449241374589783,0.016101694915254285,0.11449241374589783
paired_sensitivities,MDF,Mas dels Frares,daily,hold_20,end,regulated_pm_one,59,1.5372605233300234,0.052062505886801835,0.016101694915254285,0.06816420080205605,0.016101694915254285,0.06816420080205605
paired_sensitivities,MDF,Mas dels Frares,daily,hold_20,end,regulated_pm_two,59,1.48289359249635,0.12844232299098166,0.016101694915254285,0.144544017906236,0.016101694915254285,0.144544017906236
paired_sensitivities,MDF,Mas dels Frares,daily,hold_20,mean,regulated_hg_one,59,1.6164058249751885,0.02694053821434584,0.01818502824858759,0.045125566462933434,0.01818502824858759,0.045125566462933434
paired_sensitivities,MDF,Mas dels Frares,daily,hold_20,mean,regulated_hg_two,59,1.5764891924500317,0.09630738549731024,0.01818502824858759,0.11449241374589783,0.01818502824858759,0.11449241374589783
paired_sensitivities,MDF,Mas dels Frares,daily,hold_20,mean,regulated_pm_one,59,1.6152015291172794,0.04997917255346847,0.01818502824858759,0.06816420080205605,0.01818502824858759,0.06816420080205605
paired_sensitivities,MDF,Mas dels Frares,daily,hold_20,mean,regulated_pm_two,59,1.5646947878328685,0.1263589896576484,0.01818502824858759,0.144544017906236,0.01818502824858759,0.144544017906236
paired_sensitivities,MDF,Mas dels Frares,daily,blocks_10_20,end,regulated_hg_one,59,1.5825218359980673,0.03326115968327237,0.011864406779661066,0.045125566462933434,0.011864406779661066,0.045125566462933434
paired_sensitivities,MDF,Mas dels Frares,daily,blocks_10_20,end,regulated_hg_two,59,1.5386800154377949,0.10262800696623676,0.011864406779661066,0.11449241374589783,0.011864406779661066,0.11449241374589783
paired_sensitivities,MDF,Mas dels Frares,daily,blocks_10_20,end,regulated_pm_one,59,1.581328319940193,0.056299794022394996,0.011864406779661066,0.06816420080205605,0.011864406779661066,0.06816420080205605
paired_sensitivities,MDF,Mas dels Frares,daily,blocks_10_20,end,regulated_pm_two,59,1.5269613891065197,0.13267961112657492,0.011864406779661066,0.144544017906236,0.011864406779661066,0.144544017906236
paired_sensitivities,MDF,Mas dels Frares,daily,blocks_10_20,mean,regulated_hg_one,59,1.6310287230837621,0.03078940827084301,0.014336158192090423,0.045125566462933434,0.014336158192090423,0.045125566462933434
paired_sensitivities,MDF,Mas dels Frares,daily,blocks_10_20,mean,regulated_hg_two,59,1.591822001725044,0.10015625555380742,0.014336158192090423,0.11449241374589783,0.014336158192090423,0.11449241374589783
paired_sensitivities,MDF,Mas dels Frares,daily,blocks_10_20,mean,regulated_pm_one,59,1.6298201731850754,0.05382804260996564,0.014336158192090423,0.06816420080205605,0.014336158192090423,0.06816420080205605
paired_sensitivities,MDF,Mas dels Frares,daily,blocks_10_20,mean,regulated_pm_two,59,1.5798257304408274,0.13020785971414559,0.014336158192090423,0.144544017906236,0.014336158192090423,0.144544017906236
paired_sensitivities,MDF,Mas dels Frares,recharge_next,linear_5_20_50,end,regulated_hg_one,1,37.94862290160596,37.94862290160596,6.549999999999997,44.498622901605955,1.6374999999999993,11.124655725401489
paired_sensitivities,MDF,Mas dels Frares,recharge_next,linear_5_20_50,end,regulated_hg_two,1,38.35039209226644,38.35039209226644,6.549999999999997,44.900392092266436,1.6374999999999993,11.225098023066609
paired_sensitivities,MDF,Mas dels Frares,recharge_next,linear_5_20_50,end,regulated_pm_one,1,39.22060787447486,39.22060787447486,6.549999999999997,45.770607874474855,1.6374999999999993,11.442651968618714
paired_sensitivities,MDF,Mas dels Frares,recharge_next,linear_5_20_50,end,regulated_pm_two,1,39.54884355436348,39.54884355436348,6.549999999999997,46.09884355436348,1.6374999999999993,11.52471088859087
paired_sensitivities,MDF,Mas dels Frares,recharge_next,linear_5_20_50,mean,regulated_hg_one,1,37.63508123493929,37.63508123493929,6.863541666666663,44.498622901605955,1.7158854166666657,11.124655725401489
paired_sensitivities,MDF,Mas dels Frares,recharge_next,linear_5_20_50,mean,regulated_hg_two,1,38.03685042559977,38.03685042559977,6.863541666666663,44.900392092266436,1.7158854166666657,11.225098023066609
paired_sensitivities,MDF,Mas dels Frares,recharge_next,linear_5_20_50,mean,regulated_pm_one,1,38.90706620780819,38.90706620780819,6.863541666666663,45.770607874474855,1.7158854166666657,11.442651968618714
paired_sensitivities,MDF,Mas dels Frares,recharge_next,linear_5_20_50,mean,regulated_pm_two,1,39.235301887696814,39.235301887696814,6.863541666666663,46.09884355436348,1.7158854166666657,11.52471088859087
paired_sensitivities,MDF,Mas dels Frares,recharge_next,hold_20,end,regulated_hg_one,1,37.89862290160596,37.89862290160596,6.599999999999998,44.498622901605955,1.6499999999999995,11.124655725401489
paired_sensitivities,MDF,Mas dels Frares,recharge_next,hold_20,end,regulated_hg_two,1,38.300392092266435,38.300392092266435,6.599999999999998,44.900392092266436,1.6499999999999995,11.225098023066609
paired_sensitivities,MDF,Mas dels Frares,recharge_next,hold_20,end,regulated_pm_one,1,39.170607874474854,39.170607874474854,6.599999999999998,45.770607874474855,1.6499999999999995,11.442651968618714
paired_sensitivities,MDF,Mas dels Frares,recharge_next,hold_20,end,regulated_pm_two,1,39.498843554363475,39.498843554363475,6.599999999999998,46.09884355436348,1.6499999999999995,11.52471088859087
paired_sensitivities,MDF,Mas dels Frares,recharge_next,hold_20,mean,regulated_hg_one,1,37.61737290160596,37.61737290160596,6.881249999999998,44.498622901605955,1.7203124999999995,11.124655725401489
paired_sensitivities,MDF,Mas dels Frares,recharge_next,hold_20,mean,regulated_hg_two,1,38.019142092266435,38.019142092266435,6.881249999999998,44.900392092266436,1.7203124999999995,11.225098023066609
paired_sensitivities,MDF,Mas dels Frares,recharge_next,hold_20,mean,regulated_pm_one,1,38.889357874474854,38.889357874474854,6.881249999999998,45.770607874474855,1.7203124999999995,11.442651968618714
paired_sensitivities,MDF,Mas dels Frares,recharge_next,hold_20,mean,regulated_pm_two,1,39.217593554363475,39.217593554363475,6.881249999999998,46.09884355436348,1.7203124999999995,11.52471088859087
paired_sensitivities,MDF,Mas dels Frares,recharge_next,blocks_10_20,end,regulated_hg_one,1,39.098622901605964,39.098622901605964,5.399999999999995,44.498622901605955,1.3499999999999988,11.124655725401489
paired_sensitivities,MDF,Mas dels Frares,recharge_next,blocks_10_20,end,regulated_hg_two,1,39.50039209226644,39.50039209226644,5.399999999999995,44.900392092266436,1.3499999999999988,11.225098023066609
paired_sensitivities,MDF,Mas dels Frares,recharge_next,blocks_10_20,end,regulated_pm_one,1,40.37060787447486,40.37060787447486,5.399999999999995,45.770607874474855,1.3499999999999988,11.442651968618714
paired_sensitivities,MDF,Mas dels Frares,recharge_next,blocks_10_20,end,regulated_pm_two,1,40.69884355436348,40.69884355436348,5.399999999999995,46.09884355436348,1.3499999999999988,11.52471088859087
paired_sensitivities,MDF,Mas dels Frares,recharge_next,blocks_10_20,mean,regulated_hg_one,1,38.998622901605955,38.998622901605955,5.4999999999999964,44.498622901605955,1.3749999999999991,11.124655725401489
paired_sensitivities,MDF,Mas dels Frares,recharge_next,blocks_10_20,mean,regulated_hg_two,1,39.40039209226644,39.40039209226644,5.4999999999999964,44.900392092266436,1.3749999999999991,11.225098023066609
paired_sensitivities,MDF,Mas dels Frares,recharge_next,blocks_10_20,mean,regulated_pm_one,1,40.27060787447486,40.27060787447486,5.4999999999999964,45.770607874474855,1.3749999999999991,11.442651968618714
paired_sensitivities,MDF,Mas dels Frares,recharge_next,blocks_10_20,mean,regulated_pm_two,1,40.598843554363484,40.598843554363484,5.4999999999999964,46.09884355436348,1.3749999999999991,11.52471088859087
paired_sensitivities,MDF,Mas dels Frares,recharge_day3,linear_5_20_50,end,regulated_hg_one,1,31.798904781198853,31.798904781198853,6.341666666666665,38.14057144786552,1.0569444444444442,6.356761907977586
paired_sensitivities,MDF,Mas dels Frares,recharge_day3,linear_5_20_50,end,regulated_hg_two,1,32.82365739006275,32.82365739006275,6.341666666666665,39.16532405672942,1.0569444444444442,6.527554009454903
paired_sensitivities,MDF,Mas dels Frares,recharge_day3,linear_5_20_50,end,regulated_pm_one,1,33.826238616871436,33.826238616871436,6.341666666666665,40.167905283538104,1.0569444444444442,6.694650880589684
paired_sensitivities,MDF,Mas dels Frares,recharge_day3,linear_5_20_50,end,regulated_pm_two,1,34.63505248789076,34.63505248789076,6.341666666666665,40.97671915455743,1.0569444444444442,6.8294531924262385
paired_sensitivities,MDF,Mas dels Frares,recharge_day3,linear_5_20_50,mean,regulated_hg_one,1,32.06088394786552,32.06088394786552,6.079687499999999,38.14057144786552,1.0132812499999997,6.356761907977586
paired_sensitivities,MDF,Mas dels Frares,recharge_day3,linear_5_20_50,mean,regulated_hg_two,1,33.08563655672942,33.08563655672942,6.079687499999999,39.16532405672942,1.0132812499999997,6.527554009454903
paired_sensitivities,MDF,Mas dels Frares,recharge_day3,linear_5_20_50,mean,regulated_pm_one,1,34.088217783538106,34.088217783538106,6.079687499999999,40.167905283538104,1.0132812499999997,6.694650880589684
paired_sensitivities,MDF,Mas dels Frares,recharge_day3,linear_5_20_50,mean,regulated_pm_two,1,34.89703165455743,34.89703165455743,6.079687499999999,40.97671915455743,1.0132812499999997,6.8294531924262385
paired_sensitivities,MDF,Mas dels Frares,recharge_day3,hold_20,end,regulated_hg_one,1,31.66557144786552,31.66557144786552,6.474999999999998,38.14057144786552,1.0791666666666664,6.356761907977586
paired_sensitivities,MDF,Mas dels Frares,recharge_day3,hold_20,end,regulated_hg_two,1,32.69032405672942,32.69032405672942,6.474999999999998,39.16532405672942,1.0791666666666664,6.527554009454903
paired_sensitivities,MDF,Mas dels Frares,recharge_day3,hold_20,end,regulated_pm_one,1,33.69290528353811,33.69290528353811,6.474999999999998,40.167905283538104,1.0791666666666664,6.694650880589684
paired_sensitivities,MDF,Mas dels Frares,recharge_day3,hold_20,end,regulated_pm_two,1,34.501719154557435,34.501719154557435,6.474999999999998,40.97671915455743,1.0791666666666664,6.8294531924262385
paired_sensitivities,MDF,Mas dels Frares,recharge_day3,hold_20,mean,regulated_hg_one,1,31.950467281198854,31.950467281198854,6.190104166666664,38.14057144786552,1.0316840277777775,6.356761907977586
paired_sensitivities,MDF,Mas dels Frares,recharge_day3,hold_20,mean,regulated_hg_two,1,32.97521989006275,32.97521989006275,6.190104166666664,39.16532405672942,1.0316840277777775,6.527554009454903
paired_sensitivities,MDF,Mas dels Frares,recharge_day3,hold_20,mean,regulated_pm_one,1,33.97780111687144,33.97780111687144,6.190104166666664,40.167905283538104,1.0316840277777775,6.694650880589684
paired_sensitivities,MDF,Mas dels Frares,recharge_day3,hold_20,mean,regulated_pm_two,1,34.786614987890765,34.786614987890765,6.190104166666664,40.97671915455743,1.0316840277777775,6.8294531924262385
paired_sensitivities,MDF,Mas dels Frares,recharge_day3,blocks_10_20,end,regulated_hg_one,1,32.54057144786552,32.54057144786552,5.599999999999998,38.14057144786552,0.933333333333333,6.356761907977586
paired_sensitivities,MDF,Mas dels Frares,recharge_day3,blocks_10_20,end,regulated_hg_two,1,33.56532405672942,33.56532405672942,5.599999999999998,39.16532405672942,0.933333333333333,6.527554009454903
paired_sensitivities,MDF,Mas dels Frares,recharge_day3,blocks_10_20,end,regulated_pm_one,1,34.56790528353811,34.56790528353811,5.599999999999998,40.167905283538104,0.933333333333333,6.694650880589684
paired_sensitivities,MDF,Mas dels Frares,recharge_day3,blocks_10_20,end,regulated_pm_two,1,35.376719154557435,35.376719154557435,5.599999999999998,40.97671915455743,0.933333333333333,6.8294531924262385
paired_sensitivities,MDF,Mas dels Frares,recharge_day3,blocks_10_20,mean,regulated_hg_one,1,32.882238114532186,32.882238114532186,5.258333333333333,38.14057144786552,0.8763888888888888,6.356761907977586
paired_sensitivities,MDF,Mas dels Frares,recharge_day3,blocks_10_20,mean,regulated_hg_two,1,33.906990723396085,33.906990723396085,5.258333333333333,39.16532405672942,0.8763888888888888,6.527554009454903
paired_sensitivities,MDF,Mas dels Frares,recharge_day3,blocks_10_20,mean,regulated_pm_one,1,34.90957195020477,34.90957195020477,5.258333333333333,40.167905283538104,0.8763888888888888,6.694650880589684
paired_sensitivities,MDF,Mas dels Frares,recharge_day3,blocks_10_20,mean,regulated_pm_two,1,35.718385821224096,35.718385821224096,5.258333333333333,40.97671915455743,0.8763888888888888,6.8294531924262385
paired_sensitivities,MDF,Mas dels Frares,drying5,linear_5_20_50,end,regulated_hg_one,1,13.236094931375131,13.236094931375131,1.1333333333333293,14.36942826470846,0.22666666666666585,2.8738856529416923
paired_sensitivities,MDF,Mas dels Frares,drying5,linear_5_20_50,end,regulated_hg_two,1,10.222682556530877,10.222682556530877,1.1333333333333293,11.356015889864207,0.22666666666666585,2.271203177972841
paired_sensitivities,MDF,Mas dels Frares,drying5,linear_5_20_50,end,regulated_pm_one,1,12.604893041854236,12.604893041854236,1.1333333333333293,13.738226375187566,0.22666666666666585,2.747645275037513
paired_sensitivities,MDF,Mas dels Frares,drying5,linear_5_20_50,end,regulated_pm_two,1,10.035724147822425,10.035724147822425,1.1333333333333293,11.169057481155754,0.22666666666666585,2.2338114962311506
paired_sensitivities,MDF,Mas dels Frares,drying5,linear_5_20_50,mean,regulated_hg_one,1,13.47376854248624,13.47376854248624,0.89565972222222,14.36942826470846,0.179131944444444,2.8738856529416923
paired_sensitivities,MDF,Mas dels Frares,drying5,linear_5_20_50,mean,regulated_hg_two,1,10.460356167641987,10.460356167641987,0.89565972222222,11.356015889864207,0.179131944444444,2.271203177972841
paired_sensitivities,MDF,Mas dels Frares,drying5,linear_5_20_50,mean,regulated_pm_one,1,12.842566652965345,12.842566652965345,0.89565972222222,13.738226375187566,0.179131944444444,2.747645275037513
paired_sensitivities,MDF,Mas dels Frares,drying5,linear_5_20_50,mean,regulated_pm_two,1,10.273397758933534,10.273397758933534,0.89565972222222,11.169057481155754,0.179131944444444,2.2338114962311506
paired_sensitivities,MDF,Mas dels Frares,drying5,hold_20,end,regulated_hg_one,1,13.269428264708463,13.269428264708463,1.0999999999999979,14.36942826470846,0.21999999999999958,2.8738856529416923
paired_sensitivities,MDF,Mas dels Frares,drying5,hold_20,end,regulated_hg_two,1,10.256015889864209,10.256015889864209,1.0999999999999979,11.356015889864207,0.21999999999999958,2.271203177972841
paired_sensitivities,MDF,Mas dels Frares,drying5,hold_20,end,regulated_pm_one,1,12.638226375187568,12.638226375187568,1.0999999999999979,13.738226375187566,0.21999999999999958,2.747645275037513
paired_sensitivities,MDF,Mas dels Frares,drying5,hold_20,end,regulated_pm_two,1,10.069057481155756,10.069057481155756,1.0999999999999979,11.169057481155754,0.21999999999999958,2.2338114962311506
paired_sensitivities,MDF,Mas dels Frares,drying5,hold_20,mean,regulated_hg_one,1,13.536615764708461,13.536615764708461,0.8328124999999993,14.36942826470846,0.16656249999999986,2.8738856529416923
paired_sensitivities,MDF,Mas dels Frares,drying5,hold_20,mean,regulated_hg_two,1,10.523203389864207,10.523203389864207,0.8328124999999993,11.356015889864207,0.16656249999999986,2.271203177972841
paired_sensitivities,MDF,Mas dels Frares,drying5,hold_20,mean,regulated_pm_one,1,12.905413875187566,12.905413875187566,0.8328124999999993,13.738226375187566,0.16656249999999986,2.747645275037513
paired_sensitivities,MDF,Mas dels Frares,drying5,hold_20,mean,regulated_pm_two,1,10.336244981155755,10.336244981155755,0.8328124999999993,11.169057481155754,0.16656249999999986,2.2338114962311506
paired_sensitivities,MDF,Mas dels Frares,drying5,blocks_10_20,end,regulated_hg_one,1,13.669428264708458,13.669428264708458,0.7000000000000028,14.36942826470846,0.14000000000000057,2.8738856529416923
paired_sensitivities,MDF,Mas dels Frares,drying5,blocks_10_20,end,regulated_hg_two,1,10.656015889864204,10.656015889864204,0.7000000000000028,11.356015889864207,0.14000000000000057,2.271203177972841
paired_sensitivities,MDF,Mas dels Frares,drying5,blocks_10_20,end,regulated_pm_one,1,13.038226375187563,13.038226375187563,0.7000000000000028,13.738226375187566,0.14000000000000057,2.747645275037513
paired_sensitivities,MDF,Mas dels Frares,drying5,blocks_10_20,end,regulated_pm_two,1,10.469057481155751,10.469057481155751,0.7000000000000028,11.169057481155754,0.14000000000000057,2.2338114962311506
paired_sensitivities,MDF,Mas dels Frares,drying5,blocks_10_20,mean,regulated_hg_one,1,13.99442826470846,13.99442826470846,0.375,14.36942826470846,0.075,2.8738856529416923
paired_sensitivities,MDF,Mas dels Frares,drying5,blocks_10_20,mean,regulated_hg_two,1,10.981015889864207,10.981015889864207,0.375,11.356015889864207,0.075,2.271203177972841
paired_sensitivities,MDF,Mas dels Frares,drying5,blocks_10_20,mean,regulated_pm_one,1,13.363226375187566,13.363226375187566,0.375,13.738226375187566,0.075,2.747645275037513
paired_sensitivities,MDF,Mas dels Frares,drying5,blocks_10_20,mean,regulated_pm_two,1,10.794057481155754,10.794057481155754,0.375,11.169057481155754,0.075,2.2338114962311506
gauge_dry,CDLP,Clot de Les Peres,drying5,linear_5_20_50,end,regulated_hg_one,1,0.4676826511073333,-0.4676826511073333,4.57362333333333,4.105940682225997,0.9147246666666661,0.8211881364451994
gauge_dry,CDLP,Clot de Les Peres,drying5,linear_5_20_50,end,regulated_hg_two,1,0.4481486618126205,-0.4481486618126205,4.57362333333333,4.12547467152071,0.9147246666666661,0.8250949343041419
gauge_dry,CDLP,Clot de Les Peres,drying5,linear_5_20_50,end,regulated_pm_one,1,0.22976130824173246,-0.22976130824173246,4.57362333333333,4.343862025091598,0.9147246666666661,0.8687724050183195
gauge_dry,CDLP,Clot de Les Peres,drying5,linear_5_20_50,end,regulated_pm_two,1,0.226949303237312,-0.226949303237312,4.57362333333333,4.346674030096018,0.9147246666666661,0.8693348060192037
gauge_dry,CDLP,Clot de Les Peres,drying5,linear_5_20_50,mean,regulated_hg_one,1,0.08318039416289658,-0.08318039416289658,4.1891210763888935,4.105940682225997,0.8378242152777787,0.8211881364451994
gauge_dry,CDLP,Clot de Les Peres,drying5,linear_5_20_50,mean,regulated_hg_two,1,0.06364640486818374,-0.06364640486818374,4.1891210763888935,4.12547467152071,0.8378242152777787,0.8250949343041419
gauge_dry,CDLP,Clot de Les Peres,drying5,linear_5_20_50,mean,regulated_pm_one,1,0.15474094870270427,0.15474094870270427,4.1891210763888935,4.343862025091598,0.8378242152777787,0.8687724050183195
gauge_dry,CDLP,Clot de Les Peres,drying5,linear_5_20_50,mean,regulated_pm_two,1,0.15755295370712474,0.15755295370712474,4.1891210763888935,4.346674030096018,0.8378242152777787,0.8693348060192037
gauge_dry,CDLP,Clot de Les Peres,drying5,hold_20,end,regulated_hg_one,1,0.7888843177740075,-0.7888843177740075,4.894825000000004,4.105940682225997,0.9789650000000009,0.8211881364451994
gauge_dry,CDLP,Clot de Les Peres,drying5,hold_20,end,regulated_hg_two,1,0.7693503284792946,-0.7693503284792946,4.894825000000004,4.12547467152071,0.9789650000000009,0.8250949343041419
gauge_dry,CDLP,Clot de Les Peres,drying5,hold_20,end,regulated_pm_one,1,0.5509629749084066,-0.5509629749084066,4.894825000000004,4.343862025091598,0.9789650000000009,0.8687724050183195
gauge_dry,CDLP,Clot de Les Peres,drying5,hold_20,end,regulated_pm_two,1,0.5481509699039862,-0.5481509699039862,4.894825000000004,4.346674030096018,0.9789650000000009,0.8693348060192037
gauge_dry,CDLP,Clot de Les Peres,drying5,hold_20,mean,regulated_hg_one,1,0.4091212969406701,-0.4091212969406701,4.515061979166667,4.105940682225997,0.9030123958333334,0.8211881364451994
gauge_dry,CDLP,Clot de Les Peres,drying5,hold_20,mean,regulated_hg_two,1,0.3895873076459573,-0.3895873076459573,4.515061979166667,4.12547467152071,0.9030123958333334,0.8250949343041419
gauge_dry,CDLP,Clot de Les Peres,drying5,hold_20,mean,regulated_pm_one,1,0.17119995407506927,-0.17119995407506927,4.515061979166667,4.343862025091598,0.9030123958333334,0.8687724050183195
gauge_dry,CDLP,Clot de Les Peres,drying5,hold_20,mean,regulated_pm_two,1,0.1683879490706488,-0.1683879490706488,4.515061979166667,4.346674030096018,0.9030123958333334,0.8693348060192037
gauge_dry,CDLP,Clot de Les Peres,drying5,blocks_10_20,end,regulated_hg_one,1,0.8108393177740059,-0.8108393177740059,4.916780000000003,4.105940682225997,0.9833560000000006,0.8211881364451994
gauge_dry,CDLP,Clot de Les Peres,drying5,blocks_10_20,end,regulated_hg_two,1,0.791305328479293,-0.791305328479293,4.916780000000003,4.12547467152071,0.9833560000000006,0.8250949343041419
gauge_dry,CDLP,Clot de Les Peres,drying5,blocks_10_20,end,regulated_pm_one,1,0.572917974908405,-0.572917974908405,4.916780000000003,4.343862025091598,0.9833560000000006,0.8687724050183195
gauge_dry,CDLP,Clot de Les Peres,drying5,blocks_10_20,end,regulated_pm_two,1,0.5701059699039845,-0.5701059699039845,4.916780000000003,4.346674030096018,0.9833560000000006,0.8693348060192037
gauge_dry,CDLP,Clot de Les Peres,drying5,blocks_10_20,mean,regulated_hg_one,1,0.5978164011073392,-0.5978164011073392,4.703757083333336,4.105940682225997,0.9407514166666673,0.8211881364451994
gauge_dry,CDLP,Clot de Les Peres,drying5,blocks_10_20,mean,regulated_hg_two,1,0.5782824118126264,-0.5782824118126264,4.703757083333336,4.12547467152071,0.9407514166666673,0.8250949343041419
gauge_dry,CDLP,Clot de Les Peres,drying5,blocks_10_20,mean,regulated_pm_one,1,0.3598950582417384,-0.3598950582417384,4.703757083333336,4.343862025091598,0.9407514166666673,0.8687724050183195
gauge_dry,CDLP,Clot de Les Peres,drying5,blocks_10_20,mean,regulated_pm_two,1,0.3570830532373179,-0.3570830532373179,4.703757083333336,4.346674030096018,0.9407514166666673,0.8693348060192037
gauge_dry,SCA,Serra de Costa Ampla,drying5,linear_5_20_50,end,regulated_hg_one,1,6.733362795049819,6.733362795049819,1.2666666666666657,8.000029461716485,0.25333333333333313,1.600005892343297
gauge_dry,SCA,Serra de Costa Ampla,drying5,linear_5_20_50,end,regulated_hg_two,1,6.414038515639387,6.414038515639387,1.2666666666666657,7.680705182306053,0.25333333333333313,1.5361410364612105
gauge_dry,SCA,Serra de Costa Ampla,drying5,linear_5_20_50,end,regulated_pm_one,1,6.8765879588754295,6.8765879588754295,1.2666666666666657,8.143254625542095,0.25333333333333313,1.6286509251084191
gauge_dry,SCA,Serra de Costa Ampla,drying5,linear_5_20_50,end,regulated_pm_two,1,6.448603396891048,6.448603396891048,1.2666666666666657,7.715270063557714,0.25333333333333313,1.5430540127115429
gauge_dry,SCA,Serra de Costa Ampla,drying5,linear_5_20_50,mean,regulated_hg_one,1,7.436140572827602,7.436140572827602,0.5638888888888829,8.000029461716485,0.11277777777777657,1.600005892343297
gauge_dry,SCA,Serra de Costa Ampla,drying5,linear_5_20_50,mean,regulated_hg_two,1,7.11681629341717,7.11681629341717,0.5638888888888829,7.680705182306053,0.11277777777777657,1.5361410364612105
gauge_dry,SCA,Serra de Costa Ampla,drying5,linear_5_20_50,mean,regulated_pm_one,1,7.579365736653212,7.579365736653212,0.5638888888888829,8.143254625542095,0.11277777777777657,1.6286509251084191
gauge_dry,SCA,Serra de Costa Ampla,drying5,linear_5_20_50,mean,regulated_pm_two,1,7.151381174668831,7.151381174668831,0.5638888888888829,7.715270063557714,0.11277777777777657,1.5430540127115429
gauge_dry,SCA,Serra de Costa Ampla,drying5,hold_20,end,regulated_hg_one,1,6.600029461716494,6.600029461716494,1.3999999999999915,8.000029461716485,0.2799999999999983,1.600005892343297
gauge_dry,SCA,Serra de Costa Ampla,drying5,hold_20,end,regulated_hg_two,1,6.280705182306061,6.280705182306061,1.3999999999999915,7.680705182306053,0.2799999999999983,1.5361410364612105
gauge_dry,SCA,Serra de Costa Ampla,drying5,hold_20,end,regulated_pm_one,1,6.743254625542104,6.743254625542104,1.3999999999999915,8.143254625542095,0.2799999999999983,1.6286509251084191
gauge_dry,SCA,Serra de Costa Ampla,drying5,hold_20,end,regulated_pm_two,1,6.315270063557723,6.315270063557723,1.3999999999999915,7.715270063557714,0.2799999999999983,1.5430540127115429
gauge_dry,SCA,Serra de Costa Ampla,drying5,hold_20,mean,regulated_hg_one,1,7.323987795049822,7.323987795049822,0.6760416666666629,8.000029461716485,0.13520833333333257,1.600005892343297
gauge_dry,SCA,Serra de Costa Ampla,drying5,hold_20,mean,regulated_hg_two,1,7.00466351563939,7.00466351563939,0.6760416666666629,7.680705182306053,0.13520833333333257,1.5361410364612105
gauge_dry,SCA,Serra de Costa Ampla,drying5,hold_20,mean,regulated_pm_one,1,7.467212958875432,7.467212958875432,0.6760416666666629,8.143254625542095,0.13520833333333257,1.6286509251084191
gauge_dry,SCA,Serra de Costa Ampla,drying5,hold_20,mean,regulated_pm_two,1,7.039228396891051,7.039228396891051,0.6760416666666629,7.715270063557714,0.13520833333333257,1.5430540127115429
gauge_dry,SCA,Serra de Costa Ampla,drying5,blocks_10_20,end,regulated_hg_one,1,6.400029461716491,6.400029461716491,1.5999999999999943,8.000029461716485,0.31999999999999884,1.600005892343297
gauge_dry,SCA,Serra de Costa Ampla,drying5,blocks_10_20,end,regulated_hg_two,1,6.080705182306058,6.080705182306058,1.5999999999999943,7.680705182306053,0.31999999999999884,1.5361410364612105
gauge_dry,SCA,Serra de Costa Ampla,drying5,blocks_10_20,end,regulated_pm_one,1,6.543254625542101,6.543254625542101,1.5999999999999943,8.143254625542095,0.31999999999999884,1.6286509251084191
gauge_dry,SCA,Serra de Costa Ampla,drying5,blocks_10_20,end,regulated_pm_two,1,6.11527006355772,6.11527006355772,1.5999999999999943,7.715270063557714,0.31999999999999884,1.5430540127115429
gauge_dry,SCA,Serra de Costa Ampla,drying5,blocks_10_20,mean,regulated_hg_one,1,7.122946128383154,7.122946128383154,0.8770833333333314,8.000029461716485,0.17541666666666628,1.600005892343297
gauge_dry,SCA,Serra de Costa Ampla,drying5,blocks_10_20,mean,regulated_hg_two,1,6.803621848972721,6.803621848972721,0.8770833333333314,7.680705182306053,0.17541666666666628,1.5361410364612105
gauge_dry,SCA,Serra de Costa Ampla,drying5,blocks_10_20,mean,regulated_pm_one,1,7.266171292208764,7.266171292208764,0.8770833333333314,8.143254625542095,0.17541666666666628,1.6286509251084191
gauge_dry,SCA,Serra de Costa Ampla,drying5,blocks_10_20,mean,regulated_pm_two,1,6.838186730224383,6.838186730224383,0.8770833333333314,7.715270063557714,0.17541666666666628,1.5430540127115429
gauge_dry,EBX,El Boixer,drying5,linear_5_20_50,end,regulated_hg_one,1,1.8286362352902614,1.8286362352902614,10.75833333333334,12.586969568623601,2.151666666666668,2.51739391372472
gauge_dry,EBX,El Boixer,drying5,linear_5_20_50,end,regulated_hg_two,1,0.03338472786648694,0.03338472786648694,10.75833333333334,10.791718061199827,2.151666666666668,2.1583436122399653
gauge_dry,EBX,El Boixer,drying5,linear_5_20_50,end,regulated_pm_one,1,2.491532317010268,2.491532317010268,10.75833333333334,13.249865650343608,2.151666666666668,2.6499731300687217
gauge_dry,EBX,El Boixer,drying5,linear_5_20_50,end,regulated_pm_two,1,0.6095897043922811,0.6095897043922811,10.75833333333334,11.367923037725621,2.151666666666668,2.273584607545124
gauge_dry,EBX,El Boixer,drying5,linear_5_20_50,mean,regulated_hg_one,1,0.8821084575124871,0.8821084575124871,11.704861111111114,12.586969568623601,2.3409722222222227,2.51739391372472
gauge_dry,EBX,El Boixer,drying5,linear_5_20_50,mean,regulated_hg_two,1,0.9131430499112874,-0.9131430499112874,11.704861111111114,10.791718061199827,2.3409722222222227,2.1583436122399653
gauge_dry,EBX,El Boixer,drying5,linear_5_20_50,mean,regulated_pm_one,1,1.5450045392324938,1.5450045392324938,11.704861111111114,13.249865650343608,2.3409722222222227,2.6499731300687217
gauge_dry,EBX,El Boixer,drying5,linear_5_20_50,mean,regulated_pm_two,1,0.3369380733854932,-0.3369380733854932,11.704861111111114,11.367923037725621,2.3409722222222227,2.273584607545124
gauge_dry,EBX,El Boixer,drying5,hold_20,end,regulated_hg_one,1,1.3619695686236,1.3619695686236,11.225000000000001,12.586969568623601,2.245,2.51739391372472
gauge_dry,EBX,El Boixer,drying5,hold_20,end,regulated_hg_two,1,0.4332819388001745,-0.4332819388001745,11.225000000000001,10.791718061199827,2.245,2.1583436122399653
gauge_dry,EBX,El Boixer,drying5,hold_20,end,regulated_pm_one,1,2.0248656503436067,2.0248656503436067,11.225000000000001,13.249865650343608,2.245,2.6499731300687217
gauge_dry,EBX,El Boixer,drying5,hold_20,end,regulated_pm_two,1,0.14292303772561965,0.14292303772561965,11.225000000000001,11.367923037725621,2.245,2.273584607545124
gauge_dry,EBX,El Boixer,drying5,hold_20,mean,regulated_hg_one,1,0.34009456862360565,0.34009456862360565,12.246874999999996,12.586969568623601,2.449374999999999,2.51739391372472
gauge_dry,EBX,El Boixer,drying5,hold_20,mean,regulated_hg_two,1,1.4551569388001688,-1.4551569388001688,12.246874999999996,10.791718061199827,2.449374999999999,2.1583436122399653
gauge_dry,EBX,El Boixer,drying5,hold_20,mean,regulated_pm_one,1,1.0029906503436123,1.0029906503436123,12.246874999999996,13.249865650343608,2.449374999999999,2.6499731300687217
gauge_dry,EBX,El Boixer,drying5,hold_20,mean,regulated_pm_two,1,0.8789519622743747,-0.8789519622743747,12.246874999999996,11.367923037725621,2.449374999999999,2.273584607545124
gauge_dry,EBX,El Boixer,drying5,blocks_10_20,end,regulated_hg_one,1,1.6869695686236028,1.6869695686236028,10.899999999999999,12.586969568623601,2.1799999999999997,2.51739391372472
gauge_dry,EBX,El Boixer,drying5,blocks_10_20,end,regulated_hg_two,1,0.10828193880017167,-0.10828193880017167,10.899999999999999,10.791718061199827,2.1799999999999997,2.1583436122399653
gauge_dry,EBX,El Boixer,drying5,blocks_10_20,end,regulated_pm_one,1,2.3498656503436095,2.3498656503436095,10.899999999999999,13.249865650343608,2.1799999999999997,2.6499731300687217
gauge_dry,EBX,El Boixer,drying5,blocks_10_20,end,regulated_pm_two,1,0.4679230377256225,0.4679230377256225,10.899999999999999,11.367923037725621,2.1799999999999997,2.273584607545124
gauge_dry,EBX,El Boixer,drying5,blocks_10_20,mean,regulated_hg_one,1,0.7494695686236028,0.7494695686236028,11.837499999999999,12.586969568623601,2.3674999999999997,2.51739391372472
gauge_dry,EBX,El Boixer,drying5,blocks_10_20,mean,regulated_hg_two,1,1.0457819388001717,-1.0457819388001717,11.837499999999999,10.791718061199827,2.3674999999999997,2.1583436122399653
gauge_dry,EBX,El Boixer,drying5,blocks_10_20,mean,regulated_pm_one,1,1.4123656503436095,1.4123656503436095,11.837499999999999,13.249865650343608,2.3674999999999997,2.6499731300687217
gauge_dry,EBX,El Boixer,drying5,blocks_10_20,mean,regulated_pm_two,1,0.4695769622743775,-0.4695769622743775,11.837499999999999,11.367923037725621,2.3674999999999997,2.273584607545124
gauge_dry,LCS,Los Coscolls,drying5,linear_5_20_50,end,regulated_hg_one,1,2.079165290799972,2.079165290799972,0.591666666666665,2.670831957466637,0.118333333333333,0.5341663914933273
gauge_dry,LCS,Los Coscolls,drying5,linear_5_20_50,end,regulated_hg_two,1,1.4298966254798104,1.4298966254798104,0.591666666666665,2.0215632921464755,0.118333333333333,0.4043126584292951
gauge_dry,LCS,Los Coscolls,drying5,linear_5_20_50,end,regulated_pm_one,1,2.2688723164897597,2.2688723164897597,0.591666666666665,2.8605389831564247,0.118333333333333,0.572107796631285
gauge_dry,LCS,Los Coscolls,drying5,linear_5_20_50,end,regulated_pm_two,1,1.6612181017484486,1.6612181017484486,0.591666666666665,2.2528847684151136,0.118333333333333,0.45057695368302275
gauge_dry,LCS,Los Coscolls,drying5,linear_5_20_50,mean,regulated_hg_one,1,2.1453111241333054,2.1453111241333054,0.5255208333333314,2.670831957466637,0.10510416666666629,0.5341663914933273
gauge_dry,LCS,Los Coscolls,drying5,linear_5_20_50,mean,regulated_hg_two,1,1.496042458813144,1.496042458813144,0.5255208333333314,2.0215632921464755,0.10510416666666629,0.4043126584292951
gauge_dry,LCS,Los Coscolls,drying5,linear_5_20_50,mean,regulated_pm_one,1,2.3350181498230933,2.3350181498230933,0.5255208333333314,2.8605389831564247,0.10510416666666629,0.572107796631285
gauge_dry,LCS,Los Coscolls,drying5,linear_5_20_50,mean,regulated_pm_two,1,1.7273639350817822,1.7273639350817822,0.5255208333333314,2.2528847684151136,0.10510416666666629,0.45057695368302275
gauge_dry,LCS,Los Coscolls,drying5,hold_20,end,regulated_hg_one,1,2.0958319574666375,2.0958319574666375,0.5749999999999993,2.670831957466637,0.11499999999999985,0.5341663914933273
gauge_dry,LCS,Los Coscolls,drying5,hold_20,end,regulated_hg_two,1,1.4465632921464762,1.4465632921464762,0.5749999999999993,2.0215632921464755,0.11499999999999985,0.4043126584292951
gauge_dry,LCS,Los Coscolls,drying5,hold_20,end,regulated_pm_one,1,2.2855389831564255,2.2855389831564255,0.5749999999999993,2.8605389831564247,0.11499999999999985,0.572107796631285
gauge_dry,LCS,Los Coscolls,drying5,hold_20,end,regulated_pm_two,1,1.6778847684151144,1.6778847684151144,0.5749999999999993,2.2528847684151136,0.11499999999999985,0.45057695368302275
gauge_dry,LCS,Los Coscolls,drying5,hold_20,mean,regulated_hg_one,1,2.143227790799974,2.143227790799974,0.5276041666666629,2.670831957466637,0.10552083333333258,0.5341663914933273
gauge_dry,LCS,Los Coscolls,drying5,hold_20,mean,regulated_hg_two,1,1.4939591254798126,1.4939591254798126,0.5276041666666629,2.0215632921464755,0.10552083333333258,0.4043126584292951
gauge_dry,LCS,Los Coscolls,drying5,hold_20,mean,regulated_pm_one,1,2.332934816489762,2.332934816489762,0.5276041666666629,2.8605389831564247,0.10552083333333258,0.572107796631285
gauge_dry,LCS,Los Coscolls,drying5,hold_20,mean,regulated_pm_two,1,1.7252806017484508,1.7252806017484508,0.5276041666666629,2.2528847684151136,0.10552083333333258,0.45057695368302275
gauge_dry,LCS,Los Coscolls,drying5,blocks_10_20,end,regulated_hg_one,1,2.2708319574666382,2.2708319574666382,0.3999999999999986,2.670831957466637,0.07999999999999971,0.5341663914933273
gauge_dry,LCS,Los Coscolls,drying5,blocks_10_20,end,regulated_hg_two,1,1.6215632921464769,1.6215632921464769,0.3999999999999986,2.0215632921464755,0.07999999999999971,0.4043126584292951
gauge_dry,LCS,Los Coscolls,drying5,blocks_10_20,end,regulated_pm_one,1,2.460538983156426,2.460538983156426,0.3999999999999986,2.8605389831564247,0.07999999999999971,0.572107796631285
gauge_dry,LCS,Los Coscolls,drying5,blocks_10_20,end,regulated_pm_two,1,1.852884768415115,1.852884768415115,0.3999999999999986,2.2528847684151136,0.07999999999999971,0.45057695368302275
gauge_dry,LCS,Los Coscolls,drying5,blocks_10_20,mean,regulated_hg_one,1,2.2624986241333054,2.2624986241333054,0.40833333333333144,2.670831957466637,0.08166666666666629,0.5341663914933273
gauge_dry,LCS,Los Coscolls,drying5,blocks_10_20,mean,regulated_hg_two,1,1.613229958813144,1.613229958813144,0.40833333333333144,2.0215632921464755,0.08166666666666629,0.4043126584292951
gauge_dry,LCS,Los Coscolls,drying5,blocks_10_20,mean,regulated_pm_one,1,2.4522056498230933,2.4522056498230933,0.40833333333333144,2.8605389831564247,0.08166666666666629,0.572107796631285
gauge_dry,LCS,Los Coscolls,drying5,blocks_10_20,mean,regulated_pm_two,1,1.8445514350817822,1.8445514350817822,0.40833333333333144,2.2528847684151136,0.08166666666666629,0.45057695368302275
gauge_dry,PSN,Pessonada,drying5,linear_5_20_50,end,regulated_hg_one,1,0.6334986036538961,-0.6334986036538961,9.216666666666661,8.583168063012765,1.8433333333333324,1.716633612602553
gauge_dry,PSN,Pessonada,drying5,linear_5_20_50,end,regulated_hg_two,1,1.6469819386256157,-1.6469819386256157,9.216666666666661,7.569684728041046,1.8433333333333324,1.5139369456082092
gauge_dry,PSN,Pessonada,drying5,linear_5_20_50,end,regulated_pm_one,1,0.5756966668571657,-0.5756966668571657,9.216666666666661,8.640969999809496,1.8433333333333324,1.7281939999618992
gauge_dry,PSN,Pessonada,drying5,linear_5_20_50,end,regulated_pm_two,1,1.6403473013840717,-1.6403473013840717,9.216666666666661,7.57631936528259,1.8433333333333324,1.515263873056518
gauge_dry,PSN,Pessonada,drying5,linear_5_20_50,mean,regulated_hg_one,1,1.1833249925427918,-1.1833249925427918,9.766493055555557,8.583168063012765,1.9532986111111115,1.716633612602553
gauge_dry,PSN,Pessonada,drying5,linear_5_20_50,mean,regulated_hg_two,1,2.1968083275145114,-2.1968083275145114,9.766493055555557,7.569684728041046,1.9532986111111115,1.5139369456082092
gauge_dry,PSN,Pessonada,drying5,linear_5_20_50,mean,regulated_pm_one,1,1.1255230557460614,-1.1255230557460614,9.766493055555557,8.640969999809496,1.9532986111111115,1.7281939999618992
gauge_dry,PSN,Pessonada,drying5,linear_5_20_50,mean,regulated_pm_two,1,2.1901736902729674,-2.1901736902729674,9.766493055555557,7.57631936528259,1.9532986111111115,1.515263873056518
gauge_dry,PSN,Pessonada,drying5,hold_20,end,regulated_hg_one,1,1.1168319369872304,-1.1168319369872304,9.699999999999996,8.583168063012765,1.939999999999999,1.716633612602553
gauge_dry,PSN,Pessonada,drying5,hold_20,end,regulated_hg_two,1,2.13031527195895,-2.13031527195895,9.699999999999996,7.569684728041046,1.939999999999999,1.5139369456082092
gauge_dry,PSN,Pessonada,drying5,hold_20,end,regulated_pm_one,1,1.0590300001905,-1.0590300001905,9.699999999999996,8.640969999809496,1.939999999999999,1.7281939999618992
gauge_dry,PSN,Pessonada,drying5,hold_20,end,regulated_pm_two,1,2.123680634717406,-2.123680634717406,9.699999999999996,7.57631936528259,1.939999999999999,1.515263873056518
gauge_dry,PSN,Pessonada,drying5,hold_20,mean,regulated_hg_one,1,1.7111027703205703,-1.7111027703205703,10.294270833333336,8.583168063012765,2.0588541666666673,1.716633612602553
gauge_dry,PSN,Pessonada,drying5,hold_20,mean,regulated_hg_two,1,2.72458610529229,-2.72458610529229,10.294270833333336,7.569684728041046,2.0588541666666673,1.5139369456082092
gauge_dry,PSN,Pessonada,drying5,hold_20,mean,regulated_pm_one,1,1.65330083352384,-1.65330083352384,10.294270833333336,8.640969999809496,2.0588541666666673,1.7281939999618992
gauge_dry,PSN,Pessonada,drying5,hold_20,mean,regulated_pm_two,1,2.717951468050746,-2.717951468050746,10.294270833333336,7.57631936528259,2.0588541666666673,1.515263873056518
gauge_dry,PSN,Pessonada,drying5,blocks_10_20,end,regulated_hg_one,1,0.6168319369872375,-0.6168319369872375,9.200000000000003,8.583168063012765,1.8400000000000005,1.716633612602553
gauge_dry,PSN,Pessonada,drying5,blocks_10_20,end,regulated_hg_two,1,1.630315271958957,-1.630315271958957,9.200000000000003,7.569684728041046,1.8400000000000005,1.5139369456082092
gauge_dry,PSN,Pessonada,drying5,blocks_10_20,end,regulated_pm_one,1,0.5590300001905071,-0.5590300001905071,9.200000000000003,8.640969999809496,1.8400000000000005,1.7281939999618992
gauge_dry,PSN,Pessonada,drying5,blocks_10_20,end,regulated_pm_two,1,1.623680634717413,-1.623680634717413,9.200000000000003,7.57631936528259,1.8400000000000005,1.515263873056518
gauge_dry,PSN,Pessonada,drying5,blocks_10_20,mean,regulated_hg_one,1,1.1522486036539075,-1.1522486036539075,9.735416666666673,8.583168063012765,1.9470833333333346,1.716633612602553
gauge_dry,PSN,Pessonada,drying5,blocks_10_20,mean,regulated_hg_two,1,2.165731938625627,-2.165731938625627,9.735416666666673,7.569684728041046,1.9470833333333346,1.5139369456082092
gauge_dry,PSN,Pessonada,drying5,blocks_10_20,mean,regulated_pm_one,1,1.094446666857177,-1.094446666857177,9.735416666666673,8.640969999809496,1.9470833333333346,1.7281939999618992
gauge_dry,PSN,Pessonada,drying5,blocks_10_20,mean,regulated_pm_two,1,2.159097301384083,-2.159097301384083,9.735416666666673,7.57631936528259,1.9470833333333346,1.515263873056518
gauge_dry,BDS,Batlliu de Sort,drying5,linear_5_20_50,end,regulated_hg_one,1,0.13468503181189817,-0.13468503181189817,5.391666666666666,5.2569816348547675,1.0783333333333331,1.0513963269709534
gauge_dry,BDS,Batlliu de Sort,drying5,linear_5_20_50,end,regulated_hg_two,1,0.3357680235348717,-0.3357680235348717,5.391666666666666,5.055898643131794,1.0783333333333331,1.0111797286263589
gauge_dry,BDS,Batlliu de Sort,drying5,linear_5_20_50,end,regulated_pm_one,1,0.48096183461979436,0.48096183461979436,5.391666666666666,5.87262850128646,1.0783333333333331,1.174525700257292
gauge_dry,BDS,Batlliu de Sort,drying5,linear_5_20_50,end,regulated_pm_two,1,0.5249922497364494,0.5249922497364494,5.391666666666666,5.916658916403115,1.0783333333333331,1.183331783280623
gauge_dry,BDS,Batlliu de Sort,drying5,linear_5_20_50,mean,regulated_hg_one,1,0.3362475318119067,-0.3362475318119067,5.593229166666674,5.2569816348547675,1.118645833333335,1.0513963269709534
gauge_dry,BDS,Batlliu de Sort,drying5,linear_5_20_50,mean,regulated_hg_two,1,0.5373305235348802,-0.5373305235348802,5.593229166666674,5.055898643131794,1.118645833333335,1.0111797286263589
gauge_dry,BDS,Batlliu de Sort,drying5,linear_5_20_50,mean,regulated_pm_one,1,0.27939933461978583,0.27939933461978583,5.593229166666674,5.87262850128646,1.118645833333335,1.174525700257292
gauge_dry,BDS,Batlliu de Sort,drying5,linear_5_20_50,mean,regulated_pm_two,1,0.3234297497364409,0.3234297497364409,5.593229166666674,5.916658916403115,1.118645833333335,1.183331783280623
gauge_dry,BDS,Batlliu de Sort,drying5,hold_20,end,regulated_hg_one,1,0.6180183651452325,-0.6180183651452325,5.875,5.2569816348547675,1.175,1.0513963269709534
gauge_dry,BDS,Batlliu de Sort,drying5,hold_20,end,regulated_hg_two,1,0.819101356868206,-0.819101356868206,5.875,5.055898643131794,1.175,1.0111797286263589
gauge_dry,BDS,Batlliu de Sort,drying5,hold_20,end,regulated_pm_one,1,0.0023714987135399213,-0.0023714987135399213,5.875,5.87262850128646,1.175,1.174525700257292
gauge_dry,BDS,Batlliu de Sort,drying5,hold_20,end,regulated_pm_two,1,0.04165891640311514,0.04165891640311514,5.875,5.916658916403115,1.175,1.183331783280623
gauge_dry,BDS,Batlliu de Sort,drying5,hold_20,mean,regulated_hg_one,1,0.8591641984785667,-0.8591641984785667,6.116145833333334,5.2569816348547675,1.2232291666666668,1.0513963269709534
gauge_dry,BDS,Batlliu de Sort,drying5,hold_20,mean,regulated_hg_two,1,1.0602471902015402,-1.0602471902015402,6.116145833333334,5.055898643131794,1.2232291666666668,1.0111797286263589
gauge_dry,BDS,Batlliu de Sort,drying5,hold_20,mean,regulated_pm_one,1,0.2435173320468742,-0.2435173320468742,6.116145833333334,5.87262850128646,1.2232291666666668,1.174525700257292
gauge_dry,BDS,Batlliu de Sort,drying5,hold_20,mean,regulated_pm_two,1,0.19948691693021914,-0.19948691693021914,6.116145833333334,5.916658916403115,1.2232291666666668,1.183331783280623
gauge_dry,BDS,Batlliu de Sort,drying5,blocks_10_20,end,regulated_hg_one,1,1.2430183651452325,-1.2430183651452325,6.5,5.2569816348547675,1.3,1.0513963269709534
gauge_dry,BDS,Batlliu de Sort,drying5,blocks_10_20,end,regulated_hg_two,1,1.444101356868206,-1.444101356868206,6.5,5.055898643131794,1.3,1.0111797286263589
gauge_dry,BDS,Batlliu de Sort,drying5,blocks_10_20,end,regulated_pm_one,1,0.6273714987135399,-0.6273714987135399,6.5,5.87262850128646,1.3,1.174525700257292
gauge_dry,BDS,Batlliu de Sort,drying5,blocks_10_20,end,regulated_pm_two,1,0.5833410835968849,-0.5833410835968849,6.5,5.916658916403115,1.3,1.183331783280623
gauge_dry,BDS,Batlliu de Sort,drying5,blocks_10_20,mean,regulated_hg_one,1,1.5346850318118967,-1.5346850318118967,6.791666666666664,5.2569816348547675,1.358333333333333,1.0513963269709534
gauge_dry,BDS,Batlliu de Sort,drying5,blocks_10_20,mean,regulated_hg_two,1,1.7357680235348703,-1.7357680235348703,6.791666666666664,5.055898643131794,1.358333333333333,1.0111797286263589
gauge_dry,BDS,Batlliu de Sort,drying5,blocks_10_20,mean,regulated_pm_one,1,0.9190381653802042,-0.9190381653802042,6.791666666666664,5.87262850128646,1.358333333333333,1.174525700257292
gauge_dry,BDS,Batlliu de Sort,drying5,blocks_10_20,mean,regulated_pm_two,1,0.8750077502635492,-0.8750077502635492,6.791666666666664,5.916658916403115,1.358333333333333,1.183331783280623
gauge_dry,CDPA,Coll de Paller,drying5,linear_5_20_50,end,regulated_hg_one,1,1.7255048753866618,1.7255048753866618,2.891666666666673,4.617171542053335,0.5783333333333346,0.9234343084106669
gauge_dry,CDPA,Coll de Paller,drying5,linear_5_20_50,end,regulated_hg_two,1,1.2077928829251476,1.2077928829251476,2.891666666666673,4.0994595495918205,0.5783333333333346,0.8198919099183641
gauge_dry,CDPA,Coll de Paller,drying5,linear_5_20_50,end,regulated_pm_one,1,1.6922096636150865,1.6922096636150865,2.891666666666673,4.583876330281759,0.5783333333333346,0.9167752660563518
gauge_dry,CDPA,Coll de Paller,drying5,linear_5_20_50,end,regulated_pm_two,1,1.1983384052929091,1.1983384052929091,2.891666666666673,4.090005071959582,0.5783333333333346,0.8180010143919164
gauge_dry,CDPA,Coll de Paller,drying5,linear_5_20_50,mean,regulated_hg_one,1,2.1485951531644574,2.1485951531644574,2.468576388888877,4.617171542053335,0.49371527777777546,0.9234343084106669
gauge_dry,CDPA,Coll de Paller,drying5,linear_5_20_50,mean,regulated_hg_two,1,1.6308831607029433,1.6308831607029433,2.468576388888877,4.0994595495918205,0.49371527777777546,0.8198919099183641
gauge_dry,CDPA,Coll de Paller,drying5,linear_5_20_50,mean,regulated_pm_one,1,2.115299941392882,2.115299941392882,2.468576388888877,4.583876330281759,0.49371527777777546,0.9167752660563518
gauge_dry,CDPA,Coll de Paller,drying5,linear_5_20_50,mean,regulated_pm_two,1,1.6214286830707048,1.6214286830707048,2.468576388888877,4.090005071959582,0.49371527777777546,0.8180010143919164
gauge_dry,CDPA,Coll de Paller,drying5,hold_20,end,regulated_hg_one,1,1.6421715420533332,1.6421715420533332,2.9750000000000014,4.617171542053335,0.5950000000000003,0.9234343084106669
gauge_dry,CDPA,Coll de Paller,drying5,hold_20,end,regulated_hg_two,1,1.124459549591819,1.124459549591819,2.9750000000000014,4.0994595495918205,0.5950000000000003,0.8198919099183641
gauge_dry,CDPA,Coll de Paller,drying5,hold_20,end,regulated_pm_one,1,1.608876330281758,1.608876330281758,2.9750000000000014,4.583876330281759,0.5950000000000003,0.9167752660563518
gauge_dry,CDPA,Coll de Paller,drying5,hold_20,end,regulated_pm_two,1,1.1150050719595805,1.1150050719595805,2.9750000000000014,4.090005071959582,0.5950000000000003,0.8180010143919164
gauge_dry,CDPA,Coll de Paller,drying5,hold_20,mean,regulated_hg_one,1,2.081234042053339,2.081234042053339,2.5359374999999957,4.617171542053335,0.5071874999999991,0.9234343084106669
gauge_dry,CDPA,Coll de Paller,drying5,hold_20,mean,regulated_hg_two,1,1.5635220495918247,1.5635220495918247,2.5359374999999957,4.0994595495918205,0.5071874999999991,0.8198919099183641
gauge_dry,CDPA,Coll de Paller,drying5,hold_20,mean,regulated_pm_one,1,2.0479388302817636,2.0479388302817636,2.5359374999999957,4.583876330281759,0.5071874999999991,0.9167752660563518
gauge_dry,CDPA,Coll de Paller,drying5,hold_20,mean,regulated_pm_two,1,1.5540675719595862,1.5540675719595862,2.5359374999999957,4.090005071959582,0.5071874999999991,0.8180010143919164
gauge_dry,CDPA,Coll de Paller,drying5,blocks_10_20,end,regulated_hg_one,1,1.217171542053336,1.217171542053336,3.3999999999999986,4.617171542053335,0.6799999999999997,0.9234343084106669
gauge_dry,CDPA,Coll de Paller,drying5,blocks_10_20,end,regulated_hg_two,1,0.6994595495918219,0.6994595495918219,3.3999999999999986,4.0994595495918205,0.6799999999999997,0.8198919099183641
gauge_dry,CDPA,Coll de Paller,drying5,blocks_10_20,end,regulated_pm_one,1,1.1838763302817608,1.1838763302817608,3.3999999999999986,4.583876330281759,0.6799999999999997,0.9167752660563518
gauge_dry,CDPA,Coll de Paller,drying5,blocks_10_20,end,regulated_pm_two,1,0.6900050719595834,0.6900050719595834,3.3999999999999986,4.090005071959582,0.6799999999999997,0.8180010143919164
gauge_dry,CDPA,Coll de Paller,drying5,blocks_10_20,mean,regulated_hg_one,1,1.6921715420533374,1.6921715420533374,2.924999999999997,4.617171542053335,0.5849999999999994,0.9234343084106669
gauge_dry,CDPA,Coll de Paller,drying5,blocks_10_20,mean,regulated_hg_two,1,1.1744595495918233,1.1744595495918233,2.924999999999997,4.0994595495918205,0.5849999999999994,0.8198919099183641
gauge_dry,CDPA,Coll de Paller,drying5,blocks_10_20,mean,regulated_pm_one,1,1.6588763302817622,1.6588763302817622,2.924999999999997,4.583876330281759,0.5849999999999994,0.9167752660563518
gauge_dry,CDPA,Coll de Paller,drying5,blocks_10_20,mean,regulated_pm_two,1,1.1650050719595848,1.1650050719595848,2.924999999999997,4.090005071959582,0.5849999999999994,0.8180010143919164
gauge_dry,EML,El Miracle,drying5,linear_5_20_50,end,regulated_hg_one,2,1.2864688426476407,1.2864688426476407,0.2833333333333332,1.569802175980974,0.05666666666666664,0.3139604351961948
gauge_dry,EML,El Miracle,drying5,linear_5_20_50,end,regulated_hg_two,2,0.8988563050494264,0.8988563050494264,0.2833333333333332,1.1821896383827597,0.05666666666666664,0.23643792767655192
gauge_dry,EML,El Miracle,drying5,linear_5_20_50,end,regulated_pm_one,2,1.3345749028798988,1.3345749028798988,0.2833333333333332,1.617908236213232,0.05666666666666664,0.3235816472426464
gauge_dry,EML,El Miracle,drying5,linear_5_20_50,end,regulated_pm_two,2,0.9785151952235733,0.9785151952235733,0.2833333333333332,1.2618485285569065,0.05666666666666664,0.25236970571138134
gauge_dry,EML,El Miracle,drying5,linear_5_20_50,mean,regulated_hg_one,2,1.2869896759809718,1.2869896759809718,0.28281250000000213,1.569802175980974,0.05656250000000043,0.3139604351961948
gauge_dry,EML,El Miracle,drying5,linear_5_20_50,mean,regulated_hg_two,2,0.8993771383827575,0.8993771383827575,0.28281250000000213,1.1821896383827597,0.05656250000000043,0.23643792767655192
gauge_dry,EML,El Miracle,drying5,linear_5_20_50,mean,regulated_pm_one,2,1.3350957362132299,1.3350957362132299,0.28281250000000213,1.617908236213232,0.05656250000000043,0.3235816472426464
gauge_dry,EML,El Miracle,drying5,linear_5_20_50,mean,regulated_pm_two,2,0.9790360285569044,0.9790360285569044,0.28281250000000213,1.2618485285569065,0.05656250000000043,0.25236970571138134
gauge_dry,EML,El Miracle,drying5,hold_20,end,regulated_hg_one,2,1.2698021759809732,1.2698021759809732,0.3000000000000007,1.569802175980974,0.06000000000000014,0.3139604351961948
gauge_dry,EML,El Miracle,drying5,hold_20,end,regulated_hg_two,2,0.8821896383827589,0.8821896383827589,0.3000000000000007,1.1821896383827597,0.06000000000000014,0.23643792767655192
gauge_dry,EML,El Miracle,drying5,hold_20,end,regulated_pm_one,2,1.3179082362132313,1.3179082362132313,0.3000000000000007,1.617908236213232,0.06000000000000014,0.3235816472426464
gauge_dry,EML,El Miracle,drying5,hold_20,end,regulated_pm_two,2,0.9618485285569058,0.9618485285569058,0.3000000000000007,1.2618485285569065,0.06000000000000014,0.25236970571138134
gauge_dry,EML,El Miracle,drying5,hold_20,mean,regulated_hg_one,2,1.2703230093143079,1.2703230093143079,0.2994791666666661,1.569802175980974,0.05989583333333322,0.3139604351961948
gauge_dry,EML,El Miracle,drying5,hold_20,mean,regulated_hg_two,2,0.8827104717160935,0.8827104717160935,0.2994791666666661,1.1821896383827597,0.05989583333333322,0.23643792767655192
gauge_dry,EML,El Miracle,drying5,hold_20,mean,regulated_pm_one,2,1.318429069546566,1.318429069546566,0.2994791666666661,1.617908236213232,0.05989583333333322,0.3235816472426464
gauge_dry,EML,El Miracle,drying5,hold_20,mean,regulated_pm_two,2,0.9623693618902405,0.9623693618902405,0.2994791666666661,1.2618485285569065,0.05989583333333322,0.25236970571138134
gauge_dry,EML,El Miracle,drying5,blocks_10_20,end,regulated_hg_one,2,1.2698021759809732,1.2698021759809732,0.3000000000000007,1.569802175980974,0.060000000000000143,0.3139604351961948
gauge_dry,EML,El Miracle,drying5,blocks_10_20,end,regulated_hg_two,2,0.8821896383827589,0.8821896383827589,0.3000000000000007,1.1821896383827597,0.060000000000000143,0.23643792767655192
gauge_dry,EML,El Miracle,drying5,blocks_10_20,end,regulated_pm_one,2,1.3179082362132313,1.3179082362132313,0.3000000000000007,1.617908236213232,0.060000000000000143,0.3235816472426464
gauge_dry,EML,El Miracle,drying5,blocks_10_20,end,regulated_pm_two,2,0.9618485285569058,0.9618485285569058,0.3000000000000007,1.2618485285569065,0.060000000000000143,0.25236970571138134
gauge_dry,EML,El Miracle,drying5,blocks_10_20,mean,regulated_hg_one,2,1.26771884264764,1.26771884264764,0.3020833333333339,1.569802175980974,0.060416666666666785,0.3139604351961948
gauge_dry,EML,El Miracle,drying5,blocks_10_20,mean,regulated_hg_two,2,0.8801063050494257,0.8801063050494257,0.3020833333333339,1.1821896383827597,0.060416666666666785,0.23643792767655192
gauge_dry,EML,El Miracle,drying5,blocks_10_20,mean,regulated_pm_one,2,1.315824902879898,1.315824902879898,0.3020833333333339,1.617908236213232,0.060416666666666785,0.3235816472426464
gauge_dry,EML,El Miracle,drying5,blocks_10_20,mean,regulated_pm_two,2,0.9597651952235726,0.9597651952235726,0.3020833333333339,1.2618485285569065,0.060416666666666785,0.25236970571138134
gauge_dry,BCLL,Borda Coll,drying5,linear_5_20_50,end,regulated_hg_one,1,0.6950825665158842,0.6950825665158842,4.299999999999997,4.995082566515881,0.8599999999999994,0.9990165133031763
gauge_dry,BCLL,Borda Coll,drying5,linear_5_20_50,end,regulated_hg_two,1,1.1237560967949811,1.1237560967949811,4.299999999999997,5.423756096794978,0.8599999999999994,1.0847512193589957
gauge_dry,BCLL,Borda Coll,drying5,linear_5_20_50,end,regulated_pm_one,1,1.4801734769930537,1.4801734769930537,4.299999999999997,5.780173476993051,0.8599999999999994,1.1560346953986103
gauge_dry,BCLL,Borda Coll,drying5,linear_5_20_50,end,regulated_pm_two,1,1.8417600980422613,1.8417600980422613,4.299999999999997,6.141760098042258,0.8599999999999994,1.2283520196084516
gauge_dry,BCLL,Borda Coll,drying5,linear_5_20_50,mean,regulated_hg_one,1,0.5971658998492142,0.5971658998492142,4.397916666666667,4.995082566515881,0.8795833333333334,0.9990165133031763
gauge_dry,BCLL,Borda Coll,drying5,linear_5_20_50,mean,regulated_hg_two,1,1.0258394301283111,1.0258394301283111,4.397916666666667,5.423756096794978,0.8795833333333334,1.0847512193589957
gauge_dry,BCLL,Borda Coll,drying5,linear_5_20_50,mean,regulated_pm_one,1,1.3822568103263837,1.3822568103263837,4.397916666666667,5.780173476993051,0.8795833333333334,1.1560346953986103
gauge_dry,BCLL,Borda Coll,drying5,linear_5_20_50,mean,regulated_pm_two,1,1.7438434313755913,1.7438434313755913,4.397916666666667,6.141760098042258,0.8795833333333334,1.2283520196084516
gauge_dry,BCLL,Borda Coll,drying5,hold_20,end,regulated_hg_one,1,0.7450825665158849,0.7450825665158849,4.2499999999999964,4.995082566515881,0.8499999999999993,0.9990165133031763
gauge_dry,BCLL,Borda Coll,drying5,hold_20,end,regulated_hg_two,1,1.1737560967949818,1.1737560967949818,4.2499999999999964,5.423756096794978,0.8499999999999993,1.0847512193589957
gauge_dry,BCLL,Borda Coll,drying5,hold_20,end,regulated_pm_one,1,1.5301734769930544,1.5301734769930544,4.2499999999999964,5.780173476993051,0.8499999999999993,1.1560346953986103
gauge_dry,BCLL,Borda Coll,drying5,hold_20,end,regulated_pm_two,1,1.891760098042262,1.891760098042262,4.2499999999999964,6.141760098042258,0.8499999999999993,1.2283520196084516
gauge_dry,BCLL,Borda Coll,drying5,hold_20,mean,regulated_hg_one,1,0.6607075665158799,0.6607075665158799,4.334375000000001,4.995082566515881,0.8668750000000003,0.9990165133031763
gauge_dry,BCLL,Borda Coll,drying5,hold_20,mean,regulated_hg_two,1,1.0893810967949769,1.0893810967949769,4.334375000000001,5.423756096794978,0.8668750000000003,1.0847512193589957
gauge_dry,BCLL,Borda Coll,drying5,hold_20,mean,regulated_pm_one,1,1.4457984769930494,1.4457984769930494,4.334375000000001,5.780173476993051,0.8668750000000003,1.1560346953986103
gauge_dry,BCLL,Borda Coll,drying5,hold_20,mean,regulated_pm_two,1,1.807385098042257,1.807385098042257,4.334375000000001,6.141760098042258,0.8668750000000003,1.2283520196084516
gauge_dry,BCLL,Borda Coll,drying5,blocks_10_20,end,regulated_hg_one,1,0.9950825665158813,0.9950825665158813,4.0,4.995082566515881,0.8,0.9990165133031763
gauge_dry,BCLL,Borda Coll,drying5,blocks_10_20,end,regulated_hg_two,1,1.4237560967949783,1.4237560967949783,4.0,5.423756096794978,0.8,1.0847512193589957
gauge_dry,BCLL,Borda Coll,drying5,blocks_10_20,end,regulated_pm_one,1,1.7801734769930508,1.7801734769930508,4.0,5.780173476993051,0.8,1.1560346953986103
gauge_dry,BCLL,Borda Coll,drying5,blocks_10_20,end,regulated_pm_two,1,2.1417600980422584,2.1417600980422584,4.0,6.141760098042258,0.8,1.2283520196084516
gauge_dry,BCLL,Borda Coll,drying5,blocks_10_20,mean,regulated_hg_one,1,0.9388325665158792,0.9388325665158792,4.056250000000002,4.995082566515881,0.8112500000000005,0.9990165133031763
gauge_dry,BCLL,Borda Coll,drying5,blocks_10_20,mean,regulated_hg_two,1,1.3675060967949761,1.3675060967949761,4.056250000000002,5.423756096794978,0.8112500000000005,1.0847512193589957
gauge_dry,BCLL,Borda Coll,drying5,blocks_10_20,mean,regulated_pm_one,1,1.7239234769930487,1.7239234769930487,4.056250000000002,5.780173476993051,0.8112500000000005,1.1560346953986103
gauge_dry,BCLL,Borda Coll,drying5,blocks_10_20,mean,regulated_pm_two,1,2.0855100980422563,2.0855100980422563,4.056250000000002,6.141760098042258,0.8112500000000005,1.2283520196084516
gauge_dry,LLA,Llivia,drying5,linear_5_20_50,end,regulated_hg_one,1,11.519434159573844,-11.519434159573844,16.174999999999997,4.655565840426154,3.2349999999999994,0.9311131680852307
gauge_dry,LLA,Llivia,drying5,linear_5_20_50,end,regulated_hg_two,1,12.537213760102711,-12.537213760102711,16.174999999999997,3.637786239897286,3.2349999999999994,0.7275572479794572
gauge_dry,LLA,Llivia,drying5,linear_5_20_50,end,regulated_pm_one,1,10.909530472672571,-10.909530472672571,16.174999999999997,5.265469527327425,3.2349999999999994,1.0530939054654849
gauge_dry,LLA,Llivia,drying5,linear_5_20_50,end,regulated_pm_two,1,11.742924658966523,-11.742924658966523,16.174999999999997,4.4320753410334754,3.2349999999999994,0.8864150682066951
gauge_dry,LLA,Llivia,drying5,linear_5_20_50,mean,regulated_hg_one,1,11.994781381796084,-11.994781381796084,16.650347222222237,4.655565840426154,3.3300694444444474,0.9311131680852307
gauge_dry,LLA,Llivia,drying5,linear_5_20_50,mean,regulated_hg_two,1,13.01256098232495,-13.01256098232495,16.650347222222237,3.637786239897286,3.3300694444444474,0.7275572479794572
gauge_dry,LLA,Llivia,drying5,linear_5_20_50,mean,regulated_pm_one,1,11.384877694894811,-11.384877694894811,16.650347222222237,5.265469527327425,3.3300694444444474,1.0530939054654849
gauge_dry,LLA,Llivia,drying5,linear_5_20_50,mean,regulated_pm_two,1,12.218271881188763,-12.218271881188763,16.650347222222237,4.4320753410334754,3.3300694444444474,0.8864150682066951
gauge_dry,LLA,Llivia,drying5,hold_20,end,regulated_hg_one,1,11.869434159573846,-11.869434159573846,16.525,4.655565840426154,3.3049999999999997,0.9311131680852307
gauge_dry,LLA,Llivia,drying5,hold_20,end,regulated_hg_two,1,12.887213760102712,-12.887213760102712,16.525,3.637786239897286,3.3049999999999997,0.7275572479794572
gauge_dry,LLA,Llivia,drying5,hold_20,end,regulated_pm_one,1,11.259530472672573,-11.259530472672573,16.525,5.265469527327425,3.3049999999999997,1.0530939054654849
gauge_dry,LLA,Llivia,drying5,hold_20,end,regulated_pm_two,1,12.092924658966524,-12.092924658966524,16.525,4.4320753410334754,3.3049999999999997,0.8864150682066951
gauge_dry,LLA,Llivia,drying5,hold_20,mean,regulated_hg_one,1,12.339225826240519,-12.339225826240519,16.99479166666667,4.655565840426154,3.398958333333334,0.9311131680852307
gauge_dry,LLA,Llivia,drying5,hold_20,mean,regulated_hg_two,1,13.357005426769385,-13.357005426769385,16.99479166666667,3.637786239897286,3.398958333333334,0.7275572479794572
gauge_dry,LLA,Llivia,drying5,hold_20,mean,regulated_pm_one,1,11.729322139339246,-11.729322139339246,16.99479166666667,5.265469527327425,3.398958333333334,1.0530939054654849
gauge_dry,LLA,Llivia,drying5,hold_20,mean,regulated_pm_two,1,12.562716325633197,-12.562716325633197,16.99479166666667,4.4320753410334754,3.398958333333334,0.8864150682066951
gauge_dry,LLA,Llivia,drying5,blocks_10_20,end,regulated_hg_one,1,10.844434159573847,-10.844434159573847,15.5,4.655565840426154,3.1,0.9311131680852307
gauge_dry,LLA,Llivia,drying5,blocks_10_20,end,regulated_hg_two,1,11.862213760102714,-11.862213760102714,15.5,3.637786239897286,3.1,0.7275572479794572
gauge_dry,LLA,Llivia,drying5,blocks_10_20,end,regulated_pm_one,1,10.234530472672574,-10.234530472672574,15.5,5.265469527327425,3.1,1.0530939054654849
gauge_dry,LLA,Llivia,drying5,blocks_10_20,end,regulated_pm_two,1,11.067924658966525,-11.067924658966525,15.5,4.4320753410334754,3.1,0.8864150682066951
gauge_dry,LLA,Llivia,drying5,blocks_10_20,mean,regulated_hg_one,1,11.209017492907183,-11.209017492907183,15.864583333333336,4.655565840426154,3.172916666666667,0.9311131680852307
gauge_dry,LLA,Llivia,drying5,blocks_10_20,mean,regulated_hg_two,1,12.22679709343605,-12.22679709343605,15.864583333333336,3.637786239897286,3.172916666666667,0.7275572479794572
gauge_dry,LLA,Llivia,drying5,blocks_10_20,mean,regulated_pm_one,1,10.59911380600591,-10.59911380600591,15.864583333333336,5.265469527327425,3.172916666666667,1.0530939054654849
gauge_dry,LLA,Llivia,drying5,blocks_10_20,mean,regulated_pm_two,1,11.432507992299861,-11.432507992299861,15.864583333333336,4.4320753410334754,3.172916666666667,0.8864150682066951
gauge_dry,CLLP,Cantallops,drying5,linear_5_20_50,end,regulated_hg_one,3,1.0322518649968884,1.0322518649968884,0.4499999999999993,1.4822518649968877,0.08999999999999986,0.2964503729993776
gauge_dry,CLLP,Cantallops,drying5,linear_5_20_50,end,regulated_hg_two,3,0.7507917933053946,0.7507917933053946,0.4499999999999993,1.200791793305394,0.08999999999999986,0.24015835866107876
gauge_dry,CLLP,Cantallops,drying5,linear_5_20_50,end,regulated_pm_one,3,1.0550436803855046,1.0550436803855046,0.4499999999999993,1.5050436803855038,0.08999999999999986,0.30100873607710077
gauge_dry,CLLP,Cantallops,drying5,linear_5_20_50,end,regulated_pm_two,3,0.7778954108273577,0.7778954108273577,0.4499999999999993,1.227895410827357,0.08999999999999986,0.2455790821654714
gauge_dry,CLLP,Cantallops,drying5,linear_5_20_50,mean,regulated_hg_one,3,1.0270435316635527,1.0270435316635527,0.455208333333335,1.4822518649968877,0.091041666666667,0.2964503729993776
gauge_dry,CLLP,Cantallops,drying5,linear_5_20_50,mean,regulated_hg_two,3,0.7455834599720589,0.7455834599720589,0.455208333333335,1.200791793305394,0.091041666666667,0.24015835866107876
gauge_dry,CLLP,Cantallops,drying5,linear_5_20_50,mean,regulated_pm_one,3,1.0498353470521689,1.0498353470521689,0.455208333333335,1.5050436803855038,0.091041666666667,0.30100873607710077
gauge_dry,CLLP,Cantallops,drying5,linear_5_20_50,mean,regulated_pm_two,3,0.772687077494022,0.772687077494022,0.455208333333335,1.227895410827357,0.091041666666667,0.2455790821654714
gauge_dry,CLLP,Cantallops,drying5,hold_20,end,regulated_hg_one,3,1.0655851983302211,1.0655851983302211,0.4166666666666667,1.4822518649968877,0.08333333333333333,0.2964503729993776
gauge_dry,CLLP,Cantallops,drying5,hold_20,end,regulated_hg_two,3,0.7841251266387272,0.7841251266387272,0.4166666666666667,1.200791793305394,0.08333333333333333,0.24015835866107876
gauge_dry,CLLP,Cantallops,drying5,hold_20,end,regulated_pm_one,3,1.0883770137188373,1.0883770137188373,0.4166666666666667,1.5050436803855038,0.08333333333333333,0.30100873607710077
gauge_dry,CLLP,Cantallops,drying5,hold_20,end,regulated_pm_two,3,0.8112287441606904,0.8112287441606904,0.4166666666666667,1.227895410827357,0.08333333333333333,0.2455790821654714
gauge_dry,CLLP,Cantallops,drying5,hold_20,mean,regulated_hg_one,3,1.0572518649968883,1.0572518649968883,0.42499999999999954,1.4822518649968877,0.0849999999999999,0.2964503729993776
gauge_dry,CLLP,Cantallops,drying5,hold_20,mean,regulated_hg_two,3,0.7757917933053944,0.7757917933053944,0.42499999999999954,1.200791793305394,0.0849999999999999,0.24015835866107876
gauge_dry,CLLP,Cantallops,drying5,hold_20,mean,regulated_pm_one,3,1.0800436803855045,1.0800436803855045,0.42499999999999954,1.5050436803855038,0.0849999999999999,0.30100873607710077
gauge_dry,CLLP,Cantallops,drying5,hold_20,mean,regulated_pm_two,3,0.8028954108273575,0.8028954108273575,0.42499999999999954,1.227895410827357,0.0849999999999999,0.2455790821654714
gauge_dry,CLLP,Cantallops,drying5,blocks_10_20,end,regulated_hg_one,3,1.0489185316635554,1.0489185316635554,0.4333333333333324,1.4822518649968877,0.08666666666666648,0.2964503729993776
gauge_dry,CLLP,Cantallops,drying5,blocks_10_20,end,regulated_hg_two,3,0.7674584599720615,0.7674584599720615,0.4333333333333324,1.200791793305394,0.08666666666666648,0.24015835866107876
gauge_dry,CLLP,Cantallops,drying5,blocks_10_20,end,regulated_pm_one,3,1.0717103470521716,1.0717103470521716,0.4333333333333324,1.5050436803855038,0.08666666666666648,0.30100873607710077
gauge_dry,CLLP,Cantallops,drying5,blocks_10_20,end,regulated_pm_two,3,0.7945620774940246,0.7945620774940246,0.4333333333333324,1.227895410827357,0.08666666666666648,0.2455790821654714
gauge_dry,CLLP,Cantallops,drying5,blocks_10_20,mean,regulated_hg_one,3,1.040585198330219,1.040585198330219,0.4416666666666688,1.4822518649968877,0.08833333333333375,0.2964503729993776
gauge_dry,CLLP,Cantallops,drying5,blocks_10_20,mean,regulated_hg_two,3,0.7591251266387251,0.7591251266387251,0.4416666666666688,1.200791793305394,0.08833333333333375,0.24015835866107876
gauge_dry,CLLP,Cantallops,drying5,blocks_10_20,mean,regulated_pm_one,3,1.0633770137188352,1.0633770137188352,0.4416666666666688,1.5050436803855038,0.08833333333333375,0.30100873607710077
gauge_dry,CLLP,Cantallops,drying5,blocks_10_20,mean,regulated_pm_two,3,0.7862287441606882,0.7862287441606882,0.4416666666666688,1.227895410827357,0.08833333333333375,0.2455790821654714
gauge_dry,BOLV,Bolvir,drying5,linear_5_20_50,end,regulated_hg_one,1,4.992194020249421,4.992194020249421,9.949999999999998,14.942194020249419,1.9899999999999995,2.988438804049884
gauge_dry,BOLV,Bolvir,drying5,linear_5_20_50,end,regulated_hg_two,1,2.0157721066178045,2.0157721066178045,9.949999999999998,11.965772106617802,1.9899999999999995,2.3931544213235605
gauge_dry,BOLV,Bolvir,drying5,linear_5_20_50,end,regulated_pm_one,1,5.276016465154994,5.276016465154994,9.949999999999998,15.226016465154991,1.9899999999999995,3.0452032930309985
gauge_dry,BOLV,Bolvir,drying5,linear_5_20_50,end,regulated_pm_two,1,2.1667697927513085,2.1667697927513085,9.949999999999998,12.116769792751306,1.9899999999999995,2.423353958550261
gauge_dry,BOLV,Bolvir,drying5,linear_5_20_50,mean,regulated_hg_one,1,4.123270409138309,4.123270409138309,10.81892361111111,14.942194020249419,2.163784722222222,2.988438804049884
gauge_dry,BOLV,Bolvir,drying5,linear_5_20_50,mean,regulated_hg_two,1,1.146848495506692,1.146848495506692,10.81892361111111,11.965772106617802,2.163784722222222,2.3931544213235605
gauge_dry,BOLV,Bolvir,drying5,linear_5_20_50,mean,regulated_pm_one,1,4.407092854043881,4.407092854043881,10.81892361111111,15.226016465154991,2.163784722222222,3.0452032930309985
gauge_dry,BOLV,Bolvir,drying5,linear_5_20_50,mean,regulated_pm_two,1,1.297846181640196,1.297846181640196,10.81892361111111,12.116769792751306,2.163784722222222,2.423353958550261
gauge_dry,BOLV,Bolvir,drying5,hold_20,end,regulated_hg_one,1,4.992194020249418,4.992194020249418,9.950000000000001,14.942194020249419,1.9900000000000002,2.988438804049884
gauge_dry,BOLV,Bolvir,drying5,hold_20,end,regulated_hg_two,1,2.015772106617801,2.015772106617801,9.950000000000001,11.965772106617802,1.9900000000000002,2.3931544213235605
gauge_dry,BOLV,Bolvir,drying5,hold_20,end,regulated_pm_one,1,5.27601646515499,5.27601646515499,9.950000000000001,15.226016465154991,1.9900000000000002,3.0452032930309985
gauge_dry,BOLV,Bolvir,drying5,hold_20,end,regulated_pm_two,1,2.166769792751305,2.166769792751305,9.950000000000001,12.116769792751306,1.9900000000000002,2.423353958550261
gauge_dry,BOLV,Bolvir,drying5,hold_20,mean,regulated_hg_one,1,4.12813152024942,4.12813152024942,10.814062499999999,14.942194020249419,2.1628125,2.988438804049884
gauge_dry,BOLV,Bolvir,drying5,hold_20,mean,regulated_hg_two,1,1.1517096066178034,1.1517096066178034,10.814062499999999,11.965772106617802,2.1628125,2.3931544213235605
gauge_dry,BOLV,Bolvir,drying5,hold_20,mean,regulated_pm_one,1,4.411953965154993,4.411953965154993,10.814062499999999,15.226016465154991,2.1628125,3.0452032930309985
gauge_dry,BOLV,Bolvir,drying5,hold_20,mean,regulated_pm_two,1,1.3027072927513075,1.3027072927513075,10.814062499999999,12.116769792751306,2.1628125,2.423353958550261
gauge_dry,BOLV,Bolvir,drying5,blocks_10_20,end,regulated_hg_one,1,5.842194020249421,5.842194020249421,9.099999999999998,14.942194020249419,1.8199999999999996,2.988438804049884
gauge_dry,BOLV,Bolvir,drying5,blocks_10_20,end,regulated_hg_two,1,2.865772106617804,2.865772106617804,9.099999999999998,11.965772106617802,1.8199999999999996,2.3931544213235605
gauge_dry,BOLV,Bolvir,drying5,blocks_10_20,end,regulated_pm_one,1,6.1260164651549935,6.1260164651549935,9.099999999999998,15.226016465154991,1.8199999999999996,3.0452032930309985
gauge_dry,BOLV,Bolvir,drying5,blocks_10_20,end,regulated_pm_two,1,3.016769792751308,3.016769792751308,9.099999999999998,12.116769792751306,1.8199999999999996,2.423353958550261
gauge_dry,BOLV,Bolvir,drying5,blocks_10_20,mean,regulated_hg_one,1,5.123444020249419,5.123444020249419,9.81875,14.942194020249419,1.9637499999999999,2.988438804049884
gauge_dry,BOLV,Bolvir,drying5,blocks_10_20,mean,regulated_hg_two,1,2.1470221066178024,2.1470221066178024,9.81875,11.965772106617802,1.9637499999999999,2.3931544213235605
gauge_dry,BOLV,Bolvir,drying5,blocks_10_20,mean,regulated_pm_one,1,5.407266465154992,5.407266465154992,9.81875,15.226016465154991,1.9637499999999999,3.0452032930309985
gauge_dry,BOLV,Bolvir,drying5,blocks_10_20,mean,regulated_pm_two,1,2.2980197927513064,2.2980197927513064,9.81875,12.116769792751306,1.9637499999999999,2.423353958550261
gauge_dry,GGUE,Garriguella,drying5,linear_5_20_50,end,regulated_hg_one,3,1.3775759717862561,1.0884384578322535,1.3805555555555564,2.46899401338781,0.2761111111111113,0.493798802677562
gauge_dry,GGUE,Garriguella,drying5,linear_5_20_50,end,regulated_hg_two,3,1.0427741007511189,0.9938257974847795,1.3805555555555564,2.374381353040336,0.2761111111111113,0.4748762706080672
gauge_dry,GGUE,Garriguella,drying5,linear_5_20_50,end,regulated_pm_one,3,1.3277857241025692,1.0402859292081537,1.3805555555555564,2.4208414847637103,0.2761111111111113,0.48416829695274205
gauge_dry,GGUE,Garriguella,drying5,linear_5_20_50,end,regulated_pm_two,3,1.0405043714166695,1.0220527448796635,1.3805555555555564,2.4026083004352197,0.2761111111111113,0.480521660087044
gauge_dry,GGUE,Garriguella,drying5,linear_5_20_50,mean,regulated_hg_one,3,1.3320319903047753,1.2317833652396628,1.237210648148147,2.46899401338781,0.24744212962962944,0.493798802677562
gauge_dry,GGUE,Garriguella,drying5,linear_5_20_50,mean,regulated_hg_two,3,1.1371707048921889,1.1371707048921889,1.237210648148147,2.374381353040336,0.24744212962962944,0.4748762706080672
gauge_dry,GGUE,Garriguella,drying5,linear_5_20_50,mean,regulated_pm_one,3,1.2822417426210886,1.183630836615563,1.237210648148147,2.4208414847637103,0.24744212962962944,0.48416829695274205
gauge_dry,GGUE,Garriguella,drying5,linear_5_20_50,mean,regulated_pm_two,3,1.1653976522870726,1.1653976522870726,1.237210648148147,2.4026083004352197,0.24744212962962944,0.480521660087044
gauge_dry,GGUE,Garriguella,drying5,hold_20,end,regulated_hg_one,3,1.4609093051195894,1.0273273467211435,1.4416666666666664,2.46899401338781,0.2883333333333333,0.493798802677562
gauge_dry,GGUE,Garriguella,drying5,hold_20,end,regulated_hg_two,3,1.1261074340844521,0.9327146863736695,1.4416666666666664,2.374381353040336,0.2883333333333333,0.4748762706080672
gauge_dry,GGUE,Garriguella,drying5,hold_20,end,regulated_pm_one,3,1.4111190574359027,0.9791748180970438,1.4416666666666664,2.4208414847637103,0.2883333333333333,0.48416829695274205
gauge_dry,GGUE,Garriguella,drying5,hold_20,end,regulated_pm_two,3,1.1238377047500028,0.9609416337685533,1.4416666666666664,2.4026083004352197,0.2883333333333333,0.480521660087044
gauge_dry,GGUE,Garriguella,drying5,hold_20,mean,regulated_hg_one,3,1.4048329162307018,1.1858342911655906,1.2831597222222193,2.46899401338781,0.25663194444444387,0.493798802677562
gauge_dry,GGUE,Garriguella,drying5,hold_20,mean,regulated_hg_two,3,1.0912216308181166,1.0912216308181166,1.2831597222222193,2.374381353040336,0.25663194444444387,0.4748762706080672
gauge_dry,GGUE,Garriguella,drying5,hold_20,mean,regulated_pm_one,3,1.355042668547015,1.1376817625414908,1.2831597222222193,2.4208414847637103,0.25663194444444387,0.48416829695274205
gauge_dry,GGUE,Garriguella,drying5,hold_20,mean,regulated_pm_two,3,1.1194485782130006,1.1194485782130006,1.2831597222222193,2.4026083004352197,0.25663194444444387,0.480521660087044
gauge_dry,GGUE,Garriguella,drying5,blocks_10_20,end,regulated_hg_one,3,1.4525759717862576,1.135660680054479,1.333333333333331,2.46899401338781,0.26666666666666616,0.493798802677562
gauge_dry,GGUE,Garriguella,drying5,blocks_10_20,end,regulated_hg_two,3,1.1177741007511206,1.041048019707005,1.333333333333331,2.374381353040336,0.26666666666666616,0.4748762706080672
gauge_dry,GGUE,Garriguella,drying5,blocks_10_20,end,regulated_pm_one,3,1.402785724102571,1.0875081514303793,1.333333333333331,2.4208414847637103,0.26666666666666616,0.48416829695274205
gauge_dry,GGUE,Garriguella,drying5,blocks_10_20,end,regulated_pm_two,3,1.115504371416671,1.0692749671018889,1.333333333333331,2.4026083004352197,0.26666666666666616,0.480521660087044
gauge_dry,GGUE,Garriguella,drying5,blocks_10_20,mean,regulated_hg_one,3,1.3685481940084818,1.293299568943363,1.1756944444444468,2.46899401338781,0.23513888888888937,0.493798802677562
gauge_dry,GGUE,Garriguella,drying5,blocks_10_20,mean,regulated_hg_two,3,1.1986869085958891,1.1986869085958891,1.1756944444444468,2.374381353040336,0.23513888888888937,0.4748762706080672
gauge_dry,GGUE,Garriguella,drying5,blocks_10_20,mean,regulated_pm_one,3,1.318757946324795,1.2451470403192633,1.1756944444444468,2.4208414847637103,0.23513888888888937,0.48416829695274205
gauge_dry,GGUE,Garriguella,drying5,blocks_10_20,mean,regulated_pm_two,3,1.2269138559907729,1.2269138559907729,1.1756944444444468,2.4026083004352197,0.23513888888888937,0.480521660087044
gauge_dry,AGDS,Aguilar de Segarra,drying5,linear_5_20_50,end,regulated_hg_one,1,3.7902277399986053,3.7902277399986053,0.5916666666666615,4.381894406665267,0.11833333333333229,0.8763788813330533
gauge_dry,AGDS,Aguilar de Segarra,drying5,linear_5_20_50,end,regulated_hg_two,1,3.189722336268607,3.189722336268607,0.5916666666666615,3.7813890029352684,0.11833333333333229,0.7562778005870536
gauge_dry,AGDS,Aguilar de Segarra,drying5,linear_5_20_50,end,regulated_pm_one,1,4.450093076851326,4.450093076851326,0.5916666666666615,5.0417597435179875,0.11833333333333229,1.0083519487035975
gauge_dry,AGDS,Aguilar de Segarra,drying5,linear_5_20_50,end,regulated_pm_two,1,3.858999738524271,3.858999738524271,0.5916666666666615,4.450666405190932,0.11833333333333229,0.8901332810381865
gauge_dry,AGDS,Aguilar de Segarra,drying5,linear_5_20_50,mean,regulated_hg_one,1,3.9322416288874917,3.9322416288874917,0.449652777777775,4.381894406665267,0.089930555555555,0.8763788813330533
gauge_dry,AGDS,Aguilar de Segarra,drying5,linear_5_20_50,mean,regulated_hg_two,1,3.3317362251574933,3.3317362251574933,0.449652777777775,3.7813890029352684,0.089930555555555,0.7562778005870536
gauge_dry,AGDS,Aguilar de Segarra,drying5,linear_5_20_50,mean,regulated_pm_one,1,4.5921069657402125,4.5921069657402125,0.449652777777775,5.0417597435179875,0.089930555555555,1.0083519487035975
gauge_dry,AGDS,Aguilar de Segarra,drying5,linear_5_20_50,mean,regulated_pm_two,1,4.001013627413157,4.001013627413157,0.449652777777775,4.450666405190932,0.089930555555555,0.8901332810381865
gauge_dry,AGDS,Aguilar de Segarra,drying5,hold_20,end,regulated_hg_one,1,3.8068944066652675,3.8068944066652675,0.5749999999999993,4.381894406665267,0.11499999999999985,0.8763788813330533
gauge_dry,AGDS,Aguilar de Segarra,drying5,hold_20,end,regulated_hg_two,1,3.206389002935269,3.206389002935269,0.5749999999999993,3.7813890029352684,0.11499999999999985,0.7562778005870536
gauge_dry,AGDS,Aguilar de Segarra,drying5,hold_20,end,regulated_pm_one,1,4.466759743517988,4.466759743517988,0.5749999999999993,5.0417597435179875,0.11499999999999985,1.0083519487035975
gauge_dry,AGDS,Aguilar de Segarra,drying5,hold_20,end,regulated_pm_two,1,3.875666405190933,3.875666405190933,0.5749999999999993,4.450666405190932,0.11499999999999985,0.8901332810381865
gauge_dry,AGDS,Aguilar de Segarra,drying5,hold_20,mean,regulated_hg_one,1,3.953769406665269,3.953769406665269,0.42812499999999787,4.381894406665267,0.08562499999999958,0.8763788813330533
gauge_dry,AGDS,Aguilar de Segarra,drying5,hold_20,mean,regulated_hg_two,1,3.3532640029352705,3.3532640029352705,0.42812499999999787,3.7813890029352684,0.08562499999999958,0.7562778005870536
gauge_dry,AGDS,Aguilar de Segarra,drying5,hold_20,mean,regulated_pm_one,1,4.61363474351799,4.61363474351799,0.42812499999999787,5.0417597435179875,0.08562499999999958,1.0083519487035975
gauge_dry,AGDS,Aguilar de Segarra,drying5,hold_20,mean,regulated_pm_two,1,4.0225414051909345,4.0225414051909345,0.42812499999999787,4.450666405190932,0.08562499999999958,0.8901332810381865
gauge_dry,AGDS,Aguilar de Segarra,drying5,blocks_10_20,end,regulated_hg_one,1,3.9818944066652717,3.9818944066652717,0.399999999999995,4.381894406665267,0.079999999999999,0.8763788813330533
gauge_dry,AGDS,Aguilar de Segarra,drying5,blocks_10_20,end,regulated_hg_two,1,3.3813890029352733,3.3813890029352733,0.399999999999995,3.7813890029352684,0.079999999999999,0.7562778005870536
gauge_dry,AGDS,Aguilar de Segarra,drying5,blocks_10_20,end,regulated_pm_one,1,4.6417597435179925,4.6417597435179925,0.399999999999995,5.0417597435179875,0.079999999999999,1.0083519487035975
gauge_dry,AGDS,Aguilar de Segarra,drying5,blocks_10_20,end,regulated_pm_two,1,4.050666405190937,4.050666405190937,0.399999999999995,4.450666405190932,0.079999999999999,0.8901332810381865
gauge_dry,AGDS,Aguilar de Segarra,drying5,blocks_10_20,mean,regulated_hg_one,1,4.094394406665269,4.094394406665269,0.28749999999999787,4.381894406665267,0.05749999999999957,0.8763788813330533
gauge_dry,AGDS,Aguilar de Segarra,drying5,blocks_10_20,mean,regulated_hg_two,1,3.4938890029352705,3.4938890029352705,0.28749999999999787,3.7813890029352684,0.05749999999999957,0.7562778005870536
gauge_dry,AGDS,Aguilar de Segarra,drying5,blocks_10_20,mean,regulated_pm_one,1,4.75425974351799,4.75425974351799,0.28749999999999787,5.0417597435179875,0.05749999999999957,1.0083519487035975
gauge_dry,AGDS,Aguilar de Segarra,drying5,blocks_10_20,mean,regulated_pm_two,1,4.1631664051909345,4.1631664051909345,0.28749999999999787,4.450666405190932,0.05749999999999957,0.8901332810381865
gauge_dry,TDLL,Torre del Lluvià,drying5,linear_5_20_50,end,regulated_hg_one,2,4.375063861030055,-2.122275421794208,9.9375,7.815224578205791,1.9875,1.5630449156411585
gauge_dry,TDLL,Torre del Lluvià,drying5,linear_5_20_50,end,regulated_hg_two,2,4.085776660191863,-3.045761680335799,9.9375,6.891738319664201,1.9875,1.37834766393284
gauge_dry,TDLL,Torre del Lluvià,drying5,linear_5_20_50,end,regulated_pm_one,2,3.991162609523936,-1.6635679012830056,9.9375,8.273932098716994,1.9875,1.6547864197433988
gauge_dry,TDLL,Torre del Lluvià,drying5,linear_5_20_50,end,regulated_pm_two,2,3.6743107165061284,-2.4176942725131143,9.9375,7.519805727486886,1.9875,1.5039611454973771
gauge_dry,TDLL,Torre del Lluvià,drying5,linear_5_20_50,mean,regulated_hg_one,2,4.797893722141165,-2.520799727349764,10.336024305555556,7.815224578205791,2.067204861111111,1.5630449156411585
gauge_dry,TDLL,Torre del Lluvià,drying5,linear_5_20_50,mean,regulated_hg_two,2,4.508606521302973,-3.444285985891355,10.336024305555556,6.891738319664201,2.067204861111111,1.37834766393284
gauge_dry,TDLL,Torre del Lluvià,drying5,linear_5_20_50,mean,regulated_pm_one,2,4.413992470635046,-2.0620922068385616,10.336024305555556,8.273932098716994,2.067204861111111,1.6547864197433988
gauge_dry,TDLL,Torre del Lluvià,drying5,linear_5_20_50,mean,regulated_pm_two,2,4.097140577617238,-2.8162185780686704,10.336024305555556,7.519805727486886,2.067204861111111,1.5039611454973771
gauge_dry,TDLL,Torre del Lluvià,drying5,hold_20,end,regulated_hg_one,2,4.508397194363388,-2.3222754217942145,10.137500000000006,7.815224578205791,2.027500000000001,1.5630449156411585
gauge_dry,TDLL,Torre del Lluvià,drying5,hold_20,end,regulated_hg_two,2,4.219109993525196,-3.2457616803358054,10.137500000000006,6.891738319664201,2.027500000000001,1.37834766393284
gauge_dry,TDLL,Torre del Lluvià,drying5,hold_20,end,regulated_pm_one,2,4.124495942857269,-1.863567901283012,10.137500000000006,8.273932098716994,2.027500000000001,1.6547864197433988
gauge_dry,TDLL,Torre del Lluvià,drying5,hold_20,end,regulated_pm_two,2,3.8076440498394613,-2.6176942725131207,10.137500000000006,7.519805727486886,2.027500000000001,1.5039611454973771
gauge_dry,TDLL,Torre del Lluvià,drying5,hold_20,mean,regulated_hg_one,2,4.969074277696718,-2.7079525051275417,10.523177083333334,7.815224578205791,2.1046354166666665,1.5630449156411585
gauge_dry,TDLL,Torre del Lluvià,drying5,hold_20,mean,regulated_hg_two,2,4.679787076858526,-3.6314387636691325,10.523177083333334,6.891738319664201,2.1046354166666665,1.37834766393284
gauge_dry,TDLL,Torre del Lluvià,drying5,hold_20,mean,regulated_pm_one,2,4.585173026190599,-2.249244984616339,10.523177083333334,8.273932098716994,2.1046354166666665,1.6547864197433988
gauge_dry,TDLL,Torre del Lluvià,drying5,hold_20,mean,regulated_pm_two,2,4.268321133172791,-3.003371355846448,10.523177083333334,7.519805727486886,2.1046354166666665,1.5039611454973771
gauge_dry,TDLL,Torre del Lluvià,drying5,blocks_10_20,end,regulated_hg_one,2,4.9458971943633845,-1.134775421794211,8.950000000000003,7.815224578205791,1.7900000000000005,1.5630449156411585
gauge_dry,TDLL,Torre del Lluvià,drying5,blocks_10_20,end,regulated_hg_two,2,4.656609993525192,-2.058261680335802,8.950000000000003,6.891738319664201,1.7900000000000005,1.37834766393284
gauge_dry,TDLL,Torre del Lluvià,drying5,blocks_10_20,end,regulated_pm_one,2,4.561995942857266,-0.6760679012830084,8.950000000000003,8.273932098716994,1.7900000000000005,1.6547864197433988
gauge_dry,TDLL,Torre del Lluvià,drying5,blocks_10_20,end,regulated_pm_two,2,4.245144049839458,-1.4301942725131171,8.950000000000003,7.519805727486886,1.7900000000000005,1.5039611454973771
gauge_dry,TDLL,Torre del Lluvià,drying5,blocks_10_20,mean,regulated_hg_one,2,5.456313861030054,-1.3576920884608792,9.172916666666671,7.815224578205791,1.8345833333333341,1.5630449156411585
gauge_dry,TDLL,Torre del Lluvià,drying5,blocks_10_20,mean,regulated_hg_two,2,5.167026660191862,-2.28117834700247,9.172916666666671,6.891738319664201,1.8345833333333341,1.37834766393284
gauge_dry,TDLL,Torre del Lluvià,drying5,blocks_10_20,mean,regulated_pm_one,2,5.072412609523935,-0.8989845679496766,9.172916666666671,8.273932098716994,1.8345833333333341,1.6547864197433988
gauge_dry,TDLL,Torre del Lluvià,drying5,blocks_10_20,mean,regulated_pm_two,2,4.755560716506127,-1.6531109391797854,9.172916666666671,7.519805727486886,1.8345833333333341,1.5039611454973771
gauge_dry,PDCE,Pobla de Cérvoles,drying5,linear_5_20_50,end,regulated_hg_one,1,0.7739225813193871,0.7739225813193871,0.5,1.273922581319387,0.1,0.25478451626387744
gauge_dry,PDCE,Pobla de Cérvoles,drying5,linear_5_20_50,end,regulated_hg_two,1,0.6379351898668966,0.6379351898668966,0.5,1.1379351898668966,0.1,0.2275870379733793
gauge_dry,PDCE,Pobla de Cérvoles,drying5,linear_5_20_50,end,regulated_pm_one,1,0.6992147027211164,0.6992147027211164,0.5,1.1992147027211164,0.1,0.23984294054422328
gauge_dry,PDCE,Pobla de Cérvoles,drying5,linear_5_20_50,end,regulated_pm_two,1,0.48181377569947337,0.48181377569947337,0.5,0.9818137756994734,0.1,0.19636275513989468
gauge_dry,PDCE,Pobla de Cérvoles,drying5,linear_5_20_50,mean,regulated_hg_one,1,1.07045035909717,1.07045035909717,0.20347222222221717,1.273922581319387,0.04069444444444344,0.25478451626387744
gauge_dry,PDCE,Pobla de Cérvoles,drying5,linear_5_20_50,mean,regulated_hg_two,1,0.9344629676446794,0.9344629676446794,0.20347222222221717,1.1379351898668966,0.04069444444444344,0.2275870379733793
gauge_dry,PDCE,Pobla de Cérvoles,drying5,linear_5_20_50,mean,regulated_pm_one,1,0.9957424804988992,0.9957424804988992,0.20347222222221717,1.1992147027211164,0.04069444444444344,0.23984294054422328
gauge_dry,PDCE,Pobla de Cérvoles,drying5,linear_5_20_50,mean,regulated_pm_two,1,0.7783415534772562,0.7783415534772562,0.20347222222221717,0.9818137756994734,0.04069444444444344,0.19636275513989468
gauge_dry,PDCE,Pobla de Cérvoles,drying5,hold_20,end,regulated_hg_one,1,0.7739225813193871,0.7739225813193871,0.5,1.273922581319387,0.1,0.25478451626387744
gauge_dry,PDCE,Pobla de Cérvoles,drying5,hold_20,end,regulated_hg_two,1,0.6379351898668966,0.6379351898668966,0.5,1.1379351898668966,0.1,0.2275870379733793
gauge_dry,PDCE,Pobla de Cérvoles,drying5,hold_20,end,regulated_pm_one,1,0.6992147027211164,0.6992147027211164,0.5,1.1992147027211164,0.1,0.23984294054422328
gauge_dry,PDCE,Pobla de Cérvoles,drying5,hold_20,end,regulated_pm_two,1,0.48181377569947337,0.48181377569947337,0.5,0.9818137756994734,0.1,0.19636275513989468
gauge_dry,PDCE,Pobla de Cérvoles,drying5,hold_20,mean,regulated_hg_one,1,1.086422581319387,1.086422581319387,0.1875,1.273922581319387,0.0375,0.25478451626387744
gauge_dry,PDCE,Pobla de Cérvoles,drying5,hold_20,mean,regulated_hg_two,1,0.9504351898668966,0.9504351898668966,0.1875,1.1379351898668966,0.0375,0.2275870379733793
gauge_dry,PDCE,Pobla de Cérvoles,drying5,hold_20,mean,regulated_pm_one,1,1.0117147027211164,1.0117147027211164,0.1875,1.1992147027211164,0.0375,0.23984294054422328
gauge_dry,PDCE,Pobla de Cérvoles,drying5,hold_20,mean,regulated_pm_two,1,0.7943137756994734,0.7943137756994734,0.1875,0.9818137756994734,0.0375,0.19636275513989468
gauge_dry,PDCE,Pobla de Cérvoles,drying5,blocks_10_20,end,regulated_hg_one,1,0.8739225813193885,0.8739225813193885,0.3999999999999986,1.273922581319387,0.07999999999999971,0.25478451626387744
gauge_dry,PDCE,Pobla de Cérvoles,drying5,blocks_10_20,end,regulated_hg_two,1,0.737935189866898,0.737935189866898,0.3999999999999986,1.1379351898668966,0.07999999999999971,0.2275870379733793
gauge_dry,PDCE,Pobla de Cérvoles,drying5,blocks_10_20,end,regulated_pm_one,1,0.7992147027211178,0.7992147027211178,0.3999999999999986,1.1992147027211164,0.07999999999999971,0.23984294054422328
gauge_dry,PDCE,Pobla de Cérvoles,drying5,blocks_10_20,end,regulated_pm_two,1,0.5818137756994748,0.5818137756994748,0.3999999999999986,0.9818137756994734,0.07999999999999971,0.19636275513989468
gauge_dry,PDCE,Pobla de Cérvoles,drying5,blocks_10_20,mean,regulated_hg_one,1,1.1489225813193835,1.1489225813193835,0.12500000000000355,1.273922581319387,0.02500000000000071,0.25478451626387744
gauge_dry,PDCE,Pobla de Cérvoles,drying5,blocks_10_20,mean,regulated_hg_two,1,1.012935189866893,1.012935189866893,0.12500000000000355,1.1379351898668966,0.02500000000000071,0.2275870379733793
gauge_dry,PDCE,Pobla de Cérvoles,drying5,blocks_10_20,mean,regulated_pm_one,1,1.0742147027211129,1.0742147027211129,0.12500000000000355,1.1992147027211164,0.02500000000000071,0.23984294054422328
gauge_dry,PDCE,Pobla de Cérvoles,drying5,blocks_10_20,mean,regulated_pm_two,1,0.8568137756994698,0.8568137756994698,0.12500000000000355,0.9818137756994734,0.02500000000000071,0.19636275513989468
gauge_dry,VIL,Vilosell,drying5,linear_5_20_50,end,regulated_hg_one,1,0.6979433540073248,0.6979433540073248,0.40833333333333854,1.1062766873406633,0.0816666666666677,0.22125533746813267
gauge_dry,VIL,Vilosell,drying5,linear_5_20_50,end,regulated_hg_two,1,0.5967435803368275,0.5967435803368275,0.40833333333333854,1.005076913670166,0.0816666666666677,0.20101538273403322
gauge_dry,VIL,Vilosell,drying5,linear_5_20_50,end,regulated_pm_one,1,0.6611337660721182,0.6611337660721182,0.40833333333333854,1.0694670994054567,0.0816666666666677,0.21389341988109134
gauge_dry,VIL,Vilosell,drying5,linear_5_20_50,end,regulated_pm_two,1,0.516496947080086,0.516496947080086,0.40833333333333854,0.9248302804134245,0.0816666666666677,0.1849660560826849
gauge_dry,VIL,Vilosell,drying5,linear_5_20_50,mean,regulated_hg_one,1,0.8856169651184476,0.8856169651184476,0.22065972222221575,1.1062766873406633,0.04413194444444315,0.22125533746813267
gauge_dry,VIL,Vilosell,drying5,linear_5_20_50,mean,regulated_hg_two,1,0.7844171914479503,0.7844171914479503,0.22065972222221575,1.005076913670166,0.04413194444444315,0.20101538273403322
gauge_dry,VIL,Vilosell,drying5,linear_5_20_50,mean,regulated_pm_one,1,0.848807377183241,0.848807377183241,0.22065972222221575,1.0694670994054567,0.04413194444444315,0.21389341988109134
gauge_dry,VIL,Vilosell,drying5,linear_5_20_50,mean,regulated_pm_two,1,0.7041705581912088,0.7041705581912088,0.22065972222221575,0.9248302804134245,0.04413194444444315,0.1849660560826849
gauge_dry,VIL,Vilosell,drying5,hold_20,end,regulated_hg_one,1,0.6812766873406662,0.6812766873406662,0.42499999999999716,1.1062766873406633,0.08499999999999944,0.22125533746813267
gauge_dry,VIL,Vilosell,drying5,hold_20,end,regulated_hg_two,1,0.5800769136701689,0.5800769136701689,0.42499999999999716,1.005076913670166,0.08499999999999944,0.20101538273403322
gauge_dry,VIL,Vilosell,drying5,hold_20,end,regulated_pm_one,1,0.6444670994054595,0.6444670994054595,0.42499999999999716,1.0694670994054567,0.08499999999999944,0.21389341988109134
gauge_dry,VIL,Vilosell,drying5,hold_20,end,regulated_pm_two,1,0.49983028041342736,0.49983028041342736,0.42499999999999716,0.9248302804134245,0.08499999999999944,0.1849660560826849
gauge_dry,VIL,Vilosell,drying5,hold_20,mean,regulated_hg_one,1,0.8859641873406647,0.8859641873406647,0.22031249999999858,1.1062766873406633,0.04406249999999971,0.22125533746813267
gauge_dry,VIL,Vilosell,drying5,hold_20,mean,regulated_hg_two,1,0.7847644136701675,0.7847644136701675,0.22031249999999858,1.005076913670166,0.04406249999999971,0.20101538273403322
gauge_dry,VIL,Vilosell,drying5,hold_20,mean,regulated_pm_one,1,0.8491545994054581,0.8491545994054581,0.22031249999999858,1.0694670994054567,0.04406249999999971,0.21389341988109134
gauge_dry,VIL,Vilosell,drying5,hold_20,mean,regulated_pm_two,1,0.7045177804134259,0.7045177804134259,0.22031249999999858,0.9248302804134245,0.04406249999999971,0.1849660560826849
gauge_dry,VIL,Vilosell,drying5,blocks_10_20,end,regulated_hg_one,1,0.7062766873406647,0.7062766873406647,0.3999999999999986,1.1062766873406633,0.07999999999999971,0.22125533746813267
gauge_dry,VIL,Vilosell,drying5,blocks_10_20,end,regulated_hg_two,1,0.6050769136701675,0.6050769136701675,0.3999999999999986,1.005076913670166,0.07999999999999971,0.20101538273403322
gauge_dry,VIL,Vilosell,drying5,blocks_10_20,end,regulated_pm_one,1,0.6694670994054581,0.6694670994054581,0.3999999999999986,1.0694670994054567,0.07999999999999971,0.21389341988109134
gauge_dry,VIL,Vilosell,drying5,blocks_10_20,end,regulated_pm_two,1,0.5248302804134259,0.5248302804134259,0.3999999999999986,0.9248302804134245,0.07999999999999971,0.1849660560826849
gauge_dry,VIL,Vilosell,drying5,blocks_10_20,mean,regulated_hg_one,1,0.9250266873406647,0.9250266873406647,0.18124999999999858,1.1062766873406633,0.03624999999999971,0.22125533746813267
gauge_dry,VIL,Vilosell,drying5,blocks_10_20,mean,regulated_hg_two,1,0.8238269136701675,0.8238269136701675,0.18124999999999858,1.005076913670166,0.03624999999999971,0.20101538273403322
gauge_dry,VIL,Vilosell,drying5,blocks_10_20,mean,regulated_pm_one,1,0.8882170994054581,0.8882170994054581,0.18124999999999858,1.0694670994054567,0.03624999999999971,0.21389341988109134
gauge_dry,VIL,Vilosell,drying5,blocks_10_20,mean,regulated_pm_two,1,0.7435802804134259,0.7435802804134259,0.18124999999999858,0.9248302804134245,0.03624999999999971,0.1849660560826849
gauge_dry,MDF,Mas dels Frares,drying5,linear_5_20_50,end,regulated_hg_one,1,13.236094931375131,13.236094931375131,1.1333333333333293,14.36942826470846,0.22666666666666585,2.8738856529416923
gauge_dry,MDF,Mas dels Frares,drying5,linear_5_20_50,end,regulated_hg_two,1,10.222682556530877,10.222682556530877,1.1333333333333293,11.356015889864207,0.22666666666666585,2.271203177972841
gauge_dry,MDF,Mas dels Frares,drying5,linear_5_20_50,end,regulated_pm_one,1,12.604893041854236,12.604893041854236,1.1333333333333293,13.738226375187566,0.22666666666666585,2.747645275037513
gauge_dry,MDF,Mas dels Frares,drying5,linear_5_20_50,end,regulated_pm_two,1,10.035724147822425,10.035724147822425,1.1333333333333293,11.169057481155754,0.22666666666666585,2.2338114962311506
gauge_dry,MDF,Mas dels Frares,drying5,linear_5_20_50,mean,regulated_hg_one,1,13.47376854248624,13.47376854248624,0.89565972222222,14.36942826470846,0.179131944444444,2.8738856529416923
gauge_dry,MDF,Mas dels Frares,drying5,linear_5_20_50,mean,regulated_hg_two,1,10.460356167641987,10.460356167641987,0.89565972222222,11.356015889864207,0.179131944444444,2.271203177972841
gauge_dry,MDF,Mas dels Frares,drying5,linear_5_20_50,mean,regulated_pm_one,1,12.842566652965345,12.842566652965345,0.89565972222222,13.738226375187566,0.179131944444444,2.747645275037513
gauge_dry,MDF,Mas dels Frares,drying5,linear_5_20_50,mean,regulated_pm_two,1,10.273397758933534,10.273397758933534,0.89565972222222,11.169057481155754,0.179131944444444,2.2338114962311506
gauge_dry,MDF,Mas dels Frares,drying5,hold_20,end,regulated_hg_one,1,13.269428264708463,13.269428264708463,1.0999999999999979,14.36942826470846,0.21999999999999958,2.8738856529416923
gauge_dry,MDF,Mas dels Frares,drying5,hold_20,end,regulated_hg_two,1,10.256015889864209,10.256015889864209,1.0999999999999979,11.356015889864207,0.21999999999999958,2.271203177972841
gauge_dry,MDF,Mas dels Frares,drying5,hold_20,end,regulated_pm_one,1,12.638226375187568,12.638226375187568,1.0999999999999979,13.738226375187566,0.21999999999999958,2.747645275037513
gauge_dry,MDF,Mas dels Frares,drying5,hold_20,end,regulated_pm_two,1,10.069057481155756,10.069057481155756,1.0999999999999979,11.169057481155754,0.21999999999999958,2.2338114962311506
gauge_dry,MDF,Mas dels Frares,drying5,hold_20,mean,regulated_hg_one,1,13.536615764708461,13.536615764708461,0.8328124999999993,14.36942826470846,0.16656249999999986,2.8738856529416923
gauge_dry,MDF,Mas dels Frares,drying5,hold_20,mean,regulated_hg_two,1,10.523203389864207,10.523203389864207,0.8328124999999993,11.356015889864207,0.16656249999999986,2.271203177972841
gauge_dry,MDF,Mas dels Frares,drying5,hold_20,mean,regulated_pm_one,1,12.905413875187566,12.905413875187566,0.8328124999999993,13.738226375187566,0.16656249999999986,2.747645275037513
gauge_dry,MDF,Mas dels Frares,drying5,hold_20,mean,regulated_pm_two,1,10.336244981155755,10.336244981155755,0.8328124999999993,11.169057481155754,0.16656249999999986,2.2338114962311506
gauge_dry,MDF,Mas dels Frares,drying5,blocks_10_20,end,regulated_hg_one,1,13.669428264708458,13.669428264708458,0.7000000000000028,14.36942826470846,0.14000000000000057,2.8738856529416923
gauge_dry,MDF,Mas dels Frares,drying5,blocks_10_20,end,regulated_hg_two,1,10.656015889864204,10.656015889864204,0.7000000000000028,11.356015889864207,0.14000000000000057,2.271203177972841
gauge_dry,MDF,Mas dels Frares,drying5,blocks_10_20,end,regulated_pm_one,1,13.038226375187563,13.038226375187563,0.7000000000000028,13.738226375187566,0.14000000000000057,2.747645275037513
gauge_dry,MDF,Mas dels Frares,drying5,blocks_10_20,end,regulated_pm_two,1,10.469057481155751,10.469057481155751,0.7000000000000028,11.169057481155754,0.14000000000000057,2.2338114962311506
gauge_dry,MDF,Mas dels Frares,drying5,blocks_10_20,mean,regulated_hg_one,1,13.99442826470846,13.99442826470846,0.375,14.36942826470846,0.075,2.8738856529416923
gauge_dry,MDF,Mas dels Frares,drying5,blocks_10_20,mean,regulated_hg_two,1,10.981015889864207,10.981015889864207,0.375,11.356015889864207,0.075,2.271203177972841
gauge_dry,MDF,Mas dels Frares,drying5,blocks_10_20,mean,regulated_pm_one,1,13.363226375187566,13.363226375187566,0.375,13.738226375187566,0.075,2.747645275037513
gauge_dry,MDF,Mas dels Frares,drying5,blocks_10_20,mean,regulated_pm_two,1,10.794057481155754,10.794057481155754,0.375,11.169057481155754,0.075,2.2338114962311506
