code,name,model,target_mode,channel,n,r,rho,change_r,change_n,span_pp,first30_r,last30_r
RDS,Ribera de Sió,simple_hg_one,depth,VWC_005,60,,,,59,0.0,,
RDS,Ribera de Sió,simple_hg_two,depth,VWC_005,60,0.06104195732164745,0.041347423351746376,0.08505794204601065,59,8.212688828315242,-0.10179886199033414,
RDS,Ribera de Sió,simple_pm_one,depth,VWC_005,60,,,,59,0.0,,
RDS,Ribera de Sió,simple_pm_two,depth,VWC_005,60,0.06104195732164745,0.041347423351746376,0.08505794204601065,59,12.403143023853366,-0.10179886199033412,
RDS,Ribera de Sió,regulated_hg_one,depth,VWC_005,60,-0.037524174580669895,-0.3119564312521618,-0.168066633020308,59,11.447536911448756,-0.5995381611360591,0.6400154790092316
RDS,Ribera de Sió,regulated_hg_two,depth,VWC_005,60,0.026373747053120455,-0.23887854631467315,-0.16615219862717723,59,27.897626334000822,-0.55416097668281,0.5256553704963993
RDS,Ribera de Sió,regulated_pm_one,depth,VWC_005,60,-0.049709909011957334,-0.31334574465401527,-0.15712317692686556,59,12.02857539340736,-0.6040375699913021,0.6431194314689798
RDS,Ribera de Sió,regulated_pm_two,depth,VWC_005,60,0.026900360886468105,-0.23835060722196882,-0.15519553287033871,59,29.781570755985697,-0.5646320638865914,0.5303639044845934
RDS,Ribera de Sió,simple_hg_one,depth,VWC_020,60,,,,59,0.0,,
RDS,Ribera de Sió,simple_hg_two,depth,VWC_020,60,,,,59,0.0,,
RDS,Ribera de Sió,simple_pm_one,depth,VWC_020,60,,,,59,0.0,,
RDS,Ribera de Sió,simple_pm_two,depth,VWC_020,60,,,,59,0.0,,
RDS,Ribera de Sió,regulated_hg_one,depth,VWC_020,60,-0.18004864565849665,-0.3460827767430858,-0.03054310381544666,59,11.447536911448756,-0.6982713040375379,0.7534980395767652
RDS,Ribera de Sió,regulated_hg_two,depth,VWC_020,60,0.7624943626919887,0.9786181705431345,0.1215184641554654,59,4.3015098437233785e-06,0.9157081164719476,0.8042696957144874
RDS,Ribera de Sió,regulated_pm_one,depth,VWC_020,60,-0.1953215562109033,-0.34825013576243224,-0.02701678672697369,59,12.02857539340736,-0.7081629412076679,0.7598069226991964
RDS,Ribera de Sió,regulated_pm_two,depth,VWC_020,60,0.7883196198789381,0.9786181705431345,0.1267022705600179,59,9.83728271757876e-06,0.9272941725908713,0.8072093982951063
RDS,Ribera de Sió,simple_hg_one,total,VWC_005,60,,,,59,0.0,,
RDS,Ribera de Sió,simple_hg_two,total,VWC_005,60,0.061041957321647446,0.041347423351746376,0.08505794204601065,59,2.7375629427717474,-0.10179886199033412,
RDS,Ribera de Sió,simple_pm_one,total,VWC_005,60,,,,59,0.0,,
RDS,Ribera de Sió,simple_pm_two,total,VWC_005,60,0.06104195732164745,0.041347423351746376,0.08505794204601065,59,4.134381007951122,-0.10179886199033412,
RDS,Ribera de Sió,regulated_hg_one,total,VWC_005,60,-0.037524174580669895,-0.3119564312521618,-0.168066633020308,59,11.447536911448756,-0.5995381611360591,0.6400154790092316
RDS,Ribera de Sió,regulated_hg_two,total,VWC_005,60,0.02637396363999616,-0.23887854631467315,-0.16615219168068235,59,9.299208564172897,-0.554160767261554,0.5256553714121273
RDS,Ribera de Sió,regulated_pm_one,total,VWC_005,60,-0.049709909011957334,-0.31334574465401527,-0.15712317692686556,59,12.02857539340736,-0.6040375699913021,0.6431194314689798
RDS,Ribera de Sió,regulated_pm_two,total,VWC_005,60,0.026900840477070927,-0.23835060722196882,-0.1551955171462971,59,9.927189664583734,-0.5646316362697175,0.5303639075608775
RDS,Ribera de Sió,simple_hg_one,total,VWC_020,60,,,,59,0.0,,
RDS,Ribera de Sió,simple_hg_two,total,VWC_020,60,0.04459418599696861,0.04134799782497445,0.07841893365964862,59,2.7375629427717474,-0.1742836101620744,
RDS,Ribera de Sió,simple_pm_one,total,VWC_020,60,,,,59,0.0,,
RDS,Ribera de Sió,simple_pm_two,total,VWC_020,60,0.04459418599696862,0.04134799782497445,0.07841893365964862,59,4.134381007951122,-0.1742836101620744,
RDS,Ribera de Sió,regulated_hg_one,total,VWC_020,60,-0.18004864565849665,-0.3460827767430858,-0.03054310381544666,59,11.447536911448756,-0.6982713040375379,0.7534980395767652
RDS,Ribera de Sió,regulated_hg_two,total,VWC_020,60,-0.06134691283269586,-0.273476249594978,-0.01043112694207823,59,9.299208564172897,-0.6353666412935695,0.6901823386843593
RDS,Ribera de Sió,regulated_pm_one,total,VWC_020,60,-0.1953215562109033,-0.34825013576243224,-0.02701678672697369,59,12.02857539340736,-0.7081629412076679,0.7598069226991964
RDS,Ribera de Sió,regulated_pm_two,total,VWC_020,60,-0.0633984942226431,-0.27261486331805823,-0.008465092979464482,59,9.927189664583734,-0.6528207367187011,0.6971114384093087
CDLP,Clot de Les Peres,simple_hg_one,depth,VWC_005,15,,,,14,8.61934980988593,,
CDLP,Clot de Les Peres,simple_hg_two,depth,VWC_005,15,,,,14,38.853825104623844,,
CDLP,Clot de Les Peres,simple_pm_one,depth,VWC_005,15,,,,14,10.012511406844107,,
CDLP,Clot de Les Peres,simple_pm_two,depth,VWC_005,15,,,,14,41.640148860885105,,
CDLP,Clot de Les Peres,regulated_hg_one,depth,VWC_005,15,,,,14,19.418999336496523,,
CDLP,Clot de Les Peres,regulated_hg_two,depth,VWC_005,15,,,,14,54.79836390524119,,
CDLP,Clot de Les Peres,regulated_pm_one,depth,VWC_005,15,,,,14,20.43498910125672,,
CDLP,Clot de Les Peres,regulated_pm_two,depth,VWC_005,15,,,,14,57.410863531274074,,
CDLP,Clot de Les Peres,simple_hg_one,depth,VWC_020,60,0.254251302719689,0.29971064559126426,0.2778320981780155,59,15.68827186311787,,0.17673848109798757
CDLP,Clot de Les Peres,simple_hg_two,depth,VWC_020,60,,,,59,0.0,,
CDLP,Clot de Les Peres,simple_pm_one,depth,VWC_020,60,0.2768723611900641,0.29971064559126426,0.3248512616958643,59,16.464366920152088,,0.20598850099109467
CDLP,Clot de Les Peres,simple_pm_two,depth,VWC_020,60,,,,59,0.0,,
CDLP,Clot de Les Peres,regulated_hg_one,depth,VWC_020,60,0.45670852117513017,0.08152264517921647,0.4306621759684926,59,27.579358152736177,-0.8118057940264974,0.5026616559834329
CDLP,Clot de Les Peres,regulated_hg_two,depth,VWC_020,60,-0.4045572118914725,-0.5499861072520146,0.046458039131633426,59,0.0011536599046321374,0.9667145132705872,-0.20587722268996173
CDLP,Clot de Les Peres,regulated_pm_one,depth,VWC_020,60,0.42233995912870265,0.04384551264240068,0.44283835555007317,59,27.77531723821988,-0.8092995850445881,0.4947960957256596
CDLP,Clot de Les Peres,regulated_pm_two,depth,VWC_020,60,-0.41781843586280726,-0.5499861072520146,0.048327277671824105,59,0.0018200366121419965,0.9659564166517793,-0.1955713519372016
CDLP,Clot de Les Peres,simple_hg_one,total,VWC_005,15,,,,14,8.61934980988593,,
CDLP,Clot de Les Peres,simple_hg_two,total,VWC_005,15,,,,14,12.951275034874616,,
CDLP,Clot de Les Peres,simple_pm_one,total,VWC_005,15,,,,14,10.012511406844107,,
CDLP,Clot de Les Peres,simple_pm_two,total,VWC_005,15,,,,14,13.880049620295036,,
CDLP,Clot de Les Peres,regulated_hg_one,total,VWC_005,15,,,,14,19.418999336496523,,
CDLP,Clot de Les Peres,regulated_hg_two,total,VWC_005,15,,,,14,18.266130994014453,,
CDLP,Clot de Les Peres,regulated_pm_one,total,VWC_005,15,,,,14,20.43498910125672,,
CDLP,Clot de Les Peres,regulated_pm_two,total,VWC_005,15,,,,14,19.136972502676944,,
CDLP,Clot de Les Peres,simple_hg_one,total,VWC_020,60,0.254251302719689,0.29971064559126426,0.2778320981780155,59,15.68827186311787,,0.17673848109798757
CDLP,Clot de Les Peres,simple_hg_two,total,VWC_020,60,0.36580286583869825,0.14493259603460157,0.4211905071857682,59,17.66388973702924,-0.22862143062104223,0.3269815211899375
CDLP,Clot de Les Peres,simple_pm_one,total,VWC_020,60,0.2768723611900641,0.29971064559126426,0.3248512616958643,59,16.464366920152088,,0.20598850099109467
CDLP,Clot de Les Peres,simple_pm_two,total,VWC_020,60,0.37194282384805666,0.1045875273878183,0.44399950422082657,59,18.181286418089442,-0.24779836048036064,0.3416529977194982
CDLP,Clot de Les Peres,regulated_hg_one,total,VWC_020,60,0.45670852117513017,0.08152264517921647,0.4306621759684926,59,27.579358152736177,-0.8118057940264974,0.5026616559834329
CDLP,Clot de Les Peres,regulated_hg_two,total,VWC_020,60,0.37351488631056795,-0.0005001389274798556,0.4154861500691168,59,23.393338833778593,-0.750190318002502,0.42953647064156875
CDLP,Clot de Les Peres,regulated_pm_one,total,VWC_020,60,0.42233995912870265,0.04384551264240068,0.44283835555007317,59,27.77531723821988,-0.8092995850445881,0.4947960957256596
CDLP,Clot de Les Peres,regulated_pm_two,total,VWC_020,60,0.34632663753485127,-0.035120866907474305,0.4311365896194965,59,23.735568681639133,-0.748847724279528,0.4264291329840598
SCA,Serra de Costa Ampla,simple_hg_one,depth,VWC_005,60,0.025059270995290997,0.1660890732279204,-0.20751159038329225,59,41.98577584541063,,-0.07629405008635767
SCA,Serra de Costa Ampla,simple_hg_two,depth,VWC_005,60,0.029479717984740472,0.1660890732279204,-0.20640267482028812,59,85.08992463768115,,-0.07188909080731787
SCA,Serra de Costa Ampla,simple_pm_one,depth,VWC_005,60,-0.007489599313421982,0.10665474422422958,-0.22217660195827404,59,42.63394009661835,,-0.10835388309628813
SCA,Serra de Costa Ampla,simple_pm_two,depth,VWC_005,60,-0.004431826144433923,0.10665474422422958,-0.2193953750981203,59,86.38625171168846,,-0.10528712518127772
SCA,Serra de Costa Ampla,regulated_hg_one,depth,VWC_005,60,0.3476101400274263,0.21961961129670574,-0.16985443449491536,59,50.817527915688885,-0.6535403754763189,0.3321080307480566
SCA,Serra de Costa Ampla,regulated_hg_two,depth,VWC_005,60,0.11865407367320738,-0.01906111504928392,-0.23738839600682354,59,85.84065864385195,-0.5817992378139437,0.11356578946855064
SCA,Serra de Costa Ampla,regulated_pm_one,depth,VWC_005,60,0.31847235574081456,0.2023367926951684,-0.18113533871582144,59,51.117186760560664,-0.6504092449993559,0.299313607310229
SCA,Serra de Costa Ampla,regulated_pm_two,depth,VWC_005,60,0.08509961782940116,-0.028147098461989237,-0.25103363768283143,59,87.02309055055458,-0.5777006340502234,0.0771653745489917
SCA,Serra de Costa Ampla,simple_hg_one,depth,VWC_020,60,0.4670170123286,0.4873796326212626,0.35582272945652715,59,41.98577584541063,,0.39575480481910164
SCA,Serra de Costa Ampla,simple_hg_two,depth,VWC_020,60,0.4568941942130645,0.4873796326212626,0.3516643247963238,59,20.433702648519226,,0.3850954064179479
SCA,Serra de Costa Ampla,simple_pm_one,depth,VWC_020,60,0.43434653882559593,0.4406463943438007,0.36069320048806464,59,42.63394009661835,,0.3624625284166539
SCA,Serra de Costa Ampla,simple_pm_two,depth,VWC_020,60,0.42734624557132106,0.4406463943438007,0.35607936624952236,59,20.757784417021053,,0.3549756962903783
SCA,Serra de Costa Ampla,regulated_hg_one,depth,VWC_020,60,0.7616545003544455,0.4375164979096569,0.4410797042919064,59,50.817527915688885,-0.6505642348874158,0.7503786227749867
SCA,Serra de Costa Ampla,regulated_hg_two,depth,VWC_020,60,0.9012199296778853,0.856722099583923,0.468306925013188,59,28.431277864670093,0.909275261591069,0.8410909199091842
SCA,Serra de Costa Ampla,regulated_pm_one,depth,VWC_020,60,0.7392390634546222,0.4033676489365229,0.44527280424445603,59,51.117186760560664,-0.6473930625779152,0.7293359085447281
SCA,Serra de Costa Ampla,regulated_pm_two,depth,VWC_020,60,0.8956682675321473,0.856722099583923,0.4712505597137835,59,28.415799283724496,0.9077697107087415,0.8329854703073041
SCA,Serra de Costa Ampla,simple_hg_one,total,VWC_005,60,0.025059270995290997,0.1660890732279204,-0.20751159038329225,59,41.98577584541063,,-0.07629405008635767
SCA,Serra de Costa Ampla,simple_hg_two,total,VWC_005,60,0.025059277432257818,0.1660890732279204,-0.207511588801256,59,41.98577664490654,,-0.07629404368551515
SCA,Serra de Costa Ampla,simple_pm_one,total,VWC_005,60,-0.007489599313421982,0.10665474422422958,-0.22217660195827404,59,42.63394009661835,,-0.10835388309628813
SCA,Serra de Costa Ampla,simple_pm_two,total,VWC_005,60,-0.007489598869236353,0.10665474422422958,-0.22217659712228455,59,42.63394018191019,,-0.10835388255093904
SCA,Serra de Costa Ampla,regulated_hg_one,total,VWC_005,60,0.3476101400274263,0.21961961129670574,-0.16985443449491536,59,50.817527915688885,-0.6535403754763189,0.3321080307480566
SCA,Serra de Costa Ampla,regulated_hg_two,total,VWC_005,60,0.3515956108581247,0.2586587755011429,-0.17470345104907298,59,47.56689890842897,-0.5816585052977586,0.301987138370054
SCA,Serra de Costa Ampla,regulated_pm_one,total,VWC_005,60,0.31847235574081456,0.2023367926951684,-0.18113533871582144,59,51.117186760560664,-0.6504092449993559,0.299313607310229
SCA,Serra de Costa Ampla,regulated_pm_two,total,VWC_005,60,0.32273488325463967,0.2504063685483188,-0.18679083953534686,59,47.95087592567414,-0.5775725404944234,0.26834705084443544
SCA,Serra de Costa Ampla,simple_hg_one,total,VWC_020,60,0.4670170123286,0.4873796326212626,0.35582272945652715,59,41.98577584541063,,0.39575480481910164
SCA,Serra de Costa Ampla,simple_hg_two,total,VWC_020,60,0.4670170192150461,0.4873796326212626,0.3558227322776504,59,41.98577664490654,,0.395754812095218
SCA,Serra de Costa Ampla,simple_pm_one,total,VWC_020,60,0.43434653882559593,0.4406463943438007,0.36069320048806464,59,42.63394009661835,,0.3624625284166539
SCA,Serra de Costa Ampla,simple_pm_two,total,VWC_020,60,0.4343465373318808,0.4406463943438007,0.36069318550320917,59,42.63394018191019,,0.3624625264144381
SCA,Serra de Costa Ampla,regulated_hg_one,total,VWC_020,60,0.7616545003544455,0.4375164979096569,0.4410797042919064,59,50.817527915688885,-0.6505642348874158,0.7503786227749867
SCA,Serra de Costa Ampla,regulated_hg_two,total,VWC_020,60,0.7723144537887283,0.5593575904622954,0.43533471716306454,59,47.56689890842897,-0.5454876533421725,0.7253598536372077
SCA,Serra de Costa Ampla,regulated_pm_one,total,VWC_020,60,0.7392390634546222,0.4033676489365229,0.44527280424445603,59,51.117186760560664,-0.6473930625779152,0.7293359085447281
SCA,Serra de Costa Ampla,regulated_pm_two,total,VWC_020,60,0.7506850851021611,0.536573167225542,0.43941529642320265,59,47.95087592567414,-0.541299094638287,0.7029964265253651
CMN,Camí dels Nerets,simple_hg_one,depth,VWC_005,60,-0.12426195751919518,-0.1667802928403829,0.13177084390816488,59,11.278,-0.17171942704244034,-0.19210797619020334
CMN,Camí dels Nerets,simple_hg_two,depth,VWC_005,60,-0.21039273479212295,-0.30653786808293687,0.07828905334874123,59,41.349052901683486,-0.2899313935475907,-0.2628745746057617
CMN,Camí dels Nerets,simple_pm_one,depth,VWC_005,60,-0.13630967906559568,-0.2268557689234492,0.12205547548292209,59,12.357137667304015,-0.1792103339460744,-0.21821071245154433
CMN,Camí dels Nerets,simple_pm_two,depth,VWC_005,60,-0.22834152500459742,-0.3073918083439845,0.03912018119778449,59,43.50733173154204,-0.3204580796918133,-0.2813450054974346
CMN,Camí dels Nerets,regulated_hg_one,depth,VWC_005,60,-0.29620499703975184,-0.2010336492481866,-0.10815242608562912,59,23.247119019555548,-0.5510403265307605,-0.20127197224415416
CMN,Camí dels Nerets,regulated_hg_two,depth,VWC_005,60,-0.39817718257522006,-0.2753897025153804,-0.0844404758811343,59,57.32911816485734,-0.635976178490633,-0.31571136084067175
CMN,Camí dels Nerets,regulated_pm_one,depth,VWC_005,60,-0.28250567011515415,-0.20236739011396587,-0.11569264285696715,59,24.277411874036357,-0.5255761769930755,-0.1890071324562818
CMN,Camí dels Nerets,regulated_pm_two,depth,VWC_005,60,-0.3980121845486159,-0.270721609485153,-0.09928893430744132,59,59.775336419306434,-0.627415061434899,-0.30525592824095965
CMN,Camí dels Nerets,simple_hg_one,depth,VWC_020,60,-0.11098655893028711,-0.15862738860317133,0.22137005407334687,59,11.278,-0.013769803982580289,-0.19104579572425914
CMN,Camí dels Nerets,simple_hg_two,depth,VWC_020,60,,,,59,0.0,,
CMN,Camí dels Nerets,simple_pm_one,depth,VWC_020,60,-0.13323459850253885,-0.19766790045848695,0.2143467660929718,59,12.357137667304015,-0.020975116685243718,-0.22603595353269323
CMN,Camí dels Nerets,simple_pm_two,depth,VWC_020,60,,,,59,0.0,,
CMN,Camí dels Nerets,regulated_hg_one,depth,VWC_020,60,-0.6872149102164073,-0.7186405868882355,0.04846618276876955,59,23.247119019555548,-0.8096872450268053,-0.5766744614679438
CMN,Camí dels Nerets,regulated_hg_two,depth,VWC_020,60,0.40582894967735306,-0.055493803488488695,0.11677842296571098,59,0.000855133363807007,0.8709674102998199,-0.41931202168096254
CMN,Camí dels Nerets,regulated_pm_one,depth,VWC_020,60,-0.689248093367012,-0.7262268704898165,0.03858856272826967,59,24.277411874036357,-0.8227482926621938,-0.5654600529949529
CMN,Camí dels Nerets,regulated_pm_two,depth,VWC_020,60,0.3967739570665477,-0.055493803488488695,0.1159899604921352,59,0.00172620481960898,0.8694110652842911,-0.41830879598444215
CMN,Camí dels Nerets,simple_hg_one,total,VWC_005,60,-0.12426195751919518,-0.1667802928403829,0.13177084390816488,59,11.278,-0.17171942704244034,-0.19210797619020334
CMN,Camí dels Nerets,simple_hg_two,total,VWC_005,60,-0.21039273479212295,-0.30653786808293687,0.07828905334874126,59,13.783017633894497,-0.2899313935475907,-0.2628745746057617
CMN,Camí dels Nerets,simple_pm_one,total,VWC_005,60,-0.13630967906559568,-0.2268557689234492,0.12205547548292209,59,12.357137667304015,-0.1792103339460744,-0.21821071245154433
CMN,Camí dels Nerets,simple_pm_two,total,VWC_005,60,-0.2283415250045974,-0.3073918083439845,0.0391201811977845,59,14.502443910514016,-0.3204580796918133,-0.2813450054974346
CMN,Camí dels Nerets,regulated_hg_one,total,VWC_005,60,-0.29620499703975184,-0.2010336492481866,-0.10815242608562912,59,23.247119019555548,-0.5510403265307605,-0.20127197224415416
CMN,Camí dels Nerets,regulated_hg_two,total,VWC_005,60,-0.3981836192041525,-0.2753897025153804,-0.08443956566366226,59,19.109547775376157,-0.6359727545384357,-0.31571132446788497
CMN,Camí dels Nerets,regulated_pm_one,total,VWC_005,60,-0.28250567011515415,-0.20236739011396587,-0.11569264285696715,59,24.277411874036357,-0.5255761769930755,-0.1890071324562818
CMN,Camí dels Nerets,regulated_pm_two,total,VWC_005,60,-0.39802505586621956,-0.270721609485153,-0.0992871789316179,59,19.92478591319599,-0.6274095174398856,-0.30525583721745986
CMN,Camí dels Nerets,simple_hg_one,total,VWC_020,60,-0.11098655893028711,-0.15862738860317133,0.22137005407334687,59,11.278,-0.013769803982580289,-0.19104579572425914
CMN,Camí dels Nerets,simple_hg_two,total,VWC_020,60,-0.2016131409814965,-0.3128350712440844,0.2232613701033522,59,13.783017633894497,-0.09940347105797195,-0.2916470881451172
CMN,Camí dels Nerets,simple_pm_one,total,VWC_020,60,-0.13323459850253885,-0.19766790045848695,0.2143467660929718,59,12.357137667304015,-0.020975116685243718,-0.22603595353269323
CMN,Camí dels Nerets,simple_pm_two,total,VWC_020,60,-0.2249294129512675,-0.3133688284036887,0.20376212318719633,59,14.502443910514016,-0.11709446733345044,-0.3203204118798385
CMN,Camí dels Nerets,regulated_hg_one,total,VWC_020,60,-0.6872149102164073,-0.7186405868882355,0.04846618276876955,59,23.247119019555548,-0.8096872450268053,-0.5766744614679438
CMN,Camí dels Nerets,regulated_hg_two,total,VWC_020,60,-0.6492360595042392,-0.7448452221860046,0.09393630610006624,59,19.109547775376157,-0.7066870417845523,-0.5967106227432873
CMN,Camí dels Nerets,regulated_pm_one,total,VWC_020,60,-0.689248093367012,-0.7262268704898165,0.03858856272826967,59,24.277411874036357,-0.8227482926621938,-0.5654600529949529
CMN,Camí dels Nerets,regulated_pm_two,total,VWC_020,60,-0.660561524659113,-0.7441505075704752,0.07771621255323237,59,19.92478591319599,-0.7329923088294125,-0.5903110451093496
EBX,El Boixer,simple_hg_one,depth,VWC_005,60,0.6721597312972523,0.7219570458919595,0.17167548880555422,59,100.0,0.7938431372146689,0.7397284296811453
EBX,El Boixer,simple_hg_two,depth,VWC_005,60,0.6921746983458701,0.7094364789258492,0.31564752905104754,59,87.11151592356688,0.8478599991333196,0.7857374254078684
EBX,El Boixer,simple_pm_one,depth,VWC_005,60,0.6698258387894511,0.7169309991379901,0.17201770120291615,59,100.0,0.798222072262949,0.7444135028079502
EBX,El Boixer,simple_pm_two,depth,VWC_005,60,0.678128306313907,0.707297922238277,0.3085771395955954,59,88.81098319389869,0.8426463777961883,0.7862514789900317
EBX,El Boixer,regulated_hg_one,depth,VWC_005,60,0.7518748637452319,0.7949986107252016,0.28282096917719507,59,87.95199527727922,0.8772673090541473,0.7362266488557431
EBX,El Boixer,regulated_hg_two,depth,VWC_005,60,0.7371235932033424,0.7779383161989443,0.32929567661587855,59,86.55380945010315,0.845615035792,0.7926642981061216
EBX,El Boixer,regulated_pm_one,depth,VWC_005,60,0.7413341891750713,0.7824395665462629,0.2850845797969884,59,88.79738543321174,0.8761992739996073,0.7340233147689509
EBX,El Boixer,regulated_pm_two,depth,VWC_005,60,0.7275200434509812,0.7687691025284803,0.3278107184792969,59,88.240285424972,0.8403716797733524,0.7966759778314035
EBX,El Boixer,simple_hg_one,depth,VWC_020,60,0.38035863961482375,0.39987206774887707,0.16939303606594006,59,100.0,0.6465303875033903,0.7735283351879972
EBX,El Boixer,simple_hg_two,depth,VWC_020,60,0.3654287397147864,0.4413949923949506,0.1684505851131474,59,94.44532271762208,0.6077303761937808,0.838955446801537
EBX,El Boixer,simple_pm_one,depth,VWC_020,60,0.3664227385247809,0.36960346537468686,0.17792543800814564,59,100.0,0.643564690547688,0.7721436896824836
EBX,El Boixer,simple_pm_two,depth,VWC_020,60,0.3585139201031879,0.4175858397925039,0.17318896903419934,59,94.79891701413611,0.619299023757937,0.8308182952253746
EBX,El Boixer,regulated_hg_one,depth,VWC_020,60,0.43476622459103453,0.47533308330626833,0.17747315793070625,59,87.95199527727922,0.5620365599236224,0.819527993254936
EBX,El Boixer,regulated_hg_two,depth,VWC_020,60,0.5514012204389649,0.5607468845620975,0.24011103938915898,59,94.42722082446821,0.6264237897392653,0.8950746530824556
EBX,El Boixer,regulated_pm_one,depth,VWC_020,60,0.4195887707232254,0.4615234999542361,0.1868394691926816,59,88.79738543321174,0.5636878661938445,0.8236883209290715
EBX,El Boixer,regulated_pm_two,depth,VWC_020,60,0.5443779644760688,0.5608024563260895,0.24646547277539255,59,94.78418659415777,0.6341547310858258,0.89329666620714
EBX,El Boixer,simple_hg_one,total,VWC_005,60,0.6721597312972523,0.7219570458919595,0.17167548880555422,59,100.0,0.7938431372146689,0.7397284296811453
EBX,El Boixer,simple_hg_two,total,VWC_005,60,0.6648725196765577,0.7073298750694655,0.19543492018492492,59,88.89064543524415,0.8287459663032731,0.7130632044497592
EBX,El Boixer,simple_pm_one,total,VWC_005,60,0.6698258387894511,0.7169309991379901,0.17201770120291615,59,100.0,0.798222072262949,0.7444135028079502
EBX,El Boixer,simple_pm_two,total,VWC_005,60,0.6585545438389853,0.679549134344316,0.19189172085867212,59,89.59783402827223,0.8311549832952069,0.7137074681267908
EBX,El Boixer,regulated_hg_one,total,VWC_005,60,0.7518748637452319,0.7949986107252016,0.28282096917719507,59,87.95199527727922,0.8772673090541473,0.7362266488557431
EBX,El Boixer,regulated_hg_two,total,VWC_005,60,0.7663460974496621,0.7949986107252016,0.262528575569942,59,89.06820378421435,0.8709947276002593,0.7272523239119963
EBX,El Boixer,regulated_pm_one,total,VWC_005,60,0.7413341891750713,0.7824395665462629,0.2850845797969884,59,88.79738543321174,0.8761992739996073,0.7340233147689509
EBX,El Boixer,regulated_pm_two,total,VWC_005,60,0.7583984424745761,0.7901083634342875,0.26468874580085733,59,89.75317259229793,0.8704370888851212,0.722872564943491
EBX,El Boixer,simple_hg_one,total,VWC_020,60,0.38035863961482375,0.39987206774887707,0.16939303606594006,59,100.0,0.6465303875033903,0.7735283351879972
EBX,El Boixer,simple_hg_two,total,VWC_020,60,0.33057679884999125,0.39849087208267914,0.16147240904822474,59,88.89064543524415,0.5852763775433256,0.7803872744503095
EBX,El Boixer,simple_pm_one,total,VWC_020,60,0.3664227385247809,0.36960346537468686,0.17792543800814564,59,100.0,0.643564690547688,0.7721436896824836
EBX,El Boixer,simple_pm_two,total,VWC_020,60,0.31959563124733764,0.3802210885461072,0.17389905270583023,59,89.59783402827223,0.58537315899492,0.7873277117207286
EBX,El Boixer,regulated_hg_one,total,VWC_020,60,0.43476622459103453,0.47533308330626833,0.17747315793070625,59,87.95199527727922,0.5620365599236224,0.819527993254936
EBX,El Boixer,regulated_hg_two,total,VWC_020,60,0.4903238283198832,0.5135108851688284,0.17426186404188226,59,89.06820378421435,0.5937166571659804,0.8218924229896689
EBX,El Boixer,regulated_pm_one,total,VWC_020,60,0.4195887707232254,0.4615234999542361,0.1868394691926816,59,88.79738543321174,0.5636878661938445,0.8236883209290715
EBX,El Boixer,regulated_pm_two,total,VWC_020,60,0.47980892015971105,0.5042304005821506,0.18415484023156958,59,89.75317259229793,0.5943236072218828,0.829282363293915
LCS,Los Coscolls,simple_hg_one,depth,VWC_005,60,0.014792165089891868,0.08038424215358587,-0.2909636850279991,59,6.419377574370708,-0.06274510501870992,0.13937903769235002
LCS,Los Coscolls,simple_hg_two,depth,VWC_005,60,0.057563682121586204,0.09488926195701229,-0.3301409952016049,59,29.21427304459475,0.0052327056879033496,0.1746539769055822
LCS,Los Coscolls,simple_pm_one,depth,VWC_005,60,0.011709681685569032,0.08038424215358587,-0.3070582853520713,59,7.767244851258581,-0.06729408682146601,0.13937903769235002
LCS,Los Coscolls,simple_pm_two,depth,VWC_005,60,0.06293201759717164,0.09035755387210101,-0.31457778403410386,59,31.91000894582306,0.002872371351771749,0.1913486156315478
LCS,Los Coscolls,regulated_hg_one,depth,VWC_005,60,0.6770334204504884,0.8271138406594016,-0.0674175066086787,59,26.616554404931136,0.689799309313059,0.6859301261763959
LCS,Los Coscolls,regulated_hg_two,depth,VWC_005,60,0.5043705790253594,0.7679290897404468,-0.1530720354231201,59,58.34683229216739,0.5037841593512872,0.535718689848562
LCS,Los Coscolls,regulated_pm_one,depth,VWC_005,60,0.6871194546107631,0.8323376590503705,-0.05322022909001884,59,27.59931360372128,0.7002538391756905,0.6949051864160747
LCS,Los Coscolls,regulated_pm_two,depth,VWC_005,60,0.5167653735409827,0.7672066467714831,-0.13794333818163002,59,61.458068791170874,0.5170828679935288,0.5477230178854182
LCS,Los Coscolls,simple_hg_one,depth,VWC_020,60,0.12449554755475879,0.2928104734219364,-0.3000475200349413,59,6.419377574370708,0.16592989995558838,0.13768392230922785
LCS,Los Coscolls,simple_hg_two,depth,VWC_020,60,,,,59,0.0,,
LCS,Los Coscolls,simple_pm_one,depth,VWC_020,60,0.1181170953834408,0.2928104734219364,-0.3151082178154813,59,7.767244851258581,0.15148567502214966,0.13768392230922785
LCS,Los Coscolls,simple_pm_two,depth,VWC_020,60,,,,59,0.0,,
LCS,Los Coscolls,regulated_hg_one,depth,VWC_020,60,0.6615836691350578,0.7953153003726731,-0.13848260662702247,59,26.616554404931136,0.7084294434701913,0.43126043538921266
LCS,Los Coscolls,regulated_hg_two,depth,VWC_020,60,-0.11914885869189801,0.28244349048975376,-0.03705612037309375,59,0.0005774068900572112,-0.4501228316855057,0.8044529622534898
LCS,Los Coscolls,regulated_pm_one,depth,VWC_020,60,0.6628510556910981,0.8013170508838179,-0.1283392487819153,59,27.59931360372128,0.7116857748234855,0.4345944325400088
LCS,Los Coscolls,regulated_pm_two,depth,VWC_020,60,-0.10585837895806213,0.28244349048975376,-0.036314302718822744,59,0.0009582950102954229,-0.448683154712351,0.8070641697576203
LCS,Los Coscolls,simple_hg_one,total,VWC_005,60,0.014792165089891868,0.08038424215358587,-0.2909636850279991,59,6.419377574370708,-0.06274510501870992,0.13937903769235002
LCS,Los Coscolls,simple_hg_two,total,VWC_005,60,0.057563682121586204,0.09488926195701229,-0.3301409952016049,59,9.738091014864917,0.005232705687903308,0.17465397690558218
LCS,Los Coscolls,simple_pm_one,total,VWC_005,60,0.011709681685569032,0.08038424215358587,-0.3070582853520713,59,7.767244851258581,-0.06729408682146601,0.13937903769235002
LCS,Los Coscolls,simple_pm_two,total,VWC_005,60,0.06293201759717162,0.09035755387210101,-0.31457778403410386,59,10.636669648607688,0.002872371351771749,0.19134861563154773
LCS,Los Coscolls,regulated_hg_one,total,VWC_005,60,0.6770334204504884,0.8271138406594016,-0.0674175066086787,59,26.616554404931136,0.689799309313059,0.6859301261763959
LCS,Los Coscolls,regulated_hg_two,total,VWC_005,60,0.5043637051374891,0.7679290897404468,-0.15307228377023324,59,19.448877432280877,0.5037758896250975,0.5357188509839269
LCS,Los Coscolls,regulated_pm_one,total,VWC_005,60,0.6871194546107631,0.8323376590503705,-0.05322022909001884,59,27.59931360372128,0.7002538391756905,0.6949051864160747
LCS,Los Coscolls,regulated_pm_two,total,VWC_005,60,0.5167544513207099,0.7672066467714831,-0.13794377287884718,59,20.485908302123896,0.5170698412010776,0.547723333737935
LCS,Los Coscolls,simple_hg_one,total,VWC_020,60,0.12449554755475879,0.2928104734219364,-0.3000475200349413,59,6.419377574370708,0.16592989995558838,0.13768392230922785
LCS,Los Coscolls,simple_hg_two,total,VWC_020,60,0.21819728918059877,0.2540005919513989,-0.3482527821943795,59,9.738091014864917,0.23964915398643674,0.14137513458692796
LCS,Los Coscolls,simple_pm_one,total,VWC_020,60,0.1181170953834408,0.2928104734219364,-0.3151082178154813,59,7.767244851258581,0.15148567502214966,0.13768392230922785
LCS,Los Coscolls,simple_pm_two,total,VWC_020,60,0.23109595938875832,0.32139730044297454,-0.3249419905153924,59,10.636669648607688,0.2694209734692393,0.13992016255014467
LCS,Los Coscolls,regulated_hg_one,total,VWC_020,60,0.6615836691350578,0.7953153003726731,-0.13848260662702247,59,26.616554404931136,0.7084294434701913,0.43126043538921266
LCS,Los Coscolls,regulated_hg_two,total,VWC_020,60,0.6331438287484954,0.7348810070312846,-0.17812422722492685,59,19.448877432280877,0.6864385959067248,0.3191597465058931
LCS,Los Coscolls,regulated_pm_one,total,VWC_020,60,0.6628510556910981,0.8013170508838179,-0.1283392487819153,59,27.59931360372128,0.7116857748234855,0.4345944325400088
LCS,Los Coscolls,regulated_pm_two,total,VWC_020,60,0.6409343430876813,0.7412161881263818,-0.1654684055749694,59,20.485908302123896,0.6966448037388271,0.3209145632233124
PSN,Pessonada,simple_hg_one,depth,VWC_005,58,0.6121287365087219,0.4094028726798498,0.33870008028562315,57,43.83685983263598,-0.05246952233788493,0.7533841426400423
PSN,Pessonada,simple_hg_two,depth,VWC_005,58,0.5791286513547693,0.36977243359276685,0.2634705278379788,57,83.15615481171548,-0.026126082416234306,0.7276186896462292
PSN,Pessonada,simple_pm_one,depth,VWC_005,58,0.6050356561843633,0.3662353302688843,0.3525569263266801,57,44.75742887029289,-0.052469522337884926,0.7455652998276084
PSN,Pessonada,simple_pm_two,depth,VWC_005,58,0.572073917626976,0.3651838383772261,0.2769067300902328,57,84.99729190114381,-0.027423445099080436,0.7207027940006517
PSN,Pessonada,regulated_hg_one,depth,VWC_005,58,0.740801440119033,0.6750438340151959,0.3543776382782088,57,56.15619700579533,0.3813786873641387,0.9029618201520493
PSN,Pessonada,regulated_hg_two,depth,VWC_005,58,0.6635528422575314,0.6466209357408719,0.2816352483622019,57,84.15593802377353,0.3621537890105653,0.7903362489970939
PSN,Pessonada,regulated_pm_one,depth,VWC_005,58,0.7441075715885248,0.6863637761850565,0.3669259985916291,57,56.87945980363732,0.3869778172724058,0.9011764093547272
PSN,Pessonada,regulated_pm_two,depth,VWC_005,58,0.6638863304345701,0.6492048355839921,0.29907602147267154,57,85.7953214858387,0.3702911059181295,0.7878526690979255
PSN,Pessonada,simple_hg_one,depth,VWC_020,58,0.5340487982801105,0.45291379335067483,0.2503157012375463,57,43.83685983263598,-0.0023159437724945037,0.4922069072183701
PSN,Pessonada,simple_hg_two,depth,VWC_020,58,0.5775563349273569,0.5011728763733799,0.2699358235578845,57,24.177212415582655,,0.5400382211173638
PSN,Pessonada,simple_pm_one,depth,VWC_020,58,0.521302941427329,0.4035275132233826,0.2676288182597241,57,44.75742887029289,-0.0023159437724945033,0.48168186326397733
PSN,Pessonada,simple_pm_two,depth,VWC_020,58,0.5606711328504039,0.5011728763733799,0.28507731126813873,57,24.63749668793974,,0.5225739442668412
PSN,Pessonada,regulated_hg_one,depth,VWC_020,58,0.792955054308854,0.696699375557538,0.28889008167263147,57,56.15619700579533,0.507950662784307,0.7449966524334871
PSN,Pessonada,regulated_hg_two,depth,VWC_020,58,0.8930125108053883,0.5879910178719739,0.3569661810574644,57,33.24820383054998,-0.5885113208165846,0.8821099627064817
PSN,Pessonada,regulated_pm_one,depth,VWC_020,58,0.7839766411227378,0.6969454612568827,0.30187108195282186,57,56.87945980363732,0.513013668196924,0.7354004928193651
PSN,Pessonada,regulated_pm_two,depth,VWC_020,58,0.8918257243824501,0.5879910178719739,0.36387390865591673,57,33.542767252143854,-0.5771850801739642,0.878759067382243
PSN,Pessonada,simple_hg_one,total,VWC_005,58,0.6121287365087219,0.4094028726798498,0.33870008028562315,57,43.83685983263598,-0.05246952233788493,0.7533841426400423
PSN,Pessonada,simple_hg_two,total,VWC_005,58,0.6080064748586795,0.4138170063720871,0.29946440012490727,57,43.83685988096026,-0.026126082416234306,0.7552633848794306
PSN,Pessonada,simple_pm_one,total,VWC_005,58,0.6050356561843633,0.3662353302688843,0.3525569263266801,57,44.75742887029289,-0.052469522337884926,0.7455652998276084
PSN,Pessonada,simple_pm_two,total,VWC_005,58,0.5993844763902999,0.41587323994412245,0.3123313212295679,57,44.75742842567443,-0.02742344509908043,0.7452243000944129
PSN,Pessonada,regulated_hg_one,total,VWC_005,58,0.740801440119033,0.6750438340151959,0.3543776382782088,57,56.15619700579533,0.3813786873641387,0.9029618201520493
PSN,Pessonada,regulated_hg_two,total,VWC_005,58,0.7337960168461941,0.6603402134793442,0.342155529082956,57,50.217109104428175,0.3621401590975947,0.8993352662015504
PSN,Pessonada,regulated_pm_one,total,VWC_005,58,0.7441075715885248,0.6863637761850565,0.3669259985916291,57,56.87945980363732,0.3869778172724058,0.9011764093547272
PSN,Pessonada,regulated_pm_two,total,VWC_005,58,0.7376065888817247,0.6647697560675506,0.3547932820729751,57,50.95998368995536,0.37027898859548475,0.897636258939851
PSN,Pessonada,simple_hg_one,total,VWC_020,58,0.5340487982801105,0.45291379335067483,0.2503157012375463,57,43.83685983263598,-0.0023159437724945037,0.4922069072183701
PSN,Pessonada,simple_hg_two,total,VWC_020,58,0.5277748936728116,0.38591765540606393,0.23109477415948443,57,43.83685988096026,-0.0011764503853418234,0.49535755020125843
PSN,Pessonada,simple_pm_one,total,VWC_020,58,0.521302941427329,0.4035275132233826,0.2676288182597241,57,44.75742887029289,-0.0023159437724945033,0.48168186326397733
PSN,Pessonada,simple_pm_two,total,VWC_020,58,0.5130323317890437,0.3840483521587592,0.24764404337192097,57,44.75742842567443,-0.001400851511336388,0.4822118870259323
PSN,Pessonada,regulated_hg_one,total,VWC_020,58,0.792955054308854,0.696699375557538,0.28889008167263147,57,56.15619700579533,0.507950662784307,0.7449966524334871
PSN,Pessonada,regulated_hg_two,total,VWC_020,58,0.8035294640632648,0.7613583930603833,0.2811785674671134,57,50.217109104428175,0.439743328896816,0.7516673450671036
PSN,Pessonada,regulated_pm_one,total,VWC_020,58,0.7839766411227378,0.6969454612568827,0.30187108195282186,57,56.87945980363732,0.513013668196924,0.7354004928193651
PSN,Pessonada,regulated_pm_two,total,VWC_020,58,0.7947807140563586,0.7558214648251255,0.29349837698202974,57,50.95998368995536,0.4460502552066973,0.7422567787512778
BDS,Batlliu de Sort,simple_hg_one,depth,VWC_005,60,0.31238703691087133,0.36406106492551893,0.1391643864707628,59,57.502262,0.6834359595238488,0.3321047355380478
BDS,Batlliu de Sort,simple_hg_two,depth,VWC_005,60,0.03835390581334048,0.24636196289257625,0.0217787715049699,59,76.97203999999999,0.24298202861858248,0.3478504015102866
BDS,Batlliu de Sort,simple_pm_one,depth,VWC_005,60,0.48517387414134017,0.5632357921361784,0.16297305493552944,59,63.123682,0.8058213235567853,0.5200437521576692
BDS,Batlliu de Sort,simple_pm_two,depth,VWC_005,60,0.19161967819938946,0.3529843293900687,0.0464609865598484,59,80.97188496901178,0.4367932226383483,0.4589740696063191
BDS,Batlliu de Sort,regulated_hg_one,depth,VWC_005,60,0.7644538556577247,0.818488725957371,0.23144718436139705,59,87.08273958535221,0.832385608929879,0.8975839727684318
BDS,Batlliu de Sort,regulated_hg_two,depth,VWC_005,60,0.5379462555320649,0.6474388363897444,0.07674498964877091,59,77.46415989837772,0.46681555247596623,0.8686623245746222
BDS,Batlliu de Sort,regulated_pm_one,depth,VWC_005,60,0.7962622298818871,0.8279359258360248,0.2501650995768329,59,88.37014424895591,0.8524178436424215,0.8995851879298492
BDS,Batlliu de Sort,regulated_pm_two,depth,VWC_005,60,0.5783371088391589,0.6607482738658479,0.10016566307980398,59,80.26245363190934,0.5330122775093101,0.8674732956239468
BDS,Batlliu de Sort,simple_hg_one,depth,VWC_020,60,0.4069526460500766,0.4003998690598914,0.2116024797323848,59,57.502262,0.7794154021124715,0.26188917472970596
BDS,Batlliu de Sort,simple_hg_two,depth,VWC_020,60,0.7242177966396834,0.8272199411607105,0.24087705728709027,59,64.39686379007999,0.9317321707152346,0.741700391850362
BDS,Batlliu de Sort,simple_pm_one,depth,VWC_020,60,0.5777643995518468,0.5705241593962925,0.25834649263638254,59,63.123682,0.8671666269247387,0.5665281056803206
BDS,Batlliu de Sort,simple_pm_two,depth,VWC_020,60,0.8223678538364964,0.8786344143389417,0.2567916256375382,59,71.519672512109,0.9456627163125546,0.8348657711367466
BDS,Batlliu de Sort,regulated_hg_one,depth,VWC_020,60,0.7811139100145046,0.7875184087065797,0.2519037573573007,59,87.08273958535221,0.8487162715040213,0.8516630006974786
BDS,Batlliu de Sort,regulated_hg_two,depth,VWC_020,60,0.8182056672328891,0.8944399681132174,0.24228064156432866,59,85.60553647578628,0.9397097111488663,0.8140100866736988
BDS,Batlliu de Sort,regulated_pm_one,depth,VWC_020,60,0.8051974086812522,0.8024118483744482,0.27075426760507365,59,88.37014424895591,0.8603880527236273,0.8567722991739202
BDS,Batlliu de Sort,regulated_pm_two,depth,VWC_020,60,0.839523502111824,0.8944955406492914,0.2547550916511312,59,95.23912872737985,0.9444117301011349,0.8303143736854213
BDS,Batlliu de Sort,simple_hg_one,total,VWC_005,60,0.31238703691087133,0.36406106492551893,0.1391643864707628,59,57.502262,0.6834359595238488,0.3321047355380478
BDS,Batlliu de Sort,simple_hg_two,total,VWC_005,60,0.49584632891159297,0.6504654668178932,0.1759426331521758,59,68.58858919338667,0.7600412241401626,0.6786615153675621
BDS,Batlliu de Sort,simple_pm_one,total,VWC_005,60,0.48517387414134017,0.5632357921361784,0.16297305493552944,59,63.123682,0.8058213235567853,0.5200437521576692
BDS,Batlliu de Sort,simple_pm_two,total,VWC_005,60,0.6497092014987014,0.7716886329530046,0.22329439623119265,59,74.67040999774326,0.8388115981305933,0.8003531170778503
BDS,Batlliu de Sort,regulated_hg_one,total,VWC_005,60,0.7644538556577247,0.818488725957371,0.23144718436139705,59,87.08273958535221,0.832385608929879,0.8975839727684318
BDS,Batlliu de Sort,regulated_hg_two,total,VWC_005,60,0.7891438022040749,0.8339376763471695,0.22970305676764696,59,82.8163490173719,0.8533238320574036,0.8868614268341374
BDS,Batlliu de Sort,regulated_pm_one,total,VWC_005,60,0.7962622298818871,0.8279359258360248,0.2501650995768329,59,88.37014424895591,0.8524178436424215,0.8995851879298492
BDS,Batlliu de Sort,regulated_pm_two,total,VWC_005,60,0.8249577483268555,0.8443295962136889,0.25606457976936814,59,90.0676207464785,0.878833049311651,0.8926830560577449
BDS,Batlliu de Sort,simple_hg_one,total,VWC_020,60,0.4069526460500766,0.4003998690598914,0.2116024797323848,59,57.502262,0.7794154021124715,0.26188917472970596
BDS,Batlliu de Sort,simple_hg_two,total,VWC_020,60,0.5765781536801132,0.6317125183162299,0.2295151432901284,59,68.58858919338667,0.8226711804683224,0.678794950231518
BDS,Batlliu de Sort,simple_pm_one,total,VWC_020,60,0.5777643995518468,0.5705241593962925,0.25834649263638254,59,63.123682,0.8671666269247387,0.5665281056803206
BDS,Batlliu de Sort,simple_pm_two,total,VWC_020,60,0.7033794635012638,0.7336994376666669,0.26353768999779986,59,74.67040999774326,0.8779225250405155,0.7775080651706006
BDS,Batlliu de Sort,regulated_hg_one,total,VWC_020,60,0.7811139100145046,0.7875184087065797,0.2519037573573007,59,87.08273958535221,0.8487162715040213,0.8516630006974786
BDS,Batlliu de Sort,regulated_hg_two,total,VWC_020,60,0.8036636561645097,0.8175275781866131,0.25303016176933557,59,82.8163490173719,0.8710628780680711,0.8453688848245127
BDS,Batlliu de Sort,regulated_pm_one,total,VWC_020,60,0.8051974086812522,0.8024118483744482,0.27075426760507365,59,88.37014424895591,0.8603880527236273,0.8567722991739202
BDS,Batlliu de Sort,regulated_pm_two,total,VWC_020,60,0.829950527042299,0.8383672792144141,0.2744054549754095,59,90.0676207464785,0.888519412620859,0.8518356680703697
CDPA,Coll de Paller,simple_hg_one,depth,VWC_005,56,-0.23141817713477947,-0.2191409725152798,-0.21669907340292563,55,28.874784165881245,-0.255325986262852,-0.039981964035990226
CDPA,Coll de Paller,simple_hg_two,depth,VWC_005,56,-0.2364407409187694,-0.15727296759943996,-0.24724233601491888,55,77.60213006597549,-0.23148235094545322,-0.011601437757297984
CDPA,Coll de Paller,simple_pm_one,depth,VWC_005,56,-0.20289878614284743,-0.21818922019165204,-0.21843880781339978,55,28.08297643732328,-0.25512116686296055,-0.03823329984121061
CDPA,Coll de Paller,simple_pm_two,depth,VWC_005,56,-0.21405449721246828,-0.1463472749102982,-0.23888078074360927,55,76.01851441616029,-0.25777973354195605,0.001674010820823111
CDPA,Coll de Paller,regulated_hg_one,depth,VWC_005,56,0.049820854347815906,0.18422311889373877,-0.2161922790674096,55,40.95214294955611,0.005454428644294262,0.17367326441884684
CDPA,Coll de Paller,regulated_hg_two,depth,VWC_005,56,-0.08141139975195057,0.033700184643641266,-0.23676570951227777,55,79.18186200539981,-0.15711993870158714,0.11820813517232429
CDPA,Coll de Paller,regulated_pm_one,depth,VWC_005,56,0.05792479432962479,0.1938615084165652,-0.2151710623080679,55,39.73690738169127,-0.011857479517152979,0.21333901560945814
CDPA,Coll de Paller,regulated_pm_two,depth,VWC_005,56,-0.06243047618078068,0.062205208977106595,-0.23465301874326522,55,77.86002092042926,-0.17936913229558937,0.15169594648274615
CDPA,Coll de Paller,simple_hg_one,depth,VWC_020,56,0.2177586011356079,0.3045451294651622,0.24384339689825626,55,28.874784165881245,0.3494734027941349,0.26937851341305996
CDPA,Coll de Paller,simple_hg_two,depth,VWC_020,56,-0.013252585002222332,0.004171266441222816,-0.21237410847510335,55,4.511111013937809,0.05865141677849651,
CDPA,Coll de Paller,simple_pm_one,depth,VWC_020,56,0.1946884328318714,0.2984780194640984,0.2347614343148985,55,28.08297643732328,0.29313426938407633,0.27522070981791147
CDPA,Coll de Paller,simple_pm_two,depth,VWC_020,56,-0.013252585002222327,0.004171266441222816,-0.21237410847510335,55,4.115207101484006,0.058651416778496515,
CDPA,Coll de Paller,regulated_hg_one,depth,VWC_020,56,0.7570837937865083,0.8243476478928795,0.3829007349826721,55,40.95214294955611,0.835152301986304,0.8485130101705882
CDPA,Coll de Paller,regulated_hg_two,depth,VWC_020,56,0.7514591405816662,0.9255455494439084,0.4357833935077256,55,16.250721436674777,0.8913842361856295,0.8738749678829436
CDPA,Coll de Paller,regulated_pm_one,depth,VWC_020,56,0.7519114491898481,0.8240400554869495,0.3834416709524645,55,39.73690738169127,0.8209648812257189,0.8457629212322924
CDPA,Coll de Paller,regulated_pm_two,depth,VWC_020,56,0.7407628910482045,0.9255455494439084,0.4343811717697692,55,15.165523886164229,0.8815038620654602,0.8851036306737446
CDPA,Coll de Paller,simple_hg_one,total,VWC_005,56,-0.23141817713477947,-0.2191409725152798,-0.21669907340292563,55,28.874784165881245,-0.255325986262852,-0.039981964035990226
CDPA,Coll de Paller,simple_hg_two,total,VWC_005,56,-0.23838648959205172,-0.15727296759943996,-0.23026261239703502,55,28.87478403128371,-0.23203437787940834,-0.011601437757298019
CDPA,Coll de Paller,simple_pm_one,total,VWC_005,56,-0.20289878614284743,-0.21818922019165204,-0.21843880781339978,55,28.08297643732328,-0.25512116686296055,-0.03823329984121061
CDPA,Coll de Paller,simple_pm_two,total,VWC_005,56,-0.2165626494857973,-0.1463472749102982,-0.22397978454613507,55,28.0829762063761,-0.2563568926467212,0.0016740108208231248
CDPA,Coll de Paller,regulated_hg_one,total,VWC_005,56,0.049820854347815906,0.18422311889373877,-0.2161922790674096,55,40.95214294955611,0.005454428644294262,0.17367326441884684
CDPA,Coll de Paller,regulated_hg_two,total,VWC_005,56,-0.053198399514115924,0.11901018552653031,-0.23617360262068948,55,37.219275517323965,-0.053178138576879926,0.07739022964187084
CDPA,Coll de Paller,regulated_pm_one,total,VWC_005,56,0.05792479432962479,0.1938615084165652,-0.2151710623080679,55,39.73690738169127,-0.011857479517152979,0.21333901560945814
CDPA,Coll de Paller,regulated_pm_two,total,VWC_005,56,-0.0437686214760916,0.12940050614688217,-0.23533498970548591,55,36.055131729032595,-0.07614442230343971,0.11518945604533207
CDPA,Coll de Paller,simple_hg_one,total,VWC_020,56,0.2177586011356079,0.3045451294651622,0.24384339689825626,55,28.874784165881245,0.3494734027941349,0.26937851341305996
CDPA,Coll de Paller,simple_hg_two,total,VWC_020,56,0.32246764777028736,0.4424307153029984,0.25811861489627225,55,28.87478403128371,0.49888824015227845,0.33341841786686494
CDPA,Coll de Paller,simple_pm_one,total,VWC_020,56,0.1946884328318714,0.2984780194640984,0.2347614343148985,55,28.08297643732328,0.29313426938407633,0.27522070981791147
CDPA,Coll de Paller,simple_pm_two,total,VWC_020,56,0.2989199791977103,0.38691232488124416,0.25516933496124605,55,28.0829762063761,0.43702787480691235,0.35367729789754465
CDPA,Coll de Paller,regulated_hg_one,total,VWC_020,56,0.7570837937865083,0.8243476478928795,0.3829007349826721,55,40.95214294955611,0.835152301986304,0.8485130101705882
CDPA,Coll de Paller,regulated_hg_two,total,VWC_020,56,0.6763296983251642,0.7823783729504062,0.36428251632278574,55,37.219275517323965,0.7958127509873966,0.7712219656927914
CDPA,Coll de Paller,regulated_pm_one,total,VWC_020,56,0.7519114491898481,0.8240400554869495,0.3834416709524645,55,39.73690738169127,0.8209648812257189,0.8457629212322924
CDPA,Coll de Paller,regulated_pm_two,total,VWC_020,56,0.6671472828607747,0.7815239496006002,0.3626859455838659,55,36.055131729032595,0.7730756014939593,0.7660394973551178
LCDA,La Cultia d'Àreu,simple_hg_one,depth,VWC_005,60,0.5387912145543665,0.6484083567129522,0.02576446632759752,59,29.08552345906164,0.47425059530400393,0.7310086365960506
LCDA,La Cultia d'Àreu,simple_hg_two,depth,VWC_005,60,0.7814368538260243,0.8268951910888636,0.1533150928624603,59,82.48126954921803,0.691352498840611,0.9380155297525001
LCDA,La Cultia d'Àreu,simple_pm_one,depth,VWC_005,60,0.6271086668266862,0.7898566792951777,0.08059498198782164,59,36.28291996320147,0.6581992573449524,0.7242590731684633
LCDA,La Cultia d'Àreu,simple_pm_two,depth,VWC_005,60,0.8116980904061717,0.8284341699795328,0.17729753683339325,59,85.01390602227818,0.7629762688962396,0.9227407743670475
LCDA,La Cultia d'Àreu,regulated_hg_one,depth,VWC_005,60,0.9189835181436032,0.9236454570714089,0.2148021389463566,59,60.10632220761905,0.9182965784867583,0.9738771822309116
LCDA,La Cultia d'Àreu,regulated_hg_two,depth,VWC_005,60,0.8485488553471916,0.8482911919977772,0.1610251472449429,59,85.43469384141727,0.7670838941192233,0.9815621612986114
LCDA,La Cultia d'Àreu,regulated_pm_one,depth,VWC_005,60,0.9416682986111913,0.9396499027507642,0.2328131440599291,59,64.66926927157276,0.9261252374730407,0.9836944499935492
LCDA,La Cultia d'Àreu,regulated_pm_two,depth,VWC_005,60,0.8591070683466417,0.8371769936093361,0.18567730357189774,59,84.18876487693474,0.7840220458708715,0.9818910397003333
LCDA,La Cultia d'Àreu,simple_hg_one,depth,VWC_020,60,0.5297482652904343,0.645858443081338,0.013086677688714209,59,29.08552345906164,0.47555320391049927,0.6844295158529162
LCDA,La Cultia d'Àreu,simple_hg_two,depth,VWC_020,60,0.261656797896326,0.4100790959159069,-0.059007204936853595,59,15.366520146728178,0.3519238737458855,
LCDA,La Cultia d'Àreu,simple_pm_one,depth,VWC_020,60,0.6103060508579718,0.7919700337323705,0.05752938060697738,59,36.28291996320147,0.6435207328950273,0.6779875374396189
LCDA,La Cultia d'Àreu,simple_pm_two,depth,VWC_020,60,0.46289983049986205,0.6085305778702655,0.020164803002066134,59,23.349594255515857,0.6490066658650704,0.29564716915132094
LCDA,La Cultia d'Àreu,regulated_hg_one,depth,VWC_020,60,0.9063599700486338,0.9086539130345231,0.1971712686571991,59,60.10632220761905,0.9047284306739124,0.9775609340033855
LCDA,La Cultia d'Àreu,regulated_hg_two,depth,VWC_020,60,0.7415225809192304,0.7580266467339865,0.12834323215004706,59,44.618912991676766,0.7792122199154807,0.9686510454255817
LCDA,La Cultia d'Àreu,regulated_pm_one,depth,VWC_020,60,0.928060717965464,0.9260478751640445,0.2146011231591011,59,64.66926927157276,0.9088400722707657,0.9837612442703042
LCDA,La Cultia d'Àreu,regulated_pm_two,depth,VWC_020,60,0.7679232515862908,0.7773100488392386,0.12779926697612912,59,51.794918191718104,0.7858628191931003,0.9812285879371159
LCDA,La Cultia d'Àreu,simple_hg_one,total,VWC_005,60,0.5387912145543665,0.6484083567129522,0.02576446632759752,59,29.08552345906164,0.47425059530400393,0.7310086365960506
LCDA,La Cultia d'Àreu,simple_hg_two,total,VWC_005,60,0.7472164469942971,0.8268372142130641,0.12042271063026777,59,37.73810328089146,0.658947332686557,0.9380155297525
LCDA,La Cultia d'Àreu,simple_pm_one,total,VWC_005,60,0.6271086668266862,0.7898566792951777,0.08059498198782164,59,36.28291996320147,0.6581992573449524,0.7242590731684633
LCDA,La Cultia d'Àreu,simple_pm_two,total,VWC_005,60,0.7926318570006861,0.8449876987401171,0.15432276199956285,59,43.904364844436635,0.7803743477141213,0.9188269090192049
LCDA,La Cultia d'Àreu,regulated_hg_one,total,VWC_005,60,0.9189835181436032,0.9236454570714089,0.2148021389463566,59,60.10632220761905,0.9182965784867583,0.9738771822309116
LCDA,La Cultia d'Àreu,regulated_hg_two,total,VWC_005,60,0.9131345104375512,0.9216449013614895,0.19389818759441305,59,55.23064408587526,0.9099438611161869,0.978560530946377
LCDA,La Cultia d'Àreu,regulated_pm_one,total,VWC_005,60,0.9416682986111913,0.9396499027507642,0.2328131440599291,59,64.66926927157276,0.9261252374730407,0.9836944499935492
LCDA,La Cultia d'Àreu,regulated_pm_two,total,VWC_005,60,0.9345662960505638,0.9368157821617117,0.21144246290314003,59,60.14344486271189,0.9187374177579981,0.9842757906932991
LCDA,La Cultia d'Àreu,simple_hg_one,total,VWC_020,60,0.5297482652904343,0.645858443081338,0.013086677688714209,59,29.08552345906164,0.47555320391049927,0.6844295158529162
LCDA,La Cultia d'Àreu,simple_hg_two,total,VWC_020,60,0.7367567585097067,0.8422127870311821,0.07756198581072309,59,37.73810328089146,0.654538004488313,0.9024747323075162
LCDA,La Cultia d'Àreu,simple_pm_one,total,VWC_020,60,0.6103060508579718,0.7919700337323705,0.05752938060697738,59,36.28291996320147,0.6435207328950273,0.6779875374396189
LCDA,La Cultia d'Àreu,simple_pm_two,total,VWC_020,60,0.7754510162792962,0.861028605979321,0.10225723745774885,59,43.904364844436635,0.7645481020290505,0.8793629460523082
LCDA,La Cultia d'Àreu,regulated_hg_one,total,VWC_020,60,0.9063599700486338,0.9086539130345231,0.1971712686571991,59,60.10632220761905,0.9047284306739124,0.9775609340033855
LCDA,La Cultia d'Àreu,regulated_hg_two,total,VWC_020,60,0.8995309805194306,0.9064866142388318,0.17845440359664538,59,55.23064408587526,0.8965883794416533,0.978952930961746
LCDA,La Cultia d'Àreu,regulated_pm_one,total,VWC_020,60,0.928060717965464,0.9260478751640445,0.2146011231591011,59,64.66926927157276,0.9088400722707657,0.9837612442703042
LCDA,La Cultia d'Àreu,regulated_pm_two,total,VWC_020,60,0.9191454799249217,0.9232137152004484,0.19366719956976985,59,60.14344486271189,0.9017075877054537,0.9803438065387623
EML,El Miracle,simple_hg_one,depth,VWC_005,60,-0.15489881828740557,-0.0008488106893404097,-0.0653411748574047,59,5.2091025906735755,-0.2960227735765411,
EML,El Miracle,simple_hg_two,depth,VWC_005,60,-0.10393836376825459,-0.0358242070335726,-0.07569793391960214,59,28.27352457375763,-0.2351554115432541,
EML,El Miracle,simple_pm_one,depth,VWC_005,60,-0.12951178828857388,-0.0008488106893404097,-0.0663410656398899,59,6.63100932642487,-0.26328615216627926,
EML,El Miracle,simple_pm_two,depth,VWC_005,60,-0.1188103144020749,-0.039808244407709824,-0.11031914518826914,59,31.11734001754477,-0.26871246359854223,
EML,El Miracle,regulated_hg_one,depth,VWC_005,60,0.3604314863186922,0.36048628082815093,-0.171971650876797,59,20.135269194198546,0.18038060200650186,0.7097362269423009
EML,El Miracle,regulated_hg_two,depth,VWC_005,60,0.21850692794747384,0.2368044465595855,-0.20058112579195148,59,43.81326645355908,0.07254911835131425,0.42054586412485123
EML,El Miracle,regulated_pm_one,depth,VWC_005,60,0.38016756059181045,0.3795484552402463,-0.16427587564507629,59,21.336889609094218,0.19788984167404955,0.7284723943396652
EML,El Miracle,regulated_pm_two,depth,VWC_005,60,0.24233628404464794,0.24591872237178264,-0.19851098574337228,59,46.8738446329567,0.08894616421734072,0.47808868621397516
EML,El Miracle,simple_hg_one,depth,VWC_020,60,0.13398797984767002,0.17780844354432793,-0.3587315163026808,59,5.2091025906735755,0.040329710601151064,
EML,El Miracle,simple_hg_two,depth,VWC_020,60,,,,59,0.0,,
EML,El Miracle,simple_pm_one,depth,VWC_020,60,0.1379996068874264,0.17780844354432793,-0.34332784334427746,59,6.63100932642487,0.024170725302309508,
EML,El Miracle,simple_pm_two,depth,VWC_020,60,,,,59,0.0,,
EML,El Miracle,regulated_hg_one,depth,VWC_020,60,0.40199950776537324,0.22336153941107753,0.1310010509736529,59,20.135269194198546,0.18102919261611983,0.6538222312487074
EML,El Miracle,regulated_hg_two,depth,VWC_020,60,0.42909456822046604,0.8944187445912358,0.009076395189604337,59,0.0010321171214953478,0.0018350324653770454,0.8364965540264084
EML,El Miracle,regulated_pm_one,depth,VWC_020,60,0.390922394118851,0.22438970275497028,0.13886792992068545,59,21.336889609094218,0.16952947782000885,0.6685473763456851
EML,El Miracle,regulated_pm_two,depth,VWC_020,60,0.44670230138955824,0.8944187445912358,0.010392931069623955,59,0.0020292337111890834,0.008085844405963619,0.8357465173438337
EML,El Miracle,simple_hg_one,total,VWC_005,60,-0.15489881828740557,-0.0008488106893404097,-0.0653411748574047,59,5.2091025906735755,-0.2960227735765411,
EML,El Miracle,simple_hg_two,total,VWC_005,60,-0.10393836376825458,-0.0358242070335726,-0.07569793391960213,59,9.424508191252542,-0.235155411543254,
EML,El Miracle,simple_pm_one,total,VWC_005,60,-0.12951178828857388,-0.0008488106893404097,-0.0663410656398899,59,6.63100932642487,-0.26328615216627926,
EML,El Miracle,simple_pm_two,total,VWC_005,60,-0.11881031440207487,-0.039808244407709824,-0.11031914518826912,59,10.372446672514922,-0.2687124635985421,
EML,El Miracle,regulated_hg_one,total,VWC_005,60,0.3604314863186922,0.36048628082815093,-0.171971650876797,59,20.135269194198546,0.18038060200650186,0.7097362269423009
EML,El Miracle,regulated_hg_two,total,VWC_005,60,0.2185205803029599,0.2368044465595855,-0.2005777328468079,59,14.604250900598814,0.07255962730430593,0.42054768451725305
EML,El Miracle,regulated_pm_one,total,VWC_005,60,0.38016756059181045,0.3795484552402463,-0.16427587564507629,59,21.336889609094218,0.19788984167404955,0.7284723943396652
EML,El Miracle,regulated_pm_two,total,VWC_005,60,0.2423617158758222,0.24591872237178264,-0.19850482588344756,59,15.624266156826119,0.08896522061294132,0.4780924114495649
EML,El Miracle,simple_hg_one,total,VWC_020,60,0.13398797984767002,0.17780844354432793,-0.3587315163026808,59,5.2091025906735755,0.040329710601151064,
EML,El Miracle,simple_hg_two,total,VWC_020,60,0.16510877544555233,0.3103137280501231,-0.3003634143944701,59,9.424508191252542,0.03526009326044624,
EML,El Miracle,simple_pm_one,total,VWC_020,60,0.1379996068874264,0.17780844354432793,-0.34332784334427746,59,6.63100932642487,0.024170725302309508,
EML,El Miracle,simple_pm_two,total,VWC_020,60,0.22896589700373698,0.3117274580184608,-0.18320534041972575,59,10.372446672514922,0.12501391451438665,
EML,El Miracle,regulated_hg_one,total,VWC_020,60,0.40199950776537324,0.22336153941107753,0.1310010509736529,59,20.135269194198546,0.18102919261611983,0.6538222312487074
EML,El Miracle,regulated_hg_two,total,VWC_020,60,0.4591346764323362,0.21030108612379136,0.08354300463497957,59,14.604250900598814,0.22537282783519685,0.43452577156135086
EML,El Miracle,regulated_pm_one,total,VWC_020,60,0.390922394118851,0.22438970275497028,0.13886792992068545,59,21.336889609094218,0.16952947782000885,0.6685473763456851
EML,El Miracle,regulated_pm_two,total,VWC_020,60,0.46283831485127375,0.2149695034690341,0.0964111273034626,59,15.624266156826119,0.2222773865349035,0.4787592896611882
BCLL,Borda Coll,simple_hg_one,depth,VWC_005,55,0.40359982008500783,0.5708390871489725,0.24167114739963091,54,92.1708762983947,0.5840352725024747,0.7117855808389453
BCLL,Borda Coll,simple_hg_two,depth,VWC_005,55,-0.08128001079944783,0.07503319471929253,-0.018086094409488968,54,77.74793956562795,-0.061424394913948833,0.3937185860290813
BCLL,Borda Coll,simple_pm_one,depth,VWC_005,55,0.5768009151628433,0.666334160249431,0.3030890451571303,54,96.11332766761096,0.713860777233313,0.8656264155690487
BCLL,Borda Coll,simple_pm_two,depth,VWC_005,55,-0.04318377398191625,0.13634372623550411,0.00558060689865815,54,80.50489919077819,-0.010639696888889012,0.423167953867679
BCLL,Borda Coll,regulated_hg_one,depth,VWC_005,55,0.6240029863165278,0.7749639249639251,0.27183514891867905,54,87.28453419606328,0.6420446619899178,0.9842714384885782
BCLL,Borda Coll,regulated_hg_two,depth,VWC_005,55,0.4243865615874626,0.5756132756132757,0.02417613307016271,54,78.8972034308255,0.3565680219570835,0.9249717873897072
BCLL,Borda Coll,regulated_pm_one,depth,VWC_005,55,0.6817326098709906,0.785858585858586,0.3068507333145027,54,88.31568622288842,0.6980099699523901,0.9878147342222541
BCLL,Borda Coll,regulated_pm_two,depth,VWC_005,55,0.47985341434527806,0.580808080808081,0.038035929235997544,54,81.16810290907304,0.42595708660060816,0.9349202595889924
BCLL,Borda Coll,simple_hg_one,depth,VWC_020,55,0.33982803370371706,0.4807818369304179,0.2114182152641534,54,92.1708762983947,0.6366788621476858,0.47431711736151816
BCLL,Borda Coll,simple_hg_two,depth,VWC_020,55,0.7158900300367987,0.8052351205023165,0.36251874894927955,54,93.82159206798866,0.849315541213748,0.9148382072178396
BCLL,Borda Coll,simple_pm_one,depth,VWC_020,55,0.49733929999395216,0.6001441003721255,0.26446604749547936,54,96.11332766761096,0.7584981433224054,0.6631793490675514
BCLL,Borda Coll,simple_pm_two,depth,VWC_020,55,0.7679042832156897,0.8236383670436407,0.39490353168961845,54,94.41187955523857,0.8695838855854154,0.9438146949529875
BCLL,Borda Coll,regulated_hg_one,depth,VWC_020,55,0.5919022241098739,0.7252426138418432,0.21543724372808273,54,87.28453419606328,0.6740700990361128,0.9459337190897711
BCLL,Borda Coll,regulated_hg_two,depth,VWC_020,55,0.735880807346437,0.8356722830936903,0.34133583204378826,54,93.820721405955,0.8310616340085645,0.8997746100600167
BCLL,Borda Coll,regulated_pm_one,depth,VWC_020,55,0.646563867061073,0.7345863852682492,0.24670074596379926,54,88.31568622288842,0.7277981426033746,0.9456732018458616
BCLL,Borda Coll,regulated_pm_two,depth,VWC_020,55,0.7723014459555738,0.8380893977097876,0.3632610432855232,54,94.41038411053512,0.8538808355328157,0.9088446123428174
BCLL,Borda Coll,simple_hg_one,total,VWC_005,55,0.40359982008500783,0.5708390871489725,0.24167114739963091,54,92.1708762983947,0.5840352725024747,0.7117855808389453
BCLL,Borda Coll,simple_hg_two,total,VWC_005,55,0.609792198245971,0.7420094303997308,0.2580910954358864,54,87.64318413597734,0.6555969181993361,0.982545088890463
BCLL,Borda Coll,simple_pm_one,total,VWC_005,55,0.5768009151628433,0.666334160249431,0.3030890451571303,54,96.11332766761096,0.713860777233313,0.8656264155690487
BCLL,Borda Coll,simple_pm_two,total,VWC_005,55,0.65184328671053,0.7663421031351328,0.30032627392351907,54,88.82375911047717,0.6847554238853666,0.986166038238903
BCLL,Borda Coll,regulated_hg_one,total,VWC_005,55,0.6240029863165278,0.7749639249639251,0.27183514891867905,54,87.28453419606328,0.6420446619899178,0.9842714384885782
BCLL,Borda Coll,regulated_hg_two,total,VWC_005,55,0.7117245884624913,0.7937950937950939,0.30038301680650675,54,88.15755919148933,0.7226315131785173,0.9878612164176376
BCLL,Borda Coll,regulated_pm_one,total,VWC_005,55,0.6817326098709906,0.785858585858586,0.3068507333145027,54,88.31568622288842,0.6980099699523901,0.9878147342222541
BCLL,Borda Coll,regulated_pm_two,total,VWC_005,55,0.7508458642205332,0.801731601731602,0.3322449758709127,54,89.18119292847531,0.7579035790528004,0.9896295993210757
BCLL,Borda Coll,simple_hg_one,total,VWC_020,55,0.33982803370371706,0.4807818369304179,0.2114182152641534,54,92.1708762983947,0.6366788621476858,0.47431711736151816
BCLL,Borda Coll,simple_hg_two,total,VWC_020,55,0.5551416599047783,0.6862050841247499,0.20655605317393755,54,87.64318413597734,0.6905661456775318,0.9065015464566517
BCLL,Borda Coll,simple_pm_one,total,VWC_020,55,0.49733929999395216,0.6001441003721255,0.26446604749547936,54,96.11332766761096,0.7584981433224054,0.6631793490675514
BCLL,Borda Coll,simple_pm_two,total,VWC_020,55,0.6056315203756979,0.712759022494418,0.24864127729193053,54,88.82375911047717,0.7193440937197209,0.9370847557436112
BCLL,Borda Coll,regulated_hg_one,total,VWC_020,55,0.5919022241098739,0.7252426138418432,0.21543724372808273,54,87.28453419606328,0.6740700990361128,0.9459337190897711
BCLL,Borda Coll,regulated_hg_two,total,VWC_020,55,0.6813069962855675,0.7464555003234132,0.24603273535778447,54,88.15755919148933,0.7536984065206085,0.9318780595862828
BCLL,Borda Coll,regulated_pm_one,total,VWC_020,55,0.646563867061073,0.7345863852682492,0.24670074596379926,54,88.31568622288842,0.7277981426033746,0.9456732018458616
BCLL,Borda Coll,regulated_pm_two,total,VWC_020,55,0.719329274949109,0.7543562182476716,0.2732587223406707,54,89.18119292847531,0.7864857352206157,0.9346477252017872
LLA,Llivia,simple_hg_one,depth,VWC_005,60,0.37067421457724625,0.4675871334609161,0.06124241770080118,59,27.746837407013818,0.43367114534413764,0.26234312757072575
LLA,Llivia,simple_hg_two,depth,VWC_005,60,0.5441201093450755,0.6052817922524798,0.214506417140582,59,76.39954941551541,0.6348328301010495,0.3859577459253467
LLA,Llivia,simple_pm_one,depth,VWC_005,60,0.4378487983097102,0.4628433969441021,0.11080995045810156,59,29.38858448459086,0.5189662504998533,0.27510472820153187
LLA,Llivia,simple_pm_two,depth,VWC_005,60,0.6516880645088975,0.6365494878362394,0.3085036976182728,59,79.68304591969391,0.7878659620088921,0.4267722631510452
LLA,Llivia,regulated_hg_one,depth,VWC_005,60,0.9116464808500053,0.7769380383439847,0.3653745900125414,59,47.20425747222265,0.9229935161166286,0.9294377699108692
LLA,Llivia,regulated_hg_two,depth,VWC_005,60,0.8785196939848524,0.6871353153653794,0.40605671578962593,59,77.8701473346886,0.9078962419387535,0.8498767445012314
LLA,Llivia,regulated_pm_one,depth,VWC_005,60,0.9195713859072899,0.799666574048347,0.3816095410383463,59,50.13197612154238,0.930850945977846,0.9363507318252009
LLA,Llivia,regulated_pm_two,depth,VWC_005,60,0.908368242529775,0.7154209502639624,0.44804222923761267,59,80.4394401973189,0.9310658685846109,0.8820554001668353
LLA,Llivia,simple_hg_one,depth,VWC_020,60,0.39324464706919116,0.44177557649472815,0.3514843931119349,59,27.746837407013818,0.5221485965079053,0.21207036940714094
LLA,Llivia,simple_hg_two,depth,VWC_020,60,0.22592302755015195,0.2142518534036676,0.2345394096144157,59,3.4204799144752718,0.3084707725073683,
LLA,Llivia,simple_pm_one,depth,VWC_020,60,0.44374041885562776,0.4616084839552066,0.35458426117683184,59,29.38858448459086,0.5953138277745081,0.22172567288028805
LLA,Llivia,simple_pm_two,depth,VWC_020,60,0.22592302755015195,0.2142518534036676,0.2345394096144157,59,4.241354040519901,0.3084707725073683,
LLA,Llivia,regulated_hg_one,depth,VWC_020,60,0.864009828052918,0.7720863030239831,0.5258729400341172,59,47.20425747222265,0.9284253139083471,0.8213865026133853
LLA,Llivia,regulated_hg_two,depth,VWC_020,60,0.7452477830850022,0.7282401812342308,0.3801630021164196,59,23.54309098022603,0.826494524610547,0.8142330669616916
LLA,Llivia,regulated_pm_one,depth,VWC_020,60,0.88269172375574,0.8052904320092517,0.5385449804256015,59,50.13197612154238,0.9327543769910304,0.8426582436117248
LLA,Llivia,regulated_pm_two,depth,VWC_020,60,0.7709861803957223,0.7282401812342308,0.38076510253086543,59,26.81918443291619,0.8335584080065828,0.831912148571184
LLA,Llivia,simple_hg_one,total,VWC_005,60,0.37067421457724625,0.4675871334609161,0.06124241770080118,59,27.746837407013818,0.43367114534413764,0.26234312757072575
LLA,Llivia,simple_hg_two,total,VWC_005,60,0.5321798137520456,0.6052817922524798,0.19435891186337342,59,27.74683641482199,0.6196965887025534,0.38595774592534676
LLA,Llivia,simple_pm_one,total,VWC_005,60,0.4378487983097102,0.4628433969441021,0.11080995045810156,59,29.38858448459086,0.5189662504998533,0.27510472820153187
LLA,Llivia,simple_pm_two,total,VWC_005,60,0.6407714133544264,0.6365494878362394,0.2794338267414701,59,29.38858466691124,0.7730655614376614,0.42677226315104533
LLA,Llivia,regulated_hg_one,total,VWC_005,60,0.9116464808500053,0.7769380383439847,0.3653745900125414,59,47.20425747222265,0.9229935161166286,0.9294377699108692
LLA,Llivia,regulated_hg_two,total,VWC_005,60,0.872829219237131,0.7315921089191444,0.3305249368497608,59,41.65194879345001,0.9003694170121455,0.8814795158553246
LLA,Llivia,regulated_pm_one,total,VWC_005,60,0.9195713859072899,0.799666574048347,0.3816095410383463,59,50.13197612154238,0.930850945977846,0.9363507318252009
LLA,Llivia,regulated_pm_two,total,VWC_005,60,0.8964267925333519,0.7673242567379829,0.3581235547742676,59,44.69234602328418,0.9169272760631038,0.902467321454891
LLA,Llivia,simple_hg_one,total,VWC_020,60,0.39324464706919116,0.44177557649472815,0.3514843931119349,59,27.746837407013818,0.5221485965079053,0.21207036940714094
LLA,Llivia,simple_hg_two,total,VWC_020,60,0.5063628705224792,0.5853965871907356,0.3857224589574254,59,27.74683641482199,0.6697642552711304,0.29395069641172966
LLA,Llivia,simple_pm_one,total,VWC_020,60,0.44374041885562776,0.4616084839552066,0.35458426117683184,59,29.38858448459086,0.5953138277745081,0.22172567288028805
LLA,Llivia,simple_pm_two,total,VWC_020,60,0.5780326420328361,0.591895713795814,0.4326341410468398,59,29.38858466691124,0.791283395997212,0.32006558847071287
LLA,Llivia,regulated_hg_one,total,VWC_020,60,0.864009828052918,0.7720863030239831,0.5258729400341172,59,47.20425747222265,0.9284253139083471,0.8213865026133853
LLA,Llivia,regulated_hg_two,total,VWC_020,60,0.8073956846352724,0.720821350741288,0.4898490541091393,59,41.65194879345001,0.9097977955198617,0.7375694523045997
LLA,Llivia,regulated_pm_one,total,VWC_020,60,0.88269172375574,0.8052904320092517,0.5385449804256015,59,50.13197612154238,0.9327543769910304,0.8426582436117248
LLA,Llivia,regulated_pm_two,total,VWC_020,60,0.8387377021659577,0.7651676184069689,0.5087604113293702,59,44.69234602328418,0.9208447628167902,0.7753087729179275
CLLA,Clarella,simple_hg_one,depth,VWC_005,51,0.6281658070536482,0.5283450365704624,0.2508289895376273,50,92.56630639097745,0.5318442826153513,-0.2756327216971646
CLLA,Clarella,simple_hg_two,depth,VWC_005,51,0.19612971606424107,0.11572006633736738,0.023629894965006545,50,80.12942105263157,0.11259729725737883,-0.3260628141884358
CLLA,Clarella,simple_pm_one,depth,VWC_005,51,0.6540839693712648,0.5283450365704624,0.2658218488922453,50,95.14712030075187,0.5681684762353958,-0.2872023595902612
CLLA,Clarella,simple_pm_two,depth,VWC_005,51,0.1987614039311396,0.11483958757175697,0.03314203403379935,50,81.22536314763668,0.12024879366660132,-0.33557951181677004
CLLA,Clarella,regulated_hg_one,depth,VWC_005,51,0.7175066136540915,0.7198190045248869,0.21643524311001833,50,88.20165054075707,0.6406513047643103,0.3394694610295369
CLLA,Clarella,regulated_hg_two,depth,VWC_005,51,0.353068129139426,0.33520361990950226,0.0560250249701444,50,80.82703109036221,0.3592148047286073,-0.39354701783378343
CLLA,Clarella,regulated_pm_one,depth,VWC_005,51,0.7233864033095737,0.7259728506787331,0.21975002503728244,50,88.61677701043908,0.6495078833043411,0.34683535645400815
CLLA,Clarella,regulated_pm_two,depth,VWC_005,51,0.3500964788808384,0.323710407239819,0.061047553794588746,50,81.60815805529279,0.3661314468510286,-0.40380662862791694
CLLA,Clarella,simple_hg_one,depth,VWC_020,51,0.9371717024522053,0.6758719321919077,0.3834074023544462,50,92.56630639097745,0.9164885940607473,-0.22166000298808475
CLLA,Clarella,simple_hg_two,depth,VWC_020,51,0.9390032851104415,0.9436875864577795,0.40527779067839415,50,94.4702734962406,0.9206502939573803,0.9594540784192238
CLLA,Clarella,simple_pm_one,depth,VWC_020,51,0.9461228143749595,0.6758719321919077,0.39258497166780093,50,95.14712030075187,0.9277714774451374,-0.23480496832357478
CLLA,Clarella,simple_pm_two,depth,VWC_020,51,0.9325709185618869,0.9429226927706811,0.40943545985680646,50,94.74428732912077,0.9160882386211742,0.9612250603310504
CLLA,Clarella,regulated_hg_one,depth,VWC_020,51,0.9433304527298123,0.808117830926985,0.38639457750212336,50,88.20165054075707,0.9307165617871368,0.36182425993288053
CLLA,Clarella,regulated_hg_two,depth,VWC_020,51,0.9381396908604271,0.9939138897088989,0.4134628462392965,50,94.2759477674239,0.9206455781728491,0.9781546871049007
CLLA,Clarella,regulated_pm_one,depth,VWC_020,51,0.9432806084699179,0.8146338154531895,0.3945452773802734,50,88.61677701043908,0.9319850048631463,0.367577166058618
CLLA,Clarella,regulated_pm_two,depth,VWC_020,51,0.9343791634328107,0.9937328901387267,0.41859616187065485,50,94.47926136149091,0.9167992803898934,0.977874618357982
CLLA,Clarella,simple_hg_one,total,VWC_005,51,0.6281658070536482,0.5283450365704624,0.2508289895376273,50,92.56630639097745,0.5318442826153513,-0.2756327216971646
CLLA,Clarella,simple_hg_two,total,VWC_005,51,0.7585398207395954,0.7741071712682303,0.21136722765699745,50,88.9405469924812,0.6669943630811486,0.7232900133790776
CLLA,Clarella,simple_pm_one,total,VWC_005,51,0.6540839693712648,0.5283450365704624,0.2658218488922453,50,95.14712030075187,0.5681684762353958,-0.2872023595902612
CLLA,Clarella,simple_pm_two,total,VWC_005,51,0.76450337509591,0.7793347867751366,0.21630826471664938,50,89.4885746582415,0.6724618652446741,0.7522207695565615
CLLA,Clarella,regulated_hg_one,total,VWC_005,51,0.7175066136540915,0.7198190045248869,0.21643524311001833,50,88.20165054075707,0.6406513047643103,0.3394694610295369
CLLA,Clarella,regulated_hg_two,total,VWC_005,51,0.7926285360091528,0.8127601809954751,0.2211271128278705,50,88.83720696098173,0.7228657285637368,0.7262211111565762
CLLA,Clarella,regulated_pm_one,total,VWC_005,51,0.7233864033095737,0.7259728506787331,0.21975002503728244,50,88.61677701043908,0.6495078833043411,0.34683535645400815
CLLA,Clarella,regulated_pm_two,total,VWC_005,51,0.7956846282491071,0.8067873303167421,0.2236239860248711,50,89.18859930556634,0.7282108753135754,0.7189102642441396
CLLA,Clarella,simple_hg_one,total,VWC_020,51,0.9371717024522053,0.6758719321919077,0.3834074023544462,50,92.56630639097745,0.9164885940607473,-0.22166000298808475
CLLA,Clarella,simple_hg_two,total,VWC_020,51,0.942471820056044,0.8876878667911734,0.35352168274723855,50,88.9405469924812,0.9195419659101717,0.776630476338398
CLLA,Clarella,simple_pm_one,total,VWC_020,51,0.9461228143749595,0.6758719321919077,0.39258497166780093,50,95.14712030075187,0.9277714774451374,-0.23480496832357478
CLLA,Clarella,simple_pm_two,total,VWC_020,51,0.9407440150637996,0.8929156005739377,0.36408046357626284,50,89.4885746582415,0.9201534001550993,0.7937090639686525
CLLA,Clarella,regulated_hg_one,total,VWC_020,51,0.9433304527298123,0.808117830926985,0.38639457750212336,50,88.20165054075707,0.9307165617871368,0.36182425993288053
CLLA,Clarella,regulated_hg_two,total,VWC_020,51,0.9441695726251449,0.9029616056972947,0.3725286506435506,50,88.83720696098173,0.9268576249683942,0.7387485671636347
CLLA,Clarella,regulated_pm_one,total,VWC_020,51,0.9432806084699179,0.8146338154531895,0.3945452773802734,50,88.61677701043908,0.9319850048631463,0.367577166058618
CLLA,Clarella,regulated_pm_two,total,VWC_020,51,0.9423352285142654,0.8959478723531162,0.38061207036677264,50,89.18859930556634,0.9258825580572912,0.7305991333305829
CLLP,Cantallops,simple_hg_one,depth,VWC_005,60,-0.20638646872089927,-0.22130086524554102,-0.13820468166904923,59,11.382618113912233,,-0.2016459719032011
CLLP,Cantallops,simple_hg_two,depth,VWC_005,60,-0.2501851643566707,-0.2549082511669296,-0.3298868022324462,59,40.09327852917066,0.15036871960184475,-0.2913376781404319
CLLP,Cantallops,simple_pm_one,depth,VWC_005,60,-0.14411143415335506,-0.22130086524554102,0.07213761257490747,59,9.061056956115781,,-0.1111473547026329
CLLP,Cantallops,simple_pm_two,depth,VWC_005,60,-0.20720401275971512,-0.24679559325709433,-0.20366511061430853,59,35.45015661780992,0.15036871960184475,-0.2003128699889391
CLLP,Cantallops,regulated_hg_one,depth,VWC_005,60,-0.5175223689601889,-0.5104479278750605,-0.49558373171404185,59,17.438563737378015,0.18862305842475185,-0.7359349786075905
CLLP,Cantallops,regulated_hg_two,depth,VWC_005,60,-0.42570954009128237,-0.4474824948557416,-0.48063138728837274,59,46.115329800741854,0.26985579597953036,-0.61921394576182
CLLP,Cantallops,regulated_pm_one,depth,VWC_005,60,-0.48005951385077394,-0.4781316001603792,-0.4844083959310578,59,16.719266335091337,0.17882749446708207,-0.676677871291737
CLLP,Cantallops,regulated_pm_two,depth,VWC_005,60,-0.3757185351116485,-0.40424586035527377,-0.46143679593684983,59,43.35200310336841,0.2727859553668609,-0.5418416644116845
CLLP,Cantallops,simple_hg_one,depth,VWC_020,60,-0.17713843582461825,-0.21689264648661818,0.07676156860190363,59,11.382618113912233,,-0.1325149114113345
CLLP,Cantallops,simple_hg_two,depth,VWC_020,60,,,,59,0.0,,
CLLP,Cantallops,simple_pm_one,depth,VWC_020,60,-0.12435247645590314,-0.21689264648661818,0.24030418444070886,59,9.061056956115781,,-0.06170853562825632
CLLP,Cantallops,simple_pm_two,depth,VWC_020,60,,,,59,0.0,,
CLLP,Cantallops,regulated_hg_one,depth,VWC_020,60,-0.44169256144569,-0.45321921962577794,-0.22085119144354082,59,17.438563737378015,0.2022897681963162,-0.6053940391861732
CLLP,Cantallops,regulated_hg_two,depth,VWC_020,60,0.9227952106725477,0.9949426216248303,0.4657646896534522,59,0.09457453460794814,0.9687323154870481,0.8898688800038609
CLLP,Cantallops,regulated_pm_one,depth,VWC_020,60,-0.4068129215943849,-0.4148720385660861,-0.20878898296715898,59,16.719266335091337,0.1896372555620974,-0.5369255866641501
CLLP,Cantallops,regulated_pm_two,depth,VWC_020,60,0.9291435504521791,0.9949426216248303,0.47441955855743234,59,0.07608939806446395,0.971187773223287,0.8908309517755397
CLLP,Cantallops,simple_hg_one,total,VWC_005,60,-0.20638646872089927,-0.22130086524554102,-0.13820468166904923,59,11.382618113912233,,-0.2016459719032011
CLLP,Cantallops,simple_hg_two,total,VWC_005,60,-0.2501851643566708,-0.2549082511669296,-0.3298868022324462,59,13.36442617639022,0.15036871960184478,-0.29133767814043177
CLLP,Cantallops,simple_pm_one,total,VWC_005,60,-0.14411143415335506,-0.22130086524554102,0.07213761257490747,59,9.061056956115781,,-0.1111473547026329
CLLP,Cantallops,simple_pm_two,total,VWC_005,60,-0.20720401275971512,-0.24679559325709433,-0.20366511061430853,59,11.816718872603305,0.15036871960184475,-0.20031286998893907
CLLP,Cantallops,regulated_hg_one,total,VWC_005,60,-0.5175223689601889,-0.5104479278750605,-0.49558373171404185,59,17.438563737378015,0.18862305842475185,-0.7359349786075905
CLLP,Cantallops,regulated_hg_two,total,VWC_005,60,-0.4222375756748276,-0.44587084652603276,-0.4805120138040618,59,15.327193286747399,0.27686858803671244,-0.6190902638261832
CLLP,Cantallops,regulated_pm_one,total,VWC_005,60,-0.48005951385077394,-0.4781316001603792,-0.4844083959310578,59,16.719266335091337,0.17882749446708207,-0.676677871291737
CLLP,Cantallops,regulated_pm_two,total,VWC_005,60,-0.3725421159021117,-0.40285650834690395,-0.4613401427040579,59,14.414855118351495,0.27851348852874735,-0.5417079506068143
CLLP,Cantallops,simple_hg_one,total,VWC_020,60,-0.17713843582461825,-0.21689264648661818,0.07676156860190363,59,11.382618113912233,,-0.1325149114113345
CLLP,Cantallops,simple_hg_two,total,VWC_020,60,-0.20969915640418263,-0.24306625535963258,-0.04960998775051717,59,13.36442617639022,0.18870536667698,-0.21088284820706776
CLLP,Cantallops,simple_pm_one,total,VWC_020,60,-0.12435247645590314,-0.21689264648661818,0.24030418444070886,59,9.061056956115781,,-0.06170853562825632
CLLP,Cantallops,simple_pm_two,total,VWC_020,60,-0.17361144141484186,-0.23473987507063335,0.03823645459836609,59,11.816718872603305,0.18870536667697999,-0.12384619123177207
CLLP,Cantallops,regulated_hg_one,total,VWC_020,60,-0.44169256144569,-0.45321921962577794,-0.22085119144354082,59,17.438563737378015,0.2022897681963162,-0.6053940391861732
CLLP,Cantallops,regulated_hg_two,total,VWC_020,60,-0.342523219916512,-0.3813043612326747,-0.19317337991050254,59,15.327193286747399,0.3057457157382919,-0.47730768810201496
CLLP,Cantallops,regulated_pm_one,total,VWC_020,60,-0.4068129215943849,-0.4148720385660861,-0.20878898296715898,59,16.719266335091337,0.1896372555620974,-0.5369255866641501
CLLP,Cantallops,regulated_pm_two,total,VWC_020,60,-0.29495871022254055,-0.33117514773145446,-0.17152445408438552,59,14.414855118351495,0.3050152300816972,-0.3897204552607165
BOLV,Bolvir,simple_hg_one,depth,VWC_005,60,0.8364316081000882,0.7956892680457481,0.5042700780308783,59,74.48888392857144,0.8496243912636681,0.8250873526391241
BOLV,Bolvir,simple_hg_two,depth,VWC_005,60,0.6383265746554273,0.6790214373561421,0.27433038155492445,59,80.64257142857143,0.6277540369862553,0.6743882040443149
BOLV,Bolvir,simple_pm_one,depth,VWC_005,60,0.9070211639320599,0.8466902352212792,0.5295857415264276,59,78.34233258928573,0.9247126932857754,0.8993889010222812
BOLV,Bolvir,simple_pm_two,depth,VWC_005,60,0.6873070440003708,0.6807885578860403,0.29296345375755284,59,83.09245332649608,0.6987004032099335,0.7040885055954288
BOLV,Bolvir,regulated_hg_one,depth,VWC_005,60,0.9225240520398803,0.9150319533203669,0.4586487665797078,59,89.47275182242646,0.8988022179338759,0.9577767241273725
BOLV,Bolvir,regulated_hg_two,depth,VWC_005,60,0.7387705114842068,0.7084745762711866,0.21579110290031203,59,81.22668754774222,0.7022154278760402,0.8312020825294641
BOLV,Bolvir,regulated_pm_one,depth,VWC_005,60,0.9361718638678063,0.9174215059738817,0.46170202965840157,59,90.70790277995694,0.9197644577554962,0.9616916267266837
BOLV,Bolvir,regulated_pm_two,depth,VWC_005,60,0.7596347663399589,0.7137538205056961,0.2259705544708615,59,83.44521166265662,0.730964545438329,0.8396120871625459
BOLV,Bolvir,simple_hg_one,depth,VWC_020,33,0.7743605320022648,0.83157540169266,0.520239396785835,32,74.48888392857144,,
BOLV,Bolvir,simple_hg_two,depth,VWC_020,33,0.8424530735040849,0.8786359568304815,0.645938253597794,32,84.47427931556838,,
BOLV,Bolvir,simple_pm_one,depth,VWC_020,33,0.8295881403622609,0.8385186491064197,0.5474343334072367,32,78.34233258928573,,
BOLV,Bolvir,simple_pm_two,depth,VWC_020,33,0.8271540837951981,0.8739032369443508,0.6549413513070139,32,91.45408882111538,,
BOLV,Bolvir,regulated_hg_one,depth,VWC_020,33,0.8552942040617114,0.8372326203208557,0.5098512283185843,32,76.47463170552906,,
BOLV,Bolvir,regulated_hg_two,depth,VWC_020,33,0.8532618020760574,0.8880347593582889,0.6298571201782462,32,87.41122481944134,,
BOLV,Bolvir,regulated_pm_one,depth,VWC_020,33,0.8601983543723009,0.8245320855614974,0.5198315827306285,32,75.53540437853115,,
BOLV,Bolvir,regulated_pm_two,depth,VWC_020,33,0.862965649684885,0.8803475935828877,0.6399488023847173,32,87.62501945881678,,
BOLV,Bolvir,simple_hg_one,total,VWC_005,60,0.8364316081000882,0.7956892680457481,0.5042700780308783,59,74.48888392857144,0.8496243912636681,0.8250873526391241
BOLV,Bolvir,simple_hg_two,total,VWC_005,60,0.8700891172973566,0.879776236691617,0.4990702603931037,59,80.19487817466462,0.8641560236273413,0.892001084793437
BOLV,Bolvir,simple_pm_one,total,VWC_005,60,0.9070211639320599,0.8466902352212792,0.5295857415264276,59,78.34233258928573,0.9247126932857754,0.8993889010222812
BOLV,Bolvir,simple_pm_two,total,VWC_005,60,0.929162140155424,0.9316888937404085,0.5195337582720909,59,88.66687698957561,0.9296736303199458,0.9266049481392714
BOLV,Bolvir,regulated_hg_one,total,VWC_005,60,0.9225240520398803,0.9150319533203669,0.4586487665797078,59,89.47275182242646,0.8988022179338759,0.9577767241273725
BOLV,Bolvir,regulated_hg_two,total,VWC_005,60,0.9300269482257075,0.9136426785218118,0.4711844021262191,59,90.46913468267746,0.9241906608557721,0.9541751735019179
BOLV,Bolvir,regulated_pm_one,total,VWC_005,60,0.9361718638678063,0.9174215059738817,0.46170202965840157,59,90.70790277995694,0.9197644577554962,0.9616916267266837
BOLV,Bolvir,regulated_pm_two,total,VWC_005,60,0.9394451132076154,0.9170880800222286,0.4679368979282981,59,91.61259581750926,0.939617164614825,0.9590357167783417
BOLV,Bolvir,simple_hg_one,total,VWC_020,33,0.7743605320022648,0.83157540169266,0.520239396785835,32,74.48888392857144,,
BOLV,Bolvir,simple_hg_two,total,VWC_020,33,0.780483288766971,0.8091577540106952,0.5246945806011813,32,80.19487817466462,,
BOLV,Bolvir,simple_pm_one,total,VWC_020,33,0.8295881403622609,0.8385186491064197,0.5474343334072367,32,78.34233258928573,,
BOLV,Bolvir,simple_pm_two,total,VWC_020,33,0.8174322731100202,0.8315508021390374,0.5394533692627879,32,82.12695609669413,,
BOLV,Bolvir,regulated_hg_one,total,VWC_020,33,0.8552942040617114,0.8372326203208557,0.5098512283185843,32,76.47463170552906,,
BOLV,Bolvir,regulated_hg_two,total,VWC_020,33,0.8656524141950641,0.8516042780748663,0.5429760800107934,32,72.6152520198576,,
BOLV,Bolvir,regulated_pm_one,total,VWC_020,33,0.8601983543723009,0.8245320855614974,0.5198315827306285,32,75.53540437853115,,
BOLV,Bolvir,regulated_pm_two,total,VWC_020,33,0.8688839709839017,0.8275401069518717,0.5536050449820817,32,73.05863590917033,,
GGUE,Garriguella,simple_hg_one,depth,VWC_005,60,0.49464993516766065,0.43837940041856743,0.6279689270877742,59,15.93086956521739,,0.46162593916734823
GGUE,Garriguella,simple_hg_two,depth,VWC_005,60,0.6154990084921929,0.41660710191177824,0.7064438750645674,59,54.25538322426215,-0.19882832111488072,0.597065481357044
GGUE,Garriguella,simple_pm_one,depth,VWC_005,60,0.5205183068783173,0.4047027601524027,0.6346042399381243,59,15.387022608695652,,0.5116012589477814
GGUE,Garriguella,simple_pm_two,depth,VWC_005,60,0.6469531410531657,0.39419673517441745,0.7099854775808908,59,53.16768897774529,-0.23294424458481255,0.6497688727536389
GGUE,Garriguella,regulated_hg_one,depth,VWC_005,60,0.8073169896226886,0.80805779383162,0.72694707611446,59,22.37000393227143,0.45092753907715055,0.6912019297016454
GGUE,Garriguella,regulated_hg_two,depth,VWC_005,60,0.7585526381925932,0.7175882189497084,0.7149117558581501,59,60.94206548978959,0.21420651891205486,0.7080655953469599
GGUE,Garriguella,regulated_pm_one,depth,VWC_005,60,0.8270963578434636,0.8273409280355656,0.7293483682689197,59,22.599739303021014,0.5256084937032859,0.717107843506201
GGUE,Garriguella,regulated_pm_two,depth,VWC_005,60,0.7855245977931308,0.7331480966935261,0.7193367056804915,59,60.67052175179971,0.2890650317446339,0.747414912454875
GGUE,Garriguella,simple_hg_one,depth,VWC_020,60,0.07070615307022321,0.20339507007442306,-0.21086183305566852,59,15.93086956521739,,-0.15240686452725943
GGUE,Garriguella,simple_hg_two,depth,VWC_020,60,,,,59,0.0,,
GGUE,Garriguella,simple_pm_one,depth,VWC_020,60,0.10188873212048749,0.21226612682017865,-0.19935740623700343,59,15.387022608695652,,-0.10045664841552805
GGUE,Garriguella,simple_pm_two,depth,VWC_020,60,,,,59,0.0,,
GGUE,Garriguella,regulated_hg_one,depth,VWC_020,60,0.4804622750993277,0.5316550661122428,0.030325049021597106,59,22.37000393227143,-0.4105696700592446,0.13874077168223126
GGUE,Garriguella,regulated_hg_two,depth,VWC_020,60,-0.44065353813970276,-0.7332972117575102,0.0062109681086679105,59,0.14474573019333314,-0.6489757026794445,0.5742490673335976
GGUE,Garriguella,regulated_pm_one,depth,VWC_020,60,0.5117473429830528,0.5609135998540736,0.04174366801456321,59,22.599739303021014,-0.3304927287612679,0.18240115242652571
GGUE,Garriguella,regulated_pm_two,depth,VWC_020,60,-0.4518887772395098,-0.7332972117575102,0.008037499831757416,59,0.18101221499822465,-0.6389018536946602,0.5825399557152879
GGUE,Garriguella,simple_hg_one,total,VWC_005,60,0.49464993516766065,0.43837940041856743,0.6279689270877742,59,15.93086956521739,,0.46162593916734823
GGUE,Garriguella,simple_hg_two,total,VWC_005,60,0.6154990084921927,0.41660710191177824,0.7064438750645674,59,18.085127741420717,-0.19882832111488072,0.5970654813570438
GGUE,Garriguella,simple_pm_one,total,VWC_005,60,0.5205183068783173,0.4047027601524027,0.6346042399381243,59,15.387022608695652,,0.5116012589477814
GGUE,Garriguella,simple_pm_two,total,VWC_005,60,0.6469531410531657,0.39419673517441745,0.7099854775808908,59,17.722562992581764,-0.23294424458481255,0.6497688727536389
GGUE,Garriguella,regulated_hg_one,total,VWC_005,60,0.8073169896226886,0.80805779383162,0.72694707611446,59,22.37000393227143,0.45092753907715055,0.6912019297016454
GGUE,Garriguella,regulated_hg_two,total,VWC_005,60,0.7570695515693756,0.7185329258127259,0.7149075740978195,59,20.247245474275893,0.20846197948960515,0.7081879019920957
GGUE,Garriguella,regulated_pm_one,total,VWC_005,60,0.8270963578434636,0.8273409280355656,0.7293483682689197,59,22.599739303021014,0.5256084937032859,0.717107843506201
GGUE,Garriguella,regulated_pm_two,total,VWC_005,60,0.7836961107581979,0.7320922478466243,0.7193422622121975,59,20.138910667443124,0.2820684191573781,0.7476165653683433
GGUE,Garriguella,simple_hg_one,total,VWC_020,60,0.07070615307022321,0.20339507007442306,-0.21086183305566852,59,15.93086956521739,,-0.15240686452725943
GGUE,Garriguella,simple_hg_two,total,VWC_020,60,0.18471507321780828,0.21170696063683603,-0.10432238156755672,59,18.085127741420717,-0.39383035589686727,-0.05212324621332439
GGUE,Garriguella,simple_pm_one,total,VWC_020,60,0.10188873212048749,0.21226612682017865,-0.19935740623700343,59,15.387022608695652,,-0.10045664841552805
GGUE,Garriguella,simple_pm_two,total,VWC_020,60,0.24601137675907359,0.21830584152653842,-0.07904065447376482,59,17.722562992581764,-0.40902272758124236,0.03751731555072253
GGUE,Garriguella,regulated_hg_one,total,VWC_020,60,0.4804622750993277,0.5316550661122428,0.030325049021597106,59,22.37000393227143,-0.4105696700592446,0.13874077168223126
GGUE,Garriguella,regulated_hg_two,total,VWC_020,60,0.388035989611686,0.4173717334625274,-0.009488273991758514,59,20.247245474275893,-0.5702152709135515,0.10603019649476551
GGUE,Garriguella,regulated_pm_one,total,VWC_020,60,0.5117473429830528,0.5609135998540736,0.04174366801456321,59,22.599739303021014,-0.3304927287612679,0.18240115242652571
GGUE,Garriguella,regulated_pm_two,total,VWC_020,60,0.4298175601670688,0.4344044791261003,0.006723625512249018,59,20.138910667443124,-0.5222834070413189,0.17058192368095015
AGDS,Aguilar de Segarra,simple_hg_one,depth,VWC_005,60,-0.269033229062551,-0.5719401771649014,-0.08303578599521569,59,55.616670157068064,-0.5294788568591072,
AGDS,Aguilar de Segarra,simple_hg_two,depth,VWC_005,60,-0.2664686044010482,-0.4547397066859165,-0.13984027613316954,59,78.44177172774869,-0.49734672798289603,-0.1299443503849644
AGDS,Aguilar de Segarra,simple_pm_one,depth,VWC_005,60,-0.28261148933080393,-0.5304472804258438,-0.09570648118443668,59,56.965099476439796,-0.5576673650952214,-0.1299443503849644
AGDS,Aguilar de Segarra,simple_pm_two,depth,VWC_005,60,-0.2782130703770951,-0.507787485397488,-0.14574102996294797,59,80.27542466173436,-0.5147869161528806,-0.13485744895818785
AGDS,Aguilar de Segarra,regulated_hg_one,depth,VWC_005,60,-0.06266534995743851,-0.08778169925185976,-0.09681914037999442,59,59.709130366622446,-0.6583397092079702,0.636401554233733
AGDS,Aguilar de Segarra,regulated_hg_two,depth,VWC_005,60,-0.09810014042906344,-0.1675049329187118,-0.11610218542600834,59,80.0941752887088,-0.6374467032384548,0.3956737878033978
AGDS,Aguilar de Segarra,regulated_pm_one,depth,VWC_005,60,-0.0409560786975337,-0.08072359491188748,-0.09775237658101135,59,60.85272526793981,-0.6582143790106496,0.662237093649146
AGDS,Aguilar de Segarra,regulated_pm_two,depth,VWC_005,60,-0.07938447745835611,-0.15555617360301074,-0.1179090024956098,59,81.66474917038923,-0.644797100872839,0.43856298145860645
AGDS,Aguilar de Segarra,simple_hg_one,depth,VWC_020,60,0.11033600615249242,0.09354533505329526,0.026308051564413147,59,55.616670157068064,-0.24369517943533553,
AGDS,Aguilar de Segarra,simple_hg_two,depth,VWC_020,60,0.1431245870042102,0.1951565448987676,0.04720878228715612,59,46.76475446039809,-0.18313759761370474,
AGDS,Aguilar de Segarra,simple_pm_one,depth,VWC_020,60,0.11093261675632626,0.09778007146272763,0.02752581399324632,59,56.965099476439796,-0.2675959716407446,0.1717744015155392
AGDS,Aguilar de Segarra,simple_pm_two,depth,VWC_020,60,0.14107914008794356,0.20669794612500658,0.04300608882710951,59,47.43896971888339,-0.21670519725047563,
AGDS,Aguilar de Segarra,regulated_hg_one,depth,VWC_020,60,-0.05882282989313433,-0.3039195268149981,-0.01984931728260567,59,59.709130366622446,-0.6617107768980419,0.4431684780126449
AGDS,Aguilar de Segarra,regulated_hg_two,depth,VWC_020,60,0.0035367188887637235,-0.23978436471487785,0.013209156901455174,59,48.7462331537404,-0.6190554835539877,0.6514182901215269
AGDS,Aguilar de Segarra,regulated_pm_one,depth,VWC_020,60,-0.06789559454583213,-0.30275242247868744,-0.022262091510505764,59,60.85272526793981,-0.6834568722671479,0.4700516766595298
AGDS,Aguilar de Segarra,regulated_pm_two,depth,VWC_020,60,-0.017455417936306672,-0.24106262184512284,0.010048682144811912,59,49.530767394955475,-0.6495295126621646,0.6618911845665656
AGDS,Aguilar de Segarra,simple_hg_one,total,VWC_005,60,-0.269033229062551,-0.5719401771649014,-0.08303578599521569,59,55.616670157068064,-0.5294788568591072,
AGDS,Aguilar de Segarra,simple_hg_two,total,VWC_005,60,-0.3070482708326696,-0.5808325240692453,-0.11340878192054199,59,55.61666911670518,-0.5832335019248797,-0.1299443503849644
AGDS,Aguilar de Segarra,simple_pm_one,total,VWC_005,60,-0.28261148933080393,-0.5304472804258438,-0.09570648118443668,59,56.965099476439796,-0.5576673650952214,-0.1299443503849644
AGDS,Aguilar de Segarra,simple_pm_two,total,VWC_005,60,-0.3204533677236161,-0.5928280840990815,-0.115967568752947,59,56.96509963367577,-0.5942164783317275,-0.13485744895818783
AGDS,Aguilar de Segarra,regulated_hg_one,total,VWC_005,60,-0.06266534995743851,-0.08778169925185976,-0.09681914037999442,59,59.709130366622446,-0.6583397092079702,0.636401554233733
AGDS,Aguilar de Segarra,regulated_hg_two,total,VWC_005,60,-0.12334499366850171,-0.10917831477067329,-0.10581612683847229,59,57.77083150604657,-0.6557278843580301,0.5803430898228712
AGDS,Aguilar de Segarra,regulated_pm_one,total,VWC_005,60,-0.0409560786975337,-0.08072359491188748,-0.09775237658101135,59,60.85272526793981,-0.6582143790106496,0.662237093649146
AGDS,Aguilar de Segarra,regulated_pm_two,total,VWC_005,60,-0.09688549786357115,-0.09622919420993678,-0.10729813668731104,59,59.037219561242225,-0.6562520184124203,0.6140232341536924
AGDS,Aguilar de Segarra,simple_hg_one,total,VWC_020,60,0.11033600615249242,0.09354533505329526,0.026308051564413147,59,55.616670157068064,-0.24369517943533553,
AGDS,Aguilar de Segarra,simple_hg_two,total,VWC_020,60,0.1021497276513239,0.09685317049139218,0.0020643451342099196,59,55.61666911670518,-0.33874055063507924,0.1717744015155392
AGDS,Aguilar de Segarra,simple_pm_one,total,VWC_020,60,0.11093261675632626,0.09778007146272763,0.02752581399324632,59,56.965099476439796,-0.2675959716407446,0.1717744015155392
AGDS,Aguilar de Segarra,simple_pm_two,total,VWC_020,60,0.1012244341237289,0.06519175182486621,-0.0011345811287646057,59,56.96509963367577,-0.3719606808589061,0.16671385883475676
AGDS,Aguilar de Segarra,regulated_hg_one,total,VWC_020,60,-0.05882282989313433,-0.3039195268149981,-0.01984931728260567,59,59.709130366622446,-0.6617107768980419,0.4431684780126449
AGDS,Aguilar de Segarra,regulated_hg_two,total,VWC_020,60,-0.04305202932928519,-0.30878246154962596,-0.01457273466142402,59,57.77083150604657,-0.6556025353828603,0.4056709821986617
AGDS,Aguilar de Segarra,regulated_pm_one,total,VWC_020,60,-0.06789559454583213,-0.30275242247868744,-0.022262091510505764,59,60.85272526793981,-0.6834568722671479,0.4700516766595298
AGDS,Aguilar de Segarra,regulated_pm_two,total,VWC_020,60,-0.054543397312864436,-0.30625373548761947,-0.017492607853553638,59,59.037219561242225,-0.6774267711671729,0.4377207432133726
TDLL,Torre del Lluvià,simple_hg_one,depth,VWC_005,60,0.5135552112736077,0.41152670296229193,0.23743239411390854,59,61.50693495934959,0.5893891108981406,0.09704241795272744
TDLL,Torre del Lluvià,simple_hg_two,depth,VWC_005,60,0.3925126017470185,0.34899289188588073,0.10162273554042159,59,74.73805284552846,0.4428857483774372,0.11257904511168591
TDLL,Torre del Lluvià,simple_pm_one,depth,VWC_005,60,0.5723709343151605,0.4511873654182965,0.2735679641314517,59,63.41917276422764,0.6660365489234791,0.06039373534347739
TDLL,Torre del Lluvià,simple_pm_two,depth,VWC_005,60,0.4812617060106307,0.43735108568833675,0.17485112255633017,59,78.5625282101398,0.551176115973782,0.1423229755636164
TDLL,Torre del Lluvià,regulated_hg_one,depth,VWC_005,60,0.843958861188151,0.907292404816717,0.31675834930922037,59,63.52414103106519,0.8646903245297779,0.8372944223303319
TDLL,Torre del Lluvià,regulated_hg_two,depth,VWC_005,60,0.7172418405671238,0.8322705234274071,0.21066053372846882,59,76.98332954025688,0.7368080574104826,0.6524351108878341
TDLL,Torre del Lluvià,regulated_pm_one,depth,VWC_005,60,0.8773685499502911,0.91885133172707,0.3354400721329036,59,65.1006284597111,0.8918277065897404,0.8789236981807166
TDLL,Torre del Lluvià,regulated_pm_two,depth,VWC_005,60,0.7707368358057411,0.851887356116612,0.24147841898716393,59,80.1911684771265,0.7809880564423983,0.7369296315730085
TDLL,Torre del Lluvià,simple_hg_one,depth,VWC_020,60,-0.0518508081853465,0.13303960503877238,-0.11814352845842963,59,61.50693495934959,-0.0031753067172775318,0.15888369590715182
TDLL,Torre del Lluvià,simple_hg_two,depth,VWC_020,60,0.043712754758876995,0.2623687340970009,-0.06030193375745957,59,54.891376828818366,0.23363595668426052,
TDLL,Torre del Lluvià,simple_pm_one,depth,VWC_020,60,-0.00869988544160602,0.18421612687687047,-0.09039924673668526,59,63.41917276422764,0.09437575189223099,0.11635046762486513
TDLL,Torre del Lluvià,simple_pm_two,depth,VWC_020,60,0.0935412670548284,0.3071641275148532,-0.04451622932446743,59,55.847495669971195,0.3579821833677118,
TDLL,Torre del Lluvià,regulated_hg_one,depth,VWC_020,60,0.4381261569705319,0.7558698494123594,0.023205809224625396,59,63.52414103106519,0.4898491291821071,0.8532347895032084
TDLL,Torre del Lluvià,regulated_hg_two,depth,VWC_020,60,0.29455485366940093,0.8365611717920047,-0.05724725658434125,59,54.94007062734756,0.5192778033379634,0.9711245896303264
TDLL,Torre del Lluvià,regulated_pm_one,depth,VWC_020,60,0.5114840055196964,0.7705687852039683,0.03215437870428717,59,65.1006284597111,0.5637694344507547,0.8981828363518584
TDLL,Torre del Lluvià,regulated_pm_two,depth,VWC_020,60,0.36689239580332944,0.8365611717920047,-0.0491497979598044,59,55.90435839481301,0.5864733858701352,0.9656432304006971
TDLL,Torre del Lluvià,simple_hg_one,total,VWC_005,60,0.5135552112736077,0.41152670296229193,0.23743239411390854,59,61.50693495934959,0.5893891108981406,0.09704241795272744
TDLL,Torre del Lluvià,simple_hg_two,total,VWC_005,60,0.5925685896252338,0.5612470179197379,0.2534110403530153,59,61.50693550105507,0.6903960540656069,0.1125790451116859
TDLL,Torre del Lluvià,simple_pm_one,total,VWC_005,60,0.5723709343151605,0.4511873654182965,0.2735679641314517,59,63.41917276422764,0.6660365489234791,0.06039373534347739
TDLL,Torre del Lluvià,simple_pm_two,total,VWC_005,60,0.6415119756009906,0.5982446291503454,0.2820094170489039,59,63.41917318336074,0.7557130322581664,0.14232297556361637
TDLL,Torre del Lluvià,regulated_hg_one,total,VWC_005,60,0.843958861188151,0.907292404816717,0.31675834930922037,59,63.52414103106519,0.8646903245297779,0.8372944223303319
TDLL,Torre del Lluvià,regulated_hg_two,total,VWC_005,60,0.8189534754179049,0.8972339155341502,0.2978328907083422,59,62.28707706298959,0.8567526996310001,0.7970686871252892
TDLL,Torre del Lluvià,regulated_pm_one,total,VWC_005,60,0.8773685499502911,0.91885133172707,0.3354400721329036,59,65.1006284597111,0.8918277065897404,0.8789236981807166
TDLL,Torre del Lluvià,regulated_pm_two,total,VWC_005,60,0.8596903585817381,0.9091262730284557,0.3207856114881697,59,63.997934801051834,0.88504776543413,0.8585009188168994
TDLL,Torre del Lluvià,simple_hg_one,total,VWC_020,60,-0.0518508081853465,0.13303960503877238,-0.11814352845842963,59,61.50693495934959,-0.0031753067172775318,0.15888369590715182
TDLL,Torre del Lluvià,simple_hg_two,total,VWC_020,60,0.03550604097507793,0.3354666658218146,-0.06423110834525773,59,61.50693550105507,0.17885312354265387,0.1607520797430828
TDLL,Torre del Lluvià,simple_pm_one,total,VWC_020,60,-0.00869988544160602,0.18421612687687047,-0.09039924673668526,59,63.41917276422764,0.09437575189223099,0.11635046762486513
TDLL,Torre del Lluvià,simple_pm_two,total,VWC_020,60,0.08365697651702744,0.3662940999005137,-0.037076502796086784,59,63.41917318336074,0.2882578681968572,0.18808262371162543
TDLL,Torre del Lluvià,regulated_hg_one,total,VWC_020,60,0.4381261569705319,0.7558698494123594,0.023205809224625396,59,63.52414103106519,0.4898491291821071,0.8532347895032084
TDLL,Torre del Lluvià,regulated_hg_two,total,VWC_020,60,0.38275609612171924,0.7455055714345331,0.014495347536593012,59,62.28707706298959,0.4925198060934636,0.8131236410578441
TDLL,Torre del Lluvià,regulated_pm_one,total,VWC_020,60,0.5114840055196964,0.7705687852039683,0.03215437870428717,59,65.1006284597111,0.5637694344507547,0.8981828363518584
TDLL,Torre del Lluvià,regulated_pm_two,total,VWC_020,60,0.46380652636043324,0.75937091918503,0.02503629276028463,59,63.997934801051834,0.5617906087418721,0.8774168238185627
PDCE,Pobla de Cérvoles,simple_hg_one,depth,VWC_005,60,-0.1033253315324162,-0.13907769672860146,-0.10540321142385445,59,0.20779166666666668,,-0.04725271784956263
PDCE,Pobla de Cérvoles,simple_hg_two,depth,VWC_005,60,-0.1033253315324162,-0.13907769672860146,-0.10540321142385445,59,9.128185969892408,,-0.04725271784956263
PDCE,Pobla de Cérvoles,simple_pm_one,depth,VWC_005,60,,,,59,0.0,,
PDCE,Pobla de Cérvoles,simple_pm_two,depth,VWC_005,60,-0.1033253315324162,-0.13907769672860146,-0.10540321142385445,59,7.329168862820986,,-0.04725271784956263
PDCE,Pobla de Cérvoles,regulated_hg_one,depth,VWC_005,60,0.05244550056955444,0.04773680848768273,-0.20626719601521942,59,8.419773533909058,-0.5222484282841648,0.46180942721600754
PDCE,Pobla de Cérvoles,regulated_hg_two,depth,VWC_005,60,0.03693358180656511,-0.006724276864970443,-0.248073333946066,59,21.69590244525395,-0.501572612988394,0.296151294973914
PDCE,Pobla de Cérvoles,regulated_pm_one,depth,VWC_005,60,0.052693462135935544,0.04309650172549239,-0.23123516548298267,59,8.191145948982019,-0.526342802485515,0.41366810886216543
PDCE,Pobla de Cérvoles,regulated_pm_two,depth,VWC_005,60,0.011152184567605729,-0.027730695500993812,-0.2754264970879526,59,21.088258443943655,-0.5060039136991434,0.2298509920119314
PDCE,Pobla de Cérvoles,simple_hg_one,depth,VWC_020,60,-0.04785746824617576,-0.03383018003861546,0.178451367040841,59,0.20779166666666668,,0.20163852167030114
PDCE,Pobla de Cérvoles,simple_hg_two,depth,VWC_020,60,,,,59,0.0,,
PDCE,Pobla de Cérvoles,simple_pm_one,depth,VWC_020,60,,,,59,0.0,,
PDCE,Pobla de Cérvoles,simple_pm_two,depth,VWC_020,60,,,,59,0.0,,
PDCE,Pobla de Cérvoles,regulated_hg_one,depth,VWC_020,60,-0.474256148539582,-0.4419189467139331,-0.06079091190989566,59,8.419773533909058,-0.8548126329477219,0.08406331231937414
PDCE,Pobla de Cérvoles,regulated_hg_two,depth,VWC_020,60,0.8745880376767974,0.9626130577848833,0.19119812900091204,59,0.00011783675176547821,0.9478013689159484,0.725118886196498
PDCE,Pobla de Cérvoles,regulated_pm_one,depth,VWC_020,60,-0.42845472122571,-0.41599399844405766,-0.056526402333193365,59,8.191145948982019,-0.850040293827921,0.09855781990212867
PDCE,Pobla de Cérvoles,regulated_pm_two,depth,VWC_020,60,0.8429505224465887,0.9626130577848833,0.1736926249193227,59,6.063803785879261e-05,0.9258399324136986,0.7289143387468137
PDCE,Pobla de Cérvoles,simple_hg_one,total,VWC_005,60,-0.1033253315324162,-0.13907769672860146,-0.10540321142385445,59,0.20779166666666668,,-0.04725271784956263
PDCE,Pobla de Cérvoles,simple_hg_two,total,VWC_005,60,-0.1033253315324162,-0.13907769672860146,-0.10540321142385445,59,3.042728656630803,,-0.04725271784956263
PDCE,Pobla de Cérvoles,simple_pm_one,total,VWC_005,60,,,,59,0.0,,
PDCE,Pobla de Cérvoles,simple_pm_two,total,VWC_005,60,-0.1033253315324162,-0.13907769672860146,-0.10540321142385445,59,2.4430562876069954,,-0.04725271784956264
PDCE,Pobla de Cérvoles,regulated_hg_one,total,VWC_005,60,0.05244550056955444,0.04773680848768273,-0.20626719601521942,59,8.419773533909058,-0.5222484282841648,0.46180942721600754
PDCE,Pobla de Cérvoles,regulated_hg_two,total,VWC_005,60,0.03694057558291674,-0.006724276864970443,-0.24807324057904595,59,7.23195290538336,-0.5015572428064587,0.29615139210526154
PDCE,Pobla de Cérvoles,regulated_pm_one,total,VWC_005,60,0.052693462135935544,0.04309650172549239,-0.23123516548298267,59,8.191145948982019,-0.526342802485515,0.41366810886216543
PDCE,Pobla de Cérvoles,regulated_pm_two,total,VWC_005,60,0.011155667889194282,-0.027730695500993812,-0.2754264185423327,59,7.029413835453497,-0.5059953303148449,0.2298510247276401
PDCE,Pobla de Cérvoles,simple_hg_one,total,VWC_020,60,-0.04785746824617576,-0.03383018003861546,0.178451367040841,59,0.20779166666666668,,0.20163852167030114
PDCE,Pobla de Cérvoles,simple_hg_two,total,VWC_020,60,-0.04785746824617576,-0.03383018003861546,0.178451367040841,59,3.042728656630803,,0.20163852167030114
PDCE,Pobla de Cérvoles,simple_pm_one,total,VWC_020,60,,,,59,0.0,,
PDCE,Pobla de Cérvoles,simple_pm_two,total,VWC_020,60,-0.04785746824617576,-0.03383018003861546,0.17845136704084094,59,2.4430562876069954,,0.20163852167030114
PDCE,Pobla de Cérvoles,regulated_hg_one,total,VWC_020,60,-0.474256148539582,-0.4419189467139331,-0.06079091190989566,59,8.419773533909058,-0.8548126329477219,0.08406331231937414
PDCE,Pobla de Cérvoles,regulated_hg_two,total,VWC_020,60,-0.331374406336425,-0.4131319730723565,-0.017756790741089948,59,7.23195290538336,-0.7845081047032356,0.0712853800897996
PDCE,Pobla de Cérvoles,regulated_pm_one,total,VWC_020,60,-0.42845472122571,-0.41599399844405766,-0.056526402333193365,59,8.191145948982019,-0.850040293827921,0.09855781990212867
PDCE,Pobla de Cérvoles,regulated_pm_two,total,VWC_020,60,-0.29237280696695445,-0.3959320341880554,-0.00903574115971277,59,7.029413835453497,-0.7717123391738158,0.08478312898723254
VIL,Vilosell,simple_hg_one,depth,VWC_005,60,,,,59,0.0,,
VIL,Vilosell,simple_hg_two,depth,VWC_005,60,-0.08012520044489585,-0.13908735912929734,-0.033670313070116274,59,6.099233951722287,,0.0041792006302896895
VIL,Vilosell,simple_pm_one,depth,VWC_005,60,,,,59,0.0,,
VIL,Vilosell,simple_pm_two,depth,VWC_005,60,-0.08012520044489584,-0.13908735912929734,-0.033670313070116274,59,6.521803945107568,,0.0041792006302896895
VIL,Vilosell,regulated_hg_one,depth,VWC_005,60,-0.33303684817959656,-0.4362191397953589,-0.18383099076813078,59,7.657947759445129,-0.49783372278789806,0.2924736417676326
VIL,Vilosell,regulated_hg_two,depth,VWC_005,60,-0.2597201806045375,-0.39717672092591827,-0.20481115049667287,59,19.120137021156992,-0.5273048897808061,0.18556123042798853
VIL,Vilosell,regulated_pm_one,depth,VWC_005,60,-0.31127989774812526,-0.39150792843526644,-0.1831283307722979,59,7.609119997405851,-0.49652822232696997,0.2839840329320724
VIL,Vilosell,regulated_pm_two,depth,VWC_005,60,-0.24603395893770647,-0.3790310273161356,-0.20482406348447738,59,19.101647598979074,-0.5246835168879005,0.1637861116028449
VIL,Vilosell,simple_hg_one,depth,VWC_020,60,,,,59,0.0,,
VIL,Vilosell,simple_hg_two,depth,VWC_020,60,,,,59,0.0,,
VIL,Vilosell,simple_pm_one,depth,VWC_020,60,,,,59,0.0,,
VIL,Vilosell,simple_pm_two,depth,VWC_020,60,,,,59,0.0,,
VIL,Vilosell,regulated_hg_one,depth,VWC_020,60,-0.5402290123034406,-0.6184197735202022,-0.21093068554719546,59,7.657947759445129,-0.8771965432706605,0.23467832933975025
VIL,Vilosell,regulated_hg_two,depth,VWC_020,60,0.831624475372976,0.9651972166156425,0.14113350160545282,59,0.00010503077761285267,0.9344610663279467,0.762168877659703
VIL,Vilosell,regulated_pm_one,depth,VWC_020,60,-0.5098362824981567,-0.5624574521745117,-0.2150866337657923,59,7.609119997405851,-0.8750339763350786,0.2360406696796465
VIL,Vilosell,regulated_pm_two,depth,VWC_020,60,0.808286233915459,0.9651972166156425,0.12546951711029,59,7.550220543128671e-05,0.9177400355774513,0.7563436080181403
VIL,Vilosell,simple_hg_one,total,VWC_005,60,,,,59,0.0,,
VIL,Vilosell,simple_hg_two,total,VWC_005,60,-0.08012520044489584,-0.13908735912929734,-0.033670313070116274,59,2.033077983907429,,0.0041792006302896895
VIL,Vilosell,simple_pm_one,total,VWC_005,60,,,,59,0.0,,
VIL,Vilosell,simple_pm_two,total,VWC_005,60,-0.08012520044489586,-0.13908735912929734,-0.033670313070116274,59,2.173934648369189,,0.004179200630289688
VIL,Vilosell,regulated_hg_one,total,VWC_005,60,-0.33303684817959656,-0.4362191397953589,-0.18383099076813078,59,7.657947759445129,-0.49783372278789806,0.2924736417676326
VIL,Vilosell,regulated_hg_two,total,VWC_005,60,-0.2597113884577633,-0.39717672092591827,-0.2048107590032864,59,6.373366942917098,-0.5272918386654198,0.18556142848719537
VIL,Vilosell,regulated_pm_one,total,VWC_005,60,-0.31127989774812526,-0.39150792843526644,-0.1831283307722979,59,7.609119997405851,-0.49652822232696997,0.2839840329320724
VIL,Vilosell,regulated_pm_two,total,VWC_005,60,-0.24602765391664774,-0.3790310273161356,-0.20482375488288163,59,6.367208805119933,-0.5246736785816345,0.16378622141176463
VIL,Vilosell,simple_hg_one,total,VWC_020,60,,,,59,0.0,,
VIL,Vilosell,simple_hg_two,total,VWC_020,60,-0.06986763846107642,-0.06390145118405141,0.01624476431640845,59,2.033077983907429,,0.11755437890352005
VIL,Vilosell,simple_pm_one,total,VWC_020,60,,,,59,0.0,,
VIL,Vilosell,simple_pm_two,total,VWC_020,60,-0.06986763846107644,-0.06390145118405141,0.01624476431640845,59,2.173934648369189,,0.11755437890352005
VIL,Vilosell,regulated_hg_one,total,VWC_020,60,-0.5402290123034406,-0.6184197735202022,-0.21093068554719546,59,7.657947759445129,-0.8771965432706605,0.23467832933975025
VIL,Vilosell,regulated_hg_two,total,VWC_020,60,-0.3944163380189196,-0.4932131101718003,-0.1896069334908249,59,6.373366942917098,-0.8387990875629247,0.17421785346562563
VIL,Vilosell,regulated_pm_one,total,VWC_020,60,-0.5098362824981567,-0.5624574521745117,-0.2150866337657923,59,7.609119997405851,-0.8750339763350786,0.2360406696796465
VIL,Vilosell,regulated_pm_two,total,VWC_020,60,-0.36663200832106335,-0.46864970795253996,-0.19231461187033638,59,6.367208805119933,-0.8339626555956561,0.16722131351534641
MDF,Mas dels Frares,simple_hg_one,depth,VWC_005,60,0.8105529647980014,0.735901253871901,0.2946200434446571,59,85.65779174484054,,0.8352929736015825
MDF,Mas dels Frares,simple_hg_two,depth,VWC_005,60,0.5867473934701007,0.5091001062208326,0.3603745471771026,59,83.70998499061913,,0.5439925533345285
MDF,Mas dels Frares,simple_pm_one,depth,VWC_005,60,0.8489654889266511,0.7777782251035283,0.30808729177917404,59,89.52278986866791,,0.8635418491861911
MDF,Mas dels Frares,simple_pm_two,depth,VWC_005,60,0.6243547816733539,0.5513283017469598,0.38925189857469966,59,87.12561579064146,,0.5893283381319103
MDF,Mas dels Frares,regulated_hg_one,depth,VWC_005,60,0.9385136077405283,0.9687530415872835,0.3317969763322702,59,91.78683415991851,0.9255272084084203,0.909244354240771
MDF,Mas dels Frares,regulated_hg_two,depth,VWC_005,60,0.7840293723842854,0.8955331734008826,0.4076654898112697,59,84.5429579210603,0.9090629619938367,0.7191144681282728
MDF,Mas dels Frares,regulated_pm_one,depth,VWC_005,60,0.9534981321471866,0.973949290297286,0.3377293660601247,59,93.3811157142648,0.9285617281792745,0.9200184006885953
MDF,Mas dels Frares,regulated_pm_two,depth,VWC_005,60,0.8160182906858171,0.9102327218906762,0.42597508036375087,59,87.52404366703782,0.9170034217846832,0.7486331311077941
MDF,Mas dels Frares,simple_hg_one,depth,VWC_020,60,-0.026997362070808405,0.11524995359332703,-0.054865766150839546,59,85.65779174484054,,-0.35480027638961675
MDF,Mas dels Frares,simple_hg_two,depth,VWC_020,60,0.4864066993160368,0.5769058181792981,0.12921444271772672,59,93.59023935312617,,0.2113024641709031
MDF,Mas dels Frares,simple_pm_one,depth,VWC_020,60,0.06982720915496875,0.21484527457669875,-0.02637699544762709,59,89.52278986866791,,-0.26142900070437153
MDF,Mas dels Frares,simple_pm_two,depth,VWC_020,60,0.5513054392327239,0.5769058181792981,0.1371330472347354,59,96.60133054161714,,0.2991925926943725
MDF,Mas dels Frares,regulated_hg_one,depth,VWC_020,60,0.2644641714739807,0.5790299949154921,-0.012594632018678276,59,91.78683415991851,0.862325145295366,-0.1278105566370425
MDF,Mas dels Frares,regulated_hg_two,depth,VWC_020,60,0.5163019118960039,0.71540310375206,0.11784952366268947,59,95.92740863252853,0.9493130094741347,0.2377029347498401
MDF,Mas dels Frares,regulated_pm_one,depth,VWC_020,60,0.3244977983979692,0.594701232361259,0.005035991308546851,59,93.3811157142648,0.8724109233640815,-0.06354193670809101
MDF,Mas dels Frares,regulated_pm_two,depth,VWC_020,60,0.5580674997020861,0.71540310375206,0.12984458828354814,59,96.78119548057226,0.9527889782595367,0.3056437207395689
MDF,Mas dels Frares,simple_hg_one,total,VWC_005,60,0.8105529647980014,0.735901253871901,0.2946200434446571,59,85.65779174484054,,0.8352929736015825
MDF,Mas dels Frares,simple_hg_two,total,VWC_005,60,0.9430975325547035,0.9165660257464474,0.30682256137402963,59,90.29682123229048,,0.9029296723087344
MDF,Mas dels Frares,simple_pm_one,total,VWC_005,60,0.8489654889266511,0.7777782251035283,0.30808729177917404,59,89.52278986866791,,0.8635418491861911
MDF,Mas dels Frares,simple_pm_two,total,VWC_005,60,0.9606692691298429,0.9154196394328944,0.31537915844848635,59,93.44275895795859,,0.91524015395214
MDF,Mas dels Frares,regulated_hg_one,total,VWC_005,60,0.9385136077405283,0.9687530415872835,0.3317969763322702,59,91.78683415991851,0.9255272084084203,0.909244354240771
MDF,Mas dels Frares,regulated_hg_two,total,VWC_005,60,0.9635569422963713,0.9274887135960859,0.3200013226534091,59,92.13244069709455,0.9091122489603789,0.9223713330085916
MDF,Mas dels Frares,regulated_pm_one,total,VWC_005,60,0.9534981321471866,0.973949290297286,0.3377293660601247,59,93.3811157142648,0.9285617281792745,0.9200184006885953
MDF,Mas dels Frares,regulated_pm_two,total,VWC_005,60,0.968864972533761,0.9321847886334681,0.3264711220076195,59,93.6951943078503,0.917066999376593,0.9251416695313477
MDF,Mas dels Frares,simple_hg_one,total,VWC_020,60,-0.026997362070808405,0.11524995359332703,-0.054865766150839546,59,85.65779174484054,,-0.35480027638961675
MDF,Mas dels Frares,simple_hg_two,total,VWC_020,60,0.3249861855481256,0.4988614975119777,0.010101034366856255,59,90.29682123229048,,-0.04861520300768733
MDF,Mas dels Frares,simple_pm_one,total,VWC_020,60,0.06982720915496875,0.21484527457669875,-0.02637699544762709,59,89.52278986866791,,-0.26142900070437153
MDF,Mas dels Frares,simple_pm_two,total,VWC_020,60,0.38389244709167697,0.5145781837430801,0.015172121774257162,59,93.44275895795859,,0.003057526996954607
MDF,Mas dels Frares,regulated_hg_one,total,VWC_020,60,0.2644641714739807,0.5790299949154921,-0.012594632018678276,59,91.78683415991851,0.862325145295366,-0.1278105566370425
MDF,Mas dels Frares,regulated_hg_two,total,VWC_020,60,0.38942863218662377,0.5739451785102169,0.018087391603649125,59,92.13244069709455,0.746744425435273,0.012247247833038946
MDF,Mas dels Frares,regulated_pm_one,total,VWC_020,60,0.3244977983979692,0.594701232361259,0.005035991308546851,59,93.3811157142648,0.8724109233640815,-0.06354193670809101
MDF,Mas dels Frares,regulated_pm_two,total,VWC_020,60,0.4346381733726483,0.5910334959377818,0.030478191144180086,59,93.6951943078503,0.766162040653377,0.07105477341918585
