code,name,forcing,et,scenario,channel,target,n,r,rho,reference_r,delta_r,change_n,change_r,reference_change_r,first30_r,last30_r,candidate_span_pp,reference_span_pp,observed_span_m3_m3,initial_dry_r,initial_wet_r,initial_dry_span_pp,initial_wet_span_pp
RDS,Ribera de Sió,idw,hg,control,VWC_005,upper,60,-0.03752417458066988,-0.3119564312521618,-0.037524174580669895,1.3877787807814457e-17,59,-0.16806663302030805,-0.168066633020308,-0.5995381611360591,0.6400154790092315,11.447536911448754,11.447536911448756,0.01087500000000001,-0.03752417458066988,-0.03752417458066988,11.447536911448754,11.447536911448754
RDS,Ribera de Sió,idw,hg,control,VWC_005,total,60,-0.03752417458066991,-0.3119564312521618,-0.037524174580669895,-1.3877787807814457e-17,59,-0.168066633020308,-0.168066633020308,-0.5995381611360591,0.6400154790092316,11.447536911448756,11.447536911448756,0.01087500000000001,-0.03752417458066991,-0.03752417458066991,11.447536911448756,11.447536911448756
RDS,Ribera de Sió,idw,hg,control,VWC_020,lower,60,-0.18004864565849668,-0.3460827767430858,-0.18004864565849665,-2.7755575615628914e-17,59,-0.030543103815446632,-0.03054310381544666,-0.6982713040375379,0.7534980395767652,11.447536911448756,11.447536911448756,0.027749999999999997,-0.18004864565849668,-0.18004864565849668,11.447536911448756,11.447536911448756
RDS,Ribera de Sió,idw,hg,control,VWC_020,total,60,-0.18004864565849668,-0.3460827767430858,-0.18004864565849665,-2.7755575615628914e-17,59,-0.03054310381544667,-0.03054310381544666,-0.6982713040375379,0.7534980395767652,11.447536911448756,11.447536911448756,0.027749999999999997,-0.18004864565849668,-0.18004864565849668,11.447536911448756,11.447536911448756
RDS,Ribera de Sió,idw,hg,control,VWC_050,total,60,0.06262008710984708,-0.32932667921210557,0.0626200871098471,-1.3877787807814457e-17,59,0.05176416058129961,0.051764160581299644,-0.6794380780859628,0.8413787675644342,11.447536911448756,11.447536911448756,0.010020833333333312,0.06262008710984708,0.06262008710984708,11.447536911448756,11.447536911448756
RDS,Ribera de Sió,idw,hg,cascade,VWC_005,upper,60,-0.03752417296113437,-0.3119564312521618,-0.037524174580669895,1.619535526520277e-09,59,-0.16806663288802481,-0.168066633020308,-0.5995381590994511,0.6400154790086382,34.34261073098895,11.447536911448756,0.01087500000000001,-0.03752417296113437,-0.03752417296113437,34.34261073098895,34.34261073098895
RDS,Ribera de Sió,idw,hg,cascade,VWC_005,total,60,-0.037524172941888506,-0.3119564312521618,-0.037524174580669895,1.6387813883689262e-09,59,-0.1680666328864529,-0.168066633020308,-0.5995381590752489,0.640015479008631,11.447536910316353,11.447536911448756,0.01087500000000001,-0.037524172941888506,-0.037524172941888506,11.447536910316353,11.447536910316353
RDS,Ribera de Sió,idw,hg,cascade,VWC_020,lower,60,0.666075234643084,0.9786181705431345,-0.18004864565849665,0.8461238803015807,59,0.12541755983718259,-0.03054310381544666,0.8490898483659757,0.7616202553522577,7.214572101378781e-10,11.447536911448756,0.027749999999999997,0.666075234643084,0.666075234643084,7.214572101378781e-10,7.214572101378781e-10
RDS,Ribera de Sió,idw,hg,cascade,VWC_020,total,60,-0.18004864396264442,-0.3460827767430858,-0.18004864565849665,1.6958522364163287e-09,59,-0.03054310367316171,-0.03054310381544666,-0.6982713022210272,0.7534980395770564,11.447536910316353,11.447536911448756,0.027749999999999997,-0.18004864396264442,-0.18004864396264442,11.447536910316353,11.447536910316353
RDS,Ribera de Sió,idw,hg,cascade,VWC_050,total,60,0.06262008844632858,-0.32932667921210557,0.0626200871098471,1.3364814810401526e-09,59,0.0517641604601026,0.051764160581299644,-0.6794380766354128,0.8413787675649786,11.447536910316353,11.447536911448756,0.010020833333333312,0.06262008844632858,0.06262008844632858,11.447536910316353,11.447536910316353
RDS,Ribera de Sió,idw,hg,surface,VWC_005,upper,60,0.026373747053120455,-0.23887854631467315,-0.037524174580669895,0.06389792163379035,59,-0.16615219862717723,-0.168066633020308,-0.55416097668281,0.5256553704963993,27.897626334000822,11.447536911448756,0.01087500000000001,0.026373747053120455,0.026373747053120455,27.897626334000822,27.897626334000822
RDS,Ribera de Sió,idw,hg,surface,VWC_005,total,60,0.02637396363999616,-0.23887854631467315,-0.037524174580669895,0.06389813822066606,59,-0.16615219168068235,-0.168066633020308,-0.554160767261554,0.5256553714121273,9.299208564172897,11.447536911448756,0.01087500000000001,0.02637396363999616,0.02637396363999616,9.299208564172897,9.299208564172897
RDS,Ribera de Sió,idw,hg,surface,VWC_020,lower,60,0.7624943626919887,0.9786181705431345,-0.18004864565849665,0.9425430083504853,59,0.1215184641554654,-0.03054310381544666,0.9157081164719476,0.8042696957144874,4.3015098437233785e-06,11.447536911448756,0.027749999999999997,0.7624943626919887,0.7624943626919887,4.3015098437233785e-06,4.3015098437233785e-06
RDS,Ribera de Sió,idw,hg,surface,VWC_020,total,60,-0.06134691283269586,-0.273476249594978,-0.18004864565849665,0.1187017328258008,59,-0.01043112694207823,-0.03054310381544666,-0.6353666412935695,0.6901823386843593,9.299208564172897,11.447536911448756,0.027749999999999997,-0.06134691283269586,-0.06134691283269586,9.299208564172897,9.299208564172897
RDS,Ribera de Sió,idw,hg,surface,VWC_050,total,60,0.1691229055832289,-0.24609760464316535,0.0626200871098471,0.1065028184733818,59,0.0520221618115881,0.051764160581299644,-0.6341271514372583,0.8201751456685968,9.299208564172897,11.447536911448756,0.010020833333333312,0.1691229055832289,0.1691229055832289,9.299208564172897,9.299208564172897
RDS,Ribera de Sió,idw,hg,surface5,VWC_005,upper,60,0.03963927807347876,-0.19580983085721781,-0.037524174580669895,0.07716345265414865,59,-0.1559126856497773,-0.168066633020308,-0.4758869466564712,0.4127829961204937,44.00544349158223,11.447536911448756,0.01087500000000001,0.03963927807347876,0.03963927807347876,44.00544349158223,44.00544349158223
RDS,Ribera de Sió,idw,hg,surface5,VWC_005,total,60,0.039643647064925125,-0.19580983085721781,-0.037524174580669895,0.07716782164559502,59,-0.15591257299423658,-0.168066633020308,-0.4758824870315279,0.41278303836899877,7.334237659096777,11.447536911448756,0.01087500000000001,0.039643647064925125,0.039643647064925125,7.334237659096777,7.334237659096777
RDS,Ribera de Sió,idw,hg,surface5,VWC_020,lower,60,0.7624943626919888,0.9786181705431345,-0.18004864565849665,0.9425430083504854,59,0.12151846415546552,-0.03054310381544666,0.9157081164719479,0.8042696957144871,4.7038308195246144e-05,11.447536911448756,0.027749999999999997,0.7624943626919888,0.7624943626919888,4.7038308195246144e-05,4.7038308195246144e-05
RDS,Ribera de Sió,idw,hg,surface5,VWC_020,total,60,-0.006263469088348305,-0.2269613906413107,-0.18004864565849665,0.17378517657014836,59,0.016056941094424404,-0.03054310381544666,-0.5394345966784564,0.6339851427137968,7.334237659096777,11.447536911448756,0.027749999999999997,-0.006263469088348305,-0.006263469088348305,7.334237659096777,7.334237659096777
RDS,Ribera de Sió,idw,hg,surface5,VWC_050,total,60,0.19700303187632412,-0.20087953504285508,0.0626200871098471,0.13438294476647702,59,0.05679371504519931,0.051764160581299644,-0.5616696810277708,0.7978665883418402,7.334237659096777,11.447536911448756,0.010020833333333312,0.19700303187632412,0.19700303187632412,7.334237659096777,7.334237659096777
RDS,Ribera de Sió,idw,hg,surface15,VWC_005,upper,60,0.00696897850762087,-0.27825168812319845,-0.037524174580669895,0.044493153088290764,59,-0.167795862732823,-0.168066633020308,-0.5784204498935986,0.5779945358975791,20.526293306272414,11.447536911448756,0.01087500000000001,0.00696897850762087,0.00696897850762087,20.526293306272414,20.526293306272414
RDS,Ribera de Sió,idw,hg,surface15,VWC_005,total,60,0.006969084265492198,-0.27825168812319845,-0.037524174580669895,0.04449325884616209,59,-0.1677958589183404,-0.168066633020308,-0.5784203480991277,0.5779945361285097,10.263146527928077,11.447536911448756,0.01087500000000001,0.006969084265492198,0.006969084265492198,10.263146527928077,10.263146527928077
RDS,Ribera de Sió,idw,hg,surface15,VWC_020,lower,60,0.7624943626919887,0.9786181705431345,-0.18004864565849665,0.9425430083504853,59,0.12151846415546547,-0.03054310381544666,0.9157081164719476,0.8042696957144874,3.358372605882394e-06,11.447536911448756,0.027749999999999997,0.7624943626919887,0.7624943626919887,3.358372605882394e-06,3.358372605882394e-06
RDS,Ribera de Sió,idw,hg,surface15,VWC_020,total,60,-0.10429705496045241,-0.31284993844643944,-0.18004864565849665,0.07575159069804424,59,-0.02016284759557286,-0.03054310381544666,-0.6678775540514488,0.7189270454969506,10.263146527928077,11.447536911448756,0.027749999999999997,-0.10429705496045241,-0.10429705496045241,10.263146527928077,10.263146527928077
RDS,Ribera de Sió,idw,hg,surface15,VWC_050,total,60,0.13413149318944573,-0.28922868641576893,0.0626200871098471,0.07151140607959863,59,0.05142437507153182,0.051764160581299644,-0.6578927707790572,0.8304817965392288,10.263146527928077,11.447536911448756,0.010020833333333312,0.13413149318944573,0.13413149318944573,10.263146527928077,10.263146527928077
RDS,Ribera de Sió,idw,hg,bypass25,VWC_005,upper,60,0.026373747053118117,-0.23887854631467315,-0.037524174580669895,0.06389792163378802,59,-0.16615219862717767,-0.168066633020308,-0.5541609766828135,0.5256553704963993,20.92321975050061,11.447536911448756,0.01087500000000001,0.026373747053118117,0.026373747053118117,20.92321975050061,20.92321975050061
RDS,Ribera de Sió,idw,hg,bypass25,VWC_005,total,60,-0.039803942817745616,-0.3074550558301568,-0.037524174580669895,-0.0022797682370757216,59,-0.16637038617212577,-0.168066633020308,-0.5813341446334694,0.6067054867173887,10.2189610038259,11.447536911448756,0.01087500000000001,-0.039803942817745616,-0.039803942817745616,10.2189610038259,10.2189610038259
RDS,Ribera de Sió,idw,hg,bypass25,VWC_020,lower,60,-0.3239131877628042,-0.4095197080401123,-0.18004864565849665,-0.14386454210430755,59,-0.04069657582349878,-0.03054310381544666,-0.7239208358692708,0.7919096601845046,4.866831630488543,11.447536911448756,0.027749999999999997,-0.3239131877628042,-0.3239131877628042,4.866831630488543,4.866831630488543
RDS,Ribera de Sió,idw,hg,bypass25,VWC_020,total,60,-0.16596146304586384,-0.34069216584881373,-0.18004864565849665,0.01408718261263281,59,-0.01920127177806628,-0.03054310381544666,-0.6731247207458513,0.738781876341911,10.2189610038259,11.447536911448756,0.027749999999999997,-0.16596146304586384,-0.16596146304586384,10.2189610038259,10.2189610038259
RDS,Ribera de Sió,idw,hg,bypass25,VWC_050,total,60,0.07197302881861162,-0.3207839423706931,0.0626200871098471,0.009352941708764523,59,0.05234872313708448,0.051764160581299644,-0.6623792347832969,0.8406647848570206,10.2189610038259,11.447536911448756,0.010020833333333312,0.07197302881861162,0.07197302881861162,10.2189610038259,10.2189610038259
RDS,Ribera de Sió,idw,pm,control,VWC_005,upper,60,-0.049709909011957404,-0.31334574465401527,-0.049709909011957334,-6.938893903907228e-17,59,-0.1571231769268655,-0.15712317692686556,-0.6040375699913021,0.6431194314689797,12.02857539340736,12.02857539340736,0.01087500000000001,-0.049709909011957404,-0.049709909011957404,12.02857539340736,12.02857539340736
RDS,Ribera de Sió,idw,pm,control,VWC_005,total,60,-0.04970990901195742,-0.31334574465401527,-0.049709909011957334,-8.326672684688674e-17,59,-0.15712317692686562,-0.15712317692686556,-0.6040375699913021,0.6431194314689797,12.02857539340736,12.02857539340736,0.01087500000000001,-0.04970990901195742,-0.04970990901195742,12.02857539340736,12.02857539340736
RDS,Ribera de Sió,idw,pm,control,VWC_020,lower,60,-0.1953215562109035,-0.34825013576243224,-0.1953215562109033,-1.942890293094024e-16,59,-0.027016786726973697,-0.02701678672697369,-0.7081629412076677,0.7598069226991963,12.02857539340736,12.02857539340736,0.027749999999999997,-0.1953215562109035,-0.1953215562109035,12.02857539340736,12.02857539340736
RDS,Ribera de Sió,idw,pm,control,VWC_020,total,60,-0.19532155621090352,-0.34825013576243224,-0.1953215562109033,-2.220446049250313e-16,59,-0.02701678672697376,-0.02701678672697369,-0.7081629412076678,0.7598069226991961,12.02857539340736,12.02857539340736,0.027749999999999997,-0.19532155621090352,-0.19532155621090352,12.02857539340736,12.02857539340736
RDS,Ribera de Sió,idw,pm,control,VWC_050,total,60,0.04966806035604021,-0.3328884717713915,0.049668060356040405,-1.942890293094024e-16,59,0.05275079950331409,0.05275079950331407,-0.6871194827369799,0.8475260132707954,12.02857539340736,12.02857539340736,0.010020833333333312,0.04966806035604021,0.04966806035604021,12.02857539340736,12.02857539340736
RDS,Ribera de Sió,idw,pm,cascade,VWC_005,upper,60,-0.04970990216465145,-0.31334574465401527,-0.049709909011957334,6.8473058820184285e-09,59,-0.157123176366116,-0.15712317692686556,-0.6040375617885752,0.643119431464025,36.08572615989204,12.02857539340736,0.01087500000000001,-0.04970990216465145,-0.04970990216465145,36.08572615989204,36.08572615989204
RDS,Ribera de Sió,idw,pm,cascade,VWC_005,total,60,-0.04970990210066261,-0.31334574465401527,-0.049709909011957334,6.9112947240213e-09,59,-0.1571231763608757,-0.15712317692686556,-0.60403756171192,0.6431194314639785,12.028575386567349,12.02857539340736,0.01087500000000001,-0.04970990210066261,-0.04970990210066261,12.028575386567349,12.028575386567349
RDS,Ribera de Sió,idw,pm,cascade,VWC_020,lower,60,0.6891430467941495,0.9786181705431345,-0.1953215562109033,0.8844646030050528,59,0.12901151292311827,-0.02701678672697369,0.8646131917263196,0.7663549056976061,2.448340384466293e-09,12.02857539340736,0.027749999999999997,0.6891430467941495,0.6891430467941495,2.448340384466293e-09,2.448340384466293e-09
RDS,Ribera de Sió,idw,pm,cascade,VWC_020,total,60,-0.19532154904332447,-0.34825013576243224,-0.1953215562109033,7.16757883600927e-09,59,-0.027016786142224185,-0.02701678672697369,-0.7081629338710967,0.7598069227013942,12.028575386567349,12.02857539340736,0.027749999999999997,-0.19532154904332447,-0.19532154904332447,12.028575386567349,12.028575386567349
RDS,Ribera de Sió,idw,pm,cascade,VWC_050,total,60,0.04966806609577312,-0.3328884717713915,0.049668060356040405,5.7397327168917656e-09,59,0.05275079895791661,0.05275079950331407,-0.6871194769378259,0.84752601327504,12.028575386567349,12.02857539340736,0.010020833333333312,0.04966806609577312,0.04966806609577312,12.028575386567349,12.028575386567349
RDS,Ribera de Sió,idw,pm,surface,VWC_005,upper,60,0.026900360886468105,-0.23835060722196882,-0.049709909011957334,0.07661026989842544,59,-0.15519553287033871,-0.15712317692686556,-0.5646320638865914,0.5303639044845934,29.781570755985697,12.02857539340736,0.01087500000000001,0.026900360886468105,0.026900360886468105,29.781570755985697,29.781570755985697
RDS,Ribera de Sió,idw,pm,surface,VWC_005,total,60,0.026900840477070927,-0.23835060722196882,-0.049709909011957334,0.07661074948902827,59,-0.1551955171462971,-0.15712317692686556,-0.5646316362697175,0.5303639075608775,9.927189664583734,12.02857539340736,0.01087500000000001,0.026900840477070927,0.026900840477070927,9.927189664583734,9.927189664583734
RDS,Ribera de Sió,idw,pm,surface,VWC_020,lower,60,0.7883196198789381,0.9786181705431345,-0.1953215562109033,0.9836411760898414,59,0.1267022705600179,-0.02701678672697369,0.9272941725908713,0.8072093982951063,9.83728271757876e-06,12.02857539340736,0.027749999999999997,0.7883196198789381,0.7883196198789381,9.83728271757876e-06,9.83728271757876e-06
RDS,Ribera de Sió,idw,pm,surface,VWC_020,total,60,-0.0633984942226431,-0.27261486331805823,-0.1953215562109033,0.1319230619882602,59,-0.008465092979464482,-0.02701678672697369,-0.6528207367187011,0.6971114384093087,9.927189664583734,12.02857539340736,0.027749999999999997,-0.0633984942226431,-0.0633984942226431,9.927189664583734,9.927189664583734
RDS,Ribera de Sió,idw,pm,surface,VWC_050,total,60,0.17152688801957006,-0.24676544074803144,0.049668060356040405,0.12185882766352965,59,0.05051277018150482,0.05275079950331407,-0.6477764537654285,0.8259008649867596,9.927189664583734,12.02857539340736,0.010020833333333312,0.17152688801957006,0.17152688801957006,9.927189664583734,9.927189664583734
RDS,Ribera de Sió,idw,pm,surface5,VWC_005,upper,60,0.04598069877099249,-0.18244463593138813,-0.049709909011957334,0.09569060778294983,59,-0.14409273391062774,-0.15712317692686556,-0.49245515667038897,0.4187880068398148,48.1672185254044,12.02857539340736,0.01087500000000001,0.04598069877099249,0.04598069877099249,48.1672185254044,48.1672185254044
RDS,Ribera de Sió,idw,pm,surface5,VWC_005,total,60,0.045990029584822734,-0.18244463593138813,-0.049709909011957334,0.09569993859678007,59,-0.14409249009707248,-0.15712317692686556,-0.49244640515779714,0.41878814745315757,8.027861874659578,12.02857539340736,0.01087500000000001,0.045990029584822734,0.045990029584822734,8.027861874659578,8.027861874659578
RDS,Ribera de Sió,idw,pm,surface5,VWC_020,lower,60,0.788319619878938,0.9786181705431345,-0.1953215562109033,0.9836411760898413,59,0.12670227056001782,-0.02701678672697369,0.9272941725908713,0.8072093982951063,0.00010556633895634782,12.02857539340736,0.027749999999999997,0.788319619878938,0.788319619878938,0.00010556633895634782,0.00010556633895634782
RDS,Ribera de Sió,idw,pm,surface5,VWC_020,total,60,-0.0010530797092484293,-0.21106742449943638,-0.1953215562109033,0.19426847650165488,59,0.016001365451690883,-0.02701678672697369,-0.5621896589227184,0.6387466392784313,8.027861874659578,12.02857539340736,0.027749999999999997,-0.0010530797092484293,-0.0010530797092484293,8.027861874659578,8.027861874659578
RDS,Ribera de Sió,idw,pm,surface5,VWC_050,total,60,0.20634458698548924,-0.18312622525516406,0.049668060356040405,0.15667652662944884,59,0.049871337577638356,0.05275079950331407,-0.579659713556335,0.8008877973663254,8.027861874659578,12.02857539340736,0.010020833333333312,0.20634458698548924,0.20634458698548924,8.027861874659578,8.027861874659578
RDS,Ribera de Sió,idw,pm,surface15,VWC_005,upper,60,0.0027622007844287366,-0.2802522994218673,-0.049709909011957334,0.05247210979638607,59,-0.15688849534022697,-0.15712317692686556,-0.58592554933575,0.5822010480792806,21.74670782517453,12.02857539340736,0.01087500000000001,0.0027622007844287366,0.0027622007844287366,21.74670782517453,21.74670782517453
RDS,Ribera de Sió,idw,pm,surface15,VWC_005,total,60,0.002762435123984913,-0.2802522994218673,-0.049709909011957334,0.05247234413594225,59,-0.15688848668081246,-0.15712317692686556,-0.5859253405808345,0.5822010488498872,10.873353570290904,12.02857539340736,0.01087500000000001,0.002762435123984913,0.002762435123984913,10.873353570290904,10.873353570290904
RDS,Ribera de Sió,idw,pm,surface15,VWC_020,lower,60,0.7883196198789381,0.9786181705431345,-0.1953215562109033,0.9836411760898414,59,0.12670227056001793,-0.02701678672697369,0.9272941725908713,0.8072093982951065,7.643173631469447e-06,12.02857539340736,0.027749999999999997,0.7883196198789381,0.7883196198789381,7.643173631469447e-06,7.643173631469447e-06
RDS,Ribera de Sió,idw,pm,surface15,VWC_020,total,60,-0.11157208759605382,-0.3154618839312929,-0.1953215562109033,0.08374946861484948,59,-0.017477566171926716,-0.02701678672697369,-0.681859789690245,0.7259575334781068,10.873353570290904,12.02857539340736,0.027749999999999997,-0.11157208759605382,-0.11157208759605382,10.873353570290904,10.873353570290904
RDS,Ribera de Sió,idw,pm,surface15,VWC_050,total,60,0.13057554522546447,-0.29240090791388296,0.049668060356040405,0.08090748486942406,59,0.0513343389581013,0.05275079950331407,-0.6687903680287832,0.8366975251277808,10.873353570290904,12.02857539340736,0.010020833333333312,0.13057554522546447,0.13057554522546447,10.873353570290904,10.873353570290904
RDS,Ribera de Sió,idw,pm,bypass25,VWC_005,upper,60,0.026900360886451383,-0.23835060722196882,-0.049709909011957334,0.07661026989840872,59,-0.15519553287034057,-0.15712317692686556,-0.5646320638866154,0.5303639044845934,22.336178066989277,12.02857539340736,0.01087500000000001,0.026900360886451383,0.026900360886451383,22.336178066989277,22.336178066989277
RDS,Ribera de Sió,idw,pm,bypass25,VWC_005,total,60,-0.04744762938137613,-0.3094834533968628,-0.049709909011957334,0.0022622796305812043,59,-0.1554253041847311,-0.15712317692686556,-0.5877649770014512,0.6073350184319602,10.819101519493708,12.02857539340736,0.01087500000000001,-0.04744762938137613,-0.04744762938137613,10.819101519493708,10.819101519493708
RDS,Ribera de Sió,idw,pm,bypass25,VWC_020,lower,60,-0.3494778030729103,-0.42671964692441333,-0.1953215562109033,-0.15415624686200702,59,-0.03611303675379388,-0.02701678672697369,-0.7294737595601022,0.7963198571658521,5.060563245745925,12.02857539340736,0.027749999999999997,-0.3494778030729103,-0.3494778030729103,5.060563245745925,5.060563245745925
RDS,Ribera de Sió,idw,pm,bypass25,VWC_020,total,60,-0.17537014991270736,-0.3415257654716393,-0.1953215562109033,0.019951406298195945,59,-0.016335060922895227,-0.02701678672697369,-0.6851537928319935,0.7430694397343391,10.819101519493708,12.02857539340736,0.027749999999999997,-0.17537014991270736,-0.17537014991270736,10.819101519493708,10.819101519493708
RDS,Ribera de Sió,idw,pm,bypass25,VWC_050,total,60,0.06554886729328901,-0.3232048482508328,0.049668060356040405,0.01588080693724861,59,0.05168674290363512,0.05275079950331407,-0.6716727572402623,0.8454146471560584,10.819101519493708,12.02857539340736,0.010020833333333312,0.06554886729328901,0.06554886729328901,10.819101519493708,10.819101519493708
RDS,Ribera de Sió,gauge,hg,control,VWC_005,upper,60,-0.121518570279905,-0.3976214956104423,-0.12151857027990506,6.938893903907228e-17,59,-0.1978706264000122,-0.19787062640001235,-0.33467973174823684,0.7181398479407434,7.68272082410942,7.682720824109421,0.01087500000000001,-0.121518570279905,-0.121518570279905,7.68272082410942,7.68272082410942
RDS,Ribera de Sió,gauge,hg,control,VWC_005,total,60,-0.12151857027990502,-0.3976214956104423,-0.12151857027990506,4.163336342344337e-17,59,-0.1978706264000123,-0.19787062640001235,-0.33467973174823684,0.7181398479407435,7.682720824109421,7.682720824109421,0.01087500000000001,-0.12151857027990502,-0.12151857027990502,7.682720824109421,7.682720824109421
RDS,Ribera de Sió,gauge,hg,control,VWC_020,lower,60,-0.37203541763816594,-0.49243508385716306,-0.37203541763816594,0.0,59,-0.0406462354292534,-0.04064623542925351,-0.5627584349854475,0.7025167525306406,7.682720824109421,7.682720824109421,0.027749999999999997,-0.37203541763816594,-0.37203541763816594,7.682720824109421,7.682720824109421
RDS,Ribera de Sió,gauge,hg,control,VWC_020,total,60,-0.37203541763816594,-0.49243508385716306,-0.37203541763816594,0.0,59,-0.04064623542925341,-0.04064623542925351,-0.5627584349854473,0.7025167525306406,7.682720824109421,7.682720824109421,0.027749999999999997,-0.37203541763816594,-0.37203541763816594,7.682720824109421,7.682720824109421
RDS,Ribera de Sió,gauge,hg,control,VWC_050,total,60,-0.2232943176036834,-0.46626090721402963,-0.22329431760368343,2.7755575615628914e-17,59,0.2047802614272306,0.20478026142723058,-0.5012550360722081,0.7334086533362475,7.682720824109421,7.682720824109421,0.010020833333333312,-0.2232943176036834,-0.2232943176036834,7.682720824109421,7.682720824109421
RDS,Ribera de Sió,gauge,hg,cascade,VWC_005,upper,60,-0.12151856797217148,-0.3976214956104423,-0.12151857027990506,2.307733587558758e-09,59,-0.1978706261884369,-0.19787062640001235,-0.3346797219071638,0.7181398479402019,23.048162468589602,7.682720824109421,0.01087500000000001,-0.12151856797217148,-0.12151856797217148,23.048162468589602,23.048162468589602
RDS,Ribera de Sió,gauge,hg,cascade,VWC_005,total,60,-0.12151856794474736,-0.3976214956104423,-0.12151857027990506,2.335157706090385e-09,59,-0.1978706261859227,-0.19787062640001235,-0.33467972179021654,0.7181398479401954,7.68272082284839,7.682720824109421,0.01087500000000001,-0.12151856794474736,-0.12151856794474736,7.68272082284839,7.68272082284839
RDS,Ribera de Sió,gauge,hg,cascade,VWC_020,lower,60,0.666075234643084,0.9786181705431345,-0.37203541763816594,1.03811065228125,59,0.12541755983718259,-0.04064623542925351,0.8490898483659757,0.7616202553522577,7.214572101378781e-10,7.682720824109421,0.027749999999999997,0.666075234643084,0.666075234643084,7.214572101378781e-10,7.214572101378781e-10
RDS,Ribera de Sió,gauge,hg,cascade,VWC_020,total,60,-0.37203541535657225,-0.49243508385716306,-0.37203541763816594,2.2815936917552904e-09,59,-0.040646235203176714,-0.04064623542925351,-0.5627584266334567,0.7025167525321839,7.68272082284839,7.682720824109421,0.027749999999999997,-0.37203541535657225,-0.37203541535657225,7.68272082284839,7.68272082284839
RDS,Ribera de Sió,gauge,hg,cascade,VWC_050,total,60,-0.22329431599379546,-0.46626090721402963,-0.22329431760368343,1.6098879729309346e-09,59,0.20478026123314916,0.20478026142723058,-0.5012550290252349,0.7334086533385998,7.68272082284839,7.682720824109421,0.010020833333333312,-0.22329431599379546,-0.22329431599379546,7.68272082284839,7.68272082284839
RDS,Ribera de Sió,gauge,hg,surface,VWC_005,upper,60,-0.05049554397497634,-0.2915057379768799,-0.12151857027990506,0.07102302630492872,59,-0.20532489663694475,-0.19787062640001235,-0.25681651008929796,0.5971333762779377,18.269083546926176,7.682720824109421,0.01087500000000001,-0.05049554397497634,-0.05049554397497634,18.269083546926176,18.269083546926176
RDS,Ribera de Sió,gauge,hg,surface,VWC_005,total,60,-0.05049525697694564,-0.2915057379768799,-0.12151857027990506,0.07102331330295943,59,-0.20532488604017035,-0.19787062640001235,-0.2568154597597231,0.5971333768391075,6.089694256786374,7.682720824109421,0.01087500000000001,-0.05049525697694564,-0.05049525697694564,6.089694256786374,6.089694256786374
RDS,Ribera de Sió,gauge,hg,surface,VWC_020,lower,60,0.7624943626919887,0.9786181705431345,-0.37203541763816594,1.1345297803301546,59,0.1215184641554654,-0.04064623542925351,0.9157081164719476,0.8042696957144874,4.3015098437233785e-06,7.682720824109421,0.027749999999999997,0.7624943626919887,0.7624943626919887,4.3015098437233785e-06,4.3015098437233785e-06
RDS,Ribera de Sió,gauge,hg,surface,VWC_020,total,60,-0.24476914382997644,-0.38081609436081826,-0.37203541763816594,0.1272662738081895,59,-0.004744337487415998,-0.04064623542925351,-0.4229424738208427,0.6580450418834092,6.089694256786374,7.682720824109421,0.027749999999999997,-0.24476914382997644,-0.24476914382997644,6.089694256786374,6.089694256786374
RDS,Ribera de Sió,gauge,hg,surface,VWC_050,total,60,-0.08084328137248213,-0.35019655748917183,-0.22329431760368343,0.1424510362312013,59,0.24339744187739384,0.20478026142723058,-0.3585809363224428,0.7437336008114757,6.089694256786374,7.682720824109421,0.010020833333333312,-0.08084328137248213,-0.08084328137248213,6.089694256786374,6.089694256786374
RDS,Ribera de Sió,gauge,hg,surface5,VWC_005,upper,60,-0.041969902468815976,-0.19580983085721781,-0.12151857027990506,0.07954866781108909,59,-0.19798500494529495,-0.19787062640001235,-0.21721666624376995,0.46940869905250315,27.926680960234897,7.682720824109421,0.01087500000000001,-0.041969902468815976,-0.041969902468815976,27.926680960234897,27.926680960234897
RDS,Ribera de Sió,gauge,hg,surface5,VWC_005,total,60,-0.041964460589784015,-0.19580983085721781,-0.12151857027990506,0.07955410969012106,59,-0.19798484304346167,-0.19787062640001235,-0.21719554614409392,0.46940872369247116,4.6544432883745515,7.682720824109421,0.01087500000000001,-0.041964460589784015,-0.041964460589784015,4.6544432883745515,4.6544432883745515
RDS,Ribera de Sió,gauge,hg,surface5,VWC_020,lower,60,0.7624943626919888,0.9786181705431345,-0.37203541763816594,1.1345297803301548,59,0.12151846415546552,-0.04064623542925351,0.9157081164719479,0.8042696957144871,4.7038308195246144e-05,7.682720824109421,0.027749999999999997,0.7624943626919888,0.7624943626919888,4.7038308195246144e-05,4.7038308195246144e-05
RDS,Ribera de Sió,gauge,hg,surface5,VWC_020,total,60,-0.1697448298188463,-0.2810620061626907,-0.37203541763816594,0.20229058781931963,59,0.05004660411073243,-0.04064623542925351,-0.31350856781147785,0.6175619564088488,4.6544432883745515,7.682720824109421,0.027749999999999997,-0.1697448298188463,-0.1697448298188463,4.6544432883745515,4.6544432883745515
RDS,Ribera de Sió,gauge,hg,surface5,VWC_050,total,60,0.0022392837382874103,-0.24523498300771326,-0.22329431760368343,0.22553360134197084,59,0.28623388530258853,0.20478026142723058,-0.24840476716564472,0.7446399109772147,4.6544432883745515,7.682720824109421,0.010020833333333312,0.0022392837382874103,0.0022392837382874103,4.6544432883745515,4.6544432883745515
RDS,Ribera de Sió,gauge,hg,surface15,VWC_005,upper,60,-0.07119493480686297,-0.3367417823412265,-0.12151857027990506,0.0503236354730421,59,-0.20320054857970976,-0.19787062640001235,-0.2877484306873165,0.6545515358153359,13.56715904366648,7.682720824109421,0.01087500000000001,-0.07119493480686297,-0.07119493480686297,13.56715904366648,13.56715904366648
RDS,Ribera de Sió,gauge,hg,surface15,VWC_005,total,60,-0.07119478973733294,-0.3367417823412265,-0.12151857027990506,0.050323780542572125,59,-0.2032005425962759,-0.19787062640001235,-0.2877479105833456,0.6545515359460943,6.783579370258469,7.682720824109421,0.01087500000000001,-0.07119478973733294,-0.07119478973733294,6.783579370258469,6.783579370258469
RDS,Ribera de Sió,gauge,hg,surface15,VWC_020,lower,60,0.7624943626919887,0.9786181705431345,-0.37203541763816594,1.1345297803301546,59,0.12151846415546547,-0.04064623542925351,0.9157081164719476,0.8042696957144874,3.358372605882394e-06,7.682720824109421,0.027749999999999997,0.7624943626919887,0.7624943626919887,3.358372605882394e-06,3.358372605882394e-06
RDS,Ribera de Sió,gauge,hg,surface15,VWC_020,total,60,-0.2934408030911703,-0.4295816722961145,-0.37203541763816594,0.07859461454699562,59,-0.02349854700714875,-0.04064623542925351,-0.4840566976276464,0.6788586899183547,6.783579370258469,7.682720824109421,0.027749999999999997,-0.2934408030911703,-0.2934408030911703,6.783579370258469,6.783579370258469
RDS,Ribera de Sió,gauge,hg,surface15,VWC_050,total,60,-0.13533570986524712,-0.4016477640682325,-0.22329431760368343,0.0879586077384363,59,0.22463909127286774,0.20478026142723058,-0.42075876262242917,0.7405120412275046,6.783579370258469,7.682720824109421,0.010020833333333312,-0.13533570986524712,-0.13533570986524712,6.783579370258469,6.783579370258469
RDS,Ribera de Sió,gauge,hg,bypass25,VWC_005,upper,60,-0.05049554397497947,-0.2915057379768799,-0.12151857027990506,0.0710230263049256,59,-0.20532489663694523,-0.19787062640001235,-0.25681651008931394,0.5971333762779376,13.70181266019463,7.682720824109421,0.01087500000000001,-0.05049554397497947,-0.05049554397497947,13.70181266019463,13.70181266019463
RDS,Ribera de Sió,gauge,hg,bypass25,VWC_005,total,60,-0.11898186076259844,-0.39512073148710625,-0.12151857027990506,0.002536709517306626,59,-0.2014094124165695,-0.19787062640001235,-0.31481723828994407,0.6638143053775603,6.804455298045299,7.682720824109421,0.01087500000000001,-0.11898186076259844,-0.11898186076259844,6.804455298045299,6.804455298045299
RDS,Ribera de Sió,gauge,hg,bypass25,VWC_020,lower,60,-0.5072544671817725,-0.5979965827609754,-0.37203541763816594,-0.13521904954360653,59,-0.05356594020759807,-0.04064623542925351,-0.6559459492680219,0.7207813379386357,3.355776616970634,7.682720824109421,0.027749999999999997,-0.5072544671817725,-0.5072544671817725,3.355776616970634,3.355776616970634
RDS,Ribera de Sió,gauge,hg,bypass25,VWC_020,total,60,-0.34547958471547074,-0.48640537991872473,-0.37203541763816594,0.0265558329226952,59,-0.01808017159605667,-0.04064623542925351,-0.5175750432968722,0.687677230030231,6.804455298045299,7.682720824109421,0.027749999999999997,-0.34547958471547074,-0.34547958471547074,6.804455298045299,6.804455298045299
RDS,Ribera de Sió,gauge,hg,bypass25,VWC_050,total,60,-0.189839784840274,-0.45791295590320313,-0.22329431760368343,0.03345453276340943,59,0.2283083363223283,0.20478026142723058,-0.4538292737945718,0.7455693369747246,6.804455298045299,7.682720824109421,0.010020833333333312,-0.189839784840274,-0.189839784840274,6.804455298045299,6.804455298045299
RDS,Ribera de Sió,gauge,pm,control,VWC_005,upper,60,-0.13700757317395917,-0.40584623094941447,-0.13700757317395917,0.0,59,-0.1854338966516316,-0.1854338966516316,-0.35795462132604783,0.7230990580226949,7.940846482730966,7.940846482730966,0.01087500000000001,-0.13700757317395917,-0.13700757317395917,7.940846482730966,7.940846482730966
RDS,Ribera de Sió,gauge,pm,control,VWC_005,total,60,-0.13700757317395917,-0.40584623094941447,-0.13700757317395917,0.0,59,-0.1854338966516316,-0.1854338966516316,-0.35795462132604794,0.723099058022695,7.940846482730968,7.940846482730966,0.01087500000000001,-0.13700757317395917,-0.13700757317395917,7.940846482730968,7.940846482730968
RDS,Ribera de Sió,gauge,pm,control,VWC_020,lower,60,-0.39087379256509835,-0.5002709203117235,-0.3908737925650984,5.551115123125783e-17,59,-0.038124238498993976,-0.03812423849899398,-0.6005860762049757,0.7078832299502287,7.940846482730968,7.940846482730966,0.027749999999999997,-0.39087379256509835,-0.39087379256509835,7.940846482730968,7.940846482730968
RDS,Ribera de Sió,gauge,pm,control,VWC_020,total,60,-0.3908737925650984,-0.5002709203117235,-0.3908737925650984,0.0,59,-0.038124238498994004,-0.03812423849899398,-0.6005860762049757,0.7078832299502287,7.940846482730968,7.940846482730966,0.027749999999999997,-0.3908737925650984,-0.3908737925650984,7.940846482730968,7.940846482730968
RDS,Ribera de Sió,gauge,pm,control,VWC_050,total,60,-0.23817986659725818,-0.4759445307345884,-0.23817986659725815,-2.7755575615628914e-17,59,0.20356227330390214,0.2035622733039021,-0.5408274153025334,0.7377624181348108,7.940846482730968,7.940846482730966,0.010020833333333312,-0.23817986659725818,-0.23817986659725818,7.940846482730968,7.940846482730968
RDS,Ribera de Sió,gauge,pm,cascade,VWC_005,upper,60,-0.13700756306825115,-0.40584623094941447,-0.13700757317395917,1.010570802040256e-08,59,-0.1854338957400276,-0.1854338966516316,-0.35795458246604406,0.7230990580178892,23.822539424705894,7.940846482730966,0.01087500000000001,-0.13700756306825115,-0.13700756306825115,23.822539424705894,23.822539424705894
RDS,Ribera de Sió,gauge,pm,cascade,VWC_005,total,60,-0.13700756297381222,-0.40584623094941447,-0.13700757317395917,1.0200146949301825e-08,59,-0.1854338957315085,-0.1854338966516316,-0.35795458210289305,0.7230990580178444,7.940846474828803,7.940846482730966,0.01087500000000001,-0.13700756297381222,-0.13700756297381222,7.940846474828803,7.940846474828803
RDS,Ribera de Sió,gauge,pm,cascade,VWC_020,lower,60,0.6891430467941495,0.9786181705431345,-0.3908737925650984,1.080016839359248,59,0.12901151292311827,-0.03812423849899398,0.8646131917263196,0.7663549056976061,2.448340384466293e-09,7.940846482730966,0.027749999999999997,0.6891430467941495,0.6891430467941495,2.448340384466293e-09,2.448340384466293e-09
RDS,Ribera de Sió,gauge,pm,cascade,VWC_020,total,60,-0.3908737826443101,-0.5002709203117235,-0.3908737925650984,9.920788301975847e-09,59,-0.03812423755570197,-0.03812423849899398,-0.6005860436600159,0.707883229964124,7.940846474828803,7.940846482730966,0.027749999999999997,-0.3908737826443101,-0.3908737826443101,7.940846474828803,7.940846474828803
RDS,Ribera de Sió,gauge,pm,cascade,VWC_050,total,60,-0.23817985948427664,-0.4759445307345884,-0.23817986659725815,7.112981509349581e-09,59,0.20356227241790703,0.2035622733039021,-0.5408273881777372,0.7377624181559976,7.940846474828803,7.940846482730966,0.010020833333333312,-0.23817985948427664,-0.23817985948427664,7.940846474828803,7.940846474828803
RDS,Ribera de Sió,gauge,pm,surface,VWC_005,upper,60,-0.048833578874057225,-0.28567062168909557,-0.13700757317395917,0.08817399429990194,59,-0.19294249726554452,-0.1854338966516316,-0.2758983210092263,0.6036780403929862,18.95946760335671,7.940846482730966,0.01087500000000001,-0.048833578874057225,-0.048833578874057225,18.95946760335671,18.95946760335671
RDS,Ribera de Sió,gauge,pm,surface,VWC_005,total,60,-0.048832908131268435,-0.28567062168909557,-0.13700757317395917,0.08817466504269074,59,-0.19294247265443504,-0.1854338966516316,-0.27589618231761803,0.6036780423790677,6.319821791702325,7.940846482730966,0.01087500000000001,-0.048832908131268435,-0.048832908131268435,6.319821791702325,6.319821791702325
RDS,Ribera de Sió,gauge,pm,surface,VWC_020,lower,60,0.7883196198789381,0.9786181705431345,-0.3908737925650984,1.1791934124440364,59,0.1267022705600179,-0.03812423849899398,0.9272941725908713,0.8072093982951063,9.83728271757876e-06,7.940846482730966,0.027749999999999997,0.7883196198789381,0.7883196198789381,9.83728271757876e-06,9.83728271757876e-06
RDS,Ribera de Sió,gauge,pm,surface,VWC_020,total,60,-0.2486450901267509,-0.3773705492531392,-0.3908737925650984,0.1422287024383475,59,-0.006615028324584878,-0.03812423849899398,-0.46533467267700057,0.6617543546285172,6.319821791702325,7.940846482730966,0.027749999999999997,-0.2486450901267509,-0.2486450901267509,6.319821791702325,6.319821791702325
RDS,Ribera de Sió,gauge,pm,surface,VWC_050,total,60,-0.08008383290566645,-0.34816522267020406,-0.23817986659725815,0.1580960336915917,59,0.2385093345745306,0.2035622733039021,-0.40219621981152076,0.7454227326414129,6.319821791702325,7.940846482730966,0.010020833333333312,-0.08008383290566645,-0.08008383290566645,6.319821791702325,6.319821791702325
RDS,Ribera de Sió,gauge,pm,surface5,VWC_005,upper,60,-0.03336557245124039,-0.1918641807959542,-0.13700757317395917,0.10364200072271879,59,-0.187824287119508,-0.1854338966516316,-0.22587285696694798,0.47487571241682264,29.226515830513428,7.940846482730966,0.01087500000000001,-0.03336557245124039,-0.03336557245124039,29.226515830513428,29.226515830513428
RDS,Ribera de Sió,gauge,pm,surface5,VWC_005,total,60,-0.033353189737387746,-0.1918641807959542,-0.13700757317395917,0.10365438343657143,59,-0.18782392158094283,-0.1854338966516316,-0.22583113506875424,0.4748757987128831,4.871076008458628,7.940846482730966,0.01087500000000001,-0.033353189737387746,-0.033353189737387746,4.871076008458628,4.871076008458628
RDS,Ribera de Sió,gauge,pm,surface5,VWC_020,lower,60,0.788319619878938,0.9786181705431345,-0.3908737925650984,1.1791934124440364,59,0.12670227056001782,-0.03812423849899398,0.9272941725908713,0.8072093982951063,0.00010556633895634782,7.940846482730966,0.027749999999999997,0.788319619878938,0.788319619878938,0.00010556633895634782,0.00010556633895634782
RDS,Ribera de Sió,gauge,pm,surface5,VWC_020,total,60,-0.1666182021726413,-0.2765883548535268,-0.3908737925650984,0.2242555903924571,59,0.04363503418157802,-0.03812423849899398,-0.3472013243593267,0.6163258002328833,4.871076008458628,7.940846482730966,0.027749999999999997,-0.1666182021726413,-0.1666182021726413,4.871076008458628,4.871076008458628
RDS,Ribera de Sió,gauge,pm,surface5,VWC_050,total,60,0.008631202269432202,-0.23944707009887353,-0.23817986659725815,0.24681106886669035,59,0.2780471672371818,0.2035622733039021,-0.2821421251664308,0.7417271012813007,4.871076008458628,7.940846482730966,0.010020833333333312,0.008631202269432202,0.008631202269432202,4.871076008458628,4.871076008458628
RDS,Ribera de Sió,gauge,pm,surface15,VWC_005,upper,60,-0.07619893434710649,-0.34118758522715736,-0.13700757317395917,0.06080863882685268,59,-0.1905577428470208,-0.1854338966516316,-0.3101400631378042,0.6607475677670617,14.048331222207233,7.940846482730966,0.01087500000000001,-0.07619893434710649,-0.07619893434710649,14.048331222207233,14.048331222207233
RDS,Ribera de Sió,gauge,pm,surface15,VWC_005,total,60,-0.0761985972753243,-0.34118758522715736,-0.13700757317395917,0.060808975898634876,59,-0.19055772897294354,-0.1854338966516316,-0.31013900726913196,0.6607475682173141,7.024165178288476,7.940846482730966,0.01087500000000001,-0.0761985972753243,-0.0761985972753243,7.024165178288476,7.024165178288476
RDS,Ribera de Sió,gauge,pm,surface15,VWC_020,lower,60,0.7883196198789381,0.9786181705431345,-0.3908737925650984,1.1791934124440364,59,0.12670227056001793,-0.03812423849899398,0.9272941725908713,0.8072093982951065,7.643173631469447e-06,7.940846482730966,0.027749999999999997,0.7883196198789381,0.7883196198789381,7.643173631469447e-06,7.643173631469447e-06
RDS,Ribera de Sió,gauge,pm,surface15,VWC_020,total,60,-0.30336599198430636,-0.4326382042464749,-0.3908737925650984,0.08750780058079205,59,-0.023260734291021323,-0.03812423849899398,-0.5264901117473584,0.6840274065378955,7.024165178288476,7.940846482730966,0.027749999999999997,-0.30336599198430636,-0.30336599198430636,7.024165178288476,7.024165178288476
RDS,Ribera de Sió,gauge,pm,surface15,VWC_050,total,60,-0.14052706649350363,-0.4076026360032887,-0.23817986659725815,0.09765280010375452,59,0.22149182646617976,0.2035622733039021,-0.46475134117717765,0.7440084467228955,7.024165178288476,7.940846482730966,0.010020833333333312,-0.14052706649350363,-0.14052706649350363,7.024165178288476,7.024165178288476
RDS,Ribera de Sió,gauge,pm,bypass25,VWC_005,upper,60,-0.0488335788740807,-0.28567062168909557,-0.13700757317395917,0.08817399429987847,59,-0.19294249726554746,-0.1854338966516316,-0.27589832100933487,0.6036780403929862,14.21960070251754,7.940846482730966,0.01087500000000001,-0.0488335788740807,-0.0488335788740807,14.21960070251754,14.21960070251754
RDS,Ribera de Sió,gauge,pm,bypass25,VWC_005,total,60,-0.1279564700158014,-0.40081691643470513,-0.13700757317395917,0.00905110315815777,59,-0.18922698933321003,-0.1854338966516316,-0.3327322855787882,0.6673973223320199,7.046091235436702,7.940846482730966,0.01087500000000001,-0.1279564700158014,-0.1279564700158014,7.046091235436702,7.046091235436702
RDS,Ribera de Sió,gauge,pm,bypass25,VWC_020,lower,60,-0.5349308715362318,-0.6029703938438348,-0.3908737925650984,-0.14405707897113335,59,-0.04888027005091256,-0.03812423849899398,-0.6818759434961092,0.7236060804862198,3.4593365018962814,7.940846482730966,0.027749999999999997,-0.5349308715362318,-0.5349308715362318,3.4593365018962814,3.4593365018962814
RDS,Ribera de Sió,gauge,pm,bypass25,VWC_020,total,60,-0.35839669505845057,-0.49074009795741774,-0.3908737925650984,0.032477097506647845,59,-0.01806767363758188,-0.03812423849899398,-0.5527378980535813,0.690156799246798,7.046091235436702,7.940846482730966,0.027749999999999997,-0.35839669505845057,-0.35839669505845057,7.046091235436702,7.046091235436702
RDS,Ribera de Sió,gauge,pm,bypass25,VWC_050,total,60,-0.19887924023704187,-0.46459131695186434,-0.23817986659725815,0.03930062636021628,59,0.22492357406048039,0.2035622733039021,-0.4904785938311177,0.7471305946118156,7.046091235436702,7.940846482730966,0.010020833333333312,-0.19887924023704187,-0.19887924023704187,7.046091235436702,7.046091235436702
CDLP,Clot de Les Peres,idw,hg,control,VWC_005,upper,15,,,,,14,,,,,19.418999336496523,19.418999336496523,0.04538182708333334,,,19.418999336496523,19.418999336496523
CDLP,Clot de Les Peres,idw,hg,control,VWC_005,total,15,,,,,14,,,,,19.418999336496523,19.418999336496523,0.04538182708333334,,,19.418999336496523,19.418999336496523
CDLP,Clot de Les Peres,idw,hg,control,VWC_020,lower,60,0.45670852117513,0.08152264517921647,0.45670852117513017,-1.6653345369377348e-16,59,0.4306621759684924,0.4306621759684926,-0.8118057940264976,0.5026616559834329,27.579358152736177,27.579358152736177,0.10384104166666666,0.45670852117513,0.45670852117513,27.579358152736177,27.579358152736177
CDLP,Clot de Les Peres,idw,hg,control,VWC_020,total,60,0.45670852117513017,0.08152264517921647,0.45670852117513017,0.0,59,0.4306621759684927,0.4306621759684926,-0.8118057940264976,0.5026616559834332,27.579358152736177,27.579358152736177,0.10384104166666666,0.45670852117513017,0.45670852117513017,27.579358152736177,27.579358152736177
CDLP,Clot de Les Peres,idw,hg,control,VWC_050,total,60,-0.390337890386498,-0.5015282022784109,-0.390337890386498,0.0,59,0.1987531556875953,0.19875315568759516,-0.4979125842790275,-0.5686549822875615,27.579358152736177,27.579358152736177,0.008252816666666662,-0.390337890386498,-0.390337890386498,27.579358152736177,27.579358152736177
CDLP,Clot de Les Peres,idw,hg,cascade,VWC_005,upper,15,,,,,14,,,,,60.26026316465581,19.418999336496523,0.04538182708333334,,,60.26026316465581,60.26026316465581
CDLP,Clot de Les Peres,idw,hg,cascade,VWC_005,total,15,,,,,14,,,,,20.0867544925007,19.418999336496523,0.04538182708333334,,,20.0867544925007,20.0867544925007
CDLP,Clot de Les Peres,idw,hg,cascade,VWC_020,lower,60,-0.3149326789635971,-0.5499861072520146,0.45670852117513017,-0.7716412001387273,59,0.040153956219695454,0.4306621759684926,0.937496733102062,-0.29707538535044375,7.215069954726258e-05,27.579358152736177,0.10384104166666666,-0.3149326789635971,-0.3149326789635971,7.215069954726258e-05,7.215069954726258e-05
CDLP,Clot de Les Peres,idw,hg,cascade,VWC_020,total,60,0.5135559557544138,0.13025840511253128,0.45670852117513017,0.05684743457928365,59,0.4552247690698001,0.4306621759684926,-0.8106773765410966,0.5511052517950384,28.36198829308192,27.579358152736177,0.10384104166666666,0.5135559557544138,0.5135559557544138,28.36198829308192,28.36198829308192
CDLP,Clot de Les Peres,idw,hg,cascade,VWC_050,total,60,-0.3495436723663442,-0.4597388163378717,-0.390337890386498,0.040794218020153816,59,0.21701591984803542,0.19875315568759516,-0.5012997085248535,-0.532196282080214,28.36198829308192,27.579358152736177,0.008252816666666662,-0.3495436723663442,-0.3495436723663442,28.36198829308192,28.36198829308192
CDLP,Clot de Les Peres,idw,hg,surface,VWC_005,upper,15,,,,,14,,,,,54.79836390524119,19.418999336496523,0.04538182708333334,,,54.79836390524119,54.79836390524119
CDLP,Clot de Les Peres,idw,hg,surface,VWC_005,total,15,,,,,14,,,,,18.266130994014453,19.418999336496523,0.04538182708333334,,,18.266130994014453,18.266130994014453
CDLP,Clot de Les Peres,idw,hg,surface,VWC_020,lower,60,-0.4045572118914725,-0.5499861072520146,0.45670852117513017,-0.8612657330666027,59,0.046458039131633426,0.4306621759684926,0.9667145132705872,-0.20587722268996173,0.0011536599046321374,27.579358152736177,0.10384104166666666,-0.4045572118914725,-0.4045572118914725,0.0011536599046321374,0.0011536599046321374
CDLP,Clot de Les Peres,idw,hg,surface,VWC_020,total,60,0.37351488631056795,-0.0005001389274798556,0.45670852117513017,-0.08319363486456222,59,0.4154861500691168,0.4306621759684926,-0.750190318002502,0.42953647064156875,23.393338833778593,27.579358152736177,0.10384104166666666,0.37351488631056795,0.37351488631056795,23.393338833778593,23.393338833778593
CDLP,Clot de Les Peres,idw,hg,surface,VWC_050,total,60,-0.40522896850600243,-0.5465407057515979,-0.390337890386498,-0.014891078119504408,59,0.193377419827486,0.19875315568759516,-0.30531549348313736,-0.5807037432878086,23.393338833778593,27.579358152736177,0.008252816666666662,-0.40522896850600243,-0.40522896850600243,23.393338833778593,23.393338833778593
CDLP,Clot de Les Peres,idw,hg,surface5,VWC_005,upper,15,,,,,14,,,,,60.90435910998722,19.418999336496523,0.04538182708333334,,,60.90435910998722,60.90435910998722
CDLP,Clot de Les Peres,idw,hg,surface5,VWC_005,total,15,,,,,14,,,,,14.568826498174543,19.418999336496523,0.04538182708333334,,,14.568826498174543,14.568826498174543
CDLP,Clot de Les Peres,idw,hg,surface5,VWC_020,lower,60,0.9307786892699921,0.9237565990552933,0.45670852117513017,0.4740701680948619,59,0.5704793673547779,0.4306621759684926,0.9667145132705873,0.861355264864001,8.956769488051961,27.579358152736177,0.10384104166666666,0.9307786892699921,0.9307786892699921,8.956769488051961,8.956769488051961
CDLP,Clot de Les Peres,idw,hg,surface5,VWC_020,total,60,0.5663218129635397,0.2791330925257017,0.45670852117513017,0.1096132917884095,59,0.41548309014302864,0.4306621759684926,-0.6572594448271885,0.5140933292479102,20.96157812346229,27.579358152736177,0.10384104166666666,0.5663218129635397,0.5663218129635397,20.96157812346229,20.96157812346229
CDLP,Clot de Les Peres,idw,hg,surface5,VWC_050,total,60,-0.22061663622324226,-0.23689913864962497,-0.390337890386498,0.16972125416325576,59,0.20191424497030713,0.19875315568759516,-0.16080479612935175,-0.467569496165627,20.96157812346229,27.579358152736177,0.008252816666666662,-0.22061663622324226,-0.22061663622324226,20.96157812346229,20.96157812346229
CDLP,Clot de Les Peres,idw,hg,surface15,VWC_005,upper,15,,,,,14,,,,,37.43039105801336,19.418999336496523,0.04538182708333334,,,37.43039105801336,37.43039105801336
CDLP,Clot de Les Peres,idw,hg,surface15,VWC_005,total,15,,,,,14,,,,,18.71519652747514,19.418999336496523,0.04538182708333334,,,18.71519652747514,18.71519652747514
CDLP,Clot de Les Peres,idw,hg,surface15,VWC_020,lower,60,-0.4045572118914725,-0.5499861072520146,0.45670852117513017,-0.8612657330666027,59,0.04645803913163341,0.4306621759684926,0.9667145132705873,-0.20587722268996178,0.00015846213279625918,27.579358152736177,0.10384104166666666,-0.4045572118914725,-0.4045572118914725,0.00015846213279625918,0.00015846213279625918
CDLP,Clot de Les Peres,idw,hg,surface15,VWC_020,total,60,0.3973083394336179,0.017449291469852742,0.45670852117513017,-0.05940018174151229,59,0.41659197965997197,0.4306621759684926,-0.7838788103697125,0.4583040242031581,24.891041491246813,27.579358152736177,0.10384104166666666,0.3973083394336179,0.3973083394336179,24.891041491246813,24.891041491246813
CDLP,Clot de Les Peres,idw,hg,surface15,VWC_050,total,60,-0.409036821949882,-0.5370936371214228,-0.390337890386498,-0.01869893156338398,59,0.1915835010692045,0.19875315568759516,-0.38907395654430094,-0.5831389650085064,24.891041491246813,27.579358152736177,0.008252816666666662,-0.409036821949882,-0.409036821949882,24.891041491246813,24.891041491246813
CDLP,Clot de Les Peres,idw,hg,bypass25,VWC_005,upper,15,,,,,14,,,,,39.92670864932488,19.418999336496523,0.04538182708333334,,,39.92670864932488,39.92670864932488
CDLP,Clot de Les Peres,idw,hg,bypass25,VWC_005,total,15,,,,,14,,,,,18.172379287931058,19.418999336496523,0.04538182708333334,,,18.172379287931058,18.172379287931058
CDLP,Clot de Les Peres,idw,hg,bypass25,VWC_020,lower,60,0.556124942562807,0.1908863573214782,0.45670852117513017,0.09941642138767681,59,0.44431561524732704,0.4306621759684926,-0.8206978115520148,0.5590438361712866,12.05457462211311,27.579358152736177,0.10384104166666666,0.556124942562807,0.556124942562807,12.05457462211311,12.05457462211311
CDLP,Clot de Les Peres,idw,hg,bypass25,VWC_020,total,60,0.4359379390587318,0.05079188663517645,0.45670852117513017,-0.020770582116398373,59,0.41439164559143393,0.4306621759684926,-0.7948752654598631,0.4636043034314751,25.34518161132661,27.579358152736177,0.10384104166666666,0.4359379390587318,0.4359379390587318,25.34518161132661,25.34518161132661
CDLP,Clot de Les Peres,idw,hg,bypass25,VWC_050,total,60,-0.39249574155664757,-0.5165323701028064,-0.390337890386498,-0.0021578511701495495,59,0.18930696941443156,0.19875315568759516,-0.4378076451114682,-0.5764089526665958,25.34518161132661,27.579358152736177,0.008252816666666662,-0.39249574155664757,-0.39249574155664757,25.34518161132661,25.34518161132661
CDLP,Clot de Les Peres,idw,pm,control,VWC_005,upper,15,,,,,14,,,,,20.43498910125672,20.43498910125672,0.04538182708333334,,,20.43498910125672,20.43498910125672
CDLP,Clot de Les Peres,idw,pm,control,VWC_005,total,15,,,,,14,,,,,20.43498910125672,20.43498910125672,0.04538182708333334,,,20.43498910125672,20.43498910125672
CDLP,Clot de Les Peres,idw,pm,control,VWC_020,lower,60,0.42233995912870265,0.04384551264240068,0.42233995912870265,0.0,59,0.44283835555007334,0.44283835555007317,-0.8092995850445882,0.4947960957256596,27.77531723821988,27.77531723821988,0.10384104166666666,0.42233995912870265,0.42233995912870265,27.77531723821988,27.77531723821988
CDLP,Clot de Les Peres,idw,pm,control,VWC_020,total,60,0.42233995912870265,0.04384551264240068,0.42233995912870265,0.0,59,0.44283835555007334,0.44283835555007317,-0.809299585044588,0.4947960957256596,27.77531723821988,27.77531723821988,0.10384104166666666,0.42233995912870265,0.42233995912870265,27.77531723821988,27.77531723821988
CDLP,Clot de Les Peres,idw,pm,control,VWC_050,total,60,-0.41062944850492206,-0.5293136982495139,-0.410629448504922,-5.551115123125783e-17,59,0.20820205151937815,0.2082020515193781,-0.4854608821627503,-0.5747205722170522,27.77531723821988,27.77531723821988,0.008252816666666662,-0.41062944850492206,-0.41062944850492206,27.77531723821988,27.77531723821988
CDLP,Clot de Les Peres,idw,pm,cascade,VWC_005,upper,15,,,,,14,,,,,63.23326391020679,20.43498910125672,0.04538182708333334,,,63.23326391020679,63.23326391020679
CDLP,Clot de Les Peres,idw,pm,cascade,VWC_005,total,15,,,,,14,,,,,21.077754839017654,20.43498910125672,0.04538182708333334,,,21.077754839017654,21.077754839017654
CDLP,Clot de Les Peres,idw,pm,cascade,VWC_020,lower,60,-0.324965823269435,-0.5499861072520146,0.42233995912870265,-0.7473057823981377,59,0.041450725710245176,0.44283835555007317,0.940617311667868,-0.2871067692424927,0.00011360581386849685,27.77531723821988,0.10384104166666666,-0.324965823269435,-0.324965823269435,0.00011360581386849685,0.00011360581386849685
CDLP,Clot de Les Peres,idw,pm,cascade,VWC_020,total,60,0.4764468238729297,0.0871353153653793,0.42233995912870265,0.054106864744227046,59,0.4642936402299292,0.44283835555007317,-0.8080731924377852,0.5403569288925818,28.479728186445307,27.77531723821988,0.10384104166666666,0.4764468238729297,0.4764468238729297,28.479728186445307,28.479728186445307
CDLP,Clot de Les Peres,idw,pm,cascade,VWC_050,total,60,-0.37443497833783806,-0.4923034176160045,-0.410629448504922,0.036194470167083936,59,0.2236130936159135,0.2082020515193781,-0.4898787946795834,-0.5424648308423061,28.479728186445307,27.77531723821988,0.008252816666666662,-0.37443497833783806,-0.37443497833783806,28.479728186445307,28.479728186445307
CDLP,Clot de Les Peres,idw,pm,surface,VWC_005,upper,15,,,,,14,,,,,57.410863531274074,20.43498910125672,0.04538182708333334,,,57.410863531274074,57.410863531274074
CDLP,Clot de Les Peres,idw,pm,surface,VWC_005,total,15,,,,,14,,,,,19.136972502676944,20.43498910125672,0.04538182708333334,,,19.136972502676944,19.136972502676944
CDLP,Clot de Les Peres,idw,pm,surface,VWC_020,lower,60,-0.41781843586280726,-0.5499861072520146,0.42233995912870265,-0.8401583949915099,59,0.048327277671824105,0.44283835555007317,0.9659564166517793,-0.1955713519372016,0.0018200366121419965,27.77531723821988,0.10384104166666666,-0.41781843586280726,-0.41781843586280726,0.0018200366121419965,0.0018200366121419965
CDLP,Clot de Les Peres,idw,pm,surface,VWC_020,total,60,0.34632663753485127,-0.035120866907474305,0.42233995912870265,-0.07601332159385138,59,0.4311365896194965,0.44283835555007317,-0.748847724279528,0.4264291329840598,23.735568681639133,27.77531723821988,0.10384104166666666,0.34632663753485127,0.34632663753485127,23.735568681639133,23.735568681639133
CDLP,Clot de Les Peres,idw,pm,surface,VWC_050,total,60,-0.4118493710999407,-0.564934704084468,-0.410629448504922,-0.0012199225950186854,59,0.20655883086561477,0.2082020515193781,-0.2915744899141876,-0.5767693574942225,23.735568681639133,27.77531723821988,0.008252816666666662,-0.4118493710999407,-0.4118493710999407,23.735568681639133,23.735568681639133
CDLP,Clot de Les Peres,idw,pm,surface5,VWC_005,upper,15,,,,,14,,,,,64.58191407230208,20.43498910125672,0.04538182708333334,,,64.58191407230208,64.58191407230208
CDLP,Clot de Les Peres,idw,pm,surface5,VWC_005,total,15,,,,,14,,,,,15.436389169014875,20.43498910125672,0.04538182708333334,,,15.436389169014875,15.436389169014875
CDLP,Clot de Les Peres,idw,pm,surface5,VWC_020,lower,60,0.9212515570532689,0.9237565990552933,0.42233995912870265,0.49891159792456624,59,0.5762362670292628,0.44283835555007317,0.9659564166517792,0.8499920101106448,8.999566890948802,27.77531723821988,0.10384104166666666,0.9212515570532689,0.9212515570532689,8.999566890948802,8.999566890948802
CDLP,Clot de Les Peres,idw,pm,surface5,VWC_020,total,60,0.538645704544543,0.24034454015004172,0.42233995912870265,0.11630574541584032,59,0.43115816668929247,0.44283835555007317,-0.6588433506351064,0.5086146639736869,21.38002662182133,27.77531723821988,0.10384104166666666,0.538645704544543,0.538645704544543,21.38002662182133,21.38002662182133
CDLP,Clot de Les Peres,idw,pm,surface5,VWC_050,total,60,-0.23442388672885628,-0.2706863017504863,-0.410629448504922,0.17620556177606572,59,0.21528725093995366,0.2082020515193781,-0.146099649534225,-0.46861691091525626,21.38002662182133,27.77531723821988,0.008252816666666662,-0.23442388672885628,-0.23442388672885628,21.38002662182133,21.38002662182133
CDLP,Clot de Les Peres,idw,pm,surface15,VWC_005,upper,15,,,,,14,,,,,39.2972634125035,20.43498910125672,0.04538182708333334,,,39.2972634125035,39.2972634125035
CDLP,Clot de Les Peres,idw,pm,surface15,VWC_005,total,15,,,,,14,,,,,19.64863294169281,20.43498910125672,0.04538182708333334,,,19.64863294169281,19.64863294169281
CDLP,Clot de Les Peres,idw,pm,surface15,VWC_020,lower,60,-0.4178184358628072,-0.5499861072520146,0.42233995912870265,-0.8401583949915099,59,0.04832727767182412,0.44283835555007317,0.9659564166517794,-0.19557135193720154,0.00016663083113046986,27.77531723821988,0.10384104166666666,-0.4178184358628072,-0.4178184358628072,0.00016663083113046986,0.00016663083113046986
CDLP,Clot de Les Peres,idw,pm,surface15,VWC_020,total,60,0.3664031546086472,-0.0013337038066129484,0.42233995912870265,-0.05593680452005545,59,0.4309258226294243,0.44283835555007317,-0.7817487367439278,0.45334807179300307,25.18996266155212,27.77531723821988,0.10384104166666666,0.3664031546086472,0.3664031546086472,25.18996266155212,25.18996266155212
CDLP,Clot de Les Peres,idw,pm,surface15,VWC_050,total,60,-0.4210995937207771,-0.5487079744373439,-0.410629448504922,-0.010470145215855098,59,0.20335924136226935,0.2082020515193781,-0.3758076163722497,-0.5831736908033358,25.18996266155212,27.77531723821988,0.008252816666666662,-0.4210995937207771,-0.4210995937207771,25.18996266155212,25.18996266155212
CDLP,Clot de Les Peres,idw,pm,bypass25,VWC_005,upper,15,,,,,14,,,,,41.93745568869858,20.43498910125672,0.04538182708333334,,,41.93745568869858,41.93745568869858
CDLP,Clot de Les Peres,idw,pm,bypass25,VWC_005,total,15,,,,,14,,,,,19.12760344577131,20.43498910125672,0.04538182708333334,,,19.12760344577131,19.12760344577131
CDLP,Clot de Les Peres,idw,pm,bypass25,VWC_020,lower,60,0.5219437760301142,0.1609891636565713,0.42233995912870265,0.09960381690141157,59,0.45414552673411357,0.44283835555007317,-0.8187288247879281,0.5465179664814173,12.074713070484078,27.77531723821988,0.10384104166666666,0.5219437760301142,0.5219437760301142,12.074713070484078,12.074713070484078
CDLP,Clot de Les Peres,idw,pm,bypass25,VWC_020,total,60,0.404763974419918,0.025618227285357047,0.42233995912870265,-0.01757598470878463,59,0.42915744823059426,0.44283835555007317,-0.7929057277338237,0.4583089557869033,25.64502066070697,27.77531723821988,0.10384104166666666,0.404763974419918,0.404763974419918,25.64502066070697,25.64502066070697
CDLP,Clot de Les Peres,idw,pm,bypass25,VWC_050,total,60,-0.4071529950415581,-0.532592386774104,-0.410629448504922,0.0034764534633638933,59,0.2014042178412068,0.2082020515193781,-0.42319913598511566,-0.577608323817289,25.64502066070697,27.77531723821988,0.008252816666666662,-0.4071529950415581,-0.4071529950415581,25.64502066070697,25.64502066070697
CDLP,Clot de Les Peres,gauge,hg,control,VWC_005,upper,15,,,,,14,,,,,36.45348848813484,36.453488488134845,0.04538182708333334,,,36.45348848813484,36.45348848813484
CDLP,Clot de Les Peres,gauge,hg,control,VWC_005,total,15,,,,,14,,,,,36.45348848813483,36.453488488134845,0.04538182708333334,,,36.45348848813483,36.45348848813483
CDLP,Clot de Les Peres,gauge,hg,control,VWC_020,lower,60,0.7111250270567371,0.38971936649069194,0.7111250270567371,0.0,59,0.5117133803270415,0.5117133803270413,-0.690463778435137,0.6487986855647533,51.75427747169218,51.754277471692184,0.10384104166666666,0.7111250270567371,0.7111250270567371,51.75427747169218,51.75427747169218
CDLP,Clot de Les Peres,gauge,hg,control,VWC_020,total,60,0.7111250270567371,0.38971936649069194,0.7111250270567371,0.0,59,0.5117133803270413,0.5117133803270413,-0.6904637784351368,0.6487986855647533,51.75427747169217,51.754277471692184,0.10384104166666666,0.7111250270567371,0.7111250270567371,51.75427747169217,51.75427747169217
CDLP,Clot de Les Peres,gauge,hg,control,VWC_050,total,60,-0.22098965577729868,-0.2539594331758822,-0.22098965577729868,0.0,59,0.24720381406250314,0.24720381406250325,-0.7918657858362241,-0.4013861652540598,51.75427747169217,51.754277471692184,0.008252816666666662,-0.22098965577729868,-0.22098965577729868,51.75427747169217,51.75427747169217
CDLP,Clot de Les Peres,gauge,hg,cascade,VWC_005,upper,15,,,,,14,,,,,65.93527814380995,36.453488488134845,0.04538182708333334,,,65.93527814380995,65.93527814380995
CDLP,Clot de Les Peres,gauge,hg,cascade,VWC_005,total,15,,,,,14,,,,,36.87415827251358,36.453488488134845,0.04538182708333334,,,36.87415827251358,36.87415827251358
CDLP,Clot de Les Peres,gauge,hg,cascade,VWC_020,lower,60,0.8562181633696659,0.9237565990552933,0.7111250270567371,0.14509313631292886,59,0.5501419709612609,0.5117133803270413,0.937496733102062,0.7776167803568862,31.860882034612075,51.754277471692184,0.10384104166666666,0.8562181633696659,0.8562181633696659,31.860882034612075,31.860882034612075
CDLP,Clot de Les Peres,gauge,hg,cascade,VWC_020,total,60,0.7379160673504878,0.4243400944706864,0.7111250270567371,0.02679104029375068,59,0.5255407137699586,0.5117133803270413,-0.6900855353670754,0.6748868490282334,52.42626193309825,51.754277471692184,0.10384104166666666,0.7379160673504878,0.7379160673504878,52.42626193309825,52.42626193309825
CDLP,Clot de Les Peres,gauge,hg,cascade,VWC_050,total,60,-0.19149830959062636,-0.20911364267852187,-0.22098965577729868,0.029491346186672318,59,0.25862029139694404,0.24720381406250325,-0.7928584085268968,-0.37912303862847485,52.42626193309825,51.754277471692184,0.008252816666666662,-0.19149830959062636,-0.19149830959062636,52.42626193309825,52.42626193309825
CDLP,Clot de Les Peres,gauge,hg,surface,VWC_005,upper,15,,,,,14,,,,,70.03174164319763,36.453488488134845,0.04538182708333334,,,70.03174164319763,70.03174164319763
CDLP,Clot de Les Peres,gauge,hg,surface,VWC_005,total,15,,,,,14,,,,,33.89292271275824,36.453488488134845,0.04538182708333334,,,33.89292271275824,33.89292271275824
CDLP,Clot de Les Peres,gauge,hg,surface,VWC_020,lower,60,0.9307923912585188,0.9237565990552933,0.7111250270567371,0.21966736420178168,59,0.5704751995687439,0.5117133803270413,0.9667145132705872,0.8613593182642656,26.732651382317197,51.754277471692184,0.10384104166666666,0.9307923912585188,0.9307923912585188,26.732651382317197,26.732651382317197
CDLP,Clot de Les Peres,gauge,hg,surface,VWC_020,total,60,0.7416894849962853,0.4651292025562657,0.7111250270567371,0.030564457939548206,59,0.5132661572746999,0.5117133803270413,-0.6949938362643084,0.6764276156299243,47.35785467076426,51.754277471692184,0.10384104166666666,0.7416894849962853,0.7416894849962853,47.35785467076426,47.35785467076426
CDLP,Clot de Les Peres,gauge,hg,surface,VWC_050,total,60,-0.14328963906108014,-0.12470130591831068,-0.22098965577729868,0.07770001671621854,59,0.2574520102967355,0.24720381406250325,-0.6697717072131903,-0.33911361895691217,47.35785467076426,51.754277471692184,0.008252816666666662,-0.14328963906108014,-0.14328963906108014,47.35785467076426,47.35785467076426
CDLP,Clot de Les Peres,gauge,hg,surface5,VWC_005,upper,15,,,,,14,,,,,61.223794951989376,36.453488488134845,0.04538182708333334,,,61.223794951989376,61.223794951989376
CDLP,Clot de Les Peres,gauge,hg,surface5,VWC_005,total,15,,,,,14,,,,,28.806117482519483,36.453488488134845,0.04538182708333334,,,28.806117482519483,28.806117482519483
CDLP,Clot de Les Peres,gauge,hg,surface5,VWC_020,lower,60,0.9307901258278611,0.9237565990552933,0.7111250270567371,0.21966509877112406,59,0.5704758913777425,0.5117133803270413,0.9667145132705873,0.8613586458434721,37.71228078841148,51.754277471692184,0.10384104166666666,0.9307901258278611,0.9307901258278611,37.71228078841148,37.71228078841148
CDLP,Clot de Les Peres,gauge,hg,surface5,VWC_020,total,60,0.8407165091101421,0.6288413448180051,0.7111250270567371,0.12959148205340498,59,0.5158167002110394,0.5117133803270413,-0.6441457278759223,0.7583360439114677,44.92450420709523,51.754277471692184,0.10384104166666666,0.8407165091101421,0.8407165091101421,44.92450420709523,44.92450420709523
CDLP,Clot de Les Peres,gauge,hg,surface5,VWC_050,total,60,0.01888315256857158,0.11769936093359269,-0.22098965577729868,0.23987280834587027,59,0.2694711513192115,0.24720381406250325,-0.5205102086031879,-0.2091535158865317,44.92450420709523,51.754277471692184,0.008252816666666662,0.01888315256857158,0.01888315256857158,44.92450420709523,44.92450420709523
CDLP,Clot de Les Peres,gauge,hg,surface15,VWC_005,upper,15,,,,,14,,,,,70.17980558901755,36.453488488134845,0.04538182708333334,,,70.17980558901755,70.17980558901755
CDLP,Clot de Les Peres,gauge,hg,surface15,VWC_005,total,15,,,,,14,,,,,37.23984578286629,36.453488488134845,0.04538182708333334,,,37.23984578286629,37.23984578286629
CDLP,Clot de Les Peres,gauge,hg,surface15,VWC_020,lower,60,0.9307930249629217,0.9237565990552933,0.7111250270567371,0.21966799790618463,59,0.5704750058556203,0.5117133803270413,0.9667145132705873,0.861359506519918,7.264341769024941,51.754277471692184,0.10384104166666666,0.9307930249629217,0.9307930249629217,7.264341769024941,7.264341769024941
CDLP,Clot de Les Peres,gauge,hg,surface15,VWC_020,total,60,0.6865587464699772,0.3528202278410671,0.7111250270567371,-0.024566280586759914,59,0.5166112534638958,0.5117133803270413,-0.6998716356956151,0.6381562160982177,49.26132845443763,51.754277471692184,0.10384104166666666,0.6865587464699772,0.6865587464699772,49.26132845443763,49.26132845443763
CDLP,Clot de Les Peres,gauge,hg,surface15,VWC_050,total,60,-0.22838700538283563,-0.29258127257571553,-0.22098965577729868,-0.007397349605536951,59,0.25360705205556866,0.24720381406250325,-0.729579082894692,-0.40302604623730187,49.26132845443763,51.754277471692184,0.008252816666666662,-0.22838700538283563,-0.22838700538283563,49.26132845443763,49.26132845443763
CDLP,Clot de Les Peres,gauge,hg,bypass25,VWC_005,upper,15,,,,,14,,,,,70.03174164319763,36.453488488134845,0.04538182708333334,,,70.03174164319763,70.03174164319763
CDLP,Clot de Les Peres,gauge,hg,bypass25,VWC_005,total,15,,,,,14,,,,,35.15626595721573,36.453488488134845,0.04538182708333334,,,35.15626595721573,35.15626595721573
CDLP,Clot de Les Peres,gauge,hg,bypass25,VWC_020,lower,60,0.8566519708536543,0.6301194776326758,0.7111250270567371,0.14552694379691722,59,0.5490473383093597,0.5117133803270413,-0.6572400224616466,0.7734424758402322,29.630760319181192,51.754277471692184,0.10384104166666666,0.8566519708536543,0.8566519708536543,29.630760319181192,29.630760319181192
CDLP,Clot de Les Peres,gauge,hg,bypass25,VWC_020,total,60,0.7187905215504046,0.42245068074465136,0.7111250270567371,0.007665494493667491,59,0.509514888554561,0.5117133803270413,-0.6899547652213751,0.6504550020794111,49.28887304241969,51.754277471692184,0.10384104166666666,0.7187905215504046,0.7187905215504046,49.28887304241969,49.28887304241969
CDLP,Clot de Les Peres,gauge,hg,bypass25,VWC_050,total,60,-0.1915971678475183,-0.2031675465407058,-0.22098965577729868,0.029392487929780386,59,0.24962429518234688,0.24720381406250325,-0.7478367192164723,-0.37883460397163277,49.28887304241969,51.754277471692184,0.008252816666666662,-0.1915971678475183,-0.1915971678475183,49.28887304241969,49.28887304241969
CDLP,Clot de Les Peres,gauge,pm,control,VWC_005,upper,15,,,,,14,,,,,38.32973614677035,38.32973614677035,0.04538182708333334,,,38.32973614677035,38.32973614677035
CDLP,Clot de Les Peres,gauge,pm,control,VWC_005,total,15,,,,,14,,,,,38.32973614677036,38.32973614677035,0.04538182708333334,,,38.32973614677036,38.32973614677036
CDLP,Clot de Les Peres,gauge,pm,control,VWC_020,lower,60,0.6896951013232653,0.35693248124479027,0.6896951013232651,2.220446049250313e-16,59,0.5215377374369683,0.5215377374369683,-0.6906577640293958,0.6382876511212798,52.10606874356492,52.106068743564904,0.10384104166666666,0.6896951013232653,0.6896951013232653,52.10606874356492,52.10606874356492
CDLP,Clot de Les Peres,gauge,pm,control,VWC_020,total,60,0.6896951013232653,0.35693248124479027,0.6896951013232651,2.220446049250313e-16,59,0.5215377374369684,0.5215377374369683,-0.6906577640293959,0.6382876511212799,52.10606874356491,52.106068743564904,0.10384104166666666,0.6896951013232653,0.6896951013232653,52.10606874356491,52.10606874356491
CDLP,Clot de Les Peres,gauge,pm,control,VWC_050,total,60,-0.2423043459664906,-0.2949708252292304,-0.2423043459664907,1.1102230246251565e-16,59,0.254356398931588,0.25435639893158785,-0.7811329620329786,-0.4128799910898712,52.10606874356491,52.106068743564904,0.008252816666666662,-0.2423043459664906,-0.2423043459664906,52.10606874356491,52.10606874356491
CDLP,Clot de Les Peres,gauge,pm,cascade,VWC_005,upper,15,,,,,14,,,,,69.42528870132665,38.32973614677035,0.04538182708333334,,,69.42528870132665,69.42528870132665
CDLP,Clot de Les Peres,gauge,pm,cascade,VWC_005,total,15,,,,,14,,,,,38.72510828758185,38.32973614677035,0.04538182708333334,,,38.72510828758185,38.72510828758185
CDLP,Clot de Les Peres,gauge,pm,cascade,VWC_020,lower,60,0.8413937641122741,0.9237565990552933,0.6896951013232651,0.151698662789009,59,0.5580557743590869,0.5215377374369683,0.940617311667868,0.7645871311319907,31.941234239769067,52.106068743564904,0.10384104166666666,0.8413937641122741,0.8413937641122741,31.941234239769067,31.941234239769067
CDLP,Clot de Les Peres,gauge,pm,cascade,VWC_020,total,60,0.7169466769790624,0.38505140316754655,0.6896951013232651,0.02725157565579739,59,0.5337960612390592,0.5215377374369683,-0.6902728277993969,0.6637111379644788,52.6988430150917,52.106068743564904,0.10384104166666666,0.7169466769790624,0.7169466769790624,52.6988430150917,52.6988430150917
CDLP,Clot de Les Peres,gauge,pm,cascade,VWC_050,total,60,-0.21425418020203726,-0.25662684078910813,-0.2423043459664907,0.028050165764453433,59,0.26422877477914136,0.25435639893158785,-0.7822320561028602,-0.39279041336069,52.6988430150917,52.106068743564904,0.008252816666666662,-0.21425418020203726,-0.21425418020203726,52.6988430150917,52.6988430150917
CDLP,Clot de Les Peres,gauge,pm,surface,VWC_005,upper,15,,,,,14,,,,,73.38642165231116,38.32973614677035,0.04538182708333334,,,73.38642165231116,73.38642165231116
CDLP,Clot de Les Peres,gauge,pm,surface,VWC_005,total,15,,,,,14,,,,,35.584480655295415,38.32973614677035,0.04538182708333334,,,35.584480655295415,35.584480655295415
CDLP,Clot de Les Peres,gauge,pm,surface,VWC_020,lower,60,0.9212788057539872,0.9237565990552933,0.6896951013232651,0.23158370443072218,59,0.5762305582117866,0.5215377374369683,0.9659564166517793,0.8499985735738207,26.756594308667268,52.106068743564904,0.10384104166666666,0.9212788057539872,0.9212788057539872,26.756594308667268,26.756594308667268
CDLP,Clot de Les Peres,gauge,pm,surface,VWC_020,total,60,0.7222776246921911,0.4406223951097528,0.6896951013232651,0.032582523368926086,59,0.5230929040134894,0.5215377374369683,-0.69614640506134,0.6660053752753857,47.846224735858584,52.106068743564904,0.10384104166666666,0.7222776246921911,0.7222776246921911,47.846224735858584,47.846224735858584
CDLP,Clot de Les Peres,gauge,pm,surface,VWC_050,total,60,-0.16177867708240914,-0.1548207835509864,-0.2423043459664907,0.08052566888408155,59,0.26486070823506136,0.25435639893158785,-0.6552318557669148,-0.3498662748669149,47.846224735858584,52.106068743564904,0.008252816666666662,-0.16177867708240914,-0.16177867708240914,47.846224735858584,47.846224735858584
CDLP,Clot de Les Peres,gauge,pm,surface5,VWC_005,upper,15,,,,,14,,,,,64.87098532252864,38.32973614677035,0.04538182708333334,,,64.87098532252864,64.87098532252864
CDLP,Clot de Les Peres,gauge,pm,surface5,VWC_005,total,15,,,,,14,,,,,30.529277846551537,38.32973614677035,0.04538182708333334,,,30.529277846551537,30.529277846551537
CDLP,Clot de Les Peres,gauge,pm,surface5,VWC_020,lower,60,0.9212746322982787,0.9237565990552933,0.6896951013232651,0.2315795309750136,59,0.5762314361435351,0.5215377374369683,0.9659564166517792,0.8499975649836438,37.94672434703003,52.106068743564904,0.10384104166666666,0.9212746322982787,0.9212746322982787,37.94672434703003,37.94672434703003
CDLP,Clot de Les Peres,gauge,pm,surface5,VWC_020,total,60,0.8246578497315316,0.6132258960822452,0.6896951013232651,0.1349627484082665,59,0.5250991601858759,0.5215377374369683,-0.6463686122198452,0.7462705273827339,45.50265783522235,52.106068743564904,0.10384104166666666,0.8246578497315316,0.8246578497315316,45.50265783522235,45.50265783522235
CDLP,Clot de Les Peres,gauge,pm,surface5,VWC_050,total,60,-0.0033802279331575646,0.11019727702139485,-0.2423043459664907,0.23892411803333313,59,0.2763455735072683,0.25435639893158785,-0.505375070318611,-0.22876276178290317,45.50265783522235,52.106068743564904,0.008252816666666662,-0.0033802279331575646,-0.0033802279331575646,45.50265783522235,45.50265783522235
CDLP,Clot de Les Peres,gauge,pm,surface15,VWC_005,upper,15,,,,,14,,,,,73.56208628038814,38.32973614677035,0.04538182708333334,,,73.56208628038814,73.56208628038814
CDLP,Clot de Les Peres,gauge,pm,surface15,VWC_005,total,15,,,,,14,,,,,38.96301442857338,38.32973614677035,0.04538182708333334,,,38.96301442857338,38.96301442857338
CDLP,Clot de Les Peres,gauge,pm,surface15,VWC_020,lower,60,0.9212807361865472,0.9237565990552933,0.6896951013232651,0.2315856348632821,59,0.5762301516852325,0.5215377374369683,0.9659564166517794,0.849999040506755,6.998789180356824,52.106068743564904,0.10384104166666666,0.9212807361865472,0.9212807361865472,6.998789180356824,6.998789180356824
CDLP,Clot de Les Peres,gauge,pm,surface15,VWC_020,total,60,0.6652748212793165,0.3198666296193388,0.6896951013232651,-0.024420280043948583,59,0.5261110217313826,0.5215377374369683,-0.7005951489268764,0.6281580598588443,49.66855823658414,52.106068743564904,0.10384104166666666,0.6652748212793165,0.6652748212793165,49.66855823658414,49.66855823658414
CDLP,Clot de Les Peres,gauge,pm,surface15,VWC_050,total,60,-0.2461970468305537,-0.32953598221728264,-0.2423043459664907,-0.0038927008640630145,59,0.260679423893391,0.25435639893158785,-0.7165332941275984,-0.41151991840569396,49.66855823658414,52.106068743564904,0.008252816666666662,-0.2461970468305537,-0.2461970468305537,49.66855823658414,49.66855823658414
CDLP,Clot de Les Peres,gauge,pm,bypass25,VWC_005,upper,15,,,,,14,,,,,73.38642165231116,38.32973614677035,0.04538182708333334,,,73.38642165231116,73.38642165231116
CDLP,Clot de Les Peres,gauge,pm,bypass25,VWC_005,total,15,,,,,14,,,,,36.9106045466617,38.32973614677035,0.04538182708333334,,,36.9106045466617,36.9106045466617
CDLP,Clot de Les Peres,gauge,pm,bypass25,VWC_020,lower,60,0.8409467834301436,0.5960544595721035,0.6896951013232651,0.15125168210687856,59,0.5557922221563573,0.5215377374369683,-0.6569105488497773,0.7591783355692809,29.605406272884043,52.106068743564904,0.10384104166666666,0.8409467834301436,0.8409467834301436,29.605406272884043,29.605406272884043
CDLP,Clot de Les Peres,gauge,pm,bypass25,VWC_020,total,60,0.6984916038789861,0.387051958877466,0.6896951013232651,0.008796502555721064,59,0.5196921115057582,0.5215377374369683,-0.6909565528726433,0.6401298392431845,49.74530111373416,52.106068743564904,0.10384104166666666,0.6984916038789861,0.6984916038789861,49.74530111373416,49.74530111373416
CDLP,Clot de Les Peres,gauge,pm,bypass25,VWC_050,total,60,-0.2105199765456166,-0.24679077521533763,-0.2423043459664907,0.03178436942087409,59,0.2573176503940209,0.25435639893158785,-0.7353318569822535,-0.38883873502002647,49.74530111373416,52.106068743564904,0.008252816666666662,-0.2105199765456166,-0.2105199765456166,49.74530111373416,49.74530111373416
SCA,Serra de Costa Ampla,idw,hg,control,VWC_005,upper,60,0.3476101400274265,0.21961961129670574,0.3476101400274263,2.220446049250313e-16,59,-0.16985443449491527,-0.16985443449491536,-0.6535403754763189,0.33210803074805684,50.81752791568887,50.817527915688885,0.022083333333333316,0.3476101400274265,0.3476101400274265,50.81752791568887,50.81752791568887
SCA,Serra de Costa Ampla,idw,hg,control,VWC_005,total,60,0.3476101400274264,0.21961961129670574,0.3476101400274263,1.1102230246251565e-16,59,-0.16985443449491533,-0.16985443449491536,-0.6535403754763189,0.3321080307480568,50.81752791568886,50.817527915688885,0.022083333333333316,0.3476101400274264,0.3476101400274264,50.81752791568886,50.81752791568886
SCA,Serra de Costa Ampla,idw,hg,control,VWC_020,lower,60,0.7616545003544454,0.4375164979096569,0.7616545003544455,-1.1102230246251565e-16,59,0.4410797042919063,0.4410797042919064,-0.6505642348874158,0.7503786227749869,50.81752791568886,50.817527915688885,0.05191666666666664,0.7616545003544454,0.7616545003544454,50.81752791568886,50.81752791568886
SCA,Serra de Costa Ampla,idw,hg,control,VWC_020,total,60,0.7616545003544455,0.4375164979096569,0.7616545003544455,0.0,59,0.44107970429190657,0.4410797042919064,-0.6505642348874158,0.7503786227749869,50.81752791568886,50.817527915688885,0.05191666666666664,0.7616545003544455,0.7616545003544455,50.81752791568886,50.81752791568886
SCA,Serra de Costa Ampla,idw,hg,control,VWC_050,total,60,0.4400151548467658,0.28120093943316166,0.4400151548467657,1.1102230246251565e-16,59,0.09112150828230534,0.0911215082823051,-0.6625440512062559,0.35074433640438585,50.81752791568886,50.817527915688885,0.023874999999999924,0.4400151548467658,0.4400151548467658,50.81752791568886,50.81752791568886
SCA,Serra de Costa Ampla,idw,hg,cascade,VWC_005,upper,60,0.29342096955746577,0.12273024077651178,0.3476101400274263,-0.054189170469960524,59,-0.18364427576668513,-0.16985443449491536,-0.6535417738242482,0.3348855789027023,92.14344699934641,50.817527915688885,0.022083333333333316,0.29342096955746577,0.29342096955746577,92.14344699934641,92.14344699934641
SCA,Serra de Costa Ampla,idw,hg,cascade,VWC_005,total,60,0.38250064281560614,0.24304310981936803,0.3476101400274263,0.034890502788179845,59,-0.1543937046395969,-0.16985443449491536,-0.6535388193131062,0.36963846147167934,51.63736178616951,50.817527915688885,0.022083333333333316,0.38250064281560614,0.38250064281560614,51.63736178616951,51.63736178616951
SCA,Serra de Costa Ampla,idw,hg,cascade,VWC_020,lower,60,0.8531256375931204,0.856722099583923,0.7616545003544455,0.09147113723867495,59,0.43905757956862,0.4410797042919064,0.8894475795738386,0.784318963945876,31.38434713578626,50.817527915688885,0.05191666666666664,0.8531256375931204,0.8531256375931204,31.38434713578626,31.38434713578626
SCA,Serra de Costa Ampla,idw,hg,cascade,VWC_020,total,60,0.7877335445568024,0.4719154198207553,0.7616545003544455,0.02607904420235696,59,0.45823739486926907,0.4410797042919064,-0.6505624971115895,0.7763861550506537,51.63736178616951,50.817527915688885,0.05191666666666664,0.7877335445568024,0.7877335445568024,51.63736178616951,51.63736178616951
SCA,Serra de Costa Ampla,idw,hg,cascade,VWC_050,total,60,0.47563150228813506,0.3210192147501301,0.4400151548467657,0.03561634744136938,59,0.11428731115248641,0.0911215082823051,-0.6625422769395526,0.38771210972464143,51.63736178616951,50.817527915688885,0.023874999999999924,0.47563150228813506,0.47563150228813506,51.63736178616951,51.63736178616951
SCA,Serra de Costa Ampla,idw,hg,surface,VWC_005,upper,60,0.11865407367320738,-0.01906111504928392,0.3476101400274263,-0.22895606635421892,59,-0.23738839600682354,-0.16985443449491536,-0.5817992378139437,0.11356578946855064,85.84065864385195,50.817527915688885,0.022083333333333316,0.11865407367320738,0.11865407367320738,85.84065864385195,85.84065864385195
SCA,Serra de Costa Ampla,idw,hg,surface,VWC_005,total,60,0.3515956108581247,0.2586587755011429,0.3476101400274263,0.00398547083069839,59,-0.17470345104907298,-0.16985443449491536,-0.5816585052977586,0.301987138370054,47.56689890842897,50.817527915688885,0.022083333333333316,0.3515956108581247,0.3515956108581247,47.56689890842897,47.56689890842897
SCA,Serra de Costa Ampla,idw,hg,surface,VWC_020,lower,60,0.9012199296778853,0.856722099583923,0.7616545003544455,0.13956542932343985,59,0.468306925013188,0.4410797042919064,0.909275261591069,0.8410909199091842,28.431277864670093,50.817527915688885,0.05191666666666664,0.9012199296778853,0.9012199296778853,28.431277864670093,28.431277864670093
SCA,Serra de Costa Ampla,idw,hg,surface,VWC_020,total,60,0.7723144537887283,0.5593575904622954,0.7616545003544455,0.010659953434282832,59,0.43533471716306454,0.4410797042919064,-0.5454876533421725,0.7253598536372077,47.56689890842897,50.817527915688885,0.05191666666666664,0.7723144537887283,0.7723144537887283,47.56689890842897,47.56689890842897
SCA,Serra de Costa Ampla,idw,hg,surface,VWC_050,total,60,0.4716512667874361,0.42124567606785873,0.4400151548467657,0.0316361119406704,59,0.0835574974266713,0.0911215082823051,-0.5203721307596563,0.3401639487137187,47.56689890842897,50.817527915688885,0.023874999999999924,0.4716512667874361,0.4716512667874361,47.56689890842897,47.56689890842897
SCA,Serra de Costa Ampla,idw,hg,surface5,VWC_005,upper,60,-0.19436887122999352,-0.26552188835416496,0.3476101400274263,-0.5419790112574199,59,-0.30940387132894104,-0.16985443449491536,-0.5019017378821603,-0.18071842662888726,76.61449601435244,50.817527915688885,0.022083333333333316,-0.19436887122999352,-0.19436887122999352,76.61449601435244,76.61449601435244
SCA,Serra de Costa Ampla,idw,hg,surface5,VWC_005,total,60,0.44114158044632124,0.26127064840877073,0.3476101400274263,0.09353144041889494,59,-0.1535921138303222,-0.16985443449491536,-0.5012634919115435,0.3850650293012303,45.5697526607209,50.817527915688885,0.022083333333333316,0.44114158044632124,0.44114158044632124,45.5697526607209,45.5697526607209
SCA,Serra de Costa Ampla,idw,hg,surface5,VWC_020,lower,60,0.9012257355516928,0.856722099583923,0.7616545003544455,0.13957123519724735,59,0.46830743742998343,0.4410797042919064,0.9092752615910688,0.8410910159163445,39.36339698947719,50.817527915688885,0.05191666666666664,0.9012257355516928,0.9012257355516928,39.36339698947719,39.36339698947719
SCA,Serra de Costa Ampla,idw,hg,surface5,VWC_020,total,60,0.8385296624800533,0.6480223399116612,0.7616545003544455,0.07687516212560785,59,0.44072848764985195,0.4410797042919064,-0.43275935133130994,0.7694966436593433,45.5697526607209,50.817527915688885,0.05191666666666664,0.8385296624800533,0.8385296624800533,45.5697526607209,45.5697526607209
SCA,Serra de Costa Ampla,idw,hg,surface5,VWC_050,total,60,0.5886494298538574,0.5286133074877932,0.4400151548467657,0.1486342750070917,59,0.09261934781795392,0.0911215082823051,-0.3857429175087036,0.4381237272684057,45.5697526607209,50.817527915688885,0.023874999999999924,0.5886494298538574,0.5886494298538574,45.5697526607209,45.5697526607209
SCA,Serra de Costa Ampla,idw,hg,surface15,VWC_005,upper,60,0.2798616866614434,0.14504230401933246,0.3476101400274263,-0.0677484533659829,59,-0.18531606844586004,-0.16985443449491536,-0.6160978494249243,0.2536987915690052,89.11622607505814,50.817527915688885,0.022083333333333316,0.2798616866614434,0.2798616866614434,89.11622607505814,89.11622607505814
SCA,Serra de Costa Ampla,idw,hg,surface15,VWC_005,total,60,0.31662343881148075,0.2017810750552476,0.3476101400274263,-0.030986701215945545,59,-0.17523889967684828,-0.16985443449491536,-0.6160921232559498,0.2826920452442645,49.07945261584513,50.817527915688885,0.022083333333333316,0.31662343881148075,0.31662343881148075,49.07945261584513,49.07945261584513
SCA,Serra de Costa Ampla,idw,hg,surface15,VWC_020,lower,60,0.9012106729328084,0.856722099583923,0.7616545003544455,0.13955617257836295,59,0.46830610828187413,0.4410797042919064,0.9092752615910688,0.8410907669217873,9.042768338217403,50.817527915688885,0.05191666666666664,0.9012106729328084,0.9012106729328084,9.042768338217403,9.042768338217403
SCA,Serra de Costa Ampla,idw,hg,surface15,VWC_020,total,60,0.7380744126076254,0.4200113922521512,0.7616545003544455,-0.023580087746820078,59,0.43994795050408786,0.4410797042919064,-0.5953804073357223,0.7168902538289792,49.07945261584513,50.817527915688885,0.05191666666666664,0.7380744126076254,0.7380744126076254,49.07945261584513,49.07945261584513
SCA,Serra de Costa Ampla,idw,hg,surface15,VWC_050,total,60,0.4123928766797944,0.2601942289379571,0.4400151548467657,-0.02762227816697127,59,0.08831328458008414,0.0911215082823051,-0.5858180611597267,0.3077969250123668,49.07945261584513,50.817527915688885,0.023874999999999924,0.4123928766797944,0.4123928766797944,49.07945261584513,49.07945261584513
SCA,Serra de Costa Ampla,idw,hg,bypass25,VWC_005,upper,60,0.17519825495435454,0.04781950291518605,0.3476101400274263,-0.17241188507307176,59,-0.21839292587159104,-0.16985443449491536,-0.5817992375623953,0.1443069994696707,85.85383476610349,50.817527915688885,0.022083333333333316,0.17519825495435454,0.17519825495435454,85.85383476610349,85.85383476610349
SCA,Serra de Costa Ampla,idw,hg,bypass25,VWC_005,total,60,0.3301890458363946,0.23567985109041723,0.3476101400274263,-0.017421094191031716,59,-0.17877348137338053,-0.16985443449491536,-0.635707666396632,0.29213827294836014,48.924341856546214,50.817527915688885,0.022083333333333316,0.3301890458363946,0.3301890458363946,48.924341856546214,48.924341856546214
SCA,Serra de Costa Ampla,idw,hg,bypass25,VWC_020,lower,60,0.8657483686709166,0.6337126106837003,0.7616545003544455,0.10409386831647116,59,0.47251688630560057,0.4410797042919064,-0.7039929194951974,0.8364626010639586,30.459595401767565,50.817527915688885,0.05191666666666664,0.8657483686709166,0.8657483686709166,30.459595401767565,30.459595401767565
SCA,Serra de Costa Ampla,idw,hg,bypass25,VWC_020,total,60,0.7556986517336797,0.5022853888424278,0.7616545003544455,-0.0059558486207658135,59,0.43275989849437696,0.4410797042919064,-0.6186421554304451,0.7205933602517577,48.924341856546214,50.817527915688885,0.05191666666666664,0.7556986517336797,0.7556986517336797,48.924341856546214,48.924341856546214
SCA,Serra de Costa Ampla,idw,hg,bypass25,VWC_050,total,60,0.4404050868970236,0.3498617616998951,0.4400151548467657,0.0003899320502579462,59,0.0798243497805136,0.0911215082823051,-0.6177250770599529,0.32345425310068326,48.924341856546214,50.817527915688885,0.023874999999999924,0.4404050868970236,0.4404050868970236,48.924341856546214,48.924341856546214
SCA,Serra de Costa Ampla,idw,pm,control,VWC_005,upper,60,0.31847235574081445,0.2023367926951684,0.31847235574081456,-1.1102230246251565e-16,59,-0.1811353387158215,-0.18113533871582144,-0.6504092449993562,0.2993136073102288,51.117186760560635,51.117186760560664,0.022083333333333316,0.31847235574081445,0.31847235574081445,51.117186760560635,51.117186760560635
SCA,Serra de Costa Ampla,idw,pm,control,VWC_005,total,60,0.3184723557408145,0.2023367926951684,0.31847235574081456,-5.551115123125783e-17,59,-0.1811353387158215,-0.18113533871582144,-0.6504092449993562,0.29931360731022894,51.11718676056065,51.117186760560664,0.022083333333333316,0.3184723557408145,0.3184723557408145,51.11718676056065,51.11718676056065
SCA,Serra de Costa Ampla,idw,pm,control,VWC_020,lower,60,0.7392390634546221,0.4033676489365229,0.7392390634546222,-1.1102230246251565e-16,59,0.4452728042444559,0.44527280424445603,-0.6473930625779154,0.7293359085447281,51.11718676056066,51.117186760560664,0.05191666666666664,0.7392390634546221,0.7392390634546221,51.11718676056066,51.11718676056066
SCA,Serra de Costa Ampla,idw,pm,control,VWC_020,total,60,0.7392390634546221,0.4033676489365229,0.7392390634546222,-1.1102230246251565e-16,59,0.44527280424445603,0.44527280424445603,-0.6473930625779152,0.7293359085447281,51.11718676056065,51.117186760560664,0.05191666666666664,0.7392390634546221,0.7392390634546221,51.11718676056065,51.11718676056065
SCA,Serra de Costa Ampla,idw,pm,control,VWC_050,total,60,0.4098778778831002,0.24530058234347343,0.40987787788310037,-1.6653345369377348e-16,59,0.09420438088832277,0.09420438088832275,-0.6569359672536785,0.3209642176790545,51.11718676056065,51.117186760560664,0.023874999999999924,0.4098778778831002,0.4098778778831002,51.11718676056065,51.11718676056065
SCA,Serra de Costa Ampla,idw,pm,cascade,VWC_005,upper,60,0.26633381127527866,0.09172119646893036,0.31847235574081456,-0.052138544465535896,59,-0.1934859860187134,-0.18113533871582144,-0.6504104191730266,0.3039033836359606,92.89472962943223,51.117186760560664,0.022083333333333316,0.26633381127527866,0.26633381127527866,92.89472962943223,92.89472962943223
SCA,Serra de Costa Ampla,idw,pm,cascade,VWC_005,total,60,0.35448383092839086,0.21950846776872157,0.31847235574081456,0.0360114751875763,59,-0.1650816734780145,-0.18113533871582144,-0.6504080297836875,0.33725431926744015,51.87507176200234,51.117186760560664,0.022083333333333316,0.35448383092839086,0.35448383092839086,51.87507176200234,51.87507176200234
SCA,Serra de Costa Ampla,idw,pm,cascade,VWC_020,lower,60,0.8366425526028598,0.856722099583923,0.7392390634546222,0.0974034891482376,59,0.4424962422016207,0.44527280424445603,0.8818864864543066,0.7658348395255055,31.36526225933127,51.117186760560664,0.05191666666666664,0.8366425526028598,0.8366425526028598,31.36526225933127,31.36526225933127
SCA,Serra de Costa Ampla,idw,pm,cascade,VWC_020,total,60,0.7668628937147737,0.4316536768084923,0.7392390634546222,0.027623830260151472,59,0.46162575520457827,0.44527280424445603,-0.647391718601994,0.756494508750514,51.87507176200234,51.117186760560664,0.05191666666666664,0.7668628937147737,0.7668628937147737,51.87507176200234,51.87507176200234
SCA,Serra de Costa Ampla,idw,pm,cascade,VWC_050,total,60,0.44624251975959833,0.2770051546649396,0.40987787788310037,0.03636464187649796,59,0.11642058030920616,0.09420438088832275,-0.6569346162022582,0.3579524901507841,51.87507176200234,51.117186760560664,0.023874999999999924,0.44624251975959833,0.44624251975959833,51.87507176200234,51.87507176200234
SCA,Serra de Costa Ampla,idw,pm,surface,VWC_005,upper,60,0.08509961782940116,-0.028147098461989237,0.31847235574081456,-0.23337273791141339,59,-0.25103363768283143,-0.18113533871582144,-0.5777006340502234,0.0771653745489917,87.02309055055458,51.117186760560664,0.022083333333333316,0.08509961782940116,0.08509961782940116,87.02309055055458,87.02309055055458
SCA,Serra de Costa Ampla,idw,pm,surface,VWC_005,total,60,0.32273488325463967,0.2504063685483188,0.31847235574081456,0.0042625275138251095,59,-0.18679083953534686,-0.18113533871582144,-0.5775725404944234,0.26834705084443544,47.95087592567414,51.117186760560664,0.022083333333333316,0.32273488325463967,0.32273488325463967,47.95087592567414,47.95087592567414
SCA,Serra de Costa Ampla,idw,pm,surface,VWC_020,lower,60,0.8956682675321473,0.856722099583923,0.7392390634546222,0.15642920407752514,59,0.4712505597137835,0.44527280424445603,0.9077697107087415,0.8329854703073041,28.415799283724496,51.117186760560664,0.05191666666666664,0.8956682675321473,0.8956682675321473,28.415799283724496,28.415799283724496
SCA,Serra de Costa Ampla,idw,pm,surface,VWC_020,total,60,0.7506850851021611,0.536573167225542,0.7392390634546222,0.01144602164753894,59,0.43941529642320265,0.44527280424445603,-0.541299094638287,0.7029964265253651,47.95087592567414,51.117186760560664,0.05191666666666664,0.7506850851021611,0.7506850851021611,47.95087592567414,47.95087592567414
SCA,Serra de Costa Ampla,idw,pm,surface,VWC_050,total,60,0.44311040094100573,0.39573752760939607,0.40987787788310037,0.03323252305790536,59,0.08679682620111882,0.09420438088832275,-0.5130303649666245,0.31006646544892325,47.95087592567414,51.117186760560664,0.023874999999999924,0.44311040094100573,0.44311040094100573,47.95087592567414,47.95087592567414
SCA,Serra de Costa Ampla,idw,pm,surface5,VWC_005,upper,60,-0.21171454173118442,-0.2924464080083284,0.31847235574081456,-0.530186897471999,59,-0.32342610289654483,-0.18113533871582144,-0.500522417844467,-0.20222736979843733,78.4483903990844,51.117186760560664,0.022083333333333316,-0.21171454173118442,-0.21171454173118442,78.4483903990844,78.4483903990844
SCA,Serra de Costa Ampla,idw,pm,surface5,VWC_005,total,60,0.4202239886383877,0.260770502532842,0.31847235574081456,0.10175163289757316,59,-0.16376974691119364,-0.18113533871582144,-0.49996093760749966,0.3565499179018802,46.00363156100485,51.117186760560664,0.022083333333333316,0.4202239886383877,0.4202239886383877,46.00363156100485,46.00363156100485
SCA,Serra de Costa Ampla,idw,pm,surface5,VWC_020,lower,60,0.8956723869628516,0.856722099583923,0.7392390634546222,0.15643332350822936,59,0.47125101653237056,0.44527280424445603,0.9077697107087412,0.8329854963113269,39.51673744410764,51.117186760560664,0.05191666666666664,0.8956723869628516,0.8956723869628516,39.51673744410764,39.51673744410764
SCA,Serra de Costa Ampla,idw,pm,surface5,VWC_020,total,60,0.824753275272484,0.6452437517120572,0.7392390634546222,0.08551421181786178,59,0.44519409169201485,0.44527280424445603,-0.4316391318849574,0.7531039355337666,46.00363156100485,51.117186760560664,0.05191666666666664,0.824753275272484,0.824753275272484,46.00363156100485,46.00363156100485
SCA,Serra de Costa Ampla,idw,pm,surface5,VWC_050,total,60,0.5656603564844328,0.5221945903920362,0.40987787788310037,0.15578247860133243,59,0.09569684020776899,0.09420438088832275,-0.3814313991263887,0.4103415986153138,46.00363156100485,51.117186760560664,0.023874999999999924,0.5656603564844328,0.5656603564844328,46.00363156100485,46.00363156100485
SCA,Serra de Costa Ampla,idw,pm,surface15,VWC_005,upper,60,0.24638315777097702,0.11758985260724426,0.31847235574081456,-0.07208919796983754,59,-0.19803186470577222,-0.18113533871582144,-0.6120311449162933,0.21725772192999054,90.0524748447992,51.117186760560664,0.022083333333333316,0.24638315777097702,0.24638315777097702,90.0524748447992,90.0524748447992
SCA,Serra de Costa Ampla,idw,pm,surface15,VWC_005,total,60,0.283408193640332,0.17474541187309997,0.31847235574081456,-0.03506416210048258,59,-0.18793978045070514,-0.18113533871582144,-0.6120275093622198,0.2461817785813708,49.40820531340778,51.117186760560664,0.022083333333333316,0.283408193640332,0.283408193640332,49.40820531340778,49.40820531340778
SCA,Serra de Costa Ampla,idw,pm,surface15,VWC_020,lower,60,0.8956603167688455,0.856722099583923,0.7392390634546222,0.1564212533142233,59,0.4712496783330936,0.44527280424445603,0.9077697107087415,0.8329854201444442,8.76398657843824,51.117186760560664,0.05191666666666664,0.8956603167688455,0.8956603167688455,8.76398657843824,8.76398657843824
SCA,Serra de Costa Ampla,idw,pm,surface15,VWC_020,total,60,0.7123770941566667,0.3719696022809969,0.7392390634546222,-0.02686196929795548,59,0.44339031746698837,0.44527280424445603,-0.5911920495813001,0.6920840871606346,49.40820531340778,51.117186760560664,0.05191666666666664,0.7123770941566667,0.7123770941566667,49.40820531340778,49.40820531340778
SCA,Serra de Costa Ampla,idw,pm,surface15,VWC_050,total,60,0.38038800142798196,0.21248454385823984,0.40987787788310037,-0.029489876455118413,59,0.09092293924312346,0.09420438088832275,-0.5786928139172012,0.2758997507040458,49.40820531340778,51.117186760560664,0.023874999999999924,0.38038800142798196,0.38038800142798196,49.40820531340778,49.40820531340778
SCA,Serra de Costa Ampla,idw,pm,bypass25,VWC_005,upper,60,0.14002472637395902,0.027174592592127806,0.31847235574081456,-0.17844762936685554,59,-0.23221415786568014,-0.18113533871582144,-0.5777006338608943,0.10673421153726464,87.03186601712606,51.117186760560664,0.022083333333333316,0.14002472637395902,0.14002472637395902,87.03186601712606,87.03186601712606
SCA,Serra de Costa Ampla,idw,pm,bypass25,VWC_005,total,60,0.3005682807628076,0.22359299242213954,0.31847235574081456,-0.017904074978006945,59,-0.19093384204145297,-0.18113533871582144,-0.6330597514762024,0.25848288633786276,49.30249201391825,51.117186760560664,0.022083333333333316,0.3005682807628076,0.3005682807628076,49.30249201391825,49.30249201391825
SCA,Serra de Costa Ampla,idw,pm,bypass25,VWC_020,lower,60,0.8552602563400106,0.630739521310124,0.7392390634546222,0.11602119288538837,59,0.47582230810522785,0.44527280424445603,-0.7027176452805961,0.8243093820466437,30.437805012314325,51.117186760560664,0.05191666666666664,0.8552602563400106,0.8552602563400106,30.437805012314325,30.437805012314325
SCA,Serra de Costa Ampla,idw,pm,bypass25,VWC_020,total,60,0.7330439678753643,0.47158198923680283,0.7392390634546222,-0.006195095579257903,59,0.4369925748036901,0.44527280424445603,-0.6161332888801903,0.6979875672915368,49.30249201391825,51.117186760560664,0.05191666666666664,0.7330439678753643,0.7330439678753643,49.30249201391825,49.30249201391825
SCA,Serra de Costa Ampla,idw,pm,bypass25,VWC_050,total,60,0.41091513321626927,0.3169623632523789,0.40987787788310037,0.001037255333168896,59,0.08326277143433063,0.09420438088832275,-0.6128037553464009,0.2934679201046011,49.30249201391825,51.117186760560664,0.023874999999999924,0.41091513321626927,0.41091513321626927,49.30249201391825,49.30249201391825
SCA,Serra de Costa Ampla,gauge,hg,control,VWC_005,upper,60,0.42010606004457074,0.2120896372757787,0.42010606004457063,1.1102230246251565e-16,59,-0.12048626992657288,-0.12048626992657296,-0.5703307489750367,0.3480405328198041,86.35548802322087,86.35548802322081,0.022083333333333316,0.42010606004457074,0.42010606004457074,86.35548802322087,86.35548802322087
SCA,Serra de Costa Ampla,gauge,hg,control,VWC_005,total,60,0.4201060600445709,0.2120896372757787,0.42010606004457063,2.7755575615628914e-16,59,-0.12048626992657283,-0.12048626992657296,-0.5703307489750367,0.3480405328198043,86.35548802322087,86.35548802322081,0.022083333333333316,0.4201060600445709,0.4201060600445709,86.35548802322087,86.35548802322087
SCA,Serra de Costa Ampla,gauge,hg,control,VWC_020,lower,60,0.8358568013219789,0.6318787424719616,0.8358568013219787,2.220446049250313e-16,59,0.44666746805983515,0.4466674680598353,-0.5487838070911917,0.7610585084169921,86.35548802322087,86.35548802322081,0.05191666666666664,0.8358568013219789,0.8358568013219789,86.35548802322087,86.35548802322087
SCA,Serra de Costa Ampla,gauge,hg,control,VWC_020,total,60,0.8358568013219788,0.6318787424719616,0.8358568013219787,1.1102230246251565e-16,59,0.44666746805983526,0.4466674680598353,-0.5487838070911915,0.761058508416992,86.35548802322087,86.35548802322081,0.05191666666666664,0.8358568013219788,0.8358568013219788,86.35548802322087,86.35548802322087
SCA,Serra de Costa Ampla,gauge,hg,control,VWC_050,total,60,0.5327017509868424,0.41724439787829604,0.5327017509868421,2.220446049250313e-16,59,0.11740829256405491,0.11740829256405509,-0.5486430036796535,0.34558154582277145,86.35548802322087,86.35548802322081,0.023874999999999924,0.5327017509868424,0.5327017509868424,86.35548802322087,86.35548802322087
SCA,Serra de Costa Ampla,gauge,hg,cascade,VWC_005,upper,60,0.19790650765489354,0.09519443171843543,0.42010606004457063,-0.2221995523896771,59,-0.14516512635213824,-0.12048626992657296,-0.5703331423846996,0.08775789643746831,92.31508025595127,86.35548802322081,0.022083333333333316,0.19790650765489354,0.19790650765489354,92.31508025595127,92.31508025595127
SCA,Serra de Costa Ampla,gauge,hg,cascade,VWC_005,total,60,0.4196514112623367,0.2080884702683488,0.42010606004457063,-0.0004546487822339462,59,-0.12191219267161041,-0.12048626992657296,-0.5703280854446522,0.34655148359033333,87.38605651297104,86.35548802322081,0.022083333333333316,0.4196514112623367,0.4196514112623367,87.38605651297104,87.38605651297104
SCA,Serra de Costa Ampla,gauge,hg,cascade,VWC_020,lower,60,0.8707078919827258,0.856722099583923,0.8358568013219787,0.0348510906607471,59,0.46066480520912023,0.4466674680598353,0.8894475795738386,0.8090759923060362,84.92156351668733,86.35548802322081,0.05191666666666664,0.8707078919827258,0.8707078919827258,84.92156351668733,84.92156351668733
SCA,Serra de Costa Ampla,gauge,hg,cascade,VWC_020,total,60,0.8362649642429867,0.6319343142359537,0.8358568013219787,0.0004081629210079818,59,0.4470799839440298,0.4466674680598353,-0.5487808334511377,0.7603077886540264,87.38605651297104,86.35548802322081,0.05191666666666664,0.8362649642429867,0.8362649642429867,87.38605651297104,87.38605651297104
SCA,Serra de Costa Ampla,gauge,hg,cascade,VWC_050,total,60,0.5321111329905326,0.41529933209170294,0.5327017509868421,-0.0005906179963095504,59,0.11664258527377871,0.11740829256405509,-0.5486399374842581,0.3420510823198629,87.38605651297104,86.35548802322081,0.023874999999999924,0.5321111329905326,0.5321111329905326,87.38605651297104,87.38605651297104
SCA,Serra de Costa Ampla,gauge,hg,surface,VWC_005,upper,60,0.0253303552446589,-0.011336639854384607,0.42010606004457063,-0.39477570479991175,59,-0.19280086094960402,-0.12048626992657296,-0.4788383161487668,-0.10489889772595645,85.86555265898711,86.35548802322081,0.022083333333333316,0.0253303552446589,0.0253303552446589,85.86555265898711,85.86555265898711
SCA,Serra de Costa Ampla,gauge,hg,surface,VWC_005,total,60,0.4646935874086989,0.23615221108434997,0.42010606004457063,0.0445875273641283,59,-0.11096140009105657,-0.12048626992657296,-0.4786094949018809,0.39993037534438886,81.58287443941069,86.35548802322081,0.022083333333333316,0.4646935874086989,0.4646935874086989,81.58287443941069,81.58287443941069
SCA,Serra de Costa Ampla,gauge,hg,surface,VWC_020,lower,60,0.9158364280076403,0.856722099583923,0.8358568013219787,0.07997962668566161,59,0.48955176663139605,0.4466674680598353,0.909275261591069,0.8674501430047594,79.44248813787881,86.35548802322081,0.05191666666666664,0.9158364280076403,0.9158364280076403,79.44248813787881,79.44248813787881
SCA,Serra de Costa Ampla,gauge,hg,surface,VWC_020,total,60,0.866862232628969,0.6669167396689689,0.8358568013219787,0.031005431306990294,59,0.44723940253937333,0.4466674680598353,-0.4263457507689976,0.7907134943574452,81.58287443941069,86.35548802322081,0.05191666666666664,0.866862232628969,0.866862232628969,81.58287443941069,81.58287443941069
SCA,Serra de Costa Ampla,gauge,hg,surface,VWC_050,total,60,0.6042199541238121,0.4809036224080759,0.5327017509868421,0.07151820313697,59,0.12361481311956124,0.11740829256405509,-0.3953717553988675,0.4175499670545145,81.58287443941069,86.35548802322081,0.023874999999999924,0.6042199541238121,0.6042199541238121,81.58287443941069,81.58287443941069
SCA,Serra de Costa Ampla,gauge,hg,surface5,VWC_005,upper,60,-0.23754113464081217,-0.25429639202776455,0.42010606004457063,-0.6576471946853828,59,-0.19391457783060162,-0.12048626992657296,-0.38671070740193425,-0.3628369558059304,76.61757562472272,86.35548802322081,0.022083333333333316,-0.23754113464081217,-0.23754113464081217,76.61757562472272,76.61757562472272
SCA,Serra de Costa Ampla,gauge,hg,surface5,VWC_005,total,60,0.5111691301663899,0.24507147920507902,0.42010606004457063,0.09106307012181925,59,-0.0923869182964974,-0.12048626992657296,-0.3857536960146552,0.4689791734944472,80.16035668478554,86.35548802322081,0.022083333333333316,0.5111691301663899,0.5111691301663899,80.16035668478554,80.16035668478554
SCA,Serra de Costa Ampla,gauge,hg,surface5,VWC_020,lower,60,0.918418819352735,0.912071576520036,0.8358568013219787,0.08256201803075625,59,0.4911498114074678,0.4466674680598353,0.9092752615910688,0.8738506101483594,80.87080136029137,86.35548802322081,0.05191666666666664,0.918418819352735,0.918418819352735,80.87080136029137,80.87080136029137
SCA,Serra de Costa Ampla,gauge,hg,surface5,VWC_020,total,60,0.8916337137221956,0.6713346949063393,0.8358568013219787,0.05577691240021687,59,0.454953359496211,0.4466674680598353,-0.3083320003735072,0.8282576818065909,80.16035668478554,86.35548802322081,0.05191666666666664,0.8916337137221956,0.8916337137221956,80.16035668478554,80.16035668478554
SCA,Serra de Costa Ampla,gauge,hg,surface5,VWC_050,total,60,0.6602529938581709,0.5079956101499072,0.5327017509868421,0.1275512428713288,59,0.13640750879944666,0.11740829256405509,-0.26519036982728705,0.4939718689854716,80.16035668478554,86.35548802322081,0.023874999999999924,0.6602529938581709,0.6602529938581709,80.16035668478554,80.16035668478554
SCA,Serra de Costa Ampla,gauge,hg,surface15,VWC_005,upper,60,0.21886489493834746,0.11922921964501065,0.42010606004457063,-0.20124116510622317,59,-0.16929719210785155,-0.12048626992657296,-0.5212868322677375,0.10934734082090694,89.15941767931187,86.35548802322081,0.022083333333333316,0.21886489493834746,0.21886489493834746,89.15941767931187,89.15941767931187
SCA,Serra de Costa Ampla,gauge,hg,surface15,VWC_005,total,60,0.43844501287565435,0.21631309133917687,0.42010606004457063,0.01833895283108372,59,-0.1178296723502604,-0.12048626992657296,-0.5212771380261987,0.3657589829780167,83.38308375503811,86.35548802322081,0.022083333333333316,0.43844501287565435,0.43844501287565435,83.38308375503811,83.38308375503811
SCA,Serra de Costa Ampla,gauge,hg,surface15,VWC_020,lower,60,0.914574755815897,0.856722099583923,0.8358568013219787,0.07871795449391827,59,0.48843752953590197,0.4466674680598353,0.9092752615910688,0.865105380162515,77.60681733261843,86.35548802322081,0.05191666666666664,0.914574755815897,0.914574755815897,77.60681733261843,77.60681733261843
SCA,Serra de Costa Ampla,gauge,hg,surface15,VWC_020,total,60,0.8503218745589276,0.657386182144327,0.8358568013219787,0.0144650732369489,59,0.4449677639740821,0.4466674680598353,-0.48279832133879075,0.7711341047292236,83.38308375503811,86.35548802322081,0.05191666666666664,0.8503218745589276,0.8503218745589276,83.38308375503811,83.38308375503811
SCA,Serra de Costa Ampla,gauge,hg,surface15,VWC_050,total,60,0.5674531536850755,0.45600678033968534,0.5327017509868421,0.0347514026982334,59,0.11808575785289833,0.11740829256405509,-0.46396938841071256,0.3755048914311613,83.38308375503811,86.35548802322081,0.023874999999999924,0.5674531536850755,0.5674531536850755,83.38308375503811,83.38308375503811
SCA,Serra de Costa Ampla,gauge,hg,bypass25,VWC_005,upper,60,0.1042241949971855,0.04920879701498809,0.42010606004457063,-0.31588186504738514,59,-0.19459688176860532,-0.12048626992657296,-0.47883831576016844,-0.01893514049249246,85.87250527780398,86.35548802322081,0.022083333333333316,0.1042241949971855,0.1042241949971855,85.87250527780398,85.87250527780398
SCA,Serra de Costa Ampla,gauge,hg,bypass25,VWC_005,total,60,0.46456709935671636,0.2308173217411101,0.42010606004457063,0.044461039312145734,59,-0.11101696174280327,-0.12048626992657296,-0.5406811235266569,0.4046663959475978,83.53701865851592,86.35548802322081,0.022083333333333316,0.46456709935671636,0.46456709935671636,83.53701865851592,83.53701865851592
SCA,Serra de Costa Ampla,gauge,hg,bypass25,VWC_020,lower,60,0.9156355111261214,0.6673335278989095,0.8358568013219787,0.0797787098041427,59,0.49285778672138925,0.4466674680598353,-0.6178329384901786,0.8756019063113025,82.36927534887188,86.35548802322081,0.05191666666666664,0.9156355111261214,0.9156355111261214,82.36927534887188,82.36927534887188
SCA,Serra de Costa Ampla,gauge,hg,bypass25,VWC_020,total,60,0.8672235372734125,0.6636102197114402,0.8358568013219787,0.0313667359514338,59,0.447996219670044,0.4466674680598353,-0.5053486395708667,0.7944653776765036,83.53701865851592,86.35548802322081,0.05191666666666664,0.8672235372734125,0.8672235372734125,83.53701865851592,83.53701865851592
SCA,Serra de Costa Ampla,gauge,hg,bypass25,VWC_050,total,60,0.6013534597667227,0.4753185049351446,0.5327017509868421,0.06865170877988058,59,0.12355407915235019,0.11740829256405509,-0.4942990179394108,0.4184976940644097,83.53701865851592,86.35548802322081,0.023874999999999924,0.6013534597667227,0.6013534597667227,83.53701865851592,83.53701865851592
SCA,Serra de Costa Ampla,gauge,pm,control,VWC_005,upper,60,0.3936027691625962,0.21411800666148967,0.3936027691625961,5.551115123125783e-17,59,-0.13168680948536532,-0.1316868094853652,-0.5692363497805857,0.3140650704575183,86.55009479044176,86.55009479044175,0.022083333333333316,0.3936027691625962,0.3936027691625962,86.55009479044176,86.55009479044176
SCA,Serra de Costa Ampla,gauge,pm,control,VWC_005,total,60,0.3936027691625962,0.21411800666148967,0.3936027691625961,5.551115123125783e-17,59,-0.13168680948536524,-0.1316868094853652,-0.5692363497805857,0.3140650704575182,86.55009479044176,86.55009479044175,0.022083333333333316,0.3936027691625962,0.3936027691625962,86.55009479044176,86.55009479044176
SCA,Serra de Costa Ampla,gauge,pm,control,VWC_020,lower,60,0.8176969678106547,0.6212645355494741,0.8176969678106548,-1.1102230246251565e-16,59,0.4501250139386664,0.45012501393866616,-0.5480794041626276,0.7394722776836531,86.55009479044175,86.55009479044175,0.05191666666666664,0.8176969678106547,0.8176969678106547,86.55009479044175,86.55009479044175
SCA,Serra de Costa Ampla,gauge,pm,control,VWC_020,total,60,0.8176969678106548,0.6212645355494741,0.8176969678106548,0.0,59,0.4501250139386663,0.45012501393866616,-0.5480794041626276,0.7394722776836533,86.55009479044176,86.55009479044175,0.05191666666666664,0.8176969678106548,0.8176969678106548,86.55009479044176,86.55009479044176
SCA,Serra de Costa Ampla,gauge,pm,control,VWC_050,total,60,0.5048734417653613,0.4036567240262391,0.5048734417653613,0.0,59,0.11895719465522644,0.11895719465522638,-0.5460903646303839,0.31445013534695976,86.55009479044176,86.55009479044175,0.023874999999999924,0.5048734417653613,0.5048734417653613,86.55009479044176,86.55009479044176
SCA,Serra de Costa Ampla,gauge,pm,cascade,VWC_005,upper,60,0.1758929885720037,0.08494144126189643,0.3936027691625961,-0.21770978059059243,59,-0.15650630224503229,-0.1316868094853652,-0.5692383236040428,0.06575431611890034,93.03580594931799,86.55009479044175,0.022083333333333316,0.1758929885720037,0.1758929885720037,93.03580594931799,93.03580594931799
SCA,Serra de Costa Ampla,gauge,pm,cascade,VWC_005,total,60,0.39307199315101937,0.21411800666148967,0.3936027691625961,-0.0005307760115767501,59,-0.13314281171797357,-0.1316868094853652,-0.5692343069615904,0.31233807432278987,87.52720470826566,86.55009479044175,0.022083333333333316,0.39307199315101937,0.39307199315101937,87.52720470826566,87.52720470826566
SCA,Serra de Costa Ampla,gauge,pm,cascade,VWC_020,lower,60,0.8553520138865265,0.856722099583923,0.8176969678106548,0.03765504607587167,59,0.4628578637948864,0.45012501393866616,0.8818864864543066,0.7913320629145664,84.77291676565183,86.55009479044175,0.05191666666666664,0.8553520138865265,0.8553520138865265,84.77291676565183,84.77291676565183
SCA,Serra de Costa Ampla,gauge,pm,cascade,VWC_020,total,60,0.8181068687558668,0.6212645355494741,0.8176969678106548,0.00040990094521198284,59,0.45047774767914783,0.45012501393866616,-0.54807714105005,0.7385152914619242,87.52720470826566,86.55009479044175,0.05191666666666664,0.8181068687558668,0.8181068687558668,87.52720470826566,87.52720470826566
SCA,Serra de Costa Ampla,gauge,pm,cascade,VWC_050,total,60,0.5041690056005315,0.4036567240262391,0.5048734417653613,-0.0007044361648298469,59,0.11826836723688108,0.11895719465522638,-0.5460880632139242,0.3106348961419695,87.52720470826566,86.55009479044175,0.023874999999999924,0.5041690056005315,0.5041690056005315,87.52720470826566,87.52720470826566
SCA,Serra de Costa Ampla,gauge,pm,surface,VWC_005,upper,60,0.0002841589899757052,-0.027091234946139686,0.3936027691625961,-0.39331861017262043,59,-0.20808604439879508,-0.1316868094853652,-0.4771664069761217,-0.12804932891239842,87.04070366513454,86.55009479044175,0.022083333333333316,0.0002841589899757052,0.0002841589899757052,87.04070366513454,87.04070366513454
SCA,Serra de Costa Ampla,gauge,pm,surface,VWC_005,total,60,0.44382273227632524,0.2313452534990349,0.3936027691625961,0.050219963113729116,59,-0.1212245569514768,-0.1316868094853652,-0.4769599364435506,0.3684406191078235,81.71115143845041,86.55009479044175,0.022083333333333316,0.44382273227632524,0.44382273227632524,81.71115143845041,81.71115143845041
SCA,Serra de Costa Ampla,gauge,pm,surface,VWC_020,lower,60,0.9120563344247655,0.856722099583923,0.8176969678106548,0.0943593666141107,59,0.4912812984012404,0.45012501393866616,0.9077697107087415,0.8609323733156297,79.04713760307362,86.55009479044175,0.05191666666666664,0.9120563344247655,0.9120563344247655,79.04713760307362,79.04713760307362
SCA,Serra de Costa Ampla,gauge,pm,surface,VWC_020,total,60,0.8540028144578116,0.6645549396993055,0.8176969678106548,0.03630584664715675,59,0.45069149473363956,0.45012501393866616,-0.42481110236115643,0.7719571033913906,81.71115143845041,86.55009479044175,0.05191666666666664,0.8540028144578116,0.8540028144578116,81.71115143845041,81.71115143845041
SCA,Serra de Costa Ampla,gauge,pm,surface,VWC_050,total,60,0.5811335238741253,0.4739569588845295,0.5048734417653613,0.076260082108764,59,0.12517987636042804,0.11895719465522638,-0.3912827285311339,0.38788727705569426,81.71115143845041,86.55009479044175,0.023874999999999924,0.5811335238741253,0.5811335238741253,81.71115143845041,81.71115143845041
SCA,Serra de Costa Ampla,gauge,pm,surface5,VWC_005,upper,60,-0.24855798420696673,-0.27888689759426055,0.3936027691625961,-0.6421607533695628,59,-0.21109380261562216,-0.1316868094853652,-0.3874435648664074,-0.3707752203782244,78.4501389027992,86.55009479044175,0.022083333333333316,-0.24855798420696673,-0.24855798420696673,78.4501389027992,78.4501389027992
SCA,Serra de Costa Ampla,gauge,pm,surface5,VWC_005,total,60,0.4959619079991257,0.24309868158336012,0.3936027691625961,0.10235913883652958,59,-0.1010403834693637,-0.1316868094853652,-0.3865986512180309,0.44108026781099946,80.3200965071158,86.55009479044175,0.022083333333333316,0.4959619079991257,0.4959619079991257,80.3200965071158,80.3200965071158
SCA,Serra de Costa Ampla,gauge,pm,surface5,VWC_020,lower,60,0.9147320829455523,0.912071576520036,0.8176969678106548,0.09703511513489749,59,0.49305013857908975,0.45012501393866616,0.9077697107087412,0.8655347910111981,80.69555275926434,86.55009479044175,0.05191666666666664,0.9147320829455523,0.9147320829455523,80.69555275926434,80.69555275926434
SCA,Serra de Costa Ampla,gauge,pm,surface5,VWC_020,total,60,0.8838851930871878,0.6713624807883355,0.8176969678106548,0.06618822527653301,59,0.4587157012666403,0.45012501393866616,-0.3091728090464283,0.8137013720418658,80.3200965071158,86.55009479044175,0.05191666666666664,0.8838851930871878,0.8838851930871878,80.3200965071158,80.3200965071158
SCA,Serra de Costa Ampla,gauge,pm,surface5,VWC_050,total,60,0.6415247828860675,0.5019659062114689,0.5048734417653613,0.1366513411207062,59,0.1377457207088272,0.11895719465522638,-0.26339640893777194,0.46606222644314166,80.3200965071158,86.55009479044175,0.023874999999999924,0.6415247828860675,0.6415247828860675,80.3200965071158,80.3200965071158
SCA,Serra de Costa Ampla,gauge,pm,surface15,VWC_005,upper,60,0.1893000992178204,0.10497506218104179,0.3936027691625961,-0.20430266994477572,59,-0.18297698877764518,-0.1316868094853652,-0.519498230307364,0.07811703517353821,90.08535960828395,86.55009479044175,0.022083333333333316,0.1893000992178204,0.1893000992178204,90.08535960828395,90.08535960828395
SCA,Serra de Costa Ampla,gauge,pm,surface15,VWC_005,total,60,0.41395202817380045,0.21686880897909772,0.3936027691625961,0.020349259011204324,59,-0.12905742393701264,-0.1316868094853652,-0.5194921600558702,0.33201725936535753,83.55003896164216,86.55009479044175,0.022083333333333316,0.41395202817380045,0.41395202817380045,83.55003896164216,83.55003896164216
SCA,Serra de Costa Ampla,gauge,pm,surface15,VWC_020,lower,60,0.9103642725102228,0.856722099583923,0.8176969678106548,0.09266730469956797,59,0.4900737562194637,0.45012501393866616,0.9077697107087415,0.8580066669171151,77.01475588374178,86.55009479044175,0.05191666666666664,0.9103642725102228,0.9103642725102228,77.01475588374178,77.01475588374178
SCA,Serra de Costa Ampla,gauge,pm,surface15,VWC_020,total,60,0.8342464108884267,0.6558301727525487,0.8176969678106548,0.01654944307777184,59,0.44837285503236535,0.45012501393866616,-0.4812204776883599,0.7500952950449868,83.55003896164216,86.55009479044175,0.05191666666666664,0.8342464108884267,0.8342464108884267,83.55003896164216,83.55003896164216
SCA,Serra de Costa Ampla,gauge,pm,surface15,VWC_050,total,60,0.5413712585149204,0.4481709438851249,0.5048734417653613,0.0364978167495591,59,0.11953575940026587,0.11895719465522638,-0.4600477472101234,0.34430911261900415,83.55003896164216,86.55009479044175,0.023874999999999924,0.5413712585149204,0.5413712585149204,83.55003896164216,83.55003896164216
SCA,Serra de Costa Ampla,gauge,pm,bypass25,VWC_005,upper,60,0.07507279944397624,0.035649286600920226,0.3936027691625961,-0.3185299697186199,59,-0.20969594895777666,-0.1316868094853652,-0.47716640668584265,-0.04757240470583057,87.04507585328248,86.55009479044175,0.022083333333333316,0.07507279944397624,0.07507279944397624,87.04507585328248,87.04507585328248
SCA,Serra de Costa Ampla,gauge,pm,bypass25,VWC_005,total,60,0.4435415299597124,0.22362077830413557,0.3936027691625961,0.04993876079711629,59,-0.12145915977342628,-0.1316868094853652,-0.5405996139799689,0.37288333479674285,83.71204366591107,86.55009479044175,0.022083333333333316,0.4435415299597124,0.4435415299597124,83.71204366591107,83.71204366591107
SCA,Serra de Costa Ampla,gauge,pm,bypass25,VWC_020,lower,60,0.9111373339231306,0.6681115325947987,0.8176969678106548,0.09344036611247575,59,0.4946797245920871,0.45012501393866616,-0.6189150623731314,0.8663028852987396,82.04552757222532,86.55009479044175,0.05191666666666664,0.9111373339231306,0.9111373339231306,82.04552757222532,82.04552757222532
SCA,Serra de Costa Ampla,gauge,pm,bypass25,VWC_020,total,60,0.8544115033881321,0.6606649162198599,0.8176969678106548,0.03671453557747728,59,0.4516266133694619,0.45012501393866616,-0.5058145161831464,0.775686640710543,83.71204366591107,86.55009479044175,0.05191666666666664,0.8544115033881321,0.8544115033881321,83.71204366591107,83.71204366591107
SCA,Serra de Costa Ampla,gauge,pm,bypass25,VWC_050,total,60,0.5778134382832083,0.4629812305173261,0.5048734417653613,0.072939996517847,59,0.1251111896896394,0.11895719465522638,-0.4930240849251977,0.38818564634490604,83.71204366591107,86.55009479044175,0.023874999999999924,0.5778134382832083,0.5778134382832083,83.71204366591107,83.71204366591107
CMN,Camí dels Nerets,idw,hg,control,VWC_005,upper,60,-0.29620499703975184,-0.2010336492481866,-0.29620499703975184,0.0,59,-0.10815242608562906,-0.10815242608562912,-0.5510403265307604,-0.20127197224415416,23.247119019555548,23.247119019555548,0.009687499999999974,-0.29620499703975184,-0.29620499703975184,23.247119019555548,23.247119019555548
CMN,Camí dels Nerets,idw,hg,control,VWC_005,total,60,-0.2962049970397518,-0.2010336492481866,-0.29620499703975184,5.551115123125783e-17,59,-0.10815242608562911,-0.10815242608562912,-0.5510403265307604,-0.20127197224415425,23.247119019555544,23.247119019555548,0.009687499999999974,-0.2962049970397518,-0.2962049970397518,23.247119019555544,23.247119019555544
CMN,Camí dels Nerets,idw,hg,control,VWC_020,lower,60,-0.6872149102164073,-0.7186405868882355,-0.6872149102164073,0.0,59,0.04846618276876959,0.04846618276876955,-0.8096872450268051,-0.576674461467944,23.247119019555544,23.247119019555548,0.003270833333333334,-0.6872149102164073,-0.6872149102164073,23.247119019555544,23.247119019555544
CMN,Camí dels Nerets,idw,hg,control,VWC_020,total,60,-0.6872149102164071,-0.7186405868882355,-0.6872149102164073,2.220446049250313e-16,59,0.04846618276876952,0.04846618276876955,-0.8096872450268052,-0.5766744614679439,23.247119019555544,23.247119019555548,0.003270833333333334,-0.6872149102164071,-0.6872149102164071,23.247119019555544,23.247119019555544
CMN,Camí dels Nerets,idw,hg,control,VWC_050,total,60,-0.0315029288349101,-0.0909767350451708,-0.03150292883491008,-2.0816681711721685e-17,59,0.020655453910312545,0.020655453910312517,0.015344809466070516,-0.15079386527777175,23.247119019555544,23.247119019555548,0.0029583333333333406,-0.0315029288349101,-0.0315029288349101,23.247119019555544,23.247119019555544
CMN,Camí dels Nerets,idw,hg,cascade,VWC_005,upper,60,-0.28563780210606105,-0.19216982974436195,-0.29620499703975184,0.010567194933690793,59,-0.11554190124819798,-0.10815242608562912,-0.5390069501188088,-0.19126208568584882,72.19646251518115,23.247119019555548,0.009687499999999974,-0.28563780210606105,-0.28563780210606105,72.19646251518115,72.19646251518115
CMN,Camí dels Nerets,idw,hg,cascade,VWC_005,total,60,-0.28563793311364993,-0.19216982974436195,-0.29620499703975184,0.010567063926101905,59,-0.11554183748959244,-0.10815242608562912,-0.5390067026085907,-0.19126208616366017,24.065482176868997,23.247119019555548,0.009687499999999974,-0.28563793311364993,-0.28563793311364993,24.065482176868997,24.065482176868997
CMN,Camí dels Nerets,idw,hg,cascade,VWC_020,lower,60,0.44899043849277476,-0.055493803488488695,-0.6872149102164073,1.136205348709182,59,0.09880012423760352,0.04846618276876955,0.8481335984432014,-0.4018258329445257,5.0915747842394744e-05,23.247119019555548,0.003270833333333334,0.44899043849277476,0.44899043849277476,5.0915747842394744e-05,5.0915747842394744e-05
CMN,Camí dels Nerets,idw,hg,cascade,VWC_020,total,60,-0.6901750034843218,-0.7210304051656566,-0.6872149102164073,-0.0029600932679144654,59,0.03733103701198392,0.04846618276876955,-0.815995831020699,-0.5769297975189329,24.065482176868997,23.247119019555548,0.003270833333333334,-0.6901750034843218,-0.6901750034843218,24.065482176868997,24.065482176868997
CMN,Camí dels Nerets,idw,hg,cascade,VWC_050,total,60,-0.04353863651130232,-0.10430880958174422,-0.03150292883491008,-0.01203570767639224,59,0.01189685562119458,0.020655453910312517,-0.007669032130207282,-0.16339343801082,24.065482176868997,23.247119019555548,0.0029583333333333406,-0.04353863651130232,-0.04353863651130232,24.065482176868997,24.065482176868997
CMN,Camí dels Nerets,idw,hg,surface,VWC_005,upper,60,-0.39817718257522006,-0.2753897025153804,-0.29620499703975184,-0.10197218553546822,59,-0.0844404758811343,-0.10815242608562912,-0.635976178490633,-0.31571136084067175,57.32911816485734,23.247119019555548,0.009687499999999974,-0.39817718257522006,-0.39817718257522006,57.32911816485734,57.32911816485734
CMN,Camí dels Nerets,idw,hg,surface,VWC_005,total,60,-0.3981836192041525,-0.2753897025153804,-0.29620499703975184,-0.10197862216440068,59,-0.08443956566366226,-0.10815242608562912,-0.6359727545384357,-0.31571132446788497,19.109547775376157,23.247119019555548,0.009687499999999974,-0.3981836192041525,-0.3981836192041525,19.109547775376157,19.109547775376157
CMN,Camí dels Nerets,idw,hg,surface,VWC_020,lower,60,0.40582894967735306,-0.055493803488488695,-0.6872149102164073,1.0930438598937604,59,0.11677842296571098,0.04846618276876955,0.8709674102998199,-0.41931202168096254,0.000855133363807007,23.247119019555548,0.003270833333333334,0.40582894967735306,0.40582894967735306,0.000855133363807007,0.000855133363807007
CMN,Camí dels Nerets,idw,hg,surface,VWC_020,total,60,-0.6492360595042392,-0.7448452221860046,-0.6872149102164073,0.03797885071216811,59,0.09393630610006624,0.04846618276876955,-0.7066870417845523,-0.5967106227432873,19.109547775376157,23.247119019555548,0.003270833333333334,-0.6492360595042392,-0.6492360595042392,19.109547775376157,19.109547775376157
CMN,Camí dels Nerets,idw,hg,surface,VWC_050,total,60,0.027882037125228763,-0.03742483816451113,-0.03150292883491008,0.05938496596013884,59,0.03911754151822576,0.020655453910312517,0.11456626720789545,-0.14319088907576052,19.109547775376157,23.247119019555548,0.0029583333333333406,0.027882037125228763,0.027882037125228763,19.109547775376157,19.109547775376157
CMN,Camí dels Nerets,idw,hg,surface5,VWC_005,upper,60,-0.4391419899705963,-0.35313568048309657,-0.29620499703975184,-0.14293699293084444,59,-0.03516743781119597,-0.10815242608562912,-0.6228066371572261,-0.38084358064992807,76.4480562087975,23.247119019555548,0.009687499999999974,-0.4391419899705963,-0.4391419899705963,76.4480562087975,76.4480562087975
CMN,Camí dels Nerets,idw,hg,surface5,VWC_005,total,60,-0.34370165917140516,-0.20592403242271057,-0.29620499703975184,-0.04749666213165332,59,-0.0491884574075919,-0.10815242608562912,-0.6360683941931702,-0.289949407085384,17.146346293774776,23.247119019555548,0.009687499999999974,-0.34370165917140516,-0.34370165917140516,17.146346293774776,17.146346293774776
CMN,Camí dels Nerets,idw,hg,surface5,VWC_020,lower,60,-0.4662973915056614,-0.4663758156971987,-0.6872149102164073,0.22091751871074594,59,-0.002284393097972813,0.04846618276876955,-0.6778698804728742,-0.41107230493718383,5.286368140555407,23.247119019555548,0.003270833333333334,-0.4662973915056614,-0.4662973915056614,5.286368140555407,5.286368140555407
CMN,Camí dels Nerets,idw,hg,surface5,VWC_020,total,60,-0.5809377863455438,-0.6950480785448571,-0.6872149102164073,0.10627712387086352,59,0.12926107063898462,0.04846618276876955,-0.6442459014174282,-0.5424488154606364,17.146346293774776,23.247119019555548,0.003270833333333334,-0.5809377863455438,-0.5809377863455438,17.146346293774776,17.146346293774776
CMN,Camí dels Nerets,idw,hg,surface5,VWC_050,total,60,-0.02380490956648766,-0.09611950593558906,-0.03150292883491008,0.007698019268422417,59,0.056436030954258316,0.020655453910312517,0.15973648293292156,-0.13182473983775292,17.146346293774776,23.247119019555548,0.0029583333333333406,-0.02380490956648766,-0.02380490956648766,17.146346293774776,17.146346293774776
CMN,Camí dels Nerets,idw,hg,surface15,VWC_005,upper,60,-0.3659448470934155,-0.25196587856013214,-0.29620499703975184,-0.06973985005366368,59,-0.09867274008759112,-0.10815242608562912,-0.6103414620509999,-0.26981026515749845,41.11794485228499,23.247119019555548,0.009687499999999974,-0.3659448470934155,-0.3659448470934155,41.11794485228499,41.11794485228499
CMN,Camí dels Nerets,idw,hg,surface15,VWC_005,total,60,-0.36594528562233775,-0.25196587856013214,-0.29620499703975184,-0.06974028858258591,59,-0.09867267406508161,-0.10815242608562912,-0.6103412807528719,-0.269810264001199,20.558960606547387,23.247119019555548,0.009687499999999974,-0.36594528562233775,-0.36594528562233775,20.558960606547387,20.558960606547387
CMN,Camí dels Nerets,idw,hg,surface15,VWC_020,lower,60,0.40582894967735306,-0.055493803488488695,-0.6872149102164073,1.0930438598937604,59,0.11677842296571089,0.04846618276876955,0.8709674102998199,-0.4193120216809626,8.514326666806906e-05,23.247119019555548,0.003270833333333334,0.40582894967735306,0.40582894967735306,8.514326666806906e-05,8.514326666806906e-05
CMN,Camí dels Nerets,idw,hg,surface15,VWC_020,total,60,-0.6749339914373159,-0.7380648075384376,-0.6872149102164073,0.012280918779091432,59,0.07140126151819964,0.04846618276876955,-0.7599675283749697,-0.5959199294230634,20.558960606547387,23.247119019555548,0.003270833333333334,-0.6749339914373159,-0.6749339914373159,20.558960606547387,20.558960606547387
CMN,Camí dels Nerets,idw,hg,surface15,VWC_050,total,60,0.011321118535335243,-0.04782217931253065,-0.03150292883491008,0.042824047370245324,59,0.030433518573003693,0.020655453910312517,0.07378717675430213,-0.15255456740301648,20.558960606547387,23.247119019555548,0.0029583333333333406,0.011321118535335243,0.011321118535335243,20.558960606547387,20.558960606547387
CMN,Camí dels Nerets,idw,hg,bypass25,VWC_005,upper,60,-0.40013328040975304,-0.2781961155871243,-0.29620499703975184,-0.1039282833700012,59,-0.08426079091758806,-0.10815242608562912,-0.6358866343024135,-0.31685416003703565,42.35221480855757,23.247119019555548,0.009687499999999974,-0.40013328040975304,-0.40013328040975304,42.35221480855757,42.35221480855757
CMN,Camí dels Nerets,idw,hg,bypass25,VWC_005,total,60,-0.3205043957027419,-0.21609380652427745,-0.29620499703975184,-0.02429939866299008,59,-0.09086611345953259,-0.10815242608562912,-0.5762085636159957,-0.25073368086748615,21.166983621958046,23.247119019555548,0.009687499999999974,-0.3205043957027419,-0.3205043957027419,21.166983621958046,21.166983621958046
CMN,Camí dels Nerets,idw,hg,bypass25,VWC_020,lower,60,-0.6663941149003845,-0.721891851288913,-0.6872149102164073,0.020820795316022878,59,0.028950045760239615,0.04846618276876955,-0.8413530775272906,-0.5331828999239463,10.57436802865829,23.247119019555548,0.003270833333333334,-0.6663941149003845,-0.6663941149003845,10.57436802865829,10.57436802865829
CMN,Camí dels Nerets,idw,hg,bypass25,VWC_020,total,60,-0.6709179796365682,-0.7254210015358024,-0.6872149102164073,0.016296930579839164,59,0.07693216782266996,0.04846618276876955,-0.7771310823370355,-0.5822956802307013,21.166983621958046,23.247119019555548,0.003270833333333334,-0.6709179796365682,-0.6709179796365682,21.166983621958046,21.166983621958046
CMN,Camí dels Nerets,idw,hg,bypass25,VWC_050,total,60,-0.029497003556597408,-0.08010424658662352,-0.03150292883491008,0.00200592527831267,59,0.03210273081068328,0.020655453910312517,0.048469608871258424,-0.13872817102280807,21.166983621958046,23.247119019555548,0.0029583333333333406,-0.029497003556597408,-0.029497003556597408,21.166983621958046,21.166983621958046
CMN,Camí dels Nerets,idw,pm,control,VWC_005,upper,60,-0.28250567011515404,-0.20236739011396587,-0.28250567011515415,1.1102230246251565e-16,59,-0.1156926428569671,-0.11569264285696715,-0.5255761769930754,-0.18900713245628187,24.277411874036364,24.277411874036357,0.009687499999999974,-0.28250567011515404,-0.28250567011515404,24.277411874036364,24.277411874036364
CMN,Camí dels Nerets,idw,pm,control,VWC_005,total,60,-0.28250567011515404,-0.20236739011396587,-0.28250567011515415,1.1102230246251565e-16,59,-0.11569264285696726,-0.11569264285696715,-0.5255761769930752,-0.1890071324562818,24.27741187403636,24.277411874036357,0.009687499999999974,-0.28250567011515404,-0.28250567011515404,24.27741187403636,24.27741187403636
CMN,Camí dels Nerets,idw,pm,control,VWC_020,lower,60,-0.6892480933670119,-0.7262268704898165,-0.689248093367012,1.1102230246251565e-16,59,0.038588562728269715,0.03858856272826967,-0.8227482926621937,-0.5654600529949529,24.27741187403636,24.277411874036357,0.003270833333333334,-0.6892480933670119,-0.6892480933670119,24.27741187403636,24.27741187403636
CMN,Camí dels Nerets,idw,pm,control,VWC_020,total,60,-0.6892480933670119,-0.7262268704898165,-0.689248093367012,1.1102230246251565e-16,59,0.038588562728269576,0.03858856272826967,-0.8227482926621936,-0.5654600529949529,24.27741187403636,24.277411874036357,0.003270833333333334,-0.6892480933670119,-0.6892480933670119,24.27741187403636,24.27741187403636
CMN,Camí dels Nerets,idw,pm,control,VWC_050,total,60,-0.0323337054876234,-0.09245807666034563,-0.03233370548762331,-9.020562075079397e-17,59,0.020097017527024506,0.02009701752702457,-0.0024507980819624547,-0.14042411123756504,24.27741187403636,24.277411874036357,0.0029583333333333406,-0.0323337054876234,-0.0323337054876234,24.27741187403636,24.27741187403636
CMN,Camí dels Nerets,idw,pm,cascade,VWC_005,upper,60,-0.26774817860716266,-0.19308677658958517,-0.28250567011515415,0.014757491507991494,59,-0.12192386974588482,-0.11569264285696715,-0.5080096120759133,-0.17521469586202681,75.53541606924867,24.277411874036357,0.009687499999999974,-0.26774817860716266,-0.26774817860716266,75.53541606924867,75.53541606924867
CMN,Camí dels Nerets,idw,pm,cascade,VWC_005,total,60,-0.2677484441766378,-0.19308677658958517,-0.28250567011515415,0.01475722593851636,59,-0.1219237412302324,-0.11569264285696715,-0.5080091274679142,-0.17521469721145905,25.17846058055225,24.277411874036357,0.009687499999999974,-0.2677484441766378,-0.2677484441766378,25.17846058055225,25.17846058055225
CMN,Camí dels Nerets,idw,pm,cascade,VWC_020,lower,60,0.4449278037889739,-0.055493803488488695,-0.689248093367012,1.1341758971559859,59,0.09965433418860384,0.03858856272826967,0.8487465437876935,-0.4072287239021831,0.00010434009563286558,24.277411874036357,0.003270833333333334,0.4449278037889739,0.4449278037889739,0.00010434009563286558,0.00010434009563286558
CMN,Camí dels Nerets,idw,pm,cascade,VWC_020,total,60,-0.6919938100388738,-0.7273662024592847,-0.689248093367012,-0.002745716671861853,59,0.027592957875375218,0.03858856272826967,-0.8290837459964051,-0.5652374226584248,25.17846058055225,24.277411874036357,0.003270833333333334,-0.6919938100388738,-0.6919938100388738,25.17846058055225,25.17846058055225
CMN,Camí dels Nerets,idw,pm,cascade,VWC_050,total,60,-0.04626752528140698,-0.10553860262075729,-0.03233370548762331,-0.01393381979378367,59,0.009870958679205628,0.02009701752702457,-0.028107970502153547,-0.15413827392007823,25.17846058055225,24.277411874036357,0.0029583333333333406,-0.04626752528140698,-0.04626752528140698,25.17846058055225,25.17846058055225
CMN,Camí dels Nerets,idw,pm,surface,VWC_005,upper,60,-0.3980121845486159,-0.270721609485153,-0.28250567011515415,-0.11550651443346177,59,-0.09928893430744132,-0.11569264285696715,-0.627415061434899,-0.30525592824095965,59.775336419306434,24.277411874036357,0.009687499999999974,-0.3980121845486159,-0.3980121845486159,59.775336419306434,59.775336419306434
CMN,Camí dels Nerets,idw,pm,surface,VWC_005,total,60,-0.39802505586621956,-0.270721609485153,-0.28250567011515415,-0.1155193857510654,59,-0.0992871789316179,-0.11569264285696715,-0.6274095174398856,-0.30525583721745986,19.92478591319599,24.277411874036357,0.009687499999999974,-0.39802505586621956,-0.39802505586621956,19.92478591319599,19.92478591319599
CMN,Camí dels Nerets,idw,pm,surface,VWC_020,lower,60,0.3967739570665477,-0.055493803488488695,-0.689248093367012,1.0860220504335598,59,0.1159899604921352,0.03858856272826967,0.8694110652842911,-0.41830879598444215,0.00172620481960898,24.277411874036357,0.003270833333333334,0.3967739570665477,0.3967739570665477,0.00172620481960898,0.00172620481960898
CMN,Camí dels Nerets,idw,pm,surface,VWC_020,total,60,-0.660561524659113,-0.7441505075704752,-0.689248093367012,0.028686568707898985,59,0.07771621255323237,0.03858856272826967,-0.7329923088294125,-0.5903110451093496,19.92478591319599,24.277411874036357,0.003270833333333334,-0.660561524659113,-0.660561524659113,19.92478591319599,19.92478591319599
CMN,Camí dels Nerets,idw,pm,surface,VWC_050,total,60,0.03615759833632588,-0.0299622304050455,-0.03233370548762331,0.06849130382394919,59,0.03606708519453854,0.02009701752702457,0.09761553220308411,-0.14199275097315017,19.92478591319599,24.277411874036357,0.0029583333333333406,0.03615759833632588,0.03615759833632588,19.92478591319599,19.92478591319599
CMN,Camí dels Nerets,idw,pm,surface5,VWC_005,upper,60,-0.45038069275500014,-0.3527466727305776,-0.28250567011515415,-0.167875022639846,59,-0.059079644724194136,-0.11569264285696715,-0.6317913683805276,-0.3789489971153537,79.51047865617817,24.277411874036357,0.009687499999999974,-0.45038069275500014,-0.45038069275500014,79.51047865617817,79.51047865617817
CMN,Camí dels Nerets,idw,pm,surface5,VWC_005,total,60,-0.3467081031368494,-0.2033954820313374,-0.28250567011515415,-0.06420243302169526,59,-0.06799785053797804,-0.11569264285696715,-0.6339225054209023,-0.2845304822329041,18.055381901079148,24.277411874036357,0.009687499999999974,-0.3467081031368494,-0.3467081031368494,18.055381901079148,18.055381901079148
CMN,Camí dels Nerets,idw,pm,surface5,VWC_020,lower,60,-0.48401501391115265,-0.48646696237830905,-0.689248093367012,0.20523307945585934,59,0.001089698298173583,0.03858856272826967,-0.7309249476735387,-0.4015357907826407,5.764947137033189,24.277411874036357,0.003270833333333334,-0.48401501391115265,-0.48401501391115265,5.764947137033189,5.764947137033189
CMN,Camí dels Nerets,idw,pm,surface5,VWC_020,total,60,-0.5991300391614143,-0.6978547255915958,-0.689248093367012,0.09011805420559771,59,0.11004982966286672,0.03858856272826967,-0.6794375563835678,-0.5407715133794802,18.055381901079148,24.277411874036357,0.003270833333333334,-0.5991300391614143,-0.5991300391614143,18.055381901079148,18.055381901079148
CMN,Camí dels Nerets,idw,pm,surface5,VWC_050,total,60,-0.020608184909524166,-0.09740519865819362,-0.03233370548762331,0.011725520578099141,59,0.052567029434064036,0.02009701752702457,0.138010326690104,-0.13428058869092618,18.055381901079148,24.277411874036357,0.0029583333333333406,-0.020608184909524166,-0.020608184909524166,18.055381901079148,18.055381901079148
CMN,Camí dels Nerets,idw,pm,surface15,VWC_005,upper,60,-0.3599335259268062,-0.24468587633442035,-0.28250567011515415,-0.07742785581165207,59,-0.10995834713684852,-0.11569264285696715,-0.5934203896660819,-0.2577963248446183,42.86484879675907,24.277411874036357,0.009687499999999974,-0.3599335259268062,-0.3599335259268062,42.86484879675907,42.86484879675907
CMN,Camí dels Nerets,idw,pm,surface15,VWC_005,total,60,-0.3599340931528269,-0.24468587633442035,-0.28250567011515415,-0.07742842303767272,59,-0.10995826443737208,-0.11569264285696715,-0.5934201893745398,-0.25779632292727855,21.432408663692243,24.277411874036357,0.009687499999999974,-0.3599340931528269,-0.3599340931528269,21.432408663692243,21.432408663692243
CMN,Camí dels Nerets,idw,pm,surface15,VWC_020,lower,60,0.3967739570665477,-0.055493803488488695,-0.689248093367012,1.0860220504335598,59,0.1159899604921352,0.03858856272826967,0.8694110652842912,-0.4183087959844422,0.00011101197883621365,24.277411874036357,0.003270833333333334,0.3967739570665477,0.3967739570665477,0.00011101197883621365,0.00011101197883621365
CMN,Camí dels Nerets,idw,pm,surface15,VWC_020,total,60,-0.6822546214178458,-0.7345634458761694,-0.689248093367012,0.006993471949166219,59,0.05823796601865734,0.03858856272826967,-0.7809927625163026,-0.5865364090870429,21.432408663692243,24.277411874036357,0.003270833333333334,-0.6822546214178458,-0.6822546214178458,21.432408663692243,21.432408663692243
CMN,Camí dels Nerets,idw,pm,surface15,VWC_050,total,60,0.017047158510998413,-0.04416075003728721,-0.03233370548762331,0.049380863998621724,59,0.028668210521240516,0.02009701752702457,0.0566078196753467,-0.14640363363358427,21.432408663692243,24.277411874036357,0.0029583333333333406,0.017047158510998413,0.017047158510998413,21.432408663692243,21.432408663692243
CMN,Camí dels Nerets,idw,pm,bypass25,VWC_005,upper,60,-0.39983465886030367,-0.275222984907158,-0.28250567011515415,-0.11732898874514952,59,-0.09872024730752883,-0.11569264285696715,-0.6275945173799393,-0.3064975367929582,44.191681839438814,24.277411874036357,0.009687499999999974,-0.39983465886030367,-0.39983465886030367,44.191681839438814,44.191681839438814
CMN,Camí dels Nerets,idw,pm,bypass25,VWC_005,total,60,-0.3133175651812133,-0.20906388071089926,-0.28250567011515415,-0.030811895066059136,59,-0.10225426719338146,-0.11569264285696715,-0.5599490921732957,-0.2411608425434487,22.105044520124817,24.277411874036357,0.009687499999999974,-0.3133175651812133,-0.3133175651812133,22.105044520124817,22.105044520124817
CMN,Camí dels Nerets,idw,pm,bypass25,VWC_020,lower,60,-0.6602126163635524,-0.7235869549508047,-0.689248093367012,0.029035477003459542,59,0.023171405182216026,0.03858856272826967,-0.8435940204535048,-0.5217267872084526,11.061725860467815,24.277411874036357,0.003270833333333334,-0.6602126163635524,-0.6602126163635524,11.061725860467815,11.061725860467815
CMN,Camí dels Nerets,idw,pm,bypass25,VWC_020,total,60,-0.676289923657705,-0.7246429211664095,-0.689248093367012,0.012958169709306966,59,0.06395255524847276,0.03858856272826967,-0.793676093637858,-0.5740168689163807,22.105044520124817,24.277411874036357,0.003270833333333334,-0.676289923657705,-0.676289923657705,22.105044520124817,22.105044520124817
CMN,Camí dels Nerets,idw,pm,bypass25,VWC_050,total,60,-0.02783778863497758,-0.08806995149841265,-0.03233370548762331,0.0044959168526457274,59,0.03051835981002335,0.02009701752702457,0.033217205132495264,-0.1339792504864422,22.105044520124817,24.277411874036357,0.0029583333333333406,-0.02783778863497758,-0.02783778863497758,22.105044520124817,22.105044520124817
EBX,El Boixer,idw,hg,control,VWC_005,upper,60,0.7518748637452319,0.7949986107252016,0.7518748637452319,0.0,59,0.28282096917719485,0.28282096917719507,0.8772673090541473,0.7362266488557431,87.95199527727922,87.95199527727922,0.11768750000000001,0.7518748637452319,0.7518748637452319,87.95199527727922,87.95199527727922
EBX,El Boixer,idw,hg,control,VWC_005,total,60,0.7518748637452319,0.7949986107252016,0.7518748637452319,0.0,59,0.282820969177195,0.28282096917719507,0.8772673090541473,0.7362266488557432,87.95199527727922,87.95199527727922,0.11768750000000001,0.7518748637452319,0.7518748637452319,87.95199527727922,87.95199527727922
EBX,El Boixer,idw,hg,control,VWC_020,lower,60,0.43476622459103476,0.47533308330626833,0.43476622459103453,2.220446049250313e-16,59,0.17747315793070653,0.17747315793070625,0.562036559923623,0.8195279932549357,87.95199527727922,87.95199527727922,0.1310208333333333,0.43476622459103476,0.43476622459103476,87.95199527727922,87.95199527727922
EBX,El Boixer,idw,hg,control,VWC_020,total,60,0.4347662245910347,0.47533308330626833,0.43476622459103453,1.6653345369377348e-16,59,0.1774731579307064,0.17747315793070625,0.5620365599236229,0.8195279932549359,87.95199527727922,87.95199527727922,0.1310208333333333,0.4347662245910347,0.4347662245910347,87.95199527727922,87.95199527727922
EBX,El Boixer,idw,hg,control,VWC_050,total,60,0.4997792016579843,0.42510976753475216,0.49977920165798395,3.3306690738754696e-16,59,-0.07641569529896784,-0.07641569529896772,0.4286843966100948,0.7275042919496237,87.95199527727922,87.95199527727922,0.009999999999999953,0.4997792016579843,0.4997792016579843,87.95199527727922,87.95199527727922
EBX,El Boixer,idw,hg,cascade,VWC_005,upper,60,0.749965735812838,0.773270352875799,0.7518748637452319,-0.0019091279323939503,59,0.29327543059797767,0.28282096917719507,0.8487416708244877,0.7616563181486526,89.91254738056993,87.95199527727922,0.11768750000000001,0.749965735812838,0.749965735812838,89.91254738056993,89.91254738056993
EBX,El Boixer,idw,hg,cascade,VWC_005,total,60,0.7519954009024986,0.7945540427896639,0.7518748637452319,0.0001205371572666758,59,0.287505329495475,0.28282096917719507,0.8796200165233681,0.7357612247572063,87.94177802336432,87.95199527727922,0.11768750000000001,0.7519954009024986,0.7519954009024986,87.94177802336432,87.94177802336432
EBX,El Boixer,idw,hg,cascade,VWC_020,lower,60,0.4474686915476592,0.514011031044757,0.43476622459103453,0.012702466956624692,59,0.23046870746311582,0.17747315793070625,0.5761509439794315,0.8700326938575452,89.19128702028665,87.95199527727922,0.1310208333333333,0.4474686915476592,0.4474686915476592,89.19128702028665,89.19128702028665
EBX,El Boixer,idw,hg,cascade,VWC_020,total,60,0.4312701176797238,0.4715542033548068,0.43476622459103453,-0.003496106911310748,59,0.1777531937605975,0.17747315793070625,0.557745670457699,0.8198540550402961,87.94177802336432,87.95199527727922,0.1310208333333333,0.4312701176797238,0.4312701176797238,87.94177802336432,87.94177802336432
EBX,El Boixer,idw,hg,cascade,VWC_050,total,60,0.49600210547759943,0.42096926842619686,0.49977920165798395,-0.0037770961803845204,59,-0.07635684272725346,-0.07641569529896772,0.42431777602096277,0.7273517720822267,87.94177802336432,87.95199527727922,0.009999999999999953,0.49600210547759943,0.49600210547759943,87.94177802336432,87.94177802336432
EBX,El Boixer,idw,hg,surface,VWC_005,upper,60,0.7371235932033424,0.7779383161989443,0.7518748637452319,-0.014751270541889516,59,0.32929567661587855,0.28282096917719507,0.845615035792,0.7926642981061216,86.55380945010315,87.95199527727922,0.11768750000000001,0.7371235932033424,0.7371235932033424,86.55380945010315,86.55380945010315
EBX,El Boixer,idw,hg,surface,VWC_005,total,60,0.7663460974496621,0.7949986107252016,0.7518748637452319,0.014471233704430153,59,0.262528575569942,0.28282096917719507,0.8709947276002593,0.7272523239119963,89.06820378421435,87.95199527727922,0.11768750000000001,0.7663460974496621,0.7663460974496621,89.06820378421435,89.06820378421435
EBX,El Boixer,idw,hg,surface,VWC_020,lower,60,0.5514012204389649,0.5607468845620975,0.43476622459103453,0.11663499584793036,59,0.24011103938915898,0.17747315793070625,0.6264237897392653,0.8950746530824556,94.42722082446821,87.95199527727922,0.1310208333333333,0.5514012204389649,0.5514012204389649,94.42722082446821,94.42722082446821
EBX,El Boixer,idw,hg,surface,VWC_020,total,60,0.4903238283198832,0.5135108851688284,0.43476622459103453,0.05555760372884866,59,0.17426186404188226,0.17747315793070625,0.5937166571659804,0.8218924229896689,89.06820378421435,87.95199527727922,0.1310208333333333,0.4903238283198832,0.4903238283198832,89.06820378421435,89.06820378421435
EBX,El Boixer,idw,hg,surface,VWC_050,total,60,0.5362195608925335,0.46162396772697756,0.49977920165798395,0.03644035923454958,59,-0.07821623428894729,-0.07641569529896772,0.4611343624259288,0.7289033784408996,89.06820378421435,87.95199527727922,0.009999999999999953,0.5362195608925335,0.5362195608925335,89.06820378421435,89.06820378421435
EBX,El Boixer,idw,hg,surface5,VWC_005,upper,60,0.6736730718769777,0.713976104473465,0.7518748637452319,-0.07820179186825427,59,0.23273927787479223,0.28282096917719507,0.7222179714569814,0.7858941351181001,78.80232858814969,87.95199527727922,0.11768750000000001,0.6736730718769777,0.6736730718769777,78.80232858814969,78.80232858814969
EBX,El Boixer,idw,hg,surface5,VWC_005,total,60,0.7812196532606266,0.8032231175326481,0.7518748637452319,0.029344789515394654,59,0.2630035273416196,0.28282096917719507,0.872596569851953,0.6961070477147568,92.3215270416561,87.95199527727922,0.11768750000000001,0.7812196532606266,0.7812196532606266,92.3215270416561,92.3215270416561
EBX,El Boixer,idw,hg,surface5,VWC_020,lower,60,0.6090350365124654,0.613039914478646,0.43476622459103453,0.17426881192143084,59,0.22210628750070968,0.17747315793070625,0.6370471751952298,0.8811047533711818,95.07867839833736,87.95199527727922,0.1310208333333333,0.6090350365124654,0.6090350365124654,95.07867839833736,95.07867839833736
EBX,El Boixer,idw,hg,surface5,VWC_020,total,60,0.5746515682830937,0.5762791925978842,0.43476622459103453,0.13988534369205918,59,0.17991327804756901,0.17747315793070625,0.6192766490034047,0.8420066300167702,92.3215270416561,87.95199527727922,0.1310208333333333,0.5746515682830937,0.5746515682830937,92.3215270416561,92.3215270416561
EBX,El Boixer,idw,hg,surface5,VWC_050,total,60,0.5723685157031329,0.5015561638276077,0.49977920165798395,0.0725893140451489,59,-0.07706570708349841,-0.07641569529896772,0.4830786500991117,0.7300117372466791,92.3215270416561,87.95199527727922,0.009999999999999953,0.5723685157031329,0.5723685157031329,92.3215270416561,92.3215270416561
EBX,El Boixer,idw,hg,surface15,VWC_005,upper,60,0.7450036099298751,0.7831619894415117,0.7518748637452319,-0.006871253815356804,59,0.328703037916084,0.28282096917719507,0.8692492353204285,0.7759773977117577,89.3250481022578,87.95199527727922,0.11768750000000001,0.7450036099298751,0.7450036099298751,89.3250481022578,89.3250481022578
EBX,El Boixer,idw,hg,surface15,VWC_005,total,60,0.7557891623824959,0.7930536260072244,0.7518748637452319,0.003914298637264002,59,0.2682692438791483,0.28282096917719507,0.8724677461751844,0.7368843832017837,88.66855079682638,87.95199527727922,0.11768750000000001,0.7557891623824959,0.7557891623824959,88.66855079682638,88.66855079682638
EBX,El Boixer,idw,hg,surface15,VWC_020,lower,60,0.5162425987937439,0.5620806068979074,0.43476622459103453,0.08147637420270937,59,0.23381066839654613,0.17747315793070625,0.6184915236519122,0.893375776028434,94.43117219930105,87.95199527727922,0.1310208333333333,0.5162425987937439,0.5162425987937439,94.43117219930105,94.43117219930105
EBX,El Boixer,idw,hg,surface15,VWC_020,total,60,0.4488536577912784,0.4904763889941105,0.43476622459103453,0.01408743320024386,59,0.17325377182844712,0.17747315793070625,0.5773170713926461,0.8141652549793762,88.66855079682638,87.95199527727922,0.1310208333333333,0.4488536577912784,0.4488536577912784,88.66855079682638,88.66855079682638
EBX,El Boixer,idw,hg,surface15,VWC_050,total,60,0.5143539566965312,0.44795198409335896,0.49977920165798395,0.014574755038547216,59,-0.07709637706718565,-0.07641569529896772,0.44597211312678486,0.7276464118090527,88.66855079682638,87.95199527727922,0.009999999999999953,0.5143539566965312,0.5143539566965312,88.66855079682638,88.66855079682638
EBX,El Boixer,idw,hg,bypass25,VWC_005,upper,60,0.7314696154485729,0.7747707696582387,0.7518748637452319,-0.020405248296659018,59,0.31782406760712634,0.28282096917719507,0.8572693442510411,0.7947540421222342,86.84408934196969,87.95199527727922,0.11768750000000001,0.7314696154485729,0.7314696154485729,86.84408934196969,86.84408934196969
EBX,El Boixer,idw,hg,bypass25,VWC_005,total,60,0.7733374323935134,0.8038343984440124,0.7518748637452319,0.021462568648281444,59,0.2658612262821393,0.28282096917719507,0.8722039409084281,0.7240030666276702,88.48827066250368,87.95199527727922,0.11768750000000001,0.7733374323935134,0.7733374323935134,88.48827066250368,88.48827066250368
EBX,El Boixer,idw,hg,bypass25,VWC_020,lower,60,0.5792883915347073,0.5626918963018204,0.43476622459103453,0.14452216694367281,59,0.20604161054926318,0.17747315793070625,0.6275581640192855,0.8690721408602705,93.33749808708794,87.95199527727922,0.1310208333333333,0.5792883915347073,0.5792883915347073,93.33749808708794,93.33749808708794
EBX,El Boixer,idw,hg,bypass25,VWC_020,total,60,0.5121064532500411,0.5292932661425793,0.43476622459103453,0.07734022865900658,59,0.17492160123744926,0.17747315793070625,0.5950369309841035,0.8287057888244238,88.48827066250368,87.95199527727922,0.1310208333333333,0.5121064532500411,0.5121064532500411,88.48827066250368,88.48827066250368
EBX,El Boixer,idw,hg,bypass25,VWC_050,total,60,0.5438992412089239,0.4662924499433352,0.49977920165798395,0.044120039550939905,59,-0.07707968214595953,-0.07641569529896772,0.46331209846628546,0.7267731570255787,88.48827066250368,87.95199527727922,0.009999999999999953,0.5438992412089239,0.5438992412089239,88.48827066250368,88.48827066250368
EBX,El Boixer,idw,pm,control,VWC_005,upper,60,0.7413341891750712,0.7824395665462629,0.7413341891750713,-1.1102230246251565e-16,59,0.28508457979698776,0.2850845797969884,0.8761992739996074,0.734023314768951,88.79738543321176,88.79738543321174,0.11768750000000001,0.7413341891750712,0.7413341891750712,88.79738543321176,88.79738543321176
EBX,El Boixer,idw,pm,control,VWC_005,total,60,0.7413341891750713,0.7824395665462629,0.7413341891750713,0.0,59,0.285084579796988,0.2850845797969884,0.8761992739996074,0.7340233147689508,88.79738543321177,88.79738543321174,0.11768750000000001,0.7413341891750713,0.7413341891750713,88.79738543321177,88.79738543321177
EBX,El Boixer,idw,pm,control,VWC_020,lower,60,0.41958877072322553,0.4615234999542361,0.4195887707232254,1.1102230246251565e-16,59,0.18683946919268152,0.1868394691926816,0.5636878661938445,0.8236883209290722,88.79738543321177,88.79738543321174,0.1310208333333333,0.41958877072322553,0.41958877072322553,88.79738543321177,88.79738543321177
EBX,El Boixer,idw,pm,control,VWC_020,total,60,0.41958877072322553,0.4615234999542361,0.4195887707232254,1.1102230246251565e-16,59,0.18683946919268138,0.1868394691926816,0.5636878661938445,0.8236883209290717,88.79738543321177,88.79738543321174,0.1310208333333333,0.41958877072322553,0.41958877072322553,88.79738543321177,88.79738543321177
EBX,El Boixer,idw,pm,control,VWC_050,total,60,0.49657563082134293,0.43136219907451684,0.4965756308213429,5.551115123125783e-17,59,-0.07653026428974188,-0.07653026428974227,0.4370187457473102,0.7214424641129871,88.79738543321177,88.79738543321174,0.009999999999999953,0.49657563082134293,0.49657563082134293,88.79738543321177,88.79738543321177
EBX,El Boixer,idw,pm,cascade,VWC_005,upper,60,0.7388314672662908,0.767602111697694,0.7413341891750713,-0.0025027219087805364,59,0.2861516668036049,0.2850845797969884,0.8441831104869231,0.7576634227288748,91.2693481395389,88.79738543321174,0.11768750000000001,0.7388314672662908,0.7388314672662908,91.2693481395389,91.2693481395389
EBX,El Boixer,idw,pm,cascade,VWC_005,total,60,0.7414400094858549,0.7854959711030843,0.7413341891750713,0.00010582031078354426,59,0.2896259495601062,0.2850845797969884,0.8784948421477011,0.7335761007862879,88.7899599614737,88.79738543321174,0.11768750000000001,0.7414400094858549,0.7414400094858549,88.7899599614737,88.7899599614737
EBX,El Boixer,idw,pm,cascade,VWC_020,lower,60,0.43226574806769474,0.5147890357406462,0.4195887707232254,0.01267697734446932,59,0.24017432021684906,0.1868394691926816,0.583888212421471,0.8727330043754921,89.86191781807256,88.79738543321174,0.1310208333333333,0.43226574806769474,0.43226574806769474,89.86191781807256,89.86191781807256
EBX,El Boixer,idw,pm,cascade,VWC_020,total,60,0.41630017212525217,0.4571333305988616,0.4195887707232254,-0.003288598597973258,59,0.18717722662532257,0.1868394691926816,0.5596270731034036,0.8240139962885853,88.7899599614737,88.79738543321174,0.1310208333333333,0.41630017212525217,0.41630017212525217,88.7899599614737,88.7899599614737
EBX,El Boixer,idw,pm,cascade,VWC_050,total,60,0.4930087584780479,0.4224420634111193,0.4965756308213429,-0.0035668723432949467,59,-0.07648374243730113,-0.07653026428974227,0.43285902554434935,0.7213116049353103,88.7899599614737,88.79738543321174,0.009999999999999953,0.4930087584780479,0.4930087584780479,88.7899599614737,88.7899599614737
EBX,El Boixer,idw,pm,surface,VWC_005,upper,60,0.7275200434509812,0.7687691025284803,0.7413341891750713,-0.013814145724090121,59,0.3278107184792969,0.2850845797969884,0.8403716797733524,0.7966759778314035,88.240285424972,88.79738543321174,0.11768750000000001,0.7275200434509812,0.7275200434509812,88.240285424972,88.240285424972
EBX,El Boixer,idw,pm,surface,VWC_005,total,60,0.7583984424745761,0.7901083634342875,0.7413341891750713,0.017064253299504784,59,0.26468874580085733,0.2850845797969884,0.8704370888851212,0.722872564943491,89.75317259229793,88.79738543321174,0.11768750000000001,0.7583984424745761,0.7583984424745761,89.75317259229793,89.75317259229793
EBX,El Boixer,idw,pm,surface,VWC_020,lower,60,0.5443779644760688,0.5608024563260895,0.4195887707232254,0.12478919375284336,59,0.24646547277539255,0.1868394691926816,0.6341547310858258,0.89329666620714,94.78418659415777,88.79738543321174,0.1310208333333333,0.5443779644760688,0.5443779644760688,94.78418659415777,94.78418659415777
EBX,El Boixer,idw,pm,surface,VWC_020,total,60,0.47980892015971105,0.5042304005821506,0.4195887707232254,0.060220149436485626,59,0.18415484023156958,0.1868394691926816,0.5943236072218828,0.829282363293915,89.75317259229793,88.79738543321174,0.1310208333333333,0.47980892015971105,0.47980892015971105,89.75317259229793,89.75317259229793
EBX,El Boixer,idw,pm,surface,VWC_050,total,60,0.5343130109869431,0.46167954489621993,0.4965756308213429,0.03773738016560019,59,-0.07876165132480402,-0.07653026428974227,0.46682563767509555,0.7236942769344425,89.75317259229793,88.79738543321174,0.009999999999999953,0.5343130109869431,0.5343130109869431,89.75317259229793,89.75317259229793
EBX,El Boixer,idw,pm,surface5,VWC_005,upper,60,0.6678593803465899,0.6953042511808837,0.7413341891750713,-0.07347480882848145,59,0.2258847719240083,0.2850845797969884,0.7205901608563892,0.7864588353033604,81.53684488642564,88.79738543321174,0.11768750000000001,0.6678593803465899,0.6678593803465899,81.53684488642564,81.53684488642564
EBX,El Boixer,idw,pm,surface5,VWC_005,total,60,0.7732307312099747,0.8001111419838846,0.7413341891750713,0.03189654203490333,59,0.26309713017157466,0.2850845797969884,0.8719622504983326,0.6910439713907508,93.39018493746433,88.79738543321174,0.11768750000000001,0.7732307312099747,0.7732307312099747,93.39018493746433,93.39018493746433
EBX,El Boixer,idw,pm,surface5,VWC_020,lower,60,0.5956408310424985,0.602092276972206,0.4195887707232254,0.17605206031927312,59,0.23218360058564463,0.1868394691926816,0.6398677131740891,0.8851063374098802,95.84959343670106,88.79738543321174,0.1310208333333333,0.5956408310424985,0.5956408310424985,95.84959343670106,95.84959343670106
EBX,El Boixer,idw,pm,surface5,VWC_020,total,60,0.5600577945357375,0.567304352713163,0.4195887707232254,0.14046902381251203,59,0.18971862778633275,0.1868394691926816,0.6189454937942808,0.8490086389495385,93.39018493746433,88.79738543321174,0.1310208333333333,0.5600577945357375,0.5600577945357375,93.39018493746433,93.39018493746433
EBX,El Boixer,idw,pm,surface5,VWC_050,total,60,0.5697952621513168,0.5033624218279842,0.4965756308213429,0.07321963132997394,59,-0.07736209068961893,-0.07653026428974227,0.4869371151946624,0.7254535308503864,93.39018493746433,88.79738543321174,0.009999999999999953,0.5697952621513168,0.5697952621513168,93.39018493746433,93.39018493746433
EBX,El Boixer,idw,pm,surface15,VWC_005,upper,60,0.7334893077671132,0.7763267574326203,0.7413341891750713,-0.007844881407958137,59,0.32719402581068313,0.2850845797969884,0.8644406060527488,0.7769059486716791,90.7027293992647,88.79738543321174,0.11768750000000001,0.7334893077671132,0.7334893077671132,90.7027293992647,90.7027293992647
EBX,El Boixer,idw,pm,surface15,VWC_005,total,60,0.7478384033878719,0.7810502917477078,0.7413341891750713,0.006504214212800563,59,0.2709217754561205,0.2850845797969884,0.8719018520124711,0.7334146225121064,89.41179413696693,88.79738543321174,0.11768750000000001,0.7478384033878719,0.7478384033878719,89.41179413696693,89.41179413696693
EBX,El Boixer,idw,pm,surface15,VWC_020,lower,60,0.514471525904615,0.5583017269464459,0.4195887707232254,0.09488275518138956,59,0.23847210961720333,0.1868394691926816,0.6332649811950963,0.8865251621410049,94.78661244154023,88.79738543321174,0.1310208333333333,0.514471525904615,0.514471525904615,94.78661244154023,94.78661244154023
EBX,El Boixer,idw,pm,surface15,VWC_020,total,60,0.43933093113617083,0.474443935082395,0.4195887707232254,0.01974216041294541,59,0.18326513041771592,0.1868394691926816,0.5788698523564806,0.8208173942304358,89.41179413696693,88.79738543321174,0.1310208333333333,0.43933093113617083,0.43933093113617083,89.41179413696693,89.41179413696693
EBX,El Boixer,idw,pm,surface15,VWC_050,total,60,0.512885060937147,0.4463680347699519,0.4965756308213429,0.016309430115804158,59,-0.07767071314416565,-0.07653026428974227,0.45301993396907003,0.7220447830369544,89.41179413696693,88.79738543321174,0.009999999999999953,0.512885060937147,0.512885060937147,89.41179413696693,89.41179413696693
EBX,El Boixer,idw,pm,bypass25,VWC_005,upper,60,0.7204426323978601,0.7737704918032788,0.7413341891750713,-0.020891556777211218,59,0.31625348593253044,0.2850845797969884,0.8524522113854565,0.7960882532298458,88.4971267505355,88.79738543321174,0.11768750000000001,0.7204426323978601,0.7204426323978601,88.4971267505355,88.4971267505355
EBX,El Boixer,idw,pm,bypass25,VWC_005,total,60,0.7652200163203988,0.8010558488469021,0.7413341891750713,0.0238858271453275,59,0.2681065098012617,0.2850845797969884,0.871579317377579,0.7194657250256695,90.0134247879835,88.79738543321174,0.11768750000000001,0.7652200163203988,0.7652200163203988,90.0134247879835,90.0134247879835
EBX,El Boixer,idw,pm,bypass25,VWC_020,lower,60,0.5709054196122872,0.5568012893186597,0.4195887707232254,0.15131664888906182,59,0.21313713452770497,0.1868394691926816,0.634917395787914,0.8682361310838899,93.82862985282742,88.79738543321174,0.1310208333333333,0.5709054196122872,0.5709054196122872,93.82862985282742,93.82862985282742
EBX,El Boixer,idw,pm,bypass25,VWC_020,total,60,0.5006758409317793,0.5244307367932722,0.4195887707232254,0.08108707020855388,59,0.18494781732813262,0.1868394691926816,0.5954731376949051,0.835498950582291,90.0134247879835,88.79738543321174,0.1310208333333333,0.5006758409317793,0.5006758409317793,90.0134247879835,90.0134247879835
EBX,El Boixer,idw,pm,bypass25,VWC_050,total,60,0.541791554144432,0.4650697522200034,0.4965756308213429,0.04521592332308916,59,-0.07771933041984155,-0.07653026428974227,0.468860923127852,0.721570628246768,90.0134247879835,88.79738543321174,0.009999999999999953,0.541791554144432,0.541791554144432,90.0134247879835,90.0134247879835
EBX,El Boixer,gauge,hg,control,VWC_005,upper,60,0.903702061651741,0.922311753264796,0.903702061651741,0.0,59,0.48807086228913954,0.4880708622891394,0.9357126210467727,0.8521622461772002,92.8469621459872,92.84696214598722,0.11768750000000001,0.903702061651741,0.903702061651741,92.8469621459872,92.8469621459872
EBX,El Boixer,gauge,hg,control,VWC_005,total,60,0.903702061651741,0.922311753264796,0.903702061651741,0.0,59,0.48807086228913954,0.4880708622891394,0.9357126210467729,0.8521622461772,92.84696214598722,92.84696214598722,0.11768750000000001,0.903702061651741,0.903702061651741,92.84696214598722,92.84696214598722
EBX,El Boixer,gauge,hg,control,VWC_020,lower,60,0.7332381392007361,0.7363258728950786,0.7332381392007359,2.220446049250313e-16,59,0.20284297339696158,0.20284297339696156,0.6966586389018412,0.7660806398779764,92.8469621459872,92.84696214598722,0.1310208333333333,0.7332381392007361,0.7332381392007361,92.8469621459872,92.8469621459872
EBX,El Boixer,gauge,hg,control,VWC_020,total,60,0.7332381392007361,0.7363258728950786,0.7332381392007359,2.220446049250313e-16,59,0.20284297339696156,0.20284297339696156,0.6966586389018413,0.7660806398779761,92.84696214598722,92.84696214598722,0.1310208333333333,0.7332381392007361,0.7332381392007361,92.84696214598722,92.84696214598722
EBX,El Boixer,gauge,hg,control,VWC_050,total,60,0.5799142749499122,0.5294559027872685,0.5799142749499123,-1.1102230246251565e-16,59,-0.05479425552634776,-0.05479425552634781,0.46004236666873355,0.6719535033019706,92.84696214598722,92.84696214598722,0.009999999999999953,0.5799142749499122,0.5799142749499122,92.84696214598722,92.84696214598722
EBX,El Boixer,gauge,hg,cascade,VWC_005,upper,60,0.8499376670524071,0.8758544040011116,0.903702061651741,-0.05376439459933391,59,0.5337104492690837,0.4880708622891394,0.8724312732944068,0.8678345429637918,92.71666112631988,92.84696214598722,0.11768750000000001,0.8499376670524071,0.8499376670524071,92.71666112631988,92.71666112631988
EBX,El Boixer,gauge,hg,cascade,VWC_005,total,60,0.90355102666461,0.9235343150875245,0.903702061651741,-0.00015103498713109342,59,0.48982484218586875,0.4880708622891394,0.9329065788036073,0.8562324964262491,92.83859015652604,92.84696214598722,0.11768750000000001,0.90355102666461,0.90355102666461,92.83859015652604,92.83859015652604
EBX,El Boixer,gauge,hg,cascade,VWC_020,lower,60,0.7910109727021617,0.8199891635851572,0.7332381392007359,0.05777283350142581,59,0.2240479989784281,0.20284297339696156,0.7739263511646777,0.8237957985977483,93.65620405953727,92.84696214598722,0.1310208333333333,0.7910109727021617,0.7910109727021617,93.65620405953727,93.65620405953727
EBX,El Boixer,gauge,hg,cascade,VWC_020,total,60,0.7034375557702415,0.7129857320184044,0.7332381392007359,-0.02980058343049441,59,0.1821387457020685,0.20284297339696156,0.7071306123825754,0.7271804109990576,92.83859015652604,92.84696214598722,0.1310208333333333,0.7034375557702415,0.7034375557702415,92.83859015652604,92.83859015652604
EBX,El Boixer,gauge,hg,cascade,VWC_050,total,60,0.5900889096949482,0.5303173489105248,0.5799142749499123,0.010174634745035882,59,-0.045103831066845804,-0.05479425552634781,0.4874635521126088,0.6652125634199755,92.83859015652604,92.84696214598722,0.009999999999999953,0.5900889096949482,0.5900889096949482,92.83859015652604,92.83859015652604
EBX,El Boixer,gauge,hg,surface,VWC_005,upper,60,0.8732991015745429,0.9006946373992779,0.903702061651741,-0.030402960077198116,59,0.5412460267604312,0.4880708622891394,0.8876455929934235,0.8799061081369353,88.12983142764831,92.84696214598722,0.11768750000000001,0.8732991015745429,0.8732991015745429,88.12983142764831,88.12983142764831
EBX,El Boixer,gauge,hg,surface,VWC_005,total,60,0.8782192497619586,0.8781883856626841,0.903702061651741,-0.02548281188978241,59,0.4805617385667085,0.4880708622891394,0.9312754886025403,0.8387134357207521,93.5630934417248,92.84696214598722,0.11768750000000001,0.8782192497619586,0.8782192497619586,93.5630934417248,93.5630934417248
EBX,El Boixer,gauge,hg,surface,VWC_020,lower,60,0.9199071598128532,0.9235193599024049,0.7332381392007359,0.18666902061211732,59,0.3201911578543225,0.20284297339696156,0.7873582453586478,0.9345474416935959,96.75977708773785,92.84696214598722,0.1310208333333333,0.9199071598128532,0.9199071598128532,96.75977708773785,96.75977708773785
EBX,El Boixer,gauge,hg,surface,VWC_020,total,60,0.8135311740716901,0.8279637117180209,0.7332381392007359,0.08029303487095418,59,0.2252385469682927,0.20284297339696156,0.6958779235975068,0.8217183917714024,93.5630934417248,92.84696214598722,0.1310208333333333,0.8135311740716901,0.8135311740716901,93.5630934417248,93.5630934417248
EBX,El Boixer,gauge,hg,surface,VWC_050,total,60,0.5692021347996243,0.5541043773462516,0.5799142749499123,-0.010712140150287985,59,-0.0652300061089604,-0.05479425552634781,0.4558661550851763,0.6492660360925127,93.5630934417248,92.84696214598722,0.009999999999999953,0.5692021347996243,0.5692021347996243,93.5630934417248,93.5630934417248
EBX,El Boixer,gauge,hg,surface5,VWC_005,upper,60,0.8123817494244584,0.8611836621283692,0.903702061651741,-0.09132031222728265,59,0.4880310518099313,0.4880708622891394,0.8261041531317497,0.8484202722578531,83.8826818151306,92.84696214598722,0.11768750000000001,0.8123817494244584,0.8123817494244584,83.8826818151306,83.8826818151306
EBX,El Boixer,gauge,hg,surface5,VWC_005,total,60,0.8609579689551206,0.8602389552653515,0.903702061651741,-0.042744092696620495,59,0.4785897427051932,0.4880708622891394,0.9318643295324918,0.8321665196472605,93.76303984285623,92.84696214598722,0.11768750000000001,0.8609579689551206,0.8609579689551206,93.76303984285623,93.76303984285623
EBX,El Boixer,gauge,hg,surface5,VWC_020,lower,60,0.8753077819743285,0.9061253977728834,0.7332381392007359,0.14206964277359257,59,0.26008139006852377,0.20284297339696156,0.7436189353365334,0.8979514435059033,96.6927256910947,92.84696214598722,0.1310208333333333,0.8753077819743285,0.8753077819743285,96.6927256910947,96.6927256910947
EBX,El Boixer,gauge,hg,surface5,VWC_020,total,60,0.8244160444379137,0.8558607372420457,0.7332381392007359,0.09117790523717784,59,0.20671815815229141,0.20284297339696156,0.7059710665566266,0.8162092081893865,93.76303984285623,92.84696214598722,0.1310208333333333,0.8244160444379137,0.8244160444379137,93.76303984285623,93.76303984285623
EBX,El Boixer,gauge,hg,surface5,VWC_050,total,60,0.5671089437371392,0.5635524961174515,0.5799142749499123,-0.012805331212773163,59,-0.05865639385737491,-0.05479425552634781,0.4608921108878404,0.6556723348493888,93.76303984285623,92.84696214598722,0.009999999999999953,0.5671089437371392,0.5671089437371392,93.76303984285623,93.76303984285623
EBX,El Boixer,gauge,hg,surface15,VWC_005,upper,60,0.9047033690085937,0.9294248402333983,0.903702061651741,0.0010013073568526654,59,0.5228385067488842,0.4880708622891394,0.9294899230142211,0.9119099196771361,89.91989186037846,92.84696214598722,0.11768750000000001,0.9047033690085937,0.9047033690085937,89.91989186037846,89.91989186037846
EBX,El Boixer,gauge,hg,surface15,VWC_005,total,60,0.8928828165647367,0.8994720755765492,0.903702061651741,-0.010819245087004381,59,0.4832219176876775,0.4880708622891394,0.9339162374285477,0.8503272816474816,93.33881122337858,92.84696214598722,0.11768750000000001,0.8928828165647367,0.8928828165647367,93.33881122337858,93.33881122337858
EBX,El Boixer,gauge,hg,surface15,VWC_020,lower,60,0.949566945554646,0.9483043666428731,0.7332381392007359,0.21632880635391016,59,0.3689205467658705,0.20284297339696156,0.828016839738435,0.9501739437725167,96.76769797039898,92.84696214598722,0.1310208333333333,0.949566945554646,0.949566945554646,96.76769797039898,96.76769797039898
EBX,El Boixer,gauge,hg,surface15,VWC_020,total,60,0.7874225359590382,0.7953430862546691,0.7332381392007359,0.05418439675830233,59,0.2239986621162714,0.20284297339696156,0.6886066257328185,0.8088255120364045,93.33881122337858,92.84696214598722,0.1310208333333333,0.7874225359590382,0.7874225359590382,93.33881122337858,93.33881122337858
EBX,El Boixer,gauge,hg,surface15,VWC_050,total,60,0.5690249898067052,0.5416550914359648,0.5799142749499123,-0.010889285143207084,59,-0.0658107090374962,-0.05479425552634781,0.4511066850664208,0.6509763801544091,93.33881122337858,92.84696214598722,0.009999999999999953,0.5690249898067052,0.5690249898067052,93.33881122337858,93.33881122337858
EBX,El Boixer,gauge,hg,bypass25,VWC_005,upper,60,0.8930890574400261,0.9224784662406227,0.903702061651741,-0.01061300421171496,59,0.5099255588021256,0.4880708622891394,0.9107888423624364,0.9043641389244235,87.31752995180882,92.84696214598722,0.11768750000000001,0.8930890574400261,0.8930890574400261,87.31752995180882,87.31752995180882
EBX,El Boixer,gauge,hg,bypass25,VWC_005,total,60,0.8813297846577743,0.8851347596554601,0.903702061651741,-0.02237227699396671,59,0.4813837156714842,0.4880708622891394,0.9303591121801582,0.8469098781000389,93.04679645253137,92.84696214598722,0.11768750000000001,0.8813297846577743,0.8813297846577743,93.04679645253137,93.04679645253137
EBX,El Boixer,gauge,hg,bypass25,VWC_020,lower,60,0.9120569475223906,0.929687825705526,0.7332381392007359,0.17881880832165475,59,0.3105291743276999,0.20284297339696156,0.7876350860984129,0.9294993826546081,95.94569153941165,92.84696214598722,0.1310208333333333,0.9120569475223906,0.9120569475223906,95.94569153941165,95.94569153941165
EBX,El Boixer,gauge,hg,bypass25,VWC_020,total,60,0.80690209907276,0.8244071188225277,0.7332381392007359,0.07366395987202412,59,0.21629857209509673,0.20284297339696156,0.7018812742070328,0.8089960288261165,93.04679645253137,92.84696214598722,0.1310208333333333,0.80690209907276,0.80690209907276,93.04679645253137,93.04679645253137
EBX,El Boixer,gauge,hg,bypass25,VWC_050,total,60,0.5741039030374299,0.5490468549451977,0.5799142749499123,-0.005810371912482459,59,-0.06027086006624312,-0.05479425552634781,0.4646554758729612,0.6514723580089936,93.04679645253137,92.84696214598722,0.009999999999999953,0.5741039030374299,0.5741039030374299,93.04679645253137,93.04679645253137
EBX,El Boixer,gauge,pm,control,VWC_005,upper,60,0.90008060808075,0.9167546540705753,0.9000806080807502,-2.220446049250313e-16,59,0.4850437465872446,0.48504374658724475,0.9352106509588647,0.842846669137689,93.81517502333757,93.81517502333757,0.11768750000000001,0.90008060808075,0.90008060808075,93.81517502333757,93.81517502333757
EBX,El Boixer,gauge,pm,control,VWC_005,total,60,0.90008060808075,0.9167546540705753,0.9000806080807502,-2.220446049250313e-16,59,0.48504374658724475,0.48504374658724475,0.9352106509588647,0.8428466691376891,93.81517502333757,93.81517502333757,0.11768750000000001,0.90008060808075,0.90008060808075,93.81517502333757,93.81517502333757
EBX,El Boixer,gauge,pm,control,VWC_020,lower,60,0.7149134189307502,0.7143194543542143,0.7149134189307503,-1.1102230246251565e-16,59,0.21217108009576724,0.21217108009576746,0.6945675347214278,0.7770405492256878,93.81517502333756,93.81517502333757,0.1310208333333333,0.7149134189307502,0.7149134189307502,93.81517502333756,93.81517502333756
EBX,El Boixer,gauge,pm,control,VWC_020,total,60,0.7149134189307502,0.7143194543542143,0.7149134189307503,-1.1102230246251565e-16,59,0.21217108009576727,0.21217108009576746,0.694567534721428,0.777040549225688,93.81517502333757,93.81517502333757,0.1310208333333333,0.7149134189307502,0.7149134189307502,93.81517502333757,93.81517502333757
EBX,El Boixer,gauge,pm,control,VWC_050,total,60,0.5804727139439446,0.5370699749734708,0.5804727139439447,-1.1102230246251565e-16,59,-0.05758577027975166,-0.05758577027975164,0.4662100922647332,0.6711451452683158,93.81517502333757,93.81517502333757,0.009999999999999953,0.5804727139439446,0.5804727139439446,93.81517502333757,93.81517502333757
EBX,El Boixer,gauge,pm,cascade,VWC_005,upper,60,0.8487610262162473,0.8710197277021396,0.9000806080807502,-0.05131958186450292,59,0.537584973732132,0.48504374658724475,0.8700260975213492,0.8705777094478151,92.46744975054904,93.81517502333757,0.11768750000000001,0.8487610262162473,0.8487610262162473,92.46744975054904,92.46744975054904
EBX,El Boixer,gauge,pm,cascade,VWC_005,total,60,0.8994093361565885,0.9189774937482634,0.9000806080807502,-0.0006712719241617204,59,0.4875449734416153,0.48504374658724475,0.9320434594166326,0.8477671677033682,93.80907648981437,93.81517502333757,0.11768750000000001,0.8994093361565885,0.8994093361565885,93.80907648981437,93.80907648981437
EBX,El Boixer,gauge,pm,cascade,VWC_020,lower,60,0.7703789232812854,0.8053182178912478,0.7149134189307503,0.0554655043505351,59,0.23469189576453856,0.21217108009576746,0.775391798255878,0.8318340802853534,94.4812140563974,93.81517502333757,0.1310208333333333,0.7703789232812854,0.7703789232812854,94.4812140563974,94.4812140563974
EBX,El Boixer,gauge,pm,cascade,VWC_020,total,60,0.686133737222206,0.6923130358133501,0.7149134189307503,-0.02877968170854428,59,0.1921980430432808,0.21217108009576746,0.7043359235972998,0.7406507485242269,93.80907648981437,93.81517502333757,0.1310208333333333,0.686133737222206,0.686133737222206,93.80907648981437,93.80907648981437
EBX,El Boixer,gauge,pm,cascade,VWC_050,total,60,0.5894941625039517,0.5320124525724167,0.5804727139439447,0.009021448560006973,59,-0.04820300570589277,-0.05758577027975164,0.4920117688179546,0.6643333581844286,93.80907648981437,93.81517502333757,0.009999999999999953,0.5894941625039517,0.5894941625039517,93.80907648981437,93.80907648981437
EBX,El Boixer,gauge,pm,surface,VWC_005,upper,60,0.8698490207317391,0.8978049458182831,0.9000806080807502,-0.030231587349011102,59,0.5338282939428864,0.48504374658724475,0.883725630283769,0.8909112571268273,88.83613831567193,93.81517502333757,0.11768750000000001,0.8698490207317391,0.8698490207317391,88.83613831567193,88.83613831567193
EBX,El Boixer,gauge,pm,surface,VWC_005,total,60,0.8830734494815682,0.8841900527924424,0.9000806080807502,-0.017007158599182004,59,0.47637224654409677,0.48504374658724475,0.9313350790065178,0.8268508882049415,94.39969218216343,93.81517502333757,0.11768750000000001,0.8830734494815682,0.8830734494815682,94.39969218216343,94.39969218216343
EBX,El Boixer,gauge,pm,surface,VWC_020,lower,60,0.9117680999532889,0.9050139624930418,0.7149134189307503,0.19685468102253856,59,0.32612402236315696,0.21217108009576746,0.7908100126862114,0.9361789372070042,97.18801537849632,93.81517502333757,0.1310208333333333,0.9117680999532889,0.9117680999532889,97.18801537849632,97.18801537849632
EBX,El Boixer,gauge,pm,surface,VWC_020,total,60,0.8010380023023187,0.8050959308352794,0.7149134189307503,0.08612458337156836,59,0.2330259352368911,0.21217108009576746,0.6949455836161536,0.8353321570864188,94.39969218216343,93.81517502333757,0.1310208333333333,0.8010380023023187,0.8010380023023187,94.39969218216343,94.39969218216343
EBX,El Boixer,gauge,pm,surface,VWC_050,total,60,0.5776505414633673,0.5619963353786658,0.5804727139439447,-0.0028221724805774784,59,-0.06723823097435136,-0.05758577027975164,0.46278988835122903,0.6565114700818566,94.39969218216343,93.81517502333757,0.009999999999999953,0.5776505414633673,0.5776505414633673,94.39969218216343,94.39969218216343
EBX,El Boixer,gauge,pm,surface5,VWC_005,upper,60,0.807465307818729,0.8514587385384831,0.9000806080807502,-0.09261530026202114,59,0.4763102806570978,0.48504374658724475,0.8188765252127135,0.8596941421750719,81.79566265631183,93.81517502333757,0.11768750000000001,0.807465307818729,0.807465307818729,81.79566265631183,81.79566265631183
EBX,El Boixer,gauge,pm,surface5,VWC_005,total,60,0.8690547017913715,0.8651292025562658,0.9000806080807502,-0.031025906289378735,59,0.47291741450168956,0.48504374658724475,0.931914728735237,0.8151892513294311,94.55432381642083,93.81517502333757,0.11768750000000001,0.8690547017913715,0.8690547017913715,94.55432381642083,94.55432381642083
EBX,El Boixer,gauge,pm,surface5,VWC_020,lower,60,0.8694240745851596,0.8877867156554966,0.7149134189307503,0.15451065565440925,59,0.2670209103764604,0.21217108009576746,0.7456154227069569,0.9011718320025066,97.13580488380349,93.81517502333757,0.1310208333333333,0.8694240745851596,0.8694240745851596,97.13580488380349,97.13580488380349
EBX,El Boixer,gauge,pm,surface5,VWC_020,total,60,0.816120443009125,0.8326873116573479,0.7149134189307503,0.10120702407837467,59,0.21438458335518057,0.21217108009576746,0.705034596389449,0.8328856879395278,94.55432381642083,93.81517502333757,0.1310208333333333,0.816120443009125,0.816120443009125,94.55432381642083,94.55432381642083
EBX,El Boixer,gauge,pm,surface5,VWC_050,total,60,0.5790437994571969,0.5697493504879738,0.5804727139439447,-0.0014289144867478676,59,-0.05992535456632313,-0.05758577027975164,0.466471152475995,0.6666166942540835,94.55432381642083,93.81517502333757,0.009999999999999953,0.5790437994571969,0.5790437994571969,94.55432381642083,94.55432381642083
EBX,El Boixer,gauge,pm,surface15,VWC_005,upper,60,0.8964100987188705,0.9194220616838011,0.9000806080807502,-0.003670509361879737,59,0.5166096309274868,0.48504374658724475,0.9258679545999264,0.9105316249760983,91.25743354460609,93.81517502333757,0.11768750000000001,0.8964100987188705,0.8964100987188705,91.25743354460609,91.25743354460609
EBX,El Boixer,gauge,pm,surface15,VWC_005,total,60,0.8942573681377513,0.9026396221172549,0.9000806080807502,-0.005823239942998937,59,0.4796426928262904,0.48504374658724475,0.9333130192535638,0.8384764336337371,94.22120328229403,93.81517502333757,0.11768750000000001,0.8942573681377513,0.8942573681377513,94.22120328229403,94.22120328229403
EBX,El Boixer,gauge,pm,surface15,VWC_020,lower,60,0.9464587262885453,0.9374123009004253,0.7149134189307503,0.231545307357795,59,0.37401260099741374,0.21217108009576746,0.8347059389582518,0.9537392770976628,97.19379670348295,93.81517502333757,0.1310208333333333,0.9464587262885453,0.9464587262885453,97.19379670348295,97.19379670348295
EBX,El Boixer,gauge,pm,surface15,VWC_020,total,60,0.7719002034396458,0.76733491720266,0.7149134189307503,0.056986784508895494,59,0.23195655031706663,0.21217108009576746,0.6887623077593581,0.8208234602100567,94.22120328229403,93.81517502333757,0.1310208333333333,0.7719002034396458,0.7719002034396458,94.22120328229403,94.22120328229403
EBX,El Boixer,gauge,pm,surface15,VWC_050,total,60,0.5760306105795687,0.5510198444533011,0.5804727139439447,-0.004442103364376004,59,-0.06780735655837615,-0.05758577027975164,0.46018113253982723,0.6561903590262896,94.22120328229403,93.81517502333757,0.009999999999999953,0.5760306105795687,0.5760306105795687,94.22120328229403,94.22120328229403
EBX,El Boixer,gauge,pm,bypass25,VWC_005,upper,60,0.8872753886592354,0.9167546540705753,0.9000806080807502,-0.012805219421514802,59,0.5020615551631481,0.48504374658724475,0.9097528434323658,0.9064535814441586,88.94401283768491,93.81517502333757,0.11768750000000001,0.8872753886592354,0.8872753886592354,88.94401283768491,88.94401283768491
EBX,El Boixer,gauge,pm,bypass25,VWC_005,total,60,0.8856737387853304,0.891580994720756,0.9000806080807502,-0.014406869295419789,59,0.47699963413354746,0.48504374658724475,0.9305880830514454,0.8336794126251386,93.95646176057573,93.81517502333757,0.11768750000000001,0.8856737387853304,0.8856737387853304,93.95646176057573,93.95646176057573
EBX,El Boixer,gauge,pm,bypass25,VWC_020,lower,60,0.9063562659222641,0.9056808236609466,0.7149134189307503,0.19144284699151382,59,0.31827643169069664,0.21217108009576746,0.790257066513834,0.9317231922896074,96.46989637472902,93.81517502333757,0.1310208333333333,0.9063562659222641,0.9063562659222641,96.46989637472902,96.46989637472902
EBX,El Boixer,gauge,pm,bypass25,VWC_020,total,60,0.794816323739553,0.8058461496491724,0.7149134189307503,0.07990290480880269,59,0.2248450866256028,0.21217108009576746,0.7000540918349629,0.823806569856727,93.95646176057573,93.81517502333757,0.1310208333333333,0.794816323739553,0.794816323739553,93.95646176057573,93.95646176057573
EBX,El Boixer,gauge,pm,bypass25,VWC_050,total,60,0.5814040598859258,0.5553826522388259,0.5804727139439447,0.0009313459419810766,59,-0.06271930580807948,-0.05758577027975164,0.4701800892057204,0.6572733256434065,93.95646176057573,93.81517502333757,0.009999999999999953,0.5814040598859258,0.5814040598859258,93.95646176057573,93.95646176057573
LCS,Los Coscolls,idw,hg,control,VWC_005,upper,60,0.6770334204504884,0.8271138406594016,0.6770334204504884,0.0,59,-0.06741750660867879,-0.0674175066086787,0.6897993093130588,0.6859301261763959,26.616554404931133,26.616554404931136,0.05095833333333333,0.6770334204504884,0.6770334204504884,26.616554404931133,26.616554404931133
LCS,Los Coscolls,idw,hg,control,VWC_005,total,60,0.6770334204504883,0.8271138406594016,0.6770334204504884,-1.1102230246251565e-16,59,-0.06741750660867876,-0.0674175066086787,0.689799309313059,0.6859301261763959,26.616554404931136,26.616554404931136,0.05095833333333333,0.6770334204504883,0.6770334204504883,26.616554404931136,26.616554404931136
LCS,Los Coscolls,idw,hg,control,VWC_020,lower,60,0.6615836691350581,0.7953153003726731,0.6615836691350578,2.220446049250313e-16,59,-0.13848260662702247,-0.13848260662702247,0.7084294434701914,0.43126043538921266,26.61655440493113,26.616554404931136,0.060020833333333315,0.6615836691350581,0.6615836691350581,26.61655440493113,26.61655440493113
LCS,Los Coscolls,idw,hg,control,VWC_020,total,60,0.6615836691350578,0.7953153003726731,0.6615836691350578,0.0,59,-0.13848260662702247,-0.13848260662702247,0.7084294434701914,0.43126043538921255,26.616554404931136,26.616554404931136,0.060020833333333315,0.6615836691350578,0.6615836691350578,26.616554404931136,26.616554404931136
LCS,Los Coscolls,idw,hg,control,VWC_050,total,60,0.37438968617308743,0.2965464705426869,0.3743896861730874,5.551115123125783e-17,59,0.050271025592317914,0.05027102559231786,0.35112164379298294,0.15315445669530472,26.616554404931136,26.616554404931136,0.0370625,0.37438968617308743,0.37438968617308743,26.616554404931136,26.616554404931136
LCS,Los Coscolls,idw,hg,cascade,VWC_005,upper,60,0.7010283585676994,0.8462030068008674,0.6770334204504884,0.023994938117210984,59,-0.04524001790100167,-0.0674175066086787,0.7247354794378312,0.6941380634853764,84.92303112839191,26.616554404931136,0.05095833333333333,0.7010283585676994,0.7010283585676994,84.92303112839191,84.92303112839191
LCS,Los Coscolls,idw,hg,cascade,VWC_005,total,60,0.7033942486702216,0.8485370533159811,0.6770334204504884,0.02636082821973318,59,-0.04180216884771272,-0.0674175066086787,0.7290362169886075,0.6965620506485546,29.990026692040054,26.616554404931136,0.05095833333333333,0.7033942486702216,0.7033942486702216,29.990026692040054,29.990026692040054
LCS,Los Coscolls,idw,hg,cascade,VWC_020,lower,60,0.3680197813968946,0.4691646175031473,0.6615836691350578,-0.2935638877381632,59,-0.10960909606123906,-0.13848260662702247,0.24774398588526098,0.7705014972115387,2.523525061111639,26.616554404931136,0.060020833333333315,0.3680197813968946,0.3680197813968946,2.523525061111639,2.523525061111639
LCS,Los Coscolls,idw,hg,cascade,VWC_020,total,60,0.6579489339156792,0.8074855166869389,0.6615836691350578,-0.0036347352193786264,59,-0.15061170884768083,-0.13848260662702247,0.6775988806263521,0.4464795291883858,29.990026692040054,26.616554404931136,0.060020833333333315,0.6579489339156792,0.6579489339156792,29.990026692040054,29.990026692040054
LCS,Los Coscolls,idw,hg,cascade,VWC_050,total,60,0.3469432375493112,0.30897090322921617,0.3743896861730874,-0.027446448623776154,59,0.03543093887208759,0.05027102559231786,0.291736267971038,0.16945654014945974,29.990026692040054,26.616554404931136,0.0370625,0.3469432375493112,0.3469432375493112,29.990026692040054,29.990026692040054
LCS,Los Coscolls,idw,hg,surface,VWC_005,upper,60,0.5043705790253594,0.7679290897404468,0.6770334204504884,-0.172662841425129,59,-0.1530720354231201,-0.0674175066086787,0.5037841593512872,0.535718689848562,58.34683229216739,26.616554404931136,0.05095833333333333,0.5043705790253594,0.5043705790253594,58.34683229216739,58.34683229216739
LCS,Los Coscolls,idw,hg,surface,VWC_005,total,60,0.5043637051374891,0.7679290897404468,0.6770334204504884,-0.17266971531299935,59,-0.15307228377023324,-0.0674175066086787,0.5037758896250975,0.5357188509839269,19.448877432280877,26.616554404931136,0.05095833333333333,0.5043637051374891,0.5043637051374891,19.448877432280877,19.448877432280877
LCS,Los Coscolls,idw,hg,surface,VWC_020,lower,60,-0.11914885869189801,0.28244349048975376,0.6615836691350578,-0.7807325278269559,59,-0.03705612037309375,-0.13848260662702247,-0.4501228316855057,0.8044529622534898,0.0005774068900572112,26.616554404931136,0.060020833333333315,-0.11914885869189801,-0.11914885869189801,0.0005774068900572112,0.0005774068900572112
LCS,Los Coscolls,idw,hg,surface,VWC_020,total,60,0.6331438287484954,0.7348810070312846,0.6615836691350578,-0.028439840386562443,59,-0.17812422722492685,-0.13848260662702247,0.6864385959067248,0.3191597465058931,19.448877432280877,26.616554404931136,0.060020833333333315,0.6331438287484954,0.6331438287484954,19.448877432280877,19.448877432280877
LCS,Los Coscolls,idw,hg,surface,VWC_050,total,60,0.423319667798818,0.2944340390344627,0.3743896861730874,0.048929981625730645,59,0.025581989122229032,0.05027102559231786,0.42211662644221243,0.1116391658663535,19.448877432280877,26.616554404931136,0.0370625,0.423319667798818,0.423319667798818,19.448877432280877,19.448877432280877
LCS,Los Coscolls,idw,hg,surface5,VWC_005,upper,60,0.3561787402141111,0.6695657008892263,0.6770334204504884,-0.3208546802363773,59,-0.23130854795973538,-0.0674175066086787,0.3369611620187838,0.41349832368224865,69.8752273944696,26.616554404931136,0.05095833333333333,0.3561787402141111,0.3561787402141111,69.8752273944696,69.8752273944696
LCS,Los Coscolls,idw,hg,surface5,VWC_005,total,60,0.5355542419014141,0.8021617719621146,0.6770334204504884,-0.14147917854907432,59,-0.17607158354952496,-0.0674175066086787,0.5615653316461491,0.5033301061754463,16.767874271226507,26.616554404931136,0.05095833333333333,0.5355542419014141,0.5355542419014141,16.767874271226507,16.767874271226507
LCS,Los Coscolls,idw,hg,surface5,VWC_020,lower,60,0.6823854156150463,0.877172508733009,0.6615836691350578,0.020801746479988448,59,-0.15808946492226905,-0.13848260662702247,0.6141422649069925,0.7227893803882596,8.77506912313419,26.616554404931136,0.060020833333333315,0.6823854156150463,0.6823854156150463,8.77506912313419,8.77506912313419
LCS,Los Coscolls,idw,hg,surface5,VWC_020,total,60,0.6254839937223169,0.7729476653658603,0.6615836691350578,-0.03609967541274095,59,-0.20921246177212985,-0.13848260662702247,0.66075864461002,0.3505889375103616,16.767874271226507,26.616554404931136,0.060020833333333315,0.6254839937223169,0.6254839937223169,16.767874271226507,16.767874271226507
LCS,Los Coscolls,idw,hg,surface5,VWC_050,total,60,0.40368028216377316,0.3369884158646111,0.3743896861730874,0.029290595990685786,59,-0.0015505408703991308,0.05027102559231786,0.37631339560196486,0.19058454615801712,16.767874271226507,26.616554404931136,0.0370625,0.40368028216377316,0.40368028216377316,16.767874271226507,16.767874271226507
LCS,Los Coscolls,idw,hg,surface15,VWC_005,upper,60,0.5771119597702155,0.7962988694062932,0.6770334204504884,-0.09992146068027297,59,-0.11844223687584703,-0.0674175066086787,0.5822172724238002,0.6007584028925212,44.223261795476894,26.616554404931136,0.05095833333333333,0.5771119597702155,0.5771119597702155,44.223261795476894,44.223261795476894
LCS,Los Coscolls,idw,hg,surface15,VWC_005,total,60,0.5771095277606733,0.7962988694062932,0.6770334204504884,-0.09992389268981516,59,-0.11844234301654849,-0.0674175066086787,0.582214511771078,0.6007584595966505,22.111601239247413,26.616554404931136,0.05095833333333333,0.5771095277606733,0.5771095277606733,22.111601239247413,22.111601239247413
LCS,Los Coscolls,idw,hg,surface15,VWC_020,lower,60,-0.11914885869189801,0.28244349048975376,0.6615836691350578,-0.7807325278269559,59,-0.037056120373093734,-0.13848260662702247,-0.4501228316855058,0.8044529622534897,0.00034250834793878075,26.616554404931136,0.060020833333333315,-0.11914885869189801,-0.11914885869189801,0.00034250834793878075,0.00034250834793878075
LCS,Los Coscolls,idw,hg,surface15,VWC_020,total,60,0.6533723842454485,0.7705025077502087,0.6615836691350578,-0.008211284889609316,59,-0.15762360509906084,-0.13848260662702247,0.7068502504944728,0.3609542915863192,22.111601239247413,26.616554404931136,0.060020833333333315,0.6533723842454485,0.6533723842454485,22.111601239247413,22.111601239247413
LCS,Los Coscolls,idw,hg,surface15,VWC_050,total,60,0.4120589926829402,0.30357864385295963,0.3743896861730874,0.03766930650985284,59,0.04113657703265358,0.05027102559231786,0.4039175724917461,0.11925305960452132,22.111601239247413,26.616554404931136,0.0370625,0.4120589926829402,0.4120589926829402,22.111601239247413,22.111601239247413
LCS,Los Coscolls,idw,hg,bypass25,VWC_005,upper,60,0.5004350666236121,0.7653449668129996,0.6770334204504884,-0.17659835382687628,59,-0.15764972372969369,-0.0674175066086787,0.49741898768348203,0.5353396529687793,41.747457337166786,26.616554404931136,0.05095833333333333,0.5004350666236121,0.5004350666236121,41.747457337166786,41.747457337166786
LCS,Los Coscolls,idw,hg,bypass25,VWC_005,total,60,0.629834723313566,0.8203062049903199,0.6770334204504884,-0.047198697136922374,59,-0.11376629145873941,-0.0674175066086787,0.6380668241306597,0.6372318349386432,22.148253406464264,26.616554404931136,0.05095833333333333,0.629834723313566,0.629834723313566,22.148253406464264,22.148253406464264
LCS,Los Coscolls,idw,hg,bypass25,VWC_020,lower,60,0.6243324415647445,0.8064852249350813,0.6615836691350578,-0.037251227570313294,59,-0.12180994714720692,-0.13848260662702247,0.6751296282604394,0.5373675898832716,12.348651441113004,26.616554404931136,0.060020833333333315,0.6243324415647445,0.6243324415647445,12.348651441113004,12.348651441113004
LCS,Los Coscolls,idw,hg,bypass25,VWC_020,total,60,0.6425524025164284,0.788507759283643,0.6615836691350578,-0.019031266618629417,59,-0.16139563298191942,-0.13848260662702247,0.7030819076811331,0.4039935724864069,22.148253406464264,26.616554404931136,0.060020833333333315,0.6425524025164284,0.6425524025164284,22.148253406464264,22.148253406464264
LCS,Los Coscolls,idw,hg,bypass25,VWC_050,total,60,0.3826539773005586,0.2940727020659506,0.3743896861730874,0.008264291127471235,59,0.0371008145811243,0.05027102559231786,0.3780544747755117,0.1553699144341979,22.148253406464264,26.616554404931136,0.0370625,0.3826539773005586,0.3826539773005586,22.148253406464264,22.148253406464264
LCS,Los Coscolls,idw,pm,control,VWC_005,upper,60,0.6871194546107631,0.8323376590503705,0.6871194546107631,0.0,59,-0.05322022909001882,-0.05322022909001884,0.7002538391756905,0.6949051864160747,27.599313603721285,27.59931360372128,0.05095833333333333,0.6871194546107631,0.6871194546107631,27.599313603721285,27.599313603721285
LCS,Los Coscolls,idw,pm,control,VWC_005,total,60,0.6871194546107632,0.8323376590503705,0.6871194546107631,1.1102230246251565e-16,59,-0.05322022909001893,-0.05322022909001884,0.7002538391756905,0.6949051864160747,27.59931360372129,27.59931360372128,0.05095833333333333,0.6871194546107632,0.6871194546107632,27.59931360372129,27.59931360372129
LCS,Los Coscolls,idw,pm,control,VWC_020,lower,60,0.6628510556910983,0.8013170508838179,0.6628510556910981,1.1102230246251565e-16,59,-0.12833924878191538,-0.1283392487819153,0.7116857748234855,0.43459443254000885,27.59931360372128,27.59931360372128,0.060020833333333315,0.6628510556910983,0.6628510556910983,27.59931360372128,27.59931360372128
LCS,Los Coscolls,idw,pm,control,VWC_020,total,60,0.6628510556910983,0.8013170508838179,0.6628510556910981,1.1102230246251565e-16,59,-0.12833924878191535,-0.1283392487819153,0.7116857748234855,0.43459443254000873,27.59931360372129,27.59931360372128,0.060020833333333315,0.6628510556910983,0.6628510556910983,27.59931360372129,27.59931360372129
LCS,Los Coscolls,idw,pm,control,VWC_050,total,60,0.3717265567008058,0.2947119905487027,0.3717265567008056,1.6653345369377348e-16,59,0.05927009678079803,0.05927009678079806,0.34943380802992585,0.1477177885546706,27.59931360372129,27.59931360372128,0.0370625,0.3717265567008058,0.3717265567008058,27.59931360372129,27.59931360372129
LCS,Los Coscolls,idw,pm,cascade,VWC_005,upper,60,0.7091013817659984,0.8451193423474216,0.6871194546107631,0.02198192715523528,59,-0.03314257436829593,-0.05322022909001884,0.7315419261361175,0.7021139673879342,85.20432235240992,27.59931360372128,0.05095833333333333,0.7091013817659984,0.7091013817659984,85.20432235240992,85.20432235240992
LCS,Los Coscolls,idw,pm,cascade,VWC_005,total,60,0.7132357264060919,0.848092473027388,0.6871194546107631,0.026116271795328827,59,-0.027784970345111903,-0.05322022909001884,0.7387219954675643,0.7059920283040173,31.070599621550066,27.59931360372128,0.05095833333333333,0.7132357264060919,0.7132357264060919,31.070599621550066,31.070599621550066
LCS,Los Coscolls,idw,pm,cascade,VWC_020,lower,60,0.3682950759913084,0.4691646175031473,0.6628510556910981,-0.29455597969978975,59,-0.11020451389803139,-0.1283392487819153,0.24734283660277512,0.7742420514618022,4.003739445801853,27.59931360372128,0.060020833333333315,0.3682950759913084,0.3682950759913084,4.003739445801853,4.003739445801853
LCS,Los Coscolls,idw,pm,cascade,VWC_020,total,60,0.6585947194311554,0.8117089707503371,0.6628510556910981,-0.004256336259942706,59,-0.14105948453747777,-0.1283392487819153,0.6805609683041552,0.44976558318230997,31.070599621550066,27.59931360372128,0.060020833333333315,0.6585947194311554,0.6585947194311554,31.070599621550066,31.070599621550066
LCS,Los Coscolls,idw,pm,cascade,VWC_050,total,60,0.34415191882621876,0.3082760244436161,0.3717265567008056,-0.02757463787458686,59,0.04392854832090237,0.05927009678079806,0.2904252081868279,0.1636791190554593,31.070599621550066,27.59931360372128,0.0370625,0.34415191882621876,0.34415191882621876,31.070599621550066,31.070599621550066
LCS,Los Coscolls,idw,pm,surface,VWC_005,upper,60,0.5167653735409827,0.7672066467714831,0.6871194546107631,-0.17035408106978034,59,-0.13794333818163002,-0.05322022909001884,0.5170828679935288,0.5477230178854182,61.458068791170874,27.59931360372128,0.05095833333333333,0.5167653735409827,0.5167653735409827,61.458068791170874,61.458068791170874
LCS,Los Coscolls,idw,pm,surface,VWC_005,total,60,0.5167544513207099,0.7672066467714831,0.6871194546107631,-0.17036500329005322,59,-0.13794377287884718,-0.05322022909001884,0.5170698412010776,0.547723333737935,20.485908302123896,27.59931360372128,0.05095833333333333,0.5167544513207099,0.5167544513207099,20.485908302123896,20.485908302123896
LCS,Los Coscolls,idw,pm,surface,VWC_020,lower,60,-0.10585837895806213,0.28244349048975376,0.6628510556910981,-0.7687094346491603,59,-0.036314302718822744,-0.1283392487819153,-0.448683154712351,0.8070641697576203,0.0009582950102954229,27.59931360372128,0.060020833333333315,-0.10585837895806213,-0.10585837895806213,0.0009582950102954229,0.0009582950102954229
LCS,Los Coscolls,idw,pm,surface,VWC_020,total,60,0.6409343430876813,0.7412161881263818,0.6628510556910981,-0.021916712603416877,59,-0.1654684055749694,-0.1283392487819153,0.6966448037388271,0.3209145632233124,20.485908302123896,27.59931360372128,0.060020833333333315,0.6409343430876813,0.6409343430876813,20.485908302123896,20.485908302123896
LCS,Los Coscolls,idw,pm,surface,VWC_050,total,60,0.42600372459623226,0.2982697699309751,0.3717265567008056,0.05427716789542664,59,0.039274315013247074,0.05927009678079806,0.4256981229149275,0.1014313121930963,20.485908302123896,27.59931360372128,0.0370625,0.42600372459623226,0.42600372459623226,20.485908302123896,20.485908302123896
LCS,Los Coscolls,idw,pm,surface5,VWC_005,upper,60,0.3645867344751442,0.6699824949097823,0.6871194546107631,-0.32253272013561884,59,-0.22012457230791554,-0.05322022909001884,0.3432535211778611,0.428532765245166,73.44603649187445,27.59931360372128,0.05095833333333333,0.3645867344751442,0.3645867344751442,73.44603649187445,73.44603649187445
LCS,Los Coscolls,idw,pm,surface5,VWC_005,total,60,0.5571151789063022,0.8072744452809351,0.6871194546107631,-0.13000427570446083,59,-0.1608529613912394,-0.05322022909001884,0.5846998070453977,0.5237978681965583,17.84423458090894,27.59931360372128,0.05095833333333333,0.5571151789063022,0.5571151789063022,17.84423458090894,17.84423458090894
LCS,Los Coscolls,idw,pm,surface5,VWC_020,lower,60,0.6699838389044468,0.8746162075893732,0.6628510556910981,0.007132783213348648,59,-0.159898330854533,-0.1283392487819153,0.6021621399910304,0.7175768621543153,9.911644108875242,27.59931360372128,0.060020833333333315,0.6699838389044468,0.6699838389044468,9.911644108875242,9.911644108875242
LCS,Los Coscolls,idw,pm,surface5,VWC_020,total,60,0.631587772877618,0.7828672252384468,0.6628510556910981,-0.03126328281348012,59,-0.19691611139648263,-0.1283392487819153,0.672247910708133,0.3564654745120087,17.84423458090894,27.59931360372128,0.060020833333333315,0.631587772877618,0.631587772877618,17.84423458090894,17.84423458090894
LCS,Los Coscolls,idw,pm,surface5,VWC_050,total,60,0.40327241974171335,0.3391842328271073,0.3717265567008056,0.03154586304090773,59,0.014916873508238393,0.05927009678079806,0.3789575882507663,0.1805579849818183,17.84423458090894,27.59931360372128,0.0370625,0.40327241974171335,0.40327241974171335,17.84423458090894,17.84423458090894
LCS,Los Coscolls,idw,pm,surface15,VWC_005,upper,60,0.5884204624318665,0.7993553588903707,0.6871194546107631,-0.09869899217889655,59,-0.10378686039065482,-0.05322022909001884,0.5942454934492225,0.6115281101245511,46.2909127361408,27.59931360372128,0.05095833333333333,0.5884204624318665,0.5884204624318665,46.2909127361408,46.2909127361408
LCS,Los Coscolls,idw,pm,surface15,VWC_005,total,60,0.5884165230985479,0.7993553588903707,0.6871194546107631,-0.09870293151221521,59,-0.103787048538013,-0.05322022909001884,0.5942410652873572,0.6115282230505275,23.14540483478762,27.59931360372128,0.05095833333333333,0.5884165230985479,0.5884165230985479,23.14540483478762,23.14540483478762
LCS,Los Coscolls,idw,pm,surface15,VWC_020,lower,60,-0.10585837895806213,0.28244349048975376,0.6628510556910981,-0.7687094346491603,59,-0.036314302718822855,-0.1283392487819153,-0.44868315471235104,0.8070641697576202,0.0005744259457670727,27.59931360372128,0.060020833333333315,-0.10585837895806213,-0.10585837895806213,0.0005744259457670727,0.0005744259457670727
LCS,Los Coscolls,idw,pm,surface15,VWC_020,total,60,0.6582371454459499,0.7780880535351278,0.6628510556910981,-0.004613910245148234,59,-0.14565575081130844,-0.1283392487819153,0.713801339048654,0.3636787628050577,23.14540483478762,27.59931360372128,0.060020833333333315,0.6582371454459499,0.6582371454459499,23.14540483478762,23.14540483478762
LCS,Los Coscolls,idw,pm,surface15,VWC_050,total,60,0.4123110576074934,0.307136423235232,0.3717265567008056,0.040584500906687804,59,0.05287272675679827,0.05927009678079806,0.40493408348249726,0.1114575619699586,23.14540483478762,27.59931360372128,0.0370625,0.4123110576074934,0.4123110576074934,23.14540483478762,23.14540483478762
LCS,Los Coscolls,idw,pm,bypass25,VWC_005,upper,60,0.5118617852101011,0.7660674097819633,0.6871194546107631,-0.175257669400662,59,-0.14361748831629043,-0.05322022909001884,0.5092398752328299,0.5472547191533816,43.84346008206529,27.59931360372128,0.05095833333333333,0.5118617852101011,0.5118617852101011,43.84346008206529,43.84346008206529
LCS,Los Coscolls,idw,pm,bypass25,VWC_005,total,60,0.6382673716181573,0.8214176557118027,0.6871194546107631,-0.048852082992605794,59,-0.10029517769905945,-0.05322022909001884,0.6466993795414939,0.6454408516555634,23.078737887951984,27.59931360372128,0.05095833333333333,0.6382673716181573,0.6382673716181573,23.078737887951984,23.078737887951984
LCS,Los Coscolls,idw,pm,bypass25,VWC_020,lower,60,0.6207437194024039,0.8038733520274537,0.6628510556910981,-0.04210733628869423,59,-0.11461538890166623,-0.1283392487819153,0.6742775167738854,0.5396362528772631,12.69637679089533,27.59931360372128,0.060020833333333315,0.6207437194024039,0.6207437194024039,12.69637679089533,12.69637679089533
LCS,Los Coscolls,idw,pm,bypass25,VWC_020,total,60,0.6459637268129736,0.7943983662668037,0.6628510556910981,-0.016887328878124497,59,-0.14977747110691517,-0.1283392487819153,0.7098137647126934,0.4044836411925155,23.078737887951984,27.59931360372128,0.060020833333333315,0.6459637268129736,0.6459637268129736,23.078737887951984,23.078737887951984
LCS,Los Coscolls,idw,pm,bypass25,VWC_050,total,60,0.38321944723298934,0.2933500281289266,0.3717265567008056,0.01149289053218372,59,0.049077159569374806,0.05927009678079806,0.3809969450267001,0.1462278607624164,23.078737887951984,27.59931360372128,0.0370625,0.38321944723298934,0.38321944723298934,23.078737887951984,23.078737887951984
LCS,Los Coscolls,gauge,hg,control,VWC_005,upper,60,0.6179177080453451,0.789268943592915,0.6179177080453451,0.0,59,-0.05524351103003222,-0.05524351103003243,0.5751844533743526,0.7936511682529456,25.73342814534338,25.733428145343385,0.05095833333333333,0.6179177080453451,0.6179177080453451,25.73342814534338,25.73342814534338
LCS,Los Coscolls,gauge,hg,control,VWC_005,total,60,0.6179177080453451,0.789268943592915,0.6179177080453451,0.0,59,-0.05524351103003228,-0.05524351103003243,0.5751844533743526,0.7936511682529456,25.733428145343385,25.733428145343385,0.05095833333333333,0.6179177080453451,0.6179177080453451,25.733428145343385,25.733428145343385
LCS,Los Coscolls,gauge,hg,control,VWC_020,lower,60,0.7085884341287807,0.8177385071434778,0.7085884341287806,1.1102230246251565e-16,59,-0.05429875923064814,-0.054298759230648364,0.7592917956751704,0.6127133143403527,25.73342814534338,25.733428145343385,0.060020833333333315,0.7085884341287807,0.7085884341287807,25.73342814534338,25.73342814534338
LCS,Los Coscolls,gauge,hg,control,VWC_020,total,60,0.7085884341287807,0.8177385071434778,0.7085884341287806,1.1102230246251565e-16,59,-0.054298759230648086,-0.054298759230648364,0.7592917956751704,0.6127133143403529,25.733428145343385,25.733428145343385,0.060020833333333315,0.7085884341287807,0.7085884341287807,25.733428145343385,25.733428145343385
LCS,Los Coscolls,gauge,hg,control,VWC_050,total,60,0.5607658190940333,0.34593845462314,0.5607658190940332,1.1102230246251565e-16,59,0.21862633768739306,0.2186263376873928,0.5889811221644092,0.3465531103390208,25.733428145343385,25.733428145343385,0.0370625,0.5607658190940333,0.5607658190940333,25.733428145343385,25.733428145343385
LCS,Los Coscolls,gauge,hg,cascade,VWC_005,upper,60,0.6388127932405443,0.8057739868069334,0.6179177080453451,0.020895085195199226,59,-0.00931808816115133,-0.05524351103003243,0.6174141840453773,0.7961401873809153,82.10063949910622,25.733428145343385,0.05095833333333333,0.6388127932405443,0.6388127932405443,82.10063949910622,82.10063949910622
LCS,Los Coscolls,gauge,hg,cascade,VWC_005,total,60,0.6388127641217347,0.8057739868069334,0.6179177080453451,0.02089505607638964,59,-0.009318088285506676,-0.05524351103003243,0.617414152850035,0.7961401874072465,27.36687954825099,25.733428145343385,0.05095833333333333,0.6388127641217347,0.6388127641217347,27.36687954825099,27.36687954825099
LCS,Los Coscolls,gauge,hg,cascade,VWC_020,lower,60,-0.1526795562590804,0.28244349048975376,0.7085884341287806,-0.861267990387861,59,-0.01335894559731366,-0.054298759230648364,-0.40830210068378403,0.7705014972115387,6.29596714098209e-06,25.733428145343385,0.060020833333333315,-0.1526795562590804,-0.1526795562590804,6.29596714098209e-06,6.29596714098209e-06
LCS,Los Coscolls,gauge,hg,cascade,VWC_020,total,60,0.7414557307248485,0.8331874575332765,0.7085884341287806,0.03286729659606791,59,-0.021787598663396857,-0.054298759230648364,0.7696540197281172,0.619393044898311,27.36687954825099,25.733428145343385,0.060020833333333315,0.7414557307248485,0.7414557307248485,27.36687954825099,27.36687954825099
LCS,Los Coscolls,gauge,hg,cascade,VWC_050,total,60,0.5655589927084264,0.3706761393905026,0.5607658190940332,0.004793173614393131,59,0.23850055811022297,0.2186263376873928,0.5616290583819511,0.35617705388306103,27.36687954825099,25.733428145343385,0.0370625,0.5655589927084264,0.5655589927084264,27.36687954825099,27.36687954825099
LCS,Los Coscolls,gauge,hg,surface,VWC_005,upper,60,0.4214254339884014,0.7161354861193522,0.6179177080453451,-0.1964922740569437,59,-0.14494846986986415,-0.05524351103003243,0.3510488584379864,0.6718612068102904,69.22251586654231,25.733428145343385,0.05095833333333333,0.4214254339884014,0.4214254339884014,69.22251586654231,69.22251586654231
LCS,Los Coscolls,gauge,hg,surface,VWC_005,total,60,0.4214180518877636,0.7161354861193522,0.6179177080453451,-0.19649965615758147,59,-0.1449486931745878,-0.05524351103003243,0.3510392021267518,0.6718612956055774,23.074130289552336,25.733428145343385,0.05095833333333333,0.4214180518877636,0.4214180518877636,23.074130289552336,23.074130289552336
LCS,Los Coscolls,gauge,hg,surface,VWC_020,lower,60,-0.11914885869189801,0.28244349048975376,0.7085884341287806,-0.8277372928206785,59,-0.03705612037309375,-0.054298759230648364,-0.4501228316855057,0.8044529622534898,0.0005774068900572112,25.733428145343385,0.060020833333333315,-0.11914885869189801,-0.11914885869189801,0.0005774068900572112,0.0005774068900572112
LCS,Los Coscolls,gauge,hg,surface,VWC_020,total,60,0.649716677431684,0.781644646430621,0.7085884341287806,-0.058871756697096544,59,-0.11689607262983781,-0.054298759230648364,0.6812131937250406,0.5396151545225292,23.074130289552336,25.733428145343385,0.060020833333333315,0.649716677431684,0.649716677431684,23.074130289552336,23.074130289552336
LCS,Los Coscolls,gauge,hg,surface,VWC_050,total,60,0.6253740717634659,0.3686748884879744,0.5607658190940332,0.06460825266943271,59,0.19225801936149559,0.2186263376873928,0.6690068079589496,0.3431660150843959,23.074130289552336,25.733428145343385,0.0370625,0.6253740717634659,0.6253740717634659,23.074130289552336,23.074130289552336
LCS,Los Coscolls,gauge,hg,surface5,VWC_005,upper,60,0.38134206394229336,0.6516991305413917,0.6179177080453451,-0.2365756441030517,59,-0.2167812686731732,-0.05524351103003243,0.30904560741283804,0.5516916161725807,59.8367445058055,25.733428145343385,0.05095833333333333,0.38134206394229336,0.38134206394229336,59.8367445058055,59.8367445058055
LCS,Los Coscolls,gauge,hg,surface5,VWC_005,total,60,0.4182534379719416,0.7548417574949879,0.6179177080453451,-0.19966427007340348,59,-0.13039173677918414,-0.05524351103003243,0.39305280060661496,0.5951242605442388,22.005376089224693,25.733428145343385,0.05095833333333333,0.4182534379719416,0.4182534379719416,22.005376089224693,22.005376089224693
LCS,Los Coscolls,gauge,hg,surface5,VWC_020,lower,60,0.8548148884071309,0.89428861204257,0.7085884341287806,0.14622645427835035,59,0.08352527690088157,-0.054298759230648364,0.8202631991736133,0.8044529622534897,14.43920103535894,25.733428145343385,0.060020833333333315,0.8548148884071309,0.8548148884071309,14.43920103535894,14.43920103535894
LCS,Los Coscolls,gauge,hg,surface5,VWC_020,total,60,0.7233404567509008,0.790452771023366,0.7085884341287806,0.014752022622120164,59,-0.09292506448191315,-0.054298759230648364,0.7237219262798751,0.5404069228294424,22.005376089224693,25.733428145343385,0.060020833333333315,0.7233404567509008,0.7233404567509008,22.005376089224693,22.005376089224693
LCS,Los Coscolls,gauge,hg,surface5,VWC_050,total,60,0.6750721838284844,0.36772985333955827,0.5607658190940332,0.11430636473445122,59,0.1959809124585293,0.2186263376873928,0.6734272108137332,0.4115055062641773,22.005376089224693,25.733428145343385,0.0370625,0.6750721838284844,0.6750721838284844,22.005376089224693,22.005376089224693
LCS,Los Coscolls,gauge,hg,surface15,VWC_005,upper,60,0.5080827603471804,0.749173358815426,0.6179177080453451,-0.10983494769816471,59,-0.1101604721870618,-0.05524351103003243,0.44819146447381786,0.7277495067947302,48.03841378976067,25.733428145343385,0.05095833333333333,0.5080827603471804,0.5080827603471804,48.03841378976067,48.03841378976067
LCS,Los Coscolls,gauge,hg,surface15,VWC_005,total,60,0.5080800984699385,0.749173358815426,0.6179177080453451,-0.10983760957540656,59,-0.11016056849706743,-0.05524351103003243,0.44818809362654055,0.727749533915893,24.019188358203717,25.733428145343385,0.05095833333333333,0.5080800984699385,0.5080800984699385,24.019188358203717,24.019188358203717
LCS,Los Coscolls,gauge,hg,surface15,VWC_020,lower,60,-0.11914885869189801,0.28244349048975376,0.7085884341287806,-0.8277372928206785,59,-0.037056120373093734,-0.054298759230648364,-0.4501228316855058,0.8044529622534897,0.00034250834793878075,25.733428145343385,0.060020833333333315,-0.11914885869189801,-0.11914885869189801,0.00034250834793878075,0.00034250834793878075
LCS,Los Coscolls,gauge,hg,surface15,VWC_020,total,60,0.6813567640711964,0.8010114061818614,0.7085884341287806,-0.0272316700575842,59,-0.09214314656705686,-0.054298759230648364,0.7239626522254007,0.5681965377135616,24.019188358203717,25.733428145343385,0.060020833333333315,0.6813567640711964,0.6813567640711964,24.019188358203717,24.019188358203717
LCS,Los Coscolls,gauge,hg,surface15,VWC_050,total,60,0.6006485141896101,0.35677856367850114,0.5607658190940332,0.03988269509557685,59,0.20048784613434814,0.2186263376873928,0.6399868535114579,0.3375348326444816,24.019188358203717,25.733428145343385,0.0370625,0.6006485141896101,0.6006485141896101,24.019188358203717,24.019188358203717
LCS,Los Coscolls,gauge,hg,bypass25,VWC_005,upper,60,0.42589841333565803,0.715635333294685,0.6179177080453451,-0.19201929470968704,59,-0.15304686345465252,-0.05524351103003243,0.35357736318378064,0.6717833935646342,50.331750085287524,25.733428145343385,0.05095833333333333,0.42589841333565803,0.42589841333565803,50.331750085287524,50.331750085287524
LCS,Los Coscolls,gauge,hg,bypass25,VWC_005,total,60,0.562220516091392,0.7802106202128309,0.6179177080453451,-0.05569719195395306,59,-0.10639897482172661,-0.05524351103003243,0.5080643530790494,0.7556990454511028,23.76740040555049,25.733428145343385,0.05095833333333333,0.562220516091392,0.562220516091392,23.76740040555049,23.76740040555049
LCS,Los Coscolls,gauge,hg,bypass25,VWC_020,lower,60,0.6944036411693011,0.836327262198829,0.7085884341287806,-0.014184792959479497,59,-0.016271609200221915,-0.054298759230648364,0.7607958232573219,0.6756630120888858,10.866238333119998,25.733428145343385,0.060020833333333315,0.6944036411693011,0.6944036411693011,10.866238333119998,10.866238333119998
LCS,Los Coscolls,gauge,hg,bypass25,VWC_020,total,60,0.6749905561156979,0.8081245919728478,0.7085884341287806,-0.03359787801308267,59,-0.09768754518611825,-0.054298759230648364,0.7262039559723772,0.5994650896619403,23.76740040555049,25.733428145343385,0.060020833333333315,0.6749905561156979,0.6749905561156979,23.76740040555049,23.76740040555049
LCS,Los Coscolls,gauge,hg,bypass25,VWC_050,total,60,0.5719554929265134,0.3301508086143064,0.5607658190940332,0.011189673832480151,59,0.19470954315903832,0.2186263376873928,0.6144257863153206,0.361375949229271,23.76740040555049,25.733428145343385,0.0370625,0.5719554929265134,0.5719554929265134,23.76740040555049,23.76740040555049
LCS,Los Coscolls,gauge,pm,control,VWC_005,upper,60,0.628978159507803,0.7917697077162512,0.628978159507803,0.0,59,-0.03838923263676984,-0.03838923263676999,0.5888227332587774,0.798839960462792,26.37025740316678,26.37025740316678,0.05095833333333333,0.628978159507803,0.628978159507803,26.37025740316678,26.37025740316678
LCS,Los Coscolls,gauge,pm,control,VWC_005,total,60,0.628978159507803,0.7917697077162512,0.628978159507803,0.0,59,-0.03838923263676977,-0.03838923263676999,0.5888227332587774,0.798839960462792,26.37025740316678,26.37025740316678,0.05095833333333333,0.628978159507803,0.628978159507803,26.37025740316678,26.37025740316678
LCS,Los Coscolls,gauge,pm,control,VWC_020,lower,60,0.7152525076597905,0.8197390906471929,0.7152525076597905,0.0,59,-0.03789175719174001,-0.03789175719174001,0.767911861796269,0.6075716749916502,26.37025740316678,26.37025740316678,0.060020833333333315,0.7152525076597905,0.7152525076597905,26.37025740316678,26.37025740316678
LCS,Los Coscolls,gauge,pm,control,VWC_020,total,60,0.7152525076597906,0.8197390906471929,0.7152525076597905,1.1102230246251565e-16,59,-0.03789175719173987,-0.03789175719174001,0.767911861796269,0.6075716749916502,26.37025740316678,26.37025740316678,0.060020833333333315,0.7152525076597906,0.7152525076597906,26.37025740316678,26.37025740316678
LCS,Los Coscolls,gauge,pm,control,VWC_050,total,60,0.5586334691189232,0.34780072976854826,0.5586334691189232,0.0,59,0.23134188041998577,0.23134188041998563,0.5862933403124349,0.33119017488645275,26.37025740316678,26.37025740316678,0.0370625,0.5586334691189232,0.5586334691189232,26.37025740316678,26.37025740316678
LCS,Los Coscolls,gauge,pm,cascade,VWC_005,upper,60,0.6569055097579855,0.808469254806529,0.628978159507803,0.027927350250182448,59,0.010260070888684636,-0.03838923263676999,0.6410320715933134,0.8022633541544779,83.71794393086248,26.37025740316678,0.05095833333333333,0.6569055097579855,0.6569055097579855,83.71794393086248,83.71794393086248
LCS,Los Coscolls,gauge,pm,cascade,VWC_005,total,60,0.6569054574307742,0.808469254806529,0.628978159507803,0.027927297922971217,59,0.010260070321093134,-0.03838923263676999,0.6410320174478066,0.8022633542249816,27.905980750823087,26.37025740316678,0.05095833333333333,0.6569054574307742,0.6569054574307742,27.905980750823087,27.905980750823087
LCS,Los Coscolls,gauge,pm,cascade,VWC_020,lower,60,-0.1482587415837876,0.28244349048975376,0.7152525076597905,-0.8635112492435781,59,-0.014864457618804438,-0.03789175719174001,-0.4127873685621279,0.7742420514618022,1.1769922968674909e-05,26.37025740316678,0.060020833333333315,-0.1482587415837876,-0.1482587415837876,1.1769922968674909e-05,1.1769922968674909e-05
LCS,Los Coscolls,gauge,pm,cascade,VWC_020,total,60,0.7455800549756867,0.8351880410369914,0.7152525076597905,0.030327547315896153,59,-0.008119541244196754,-0.03789175719174001,0.7735599727089455,0.6156975576364987,27.905980750823087,26.37025740316678,0.060020833333333315,0.7455800549756867,0.7455800549756867,27.905980750823087,27.905980750823087
LCS,Los Coscolls,gauge,pm,cascade,VWC_050,total,60,0.55506907428033,0.373844786652839,0.5586334691189232,-0.0035643948385931656,59,0.24602411522420664,0.23134188041998563,0.5464991464074104,0.34261630344863364,27.905980750823087,26.37025740316678,0.0370625,0.55506907428033,0.55506907428033,27.905980750823087,27.905980750823087
LCS,Los Coscolls,gauge,pm,surface,VWC_005,upper,60,0.43381477001345914,0.7202478537888383,0.628978159507803,-0.19516338949434386,59,-0.12391344855074171,-0.03838923263676999,0.36690182514304914,0.6775630292271253,71.67411379670722,26.37025740316678,0.05095833333333333,0.43381477001345914,0.43381477001345914,71.67411379670722,71.67411379670722
LCS,Los Coscolls,gauge,pm,surface,VWC_005,total,60,0.43380303270582016,0.7196365558920228,0.628978159507803,-0.19517512680198285,59,-0.12391383650801385,-0.03838923263676999,0.3668866362148926,0.677563213165566,23.89130214617651,26.37025740316678,0.05095833333333333,0.43380303270582016,0.43380303270582016,23.89130214617651,23.89130214617651
LCS,Los Coscolls,gauge,pm,surface,VWC_020,lower,60,-0.10585837895806213,0.28244349048975376,0.7152525076597905,-0.8211108866178527,59,-0.036314302718822744,-0.03789175719174001,-0.448683154712351,0.8070641697576203,0.0009582950102954229,26.37025740316678,0.060020833333333315,-0.10585837895806213,-0.10585837895806213,0.0009582950102954229,0.0009582950102954229
LCS,Los Coscolls,gauge,pm,surface,VWC_020,total,60,0.6677939863259312,0.7840898040462726,0.7152525076597905,-0.047458521333859305,59,-0.0910973412478473,-0.03789175719174001,0.7028899248808911,0.5280009587641736,23.89130214617651,26.37025740316678,0.060020833333333315,0.6677939863259312,0.6677939863259312,23.89130214617651,23.89130214617651
LCS,Los Coscolls,gauge,pm,surface,VWC_050,total,60,0.6329268954550515,0.3671461551596542,0.5586334691189232,0.07429342633612834,59,0.21554437429947912,0.23134188041998563,0.677111459988591,0.3174595978966609,23.89130214617651,26.37025740316678,0.0370625,0.6329268954550515,0.6329268954550515,23.89130214617651,23.89130214617651
LCS,Los Coscolls,gauge,pm,surface5,VWC_005,upper,60,0.3878896453536332,0.6476423354079798,0.628978159507803,-0.24108851415416982,59,-0.2040290375902645,-0.03838923263676999,0.31609653627205353,0.5567138021880511,63.89120830986454,26.37025740316678,0.05095833333333333,0.3878896453536332,0.3878896453536332,63.89120830986454,63.89120830986454
LCS,Los Coscolls,gauge,pm,surface5,VWC_005,total,60,0.4390315303354312,0.7586484762160661,0.628978159507803,-0.18994662917237182,59,-0.11384771652204194,-0.03838923263676999,0.4168009433942773,0.6056363938980937,22.79518093401381,26.37025740316678,0.05095833333333333,0.4390315303354312,0.4390315303354312,22.79518093401381,22.79518093401381
LCS,Los Coscolls,gauge,pm,surface5,VWC_020,lower,60,0.8632045537797394,0.89428861204257,0.7152525076597905,0.14795204611994883,59,0.09356972580490706,-0.03789175719174001,0.829787861448847,0.8070641697576202,14.760653461404925,26.37025740316678,0.060020833333333315,0.8632045537797394,0.8632045537797394,14.760653461404925,14.760653461404925
LCS,Los Coscolls,gauge,pm,surface5,VWC_020,total,60,0.7319870689408526,0.7964545215345107,0.7152525076597905,0.0167345612810621,59,-0.07541197007291961,-0.03789175719174001,0.7373026896491797,0.5281170058658967,22.79518093401381,26.37025740316678,0.060020833333333315,0.7319870689408526,0.7319870689408526,22.79518093401381,22.79518093401381
LCS,Los Coscolls,gauge,pm,surface5,VWC_050,total,60,0.6721753247725542,0.3710652715104386,0.5586334691189232,0.11354185565363095,59,0.2130778941901657,0.23134188041998563,0.6725879018153263,0.38195225688703244,22.79518093401381,26.37025740316678,0.0370625,0.6721753247725542,0.6721753247725542,22.79518093401381,22.79518093401381
LCS,Los Coscolls,gauge,pm,surface15,VWC_005,upper,60,0.5191221392516163,0.7558142768762852,0.628978159507803,-0.10985602025618668,59,-0.09231344907513803,-0.03838923263676999,0.4620999592228352,0.73335826541469,49.6057562102296,26.37025740316678,0.05095833333333333,0.5191221392516163,0.5191221392516163,49.6057562102296,49.6057562102296
LCS,Los Coscolls,gauge,pm,surface15,VWC_005,total,60,0.519117826804919,0.7558142768762852,0.628978159507803,-0.10986033270288398,59,-0.09231361854344874,-0.03838923263676999,0.46209456365535545,0.7333583226163171,24.80284703119809,26.37025740316678,0.05095833333333333,0.519117826804919,0.519117826804919,24.80284703119809,24.80284703119809
LCS,Los Coscolls,gauge,pm,surface15,VWC_020,lower,60,-0.10585837895806213,0.28244349048975376,0.7152525076597905,-0.8211108866178527,59,-0.036314302718822855,-0.03789175719174001,-0.44868315471235104,0.8070641697576202,0.0005744259457670727,26.37025740316678,0.060020833333333315,-0.10585837895806213,-0.10585837895806213,0.0005744259457670727,0.0005744259457670727
LCS,Los Coscolls,gauge,pm,surface15,VWC_020,total,60,0.6936704928187816,0.8052348602452596,0.7152525076597905,-0.021582014841008967,59,-0.07198439632067605,-0.03789175719174001,0.7390482560797859,0.5597405144768182,24.80284703119809,26.37025740316678,0.060020833333333315,0.6936704928187816,0.6936704928187816,24.80284703119809,24.80284703119809
LCS,Los Coscolls,gauge,pm,surface15,VWC_050,total,60,0.6037992496635591,0.35986382548656554,0.5586334691189232,0.045165780544635936,59,0.21769006795644608,0.23134188041998563,0.643230525637472,0.316670986042778,24.80284703119809,26.37025740316678,0.0370625,0.6037992496635591,0.6037992496635591,24.80284703119809,24.80284703119809
LCS,Los Coscolls,gauge,pm,bypass25,VWC_005,upper,60,0.4363433168727098,0.7202478537888383,0.628978159507803,-0.19263484263509323,59,-0.13472511799661238,-0.03838923263676999,0.3666086473954727,0.6774383301474773,52.30720257977202,26.37025740316678,0.05095833333333333,0.4363433168727098,0.4363433168727098,52.30720257977202,52.30720257977202
LCS,Los Coscolls,gauge,pm,bypass25,VWC_005,total,60,0.5706848054797757,0.7819055825630921,0.628978159507803,-0.05829335402802727,59,-0.08939086730047144,-0.03838923263676999,0.5185682635381166,0.7596953810088386,24.544850456525907,26.37025740316678,0.05095833333333333,0.5706848054797757,0.5706848054797757,24.544850456525907,24.544850456525907
LCS,Los Coscolls,gauge,pm,bypass25,VWC_020,lower,60,0.6941636484525942,0.8369941233667342,0.7152525076597905,-0.021088859207196387,59,-0.004723739737069826,-0.03789175719174001,0.7626317044531756,0.6728463221375731,11.258092114038204,26.37025740316678,0.060020833333333315,0.6941636484525942,0.6941636484525942,11.258092114038204,11.258092114038204
LCS,Los Coscolls,gauge,pm,bypass25,VWC_020,total,60,0.6853989062242049,0.808263521382828,0.7152525076597905,-0.029853601435585686,59,-0.07800249112349653,-0.03789175719174001,0.7398493735284422,0.5901776563346808,24.544850456525907,26.37025740316678,0.060020833333333315,0.6853989062242049,0.6853989062242049,24.544850456525907,24.544850456525907
LCS,Los Coscolls,gauge,pm,bypass25,VWC_050,total,60,0.5754080878304234,0.3255368134779219,0.5586334691189232,0.01677461871150021,59,0.2122152070675283,0.23134188041998563,0.6191500491228479,0.34067076766074256,24.544850456525907,26.37025740316678,0.0370625,0.5754080878304234,0.5754080878304234,24.544850456525907,24.544850456525907
PSN,Pessonada,idw,hg,control,VWC_005,upper,58,0.740801440119033,0.6750438340151959,0.740801440119033,0.0,57,0.3543776382782087,0.3543776382782088,0.38137868736413877,0.9029618201520493,56.156197005795335,56.15619700579533,0.11572916666666666,0.740801440119033,0.740801440119033,56.156197005795335,56.156197005795335
PSN,Pessonada,idw,hg,control,VWC_005,total,58,0.7408014401190331,0.6750438340151959,0.740801440119033,1.1102230246251565e-16,57,0.3543776382782088,0.3543776382782088,0.3813786873641388,0.9029618201520493,56.15619700579533,56.15619700579533,0.11572916666666666,0.7408014401190331,0.7408014401190331,56.15619700579533,56.15619700579533
PSN,Pessonada,idw,hg,control,VWC_020,lower,58,0.7929550543088539,0.696699375557538,0.792955054308854,-1.1102230246251565e-16,57,0.2888900816726313,0.28889008167263147,0.5079506627843071,0.744996652433487,56.156197005795335,56.15619700579533,0.08791666666666667,0.7929550543088539,0.7929550543088539,56.156197005795335,56.156197005795335
PSN,Pessonada,idw,hg,control,VWC_020,total,58,0.7929550543088542,0.696699375557538,0.792955054308854,1.1102230246251565e-16,57,0.2888900816726315,0.28889008167263147,0.5079506627843071,0.7449966524334871,56.15619700579533,56.15619700579533,0.08791666666666667,0.7929550543088542,0.7929550543088542,56.15619700579533,56.15619700579533
PSN,Pessonada,idw,hg,control,VWC_050,total,58,0.45668984160097265,0.6790643100818763,0.45668984160097265,0.0,57,-0.14288807176509005,-0.14288807176509005,0.711330366869525,0.04741363272148574,56.15619700579533,56.15619700579533,0.029020833333333357,0.45668984160097265,0.45668984160097265,56.15619700579533,56.15619700579533
PSN,Pessonada,idw,hg,cascade,VWC_005,upper,58,0.6723531270360209,0.6646467132178782,0.740801440119033,-0.06844831308301214,57,0.30176511751720114,0.3543776382782088,0.3676856414629449,0.8430385592671116,91.55416758792698,56.15619700579533,0.11572916666666666,0.6723531270360209,0.6723531270360209,91.55416758792698,91.55416758792698
PSN,Pessonada,idw,hg,cascade,VWC_005,total,58,0.7412162164931932,0.6738134055184718,0.740801440119033,0.0004147763741602084,57,0.36089296431584644,0.3543776382782088,0.36768545576045686,0.9128593679475522,56.93123493484336,56.15619700579533,0.11572916666666666,0.7412162164931932,0.7412162164931932,56.93123493484336,56.93123493484336
PSN,Pessonada,idw,hg,cascade,VWC_020,lower,58,0.8635518521880563,0.5879910178719739,0.792955054308854,0.07059679787920226,57,0.3263789847693322,0.28889008167263147,-0.5334615298206103,0.8355877946416765,39.6197748566107,56.15619700579533,0.08791666666666667,0.8635518521880563,0.8635518521880563,39.6197748566107,39.6197748566107
PSN,Pessonada,idw,hg,cascade,VWC_020,total,58,0.8092090092842366,0.7108493032698637,0.792955054308854,0.016253954975382512,57,0.30247080084089745,0.28889008167263147,0.4929307891618069,0.7681478978343315,56.93123493484336,56.15619700579533,0.08791666666666667,0.8092090092842366,0.8092090092842366,56.93123493484336,56.93123493484336
PSN,Pessonada,idw,hg,cascade,VWC_050,total,58,0.4829011622976415,0.7007084073790996,0.45668984160097265,0.02621132069666887,57,-0.12280760522598727,-0.14288807176509005,0.7106216000703749,0.08087068260878325,56.93123493484336,56.15619700579533,0.029020833333333357,0.4829011622976415,0.4829011622976415,56.93123493484336,56.93123493484336
PSN,Pessonada,idw,hg,surface,VWC_005,upper,58,0.6635528422575314,0.6466209357408719,0.740801440119033,-0.07724859786150162,57,0.2816352483622019,0.3543776382782088,0.3621537890105653,0.7903362489970939,84.15593802377353,56.15619700579533,0.11572916666666666,0.6635528422575314,0.6635528422575314,84.15593802377353,84.15593802377353
PSN,Pessonada,idw,hg,surface,VWC_005,total,58,0.7337960168461941,0.6603402134793442,0.740801440119033,-0.007005423272838929,57,0.342155529082956,0.3543776382782088,0.3621401590975947,0.8993352662015504,50.217109104428175,56.15619700579533,0.11572916666666666,0.7337960168461941,0.7337960168461941,50.217109104428175,50.217109104428175
PSN,Pessonada,idw,hg,surface,VWC_020,lower,58,0.8930125108053883,0.5879910178719739,0.792955054308854,0.1000574564965343,57,0.3569661810574644,0.28889008167263147,-0.5885113208165846,0.8821099627064817,33.24820383054998,56.15619700579533,0.08791666666666667,0.8930125108053883,0.8930125108053883,33.24820383054998,33.24820383054998
PSN,Pessonada,idw,hg,surface,VWC_020,total,58,0.8035294640632648,0.7613583930603833,0.792955054308854,0.010574409754410707,57,0.2811785674671134,0.28889008167263147,0.439743328896816,0.7516673450671036,50.217109104428175,56.15619700579533,0.08791666666666667,0.8035294640632648,0.8035294640632648,50.217109104428175,50.217109104428175
PSN,Pessonada,idw,hg,surface,VWC_050,total,58,0.4844275889320403,0.7526788714441254,0.45668984160097265,0.027737747331067653,57,-0.1487788431758708,-0.14288807176509005,0.5928943836910401,0.08924108175676441,50.217109104428175,56.15619700579533,0.029020833333333357,0.4844275889320403,0.4844275889320403,50.217109104428175,50.217109104428175
PSN,Pessonada,idw,hg,surface5,VWC_005,upper,58,0.3982391392008735,0.4848811098465041,0.740801440119033,-0.34256230091815953,57,0.13392892365687148,0.3543776382782088,0.3023719887195655,0.4882581770538487,73.95063641279113,56.15619700579533,0.11572916666666666,0.3982391392008735,0.3982391392008735,73.95063641279113,73.95063641279113
PSN,Pessonada,idw,hg,surface5,VWC_005,total,58,0.6995558305325082,0.6339475222246147,0.740801440119033,-0.04124560958652479,57,0.328176401147818,0.3543776382782088,0.28335247987171736,0.8938473442201504,47.36280079568707,56.15619700579533,0.11572916666666666,0.6995558305325082,0.6995558305325082,47.36280079568707,47.36280079568707
PSN,Pessonada,idw,hg,surface5,VWC_020,lower,58,0.8926615041887233,0.55956811959765,0.792955054308854,0.09970644987986921,57,0.3562157547121057,0.28889008167263147,-0.05287225778975331,0.88232651971004,42.046200913670845,56.15619700579533,0.08791666666666667,0.8926615041887233,0.8926615041887233,42.046200913670845,42.046200913670845
PSN,Pessonada,idw,hg,surface5,VWC_020,total,58,0.843261854489702,0.8120520471254115,0.792955054308854,0.05030680018084799,57,0.2801353316564174,0.28889008167263147,0.32932930902192314,0.8012844064039335,47.36280079568707,56.15619700579533,0.08791666666666667,0.843261854489702,0.843261854489702,47.36280079568707,47.36280079568707
PSN,Pessonada,idw,hg,surface5,VWC_050,total,58,0.6035192424599309,0.8370385109809563,0.45668984160097265,0.1468294008589583,57,-0.12527667112644242,-0.14288807176509005,0.4811347932131519,0.22927463330799422,47.36280079568707,56.15619700579533,0.029020833333333357,0.6035192424599309,0.6035192424599309,47.36280079568707,47.36280079568707
PSN,Pessonada,idw,hg,surface15,VWC_005,upper,58,0.7377025845254573,0.6947922113876158,0.740801440119033,-0.0030988555935757,57,0.33962789828662837,0.3543776382782088,0.37905379960165875,0.8800818097352598,87.84265050915819,56.15619700579533,0.11572916666666666,0.7377025845254573,0.7377025845254573,87.84265050915819,87.84265050915819
PSN,Pessonada,idw,hg,surface15,VWC_005,total,58,0.7466255171748185,0.6789196837798765,0.740801440119033,0.00582407705578547,57,0.3523236839474437,0.3543776382782088,0.3790488246468363,0.9021600149128479,52.690047719541994,56.15619700579533,0.11572916666666666,0.7466255171748185,0.7466255171748185,52.690047719541994,52.690047719541994
PSN,Pessonada,idw,hg,surface15,VWC_020,lower,58,0.8930114489056349,0.5879910178719739,0.792955054308854,0.10005639459678084,57,0.3569661402720539,0.28889008167263147,-0.5885113208165846,0.8821099685985292,17.53777691958898,56.15619700579533,0.08791666666666667,0.8930114489056349,0.8930114489056349,17.53777691958898,17.53777691958898
PSN,Pessonada,idw,hg,surface15,VWC_020,total,58,0.7845371975997826,0.7058660678581318,0.792955054308854,-0.00841785670907147,57,0.28943357244457074,0.28889008167263147,0.4774503411151518,0.7364957778049137,52.690047719541994,56.15619700579533,0.08791666666666667,0.7845371975997826,0.7845371975997826,52.690047719541994,52.690047719541994
PSN,Pessonada,idw,hg,surface15,VWC_050,total,58,0.42491938437337506,0.6663795759617397,0.45668984160097265,-0.03177045722759758,57,-0.15012720711989155,-0.14288807176509005,0.6479600666055426,0.03655886212571379,52.690047719541994,56.15619700579533,0.029020833333333357,0.42491938437337506,0.42491938437337506,52.690047719541994,52.690047719541994
PSN,Pessonada,idw,hg,bypass25,VWC_005,upper,58,0.7048990629508562,0.679411855178566,0.740801440119033,-0.03590237716817679,57,0.3103669887766916,0.3543776382782088,0.36440992420743024,0.8313000390533998,84.16111969043192,56.15619700579533,0.11572916666666666,0.7048990629508562,0.7048990629508562,84.16111969043192,84.16111969043192
PSN,Pessonada,idw,hg,bypass25,VWC_005,total,58,0.7325521187059414,0.6458211572180013,0.740801440119033,-0.008249321413091648,57,0.3443639636132772,0.3543776382782088,0.36688186760326275,0.8975355744998813,52.77382486209565,56.15619700579533,0.11572916666666666,0.7325521187059414,0.7325521187059414,52.77382486209565,52.77382486209565
PSN,Pessonada,idw,hg,bypass25,VWC_020,lower,58,0.8816639673599131,0.8039927404718694,0.792955054308854,0.0887089130510591,57,0.33965551381826453,0.28889008167263147,0.5218568168709884,0.8554443992506585,37.08017744792753,56.15619700579533,0.08791666666666667,0.8816639673599131,0.8816639673599131,37.08017744792753,37.08017744792753
PSN,Pessonada,idw,hg,bypass25,VWC_020,total,58,0.7930139899821489,0.7206927312436557,0.792955054308854,5.89356732948465e-05,57,0.2789719368198004,0.28889008167263147,0.4767131529574147,0.7378016950486355,52.77382486209565,56.15619700579533,0.08791666666666667,0.7930139899821489,0.7930139899821489,52.77382486209565,52.77382486209565
PSN,Pessonada,idw,hg,bypass25,VWC_050,total,58,0.4704503717853448,0.7295261528559148,0.45668984160097265,0.013760530184372177,57,-0.15452509295640304,-0.14288807176509005,0.6687478363832569,0.0526501898121252,52.77382486209565,56.15619700579533,0.029020833333333357,0.4704503717853448,0.4704503717853448,52.77382486209565,52.77382486209565
PSN,Pessonada,idw,pm,control,VWC_005,upper,58,0.7441075715885249,0.6863637761850565,0.7441075715885248,1.1102230246251565e-16,57,0.3669259985916291,0.3669259985916291,0.386977817272406,0.9011764093547273,56.879459803637346,56.87945980363732,0.11572916666666666,0.7441075715885249,0.7441075715885249,56.879459803637346,56.879459803637346
PSN,Pessonada,idw,pm,control,VWC_005,total,58,0.7441075715885247,0.6863637761850565,0.7441075715885248,-1.1102230246251565e-16,57,0.366925998591629,0.3669259985916291,0.386977817272406,0.9011764093547272,56.879459803637346,56.87945980363732,0.11572916666666666,0.7441075715885247,0.7441075715885247,56.879459803637346,56.879459803637346
PSN,Pessonada,idw,pm,control,VWC_020,lower,58,0.7839766411227378,0.6969454612568827,0.7839766411227378,0.0,57,0.3018710819528218,0.30187108195282186,0.5130136681969241,0.735400492819365,56.87945980363734,56.87945980363732,0.08791666666666667,0.7839766411227378,0.7839766411227378,56.87945980363734,56.87945980363734
PSN,Pessonada,idw,pm,control,VWC_020,total,58,0.7839766411227377,0.6969454612568827,0.7839766411227378,-1.1102230246251565e-16,57,0.30187108195282175,0.30187108195282186,0.5130136681969241,0.735400492819365,56.879459803637346,56.87945980363732,0.08791666666666667,0.7839766411227377,0.7839766411227377,56.879459803637346,56.879459803637346
PSN,Pessonada,idw,pm,control,VWC_050,total,58,0.4337305010764486,0.6653635657045444,0.43373050107644867,-5.551115123125783e-17,57,-0.15024160215125903,-0.15024160215125903,0.7111504615317797,0.027687826175611274,56.879459803637346,56.87945980363732,0.029020833333333357,0.4337305010764486,0.4337305010764486,56.879459803637346,56.879459803637346
PSN,Pessonada,idw,pm,cascade,VWC_005,upper,58,0.6761226653313077,0.6697529914792828,0.7441075715885248,-0.06798490625721709,57,0.3148970301054309,0.3669259985916291,0.3736091865562958,0.8429495721326001,92.47430468193245,56.87945980363732,0.11572916666666666,0.6761226653313077,0.6761226653313077,92.47430468193245,92.47430468193245
PSN,Pessonada,idw,pm,cascade,VWC_005,total,58,0.7450997460745261,0.6795964194530746,0.7441075715885248,0.000992174486001307,57,0.37203325532323894,0.3669259985916291,0.373609035346818,0.9116005771053111,57.59425476766342,56.87945980363732,0.11572916666666666,0.7450997460745261,0.7450997460745261,57.59425476766342,57.59425476766342
PSN,Pessonada,idw,pm,cascade,VWC_020,lower,58,0.856771773004064,0.5879910178719739,0.7839766411227378,0.07279513188132625,57,0.33557990103033947,0.30187108195282186,-0.5170570248398919,0.8269982717931066,40.15423476262293,56.87945980363732,0.08791666666666667,0.856771773004064,0.856771773004064,40.15423476262293,40.15423476262293
PSN,Pessonada,idw,pm,cascade,VWC_020,total,58,0.8009868389770831,0.7008828324463995,0.7839766411227378,0.01701019785434532,57,0.31352445925683975,0.30187108195282186,0.49836504159697503,0.758910032162982,57.59425476766342,56.87945980363732,0.08791666666666667,0.8009868389770831,0.8009868389770831,57.59425476766342,57.59425476766342
PSN,Pessonada,idw,pm,cascade,VWC_050,total,58,0.4606107895665694,0.677925147066233,0.43373050107644867,0.02688028849012075,57,-0.13056443984716415,-0.15024160215125903,0.7105733726901098,0.06096171755541211,57.59425476766342,56.87945980363732,0.029020833333333357,0.4606107895665694,0.4606107895665694,57.59425476766342,57.59425476766342
PSN,Pessonada,idw,pm,surface,VWC_005,upper,58,0.6638863304345701,0.6492048355839921,0.7441075715885248,-0.08022124115395468,57,0.29907602147267154,0.3669259985916291,0.3702911059181295,0.7878526690979255,85.7953214858387,56.87945980363732,0.11572916666666666,0.6638863304345701,0.6638863304345701,85.7953214858387,85.7953214858387
PSN,Pessonada,idw,pm,surface,VWC_005,total,58,0.7376065888817247,0.6647697560675506,0.7441075715885248,-0.006500982706800107,57,0.3547932820729751,0.3669259985916291,0.37027898859548475,0.897636258939851,50.95998368995536,56.87945980363732,0.11572916666666666,0.7376065888817247,0.7376065888817247,50.95998368995536,50.95998368995536
PSN,Pessonada,idw,pm,surface,VWC_020,lower,58,0.8918257243824501,0.5879910178719739,0.7839766411227378,0.10784908325971232,57,0.36387390865591673,0.30187108195282186,-0.5771850801739642,0.878759067382243,33.542767252143854,56.87945980363732,0.08791666666666667,0.8918257243824501,0.8918257243824501,33.542767252143854,33.542767252143854
PSN,Pessonada,idw,pm,surface,VWC_020,total,58,0.7947807140563586,0.7558214648251255,0.7839766411227378,0.010804072933620845,57,0.29349837698202974,0.30187108195282186,0.4460502552066973,0.7422567787512778,50.95998368995536,56.87945980363732,0.08791666666666667,0.7947807140563586,0.7947807140563586,50.95998368995536,50.95998368995536
PSN,Pessonada,idw,pm,surface,VWC_050,total,58,0.46152640017809404,0.7390089152564054,0.43373050107644867,0.02779589910164537,57,-0.15584813669467024,-0.15024160215125903,0.5919416301803724,0.0695178349164395,50.95998368995536,56.87945980363732,0.029020833333333357,0.46152640017809404,0.46152640017809404,50.95998368995536,50.95998368995536
PSN,Pessonada,idw,pm,surface5,VWC_005,upper,58,0.40930851074300983,0.4914639023039774,0.7441075715885248,-0.334799060845515,57,0.15798723003977735,0.3669259985916291,0.3116963628178042,0.5080152811042846,76.4887677495534,56.87945980363732,0.11572916666666666,0.40930851074300983,0.40930851074300983,76.4887677495534,76.4887677495534
PSN,Pessonada,idw,pm,surface5,VWC_005,total,58,0.7065529668514332,0.6455750715186565,0.7441075715885248,-0.0375546047370916,57,0.34076484769394777,0.3669259985916291,0.2940347251747054,0.8952574829447854,48.08093986227709,56.87945980363732,0.11572916666666666,0.7065529668514332,0.7065529668514332,48.08093986227709,48.08093986227709
PSN,Pessonada,idw,pm,surface5,VWC_020,lower,58,0.8914553413348292,0.55956811959765,0.7839766411227378,0.10747870021209138,57,0.3632492593886242,0.30187108195282186,-0.05274256260017999,0.8787938724675588,42.400209727006754,56.87945980363732,0.08791666666666667,0.8914553413348292,0.8914553413348292,42.400209727006754,42.400209727006754
PSN,Pessonada,idw,pm,surface5,VWC_020,total,58,0.8383843642493276,0.8154357254914025,0.7839766411227378,0.05440772312658981,57,0.29165370593067763,0.30187108195282186,0.33662610320619085,0.7945667603681692,48.08093986227709,56.87945980363732,0.08791666666666667,0.8383843642493276,0.8383843642493276,48.08093986227709,48.08093986227709
PSN,Pessonada,idw,pm,surface5,VWC_050,total,58,0.5827794723575623,0.8265705265128823,0.43373050107644867,0.14904897128111366,57,-0.1319604105313327,-0.15024160215125903,0.47937208209326704,0.2093766596773952,48.08093986227709,56.87945980363732,0.029020833333333357,0.5827794723575623,0.5827794723575623,48.08093986227709,48.08093986227709
PSN,Pessonada,idw,pm,surface15,VWC_005,upper,58,0.7385449186438283,0.6981143683287706,0.7441075715885248,-0.005562652944696489,57,0.3530660039018777,0.3669259985916291,0.3860714762996345,0.8767474784856648,89.12711101240727,56.87945980363732,0.11572916666666666,0.7385449186438283,0.7385449186438283,89.12711101240727,89.12711101240727
PSN,Pessonada,idw,pm,surface15,VWC_005,total,58,0.7488920990219927,0.6928235257928574,0.7441075715885248,0.004784527433467911,57,0.36453736757435357,0.3669259985916291,0.3860667601971204,0.8996163291928312,53.40449822072676,56.87945980363732,0.11572916666666666,0.7488920990219927,0.7488920990219927,53.40449822072676,53.40449822072676
PSN,Pessonada,idw,pm,surface15,VWC_020,lower,58,0.8918243327540494,0.5879910178719739,0.7839766411227378,0.10784769163131158,57,0.36387387466098,0.30187108195282186,-0.5771850801739644,0.8787590697141365,17.682199360261443,56.87945980363732,0.08791666666666667,0.8918243327540494,0.8918243327540494,17.682199360261443,17.682199360261443
PSN,Pessonada,idw,pm,surface15,VWC_020,total,58,0.774189666067321,0.7030976037405027,0.7839766411227378,-0.009786975055416813,57,0.30153646852531774,0.30187108195282186,0.4832840912329447,0.7261418345255517,53.40449822072676,56.87945980363732,0.08791666666666667,0.774189666067321,0.774189666067321,53.40449822072676,53.40449822072676
PSN,Pessonada,idw,pm,surface15,VWC_050,total,58,0.4015104627495091,0.6455359715944278,0.43373050107644867,-0.03222003832693959,57,-0.1577896084833812,-0.15024160215125903,0.6473405913827748,0.016654573218162882,53.40449822072676,56.87945980363732,0.029020833333333357,0.4015104627495091,0.4015104627495091,53.40449822072676,53.40449822072676
PSN,Pessonada,idw,pm,bypass25,VWC_005,upper,58,0.7038907527343671,0.6823648835707037,0.7441075715885248,-0.04021681885415773,57,0.3264518492305496,0.3669259985916291,0.37251433799119715,0.8267979890504488,85.79913103665709,56.87945980363732,0.11572916666666666,0.7038907527343671,0.7038907527343671,85.79913103665709,85.79913103665709
PSN,Pessonada,idw,pm,bypass25,VWC_005,total,58,0.7359403218250513,0.6593558706819651,0.7441075715885248,-0.008167249763473494,57,0.3569864012708237,0.3669259985916291,0.3735060041129423,0.8952932392378112,53.5498052400609,56.87945980363732,0.11572916666666666,0.7359403218250513,0.7359403218250513,53.5498052400609,53.5498052400609
PSN,Pessonada,idw,pm,bypass25,VWC_020,lower,58,0.8793941345316758,0.8017164477529299,0.7839766411227378,0.09541749340893801,57,0.34831651451672063,0.30187108195282186,0.5257964523405543,0.8493906487816993,37.42514234176279,56.87945980363732,0.08791666666666667,0.8793941345316758,0.8793941345316758,37.42514234176279,37.42514234176279
PSN,Pessonada,idw,pm,bypass25,VWC_020,total,58,0.7841065156399829,0.7218616383155435,0.7839766411227378,0.0001298745172451099,57,0.2916075595009892,0.30187108195282186,0.48206827980789013,0.7279906520865982,53.5498052400609,56.87945980363732,0.08791666666666667,0.7841065156399829,0.7841065156399829,53.5498052400609,53.5498052400609
PSN,Pessonada,idw,pm,bypass25,VWC_050,total,58,0.4476936348036997,0.7145323045148797,0.43373050107644867,0.013963133727251054,57,-0.16175447027012663,-0.15024160215125903,0.668016433839802,0.03312103472987832,53.5498052400609,56.87945980363732,0.029020833333333357,0.4476936348036997,0.4476936348036997,53.5498052400609,53.5498052400609
BDS,Batlliu de Sort,idw,hg,control,VWC_005,upper,60,0.7644538556577245,0.818488725957371,0.7644538556577247,-2.220446049250313e-16,59,0.2314471843613971,0.23144718436139705,0.8323856089298788,0.897583972768432,87.08273958535224,87.08273958535221,0.02645833333333332,0.7644538556577245,0.7644538556577245,87.08273958535224,87.08273958535224
BDS,Batlliu de Sort,idw,hg,control,VWC_005,total,60,0.7644538556577245,0.818488725957371,0.7644538556577247,-2.220446049250313e-16,59,0.2314471843613969,0.23144718436139705,0.8323856089298787,0.897583972768432,87.08273958535223,87.08273958535221,0.02645833333333332,0.7644538556577245,0.7644538556577245,87.08273958535223,87.08273958535223
BDS,Batlliu de Sort,idw,hg,control,VWC_020,lower,60,0.7811139100145044,0.7875184087065797,0.7811139100145046,-2.220446049250313e-16,59,0.2519037573573003,0.2519037573573007,0.8487162715040208,0.8516630006974788,87.08273958535223,87.08273958535221,0.09002083333333336,0.7811139100145044,0.7811139100145044,87.08273958535223,87.08273958535223
BDS,Batlliu de Sort,idw,hg,control,VWC_020,total,60,0.7811139100145044,0.7875184087065797,0.7811139100145046,-2.220446049250313e-16,59,0.25190375735730053,0.2519037573573007,0.8487162715040211,0.8516630006974788,87.08273958535223,87.08273958535221,0.09002083333333336,0.7811139100145044,0.7811139100145044,87.08273958535223,87.08273958535223
BDS,Batlliu de Sort,idw,hg,control,VWC_050,total,60,0.552499895146864,0.6709828005591167,0.5524998951468644,-3.3306690738754696e-16,59,0.040222529017598006,0.040222529017598214,0.7688831061679307,0.8003816261129311,87.08273958535223,87.08273958535221,0.026041666666666657,0.552499895146864,0.552499895146864,87.08273958535223,87.08273958535223
BDS,Batlliu de Sort,idw,hg,cascade,VWC_005,upper,60,0.7689311718640505,0.7784214841190803,0.7644538556577247,0.004477316206325743,59,0.11438478975698438,0.23144718436139705,0.6220971311959327,0.9477783600903049,91.1995976977732,87.08273958535221,0.02645833333333332,0.7689311718640505,0.7689311718640505,91.1995976977732,91.1995976977732
BDS,Batlliu de Sort,idw,hg,cascade,VWC_005,total,60,0.777678525984121,0.8222676059088325,0.7644538556577247,0.013224670326396293,59,0.22536795717476069,0.23144718436139705,0.8164023116502359,0.9227955422770202,87.08262063256721,87.08273958535221,0.02645833333333332,0.777678525984121,0.777678525984121,87.08262063256721,87.08262063256721
BDS,Batlliu de Sort,idw,hg,cascade,VWC_020,lower,60,0.7316995288190373,0.8540387343873204,0.7811139100145046,-0.04941438119546726,59,0.23608605612614894,0.2519037573573007,0.8956090962346728,0.8205659832130163,88.81116752014086,87.08273958535221,0.09002083333333336,0.7316995288190373,0.7316995288190373,88.81116752014086,88.81116752014086
BDS,Batlliu de Sort,idw,hg,cascade,VWC_020,total,60,0.7859426200061956,0.7956319989734036,0.7811139100145046,0.004828709991691049,59,0.24790800571837113,0.2519037573573007,0.8297923419509835,0.8679491841412138,87.08262063256721,87.08273958535221,0.09002083333333336,0.7859426200061956,0.7859426200061956,87.08262063256721,87.08262063256721
BDS,Batlliu de Sort,idw,hg,cascade,VWC_050,total,60,0.5854434466977104,0.679263108434163,0.5524998951468644,0.03294355155084605,59,0.0452897677043108,0.040222529017598214,0.7567537382620508,0.8399730444499813,87.08262063256721,87.08273958535221,0.026041666666666657,0.5854434466977104,0.5854434466977104,87.08262063256721,87.08262063256721
BDS,Batlliu de Sort,idw,hg,surface,VWC_005,upper,60,0.5379462555320649,0.6474388363897444,0.7644538556577247,-0.22650760012565985,59,0.07674498964877091,0.23144718436139705,0.46681555247596623,0.8686623245746222,77.46415989837772,87.08273958535221,0.02645833333333332,0.5379462555320649,0.5379462555320649,77.46415989837772,77.46415989837772
BDS,Batlliu de Sort,idw,hg,surface,VWC_005,total,60,0.7891438022040749,0.8339376763471695,0.7644538556577247,0.02468994654635015,59,0.22970305676764696,0.23144718436139705,0.8533238320574036,0.8868614268341374,82.8163490173719,87.08273958535221,0.02645833333333332,0.7891438022040749,0.7891438022040749,82.8163490173719,82.8163490173719
BDS,Batlliu de Sort,idw,hg,surface,VWC_020,lower,60,0.8182056672328891,0.8944399681132174,0.7811139100145046,0.037091757218384536,59,0.24228064156432866,0.2519037573573007,0.9397097111488663,0.8140100866736988,85.60553647578628,87.08273958535221,0.09002083333333336,0.8182056672328891,0.8182056672328891,85.60553647578628,85.60553647578628
BDS,Batlliu de Sort,idw,hg,surface,VWC_020,total,60,0.8036636561645097,0.8175275781866131,0.7811139100145046,0.022549746150005157,59,0.25303016176933557,0.2519037573573007,0.8710628780680711,0.8453688848245127,82.8163490173719,87.08273958535221,0.09002083333333336,0.8036636561645097,0.8036636561645097,82.8163490173719,82.8163490173719
BDS,Batlliu de Sort,idw,hg,surface,VWC_050,total,60,0.5968459303678707,0.7108005226562353,0.5524998951468644,0.04434603522100633,59,0.04741802464446619,0.040222529017598214,0.792646180043326,0.7848176400234987,82.8163490173719,87.08273958535221,0.026041666666666657,0.5968459303678707,0.5968459303678707,82.8163490173719,82.8163490173719
BDS,Batlliu de Sort,idw,hg,surface5,VWC_005,upper,60,0.5679570974846494,0.6786701677532941,0.7644538556577247,-0.19649675817307533,59,0.07637226837327965,0.23144718436139705,0.38237276577166657,0.7873248892107974,79.02090355978522,87.08273958535221,0.02645833333333332,0.5679570974846494,0.5679570974846494,79.02090355978522,79.02090355978522
BDS,Batlliu de Sort,idw,hg,surface5,VWC_005,total,60,0.7990714166706139,0.8343822504591063,0.7644538556577247,0.03461756101288915,59,0.23175378705696423,0.23144718436139705,0.8711649611590984,0.8720158481658357,83.23869270146541,87.08273958535221,0.02645833333333332,0.7990714166706139,0.7990714166706139,83.23869270146541,83.23869270146541
BDS,Batlliu de Sort,idw,hg,surface5,VWC_020,lower,60,0.8000575063679871,0.870210342384894,0.7811139100145046,0.018943596353482528,59,0.23362112355538422,0.2519037573573007,0.9154297600959731,0.8142588781115269,86.85555415491221,87.08273958535221,0.09002083333333336,0.8000575063679871,0.8000575063679871,86.85555415491221,86.85555415491221
BDS,Batlliu de Sort,idw,hg,surface5,VWC_020,total,60,0.8101152200519585,0.8290033068859223,0.7811139100145046,0.029001310037453876,59,0.252769250369056,0.2519037573573007,0.8859393486233385,0.8304520249100482,83.23869270146541,87.08273958535221,0.09002083333333336,0.8101152200519585,0.8101152200519585,83.23869270146541,83.23869270146541
BDS,Batlliu de Sort,idw,hg,surface5,VWC_050,total,60,0.6181241018878499,0.7282502989835138,0.5524998951468644,0.06562420674098557,59,0.056102212581856964,0.040222529017598214,0.8166423175335069,0.7665796607320081,83.23869270146541,87.08273958535221,0.026041666666666657,0.6181241018878499,0.6181241018878499,83.23869270146541,83.23869270146541
BDS,Batlliu de Sort,idw,hg,surface15,VWC_005,upper,60,0.5876454755052166,0.6857277817802885,0.7644538556577247,-0.1768083801525081,59,0.0876170200294997,0.23144718436139705,0.5841024344563885,0.8878988506004859,81.79315256108127,87.08273958535221,0.02645833333333332,0.5876454755052166,0.5876454755052166,81.79315256108127,81.79315256108127
BDS,Batlliu de Sort,idw,hg,surface15,VWC_005,total,60,0.7814476036132796,0.8302143681597002,0.7644538556577247,0.01699374795555486,59,0.23068566389577538,0.23144718436139705,0.8448632994709653,0.8926173621119912,85.02668977042254,87.08273958535221,0.02645833333333332,0.7814476036132796,0.7814476036132796,85.02668977042254,85.02668977042254
BDS,Batlliu de Sort,idw,hg,surface15,VWC_020,lower,60,0.8262879354612909,0.8695434719520043,0.7811139100145046,0.04517402544678628,59,0.24968759688349695,0.2519037573573007,0.9465693189669112,0.8146200375495593,88.26242056828022,87.08273958535221,0.09002083333333336,0.8262879354612909,0.8262879354612909,88.26242056828022,88.26242056828022
BDS,Batlliu de Sort,idw,hg,surface15,VWC_020,total,60,0.7963013436754214,0.8050793301060067,0.7811139100145046,0.015187433660916794,59,0.252568499411645,0.2519037573573007,0.861999707474827,0.8489527523522424,85.02668977042254,87.08273958535221,0.09002083333333336,0.7963013436754214,0.7963013436754214,85.02668977042254,85.02668977042254
BDS,Batlliu de Sort,idw,hg,surface15,VWC_050,total,60,0.5828134051312147,0.6946844871947357,0.5524998951468644,0.03031350998435034,59,0.044744787695985146,0.040222529017598214,0.7829869271324319,0.793070101225338,85.02668977042254,87.08273958535221,0.026041666666666657,0.5828134051312147,0.5828134051312147,85.02668977042254,85.02668977042254
BDS,Batlliu de Sort,idw,hg,bypass25,VWC_005,upper,60,0.49163520771700797,0.652579224559012,0.7644538556577247,-0.27281864794071675,59,0.06231058740077558,0.23144718436139705,0.48716509924594004,0.8605784947055274,77.64701277205378,87.08273958535221,0.02645833333333332,0.49163520771700797,0.49163520771700797,77.64701277205378,77.64701277205378
BDS,Batlliu de Sort,idw,hg,bypass25,VWC_005,total,60,0.8137683077237892,0.8435515915177997,0.7644538556577247,0.04931445206606444,59,0.23730354213720145,0.23144718436139705,0.8585547257998352,0.9024670428833041,83.66837717351304,87.08273958535221,0.02645833333333332,0.8137683077237892,0.8137683077237892,83.66837717351304,83.66837717351304
BDS,Batlliu de Sort,idw,hg,bypass25,VWC_020,lower,60,0.854562496351964,0.8775181308786428,0.7811139100145046,0.07344858633745943,59,0.27376421102256887,0.2519037573573007,0.9401742218613732,0.8475159685725095,86.67905937424266,87.08273958535221,0.09002083333333336,0.854562496351964,0.854562496351964,86.67905937424266,86.67905937424266
BDS,Batlliu de Sort,idw,hg,bypass25,VWC_020,total,60,0.8194745664125466,0.8307538417722575,0.7811139100145046,0.03836065639804198,59,0.2551899662691062,0.2519037573573007,0.872018444859745,0.8562263257407009,83.66837717351304,87.08273958535221,0.09002083333333336,0.8194745664125466,0.8194745664125466,83.66837717351304,83.66837717351304
BDS,Batlliu de Sort,idw,hg,bypass25,VWC_050,total,60,0.64256804171152,0.7268609855816605,0.5524998951468644,0.09006814656465567,59,0.05728382653636242,0.040222529017598214,0.7999162968464677,0.8088703213659332,83.66837717351304,87.08273958535221,0.026041666666666657,0.64256804171152,0.64256804171152,83.66837717351304,83.66837717351304
BDS,Batlliu de Sort,idw,pm,control,VWC_005,upper,60,0.7962622298818873,0.8279359258360248,0.7962622298818871,2.220446049250313e-16,59,0.2501650995768331,0.2501650995768329,0.8524178436424216,0.8995851879298493,88.37014424895591,88.37014424895591,0.02645833333333332,0.7962622298818873,0.7962622298818873,88.37014424895591,88.37014424895591
BDS,Batlliu de Sort,idw,pm,control,VWC_005,total,60,0.7962622298818876,0.8279359258360248,0.7962622298818871,4.440892098500626e-16,59,0.250165099576833,0.2501650995768329,0.8524178436424217,0.8995851879298493,88.37014424895594,88.37014424895591,0.02645833333333332,0.7962622298818876,0.7962622298818876,88.37014424895594,88.37014424895594
BDS,Batlliu de Sort,idw,pm,control,VWC_020,lower,60,0.8051974086812524,0.8024118483744482,0.8051974086812522,2.220446049250313e-16,59,0.2707542676050738,0.27075426760507365,0.8603880527236274,0.8567722991739205,88.37014424895594,88.37014424895591,0.09002083333333336,0.8051974086812524,0.8051974086812524,88.37014424895594,88.37014424895594
BDS,Batlliu de Sort,idw,pm,control,VWC_020,total,60,0.8051974086812526,0.8024118483744482,0.8051974086812522,3.3306690738754696e-16,59,0.27075426760507365,0.27075426760507365,0.8603880527236274,0.8567722991739204,88.37014424895594,88.37014424895591,0.09002083333333336,0.8051974086812526,0.8051974086812526,88.37014424895594,88.37014424895594
BDS,Batlliu de Sort,idw,pm,control,VWC_050,total,60,0.5990268595372218,0.685765095154837,0.5990268595372212,5.551115123125783e-16,59,0.0694358967160282,0.0694358967160281,0.7981919585661478,0.8013280610248599,88.37014424895594,88.37014424895591,0.026041666666666657,0.5990268595372218,0.5990268595372218,88.37014424895594,88.37014424895594
BDS,Batlliu de Sort,idw,pm,cascade,VWC_005,upper,60,0.7635338904125825,0.7579155032060023,0.7962622298818871,-0.032728339469304646,59,0.12003419203646587,0.2501650995768329,0.6441608789227138,0.9434022963904729,89.73285251810358,88.37014424895591,0.02645833333333332,0.7635338904125825,0.7635338904125825,89.73285251810358,89.73285251810358
BDS,Batlliu de Sort,idw,pm,cascade,VWC_005,total,60,0.7966053545771484,0.8233790411886741,0.7962622298818871,0.00034312469526132094,59,0.24378959520254745,0.2501650995768329,0.8379890742784484,0.9161555623256118,88.36971309496103,88.37014424895591,0.02645833333333332,0.7966053545771484,0.7966053545771484,88.36971309496103,88.36971309496103
BDS,Batlliu de Sort,idw,pm,cascade,VWC_020,lower,60,0.7770028967119513,0.8583733922011031,0.8051974086812522,-0.028194511969300895,59,0.2616346671168198,0.27075426760507365,0.9083336787759525,0.8285184381624158,90.708617822913,88.37014424895591,0.09002083333333336,0.7770028967119513,0.7770028967119513,90.708617822913,90.708617822913
BDS,Batlliu de Sort,idw,pm,cascade,VWC_020,total,60,0.7995839121767572,0.798243908168888,0.8051974086812522,-0.0056134965044950524,59,0.2645544172126991,0.27075426760507365,0.843496927477599,0.8642856651250889,88.36971309496103,88.37014424895591,0.09002083333333336,0.7995839121767572,0.7995839121767572,88.36971309496103,88.36971309496103
BDS,Batlliu de Sort,idw,pm,cascade,VWC_050,total,60,0.6112477720408606,0.6805968492999422,0.5990268595372212,0.012220912503639325,59,0.0709115120106141,0.0694358967160281,0.7867593491381757,0.8282254862015732,88.36971309496103,88.37014424895591,0.026041666666666657,0.6112477720408606,0.6112477720408606,88.36971309496103,88.36971309496103
BDS,Batlliu de Sort,idw,pm,surface,VWC_005,upper,60,0.5783371088391589,0.6607482738658479,0.7962622298818871,-0.2179251210427282,59,0.10016566307980398,0.2501650995768329,0.5330122775093101,0.8674732956239468,80.26245363190934,88.37014424895591,0.02645833333333332,0.5783371088391589,0.5783371088391589,80.26245363190934,80.26245363190934
BDS,Batlliu de Sort,idw,pm,surface,VWC_005,total,60,0.8249577483268555,0.8443295962136889,0.7962622298818871,0.028695518444968426,59,0.25606457976936814,0.2501650995768329,0.878833049311651,0.8926830560577449,90.0676207464785,88.37014424895591,0.02645833333333332,0.8249577483268555,0.8249577483268555,90.0676207464785,90.0676207464785
BDS,Batlliu de Sort,idw,pm,surface,VWC_020,lower,60,0.839523502111824,0.8944955406492914,0.8051974086812522,0.0343260934305718,59,0.2547550916511312,0.27075426760507365,0.9444117301011349,0.8303143736854213,95.23912872737985,88.37014424895591,0.09002083333333336,0.839523502111824,0.839523502111824,95.23912872737985,95.23912872737985
BDS,Batlliu de Sort,idw,pm,surface,VWC_020,total,60,0.829950527042299,0.8383672792144141,0.8051974086812522,0.024753118361046766,59,0.2744054549754095,0.27075426760507365,0.888519412620859,0.8518356680703697,90.0676207464785,88.37014424895591,0.09002083333333336,0.829950527042299,0.829950527042299,90.0676207464785,90.0676207464785
BDS,Batlliu de Sort,idw,pm,surface,VWC_050,total,60,0.6546221510809663,0.7340854152712981,0.5990268595372212,0.055595291543745096,59,0.0813040498904414,0.0694358967160281,0.8273715121201417,0.791674764553396,90.0676207464785,88.37014424895591,0.026041666666666657,0.6546221510809663,0.6546221510809663,90.0676207464785,90.0676207464785
BDS,Batlliu de Sort,idw,pm,surface5,VWC_005,upper,60,0.5722339422196827,0.6652218008672105,0.7962622298818871,-0.2240282876622044,59,0.08600206768903558,0.2501650995768329,0.42718445598568666,0.7867925388874012,84.72182460982388,88.37014424895591,0.02645833333333332,0.5722339422196827,0.5722339422196827,84.72182460982388,84.72182460982388
BDS,Batlliu de Sort,idw,pm,surface5,VWC_005,total,60,0.8316873321743345,0.8440517373937285,0.7962622298818871,0.03542510229244744,59,0.257975654873146,0.2501650995768329,0.8907310495716176,0.8814814742779475,89.7801887692935,88.37014424895591,0.02645833333333332,0.8316873321743345,0.8316873321743345,89.7801887692935,89.7801887692935
BDS,Batlliu de Sort,idw,pm,surface5,VWC_020,lower,60,0.8265111609588135,0.8828253080737228,0.8051974086812522,0.02131375227756127,59,0.2569552240007303,0.27075426760507365,0.9240253615338744,0.8301319948713162,93.81332963031507,88.37014424895591,0.09002083333333336,0.8265111609588135,0.8265111609588135,93.81332963031507,93.81332963031507
BDS,Batlliu de Sort,idw,pm,surface5,VWC_020,total,60,0.8332942082682481,0.8456472814401259,0.8051974086812522,0.028096799586995846,59,0.27440026720207655,0.27075426760507365,0.8982051427203139,0.8408543273331328,89.7801887692935,88.37014424895591,0.09002083333333336,0.8332942082682481,0.8332942082682481,89.7801887692935,89.7801887692935
BDS,Batlliu de Sort,idw,pm,surface5,VWC_050,total,60,0.6746943307490002,0.7494790077638338,0.5990268595372212,0.07566747121177897,59,0.08812883450693686,0.0694358967160281,0.8437481365648007,0.7780831435166775,89.7801887692935,88.37014424895591,0.026041666666666657,0.6746943307490002,0.6746943307490002,89.7801887692935,89.7801887692935
BDS,Batlliu de Sort,idw,pm,surface15,VWC_005,upper,60,0.6248269121819939,0.690812598185564,0.7962622298818871,-0.17143531769989317,59,0.09768555892614508,0.2501650995768329,0.6254530741905633,0.8872587305804102,83.6220551012613,88.37014424895591,0.02645833333333332,0.6248269121819939,0.6248269121819939,83.6220551012613,83.6220551012613
BDS,Batlliu de Sort,idw,pm,surface15,VWC_005,total,60,0.8138114626030195,0.8388835633424649,0.7962622298818871,0.017549232721132402,59,0.25275721626762976,0.2501650995768329,0.8672249617473284,0.8964794350094152,89.42847532360287,88.37014424895591,0.02645833333333332,0.8138114626030195,0.8138114626030195,89.42847532360287,89.42847532360287
BDS,Batlliu de Sort,idw,pm,surface15,VWC_020,lower,60,0.8441299360294157,0.9030537112047082,0.8051974086812522,0.03893252734816344,59,0.2611052423372871,0.27075426760507365,0.9530580888289513,0.8303143736854214,95.24107944202918,88.37014424895591,0.09002083333333336,0.8441299360294157,0.8441299360294157,95.24107944202918,95.24107944202918
BDS,Batlliu de Sort,idw,pm,surface15,VWC_020,total,60,0.8203439270686534,0.8241962825155095,0.8051974086812522,0.01514651838740122,59,0.27276216332072856,0.27075426760507365,0.8762369216099413,0.8548387414620734,89.42847532360287,88.37014424895591,0.09002083333333336,0.8203439270686534,0.8203439270686534,89.42847532360287,89.42847532360287
BDS,Batlliu de Sort,idw,pm,surface15,VWC_050,total,60,0.6330742790677095,0.714412737501054,0.5990268595372212,0.03404741953048829,59,0.07626046737786156,0.0694358967160281,0.814806737366589,0.79681911149921,89.42847532360287,88.37014424895591,0.026041666666666657,0.6330742790677095,0.6330742790677095,89.42847532360287,89.42847532360287
BDS,Batlliu de Sort,idw,pm,bypass25,VWC_005,upper,60,0.5235550556754746,0.654718737472707,0.7962622298818871,-0.27270717420641255,59,0.07862662254032411,0.2501650995768329,0.5443708917003809,0.8544537629166123,80.37491798599346,88.37014424895591,0.02645833333333332,0.5235550556754746,0.5235550556754746,80.37491798599346,80.37491798599346
BDS,Batlliu de Sort,idw,pm,bypass25,VWC_005,total,60,0.841293903366462,0.8487753373330553,0.7962622298818871,0.04503167348457493,59,0.26045312558373696,0.2501650995768329,0.8782620929190609,0.912874362957979,89.21134178762043,88.37014424895591,0.02645833333333332,0.841293903366462,0.841293903366462,89.21134178762043,89.21134178762043
BDS,Batlliu de Sort,idw,pm,bypass25,VWC_020,lower,60,0.861064107283176,0.8754063745078258,0.8051974086812522,0.055866698601923725,59,0.2840430228676223,0.27075426760507365,0.9437643809902891,0.8578872832895169,93.6295536884339,88.37014424895591,0.09002083333333336,0.861064107283176,0.861064107283176,93.6295536884339,93.6295536884339
BDS,Batlliu de Sort,idw,pm,bypass25,VWC_020,total,60,0.8370982605716297,0.8470921673780535,0.8051974086812522,0.0319008518903775,59,0.2739665594911197,0.27075426760507365,0.8850979230723623,0.8625134074999083,89.21134178762043,88.37014424895591,0.09002083333333336,0.8370982605716297,0.8370982605716297,89.21134178762043,89.21134178762043
BDS,Batlliu de Sort,idw,pm,bypass25,VWC_050,total,60,0.6942478428249086,0.7467003809601269,0.5990268595372212,0.09522098328768736,59,0.08884824154697091,0.0694358967160281,0.8277301819235445,0.8236704195377382,89.21134178762043,88.37014424895591,0.026041666666666657,0.6942478428249086,0.6942478428249086,89.21134178762043,89.21134178762043
BDS,Batlliu de Sort,gauge,hg,control,VWC_005,upper,60,0.8397163877057441,0.8720599064457375,0.8397163877057439,2.220446049250313e-16,59,0.23733340342047865,0.23733340342047893,0.8657758380673719,0.8318505478359176,94.7487582765339,94.74875827653389,0.02645833333333332,0.8397163877057441,0.8397163877057441,94.7487582765339,94.7487582765339
BDS,Batlliu de Sort,gauge,hg,control,VWC_005,total,60,0.8397163877057441,0.8720599064457375,0.8397163877057439,2.220446049250313e-16,59,0.23733340342047887,0.23733340342047893,0.8657758380673721,0.8318505478359174,94.74875827653389,94.74875827653389,0.02645833333333332,0.8397163877057441,0.8397163877057441,94.74875827653389,94.74875827653389
BDS,Batlliu de Sort,gauge,hg,control,VWC_020,lower,60,0.8376765735027253,0.8826585904655004,0.8376765735027252,1.1102230246251565e-16,59,0.35201846193489206,0.3520184619348925,0.8782858221477499,0.8777945562382252,94.7487582765339,94.74875827653389,0.09002083333333336,0.8376765735027253,0.8376765735027253,94.7487582765339,94.7487582765339
BDS,Batlliu de Sort,gauge,hg,control,VWC_020,total,60,0.8376765735027252,0.8826585904655004,0.8376765735027252,0.0,59,0.35201846193489245,0.3520184619348925,0.8782858221477502,0.8777945562382253,94.74875827653389,94.74875827653389,0.09002083333333336,0.8376765735027252,0.8376765735027252,94.74875827653389,94.74875827653389
BDS,Batlliu de Sort,gauge,hg,control,VWC_050,total,60,0.8505059466220243,0.85053766461465,0.8505059466220243,0.0,59,0.18735069726463072,0.1873506972646308,0.8284018459191936,0.81823559284776,94.74875827653389,94.74875827653389,0.026041666666666657,0.8505059466220243,0.8505059466220243,94.74875827653389,94.74875827653389
BDS,Batlliu de Sort,gauge,hg,cascade,VWC_005,upper,60,0.6618959518274632,0.6846163465004469,0.8397163877057439,-0.17782043587828067,59,0.0828678499485154,0.23733340342047893,0.7026271059069567,0.5372490823202885,92.01951510884678,94.74875827653389,0.02645833333333332,0.6618959518274632,0.6618959518274632,92.01951510884678,92.01951510884678
BDS,Batlliu de Sort,gauge,hg,cascade,VWC_005,total,60,0.8311740428658103,0.8719487629177534,0.8397163877057439,-0.008542344839933547,59,0.22562533041370275,0.23733340342047893,0.8525605503341359,0.8290082624650874,94.74863932374889,94.74875827653389,0.02645833333333332,0.8311740428658103,0.8311740428658103,94.74863932374889,94.74863932374889
BDS,Batlliu de Sort,gauge,hg,cascade,VWC_020,lower,60,0.8594680345101867,0.8960515716593671,0.8376765735027252,0.021791461007461543,59,0.3921524914060728,0.3520184619348925,0.9109182372726013,0.8810873833879271,96.38503067444056,94.74875827653389,0.09002083333333336,0.8594680345101867,0.8594680345101867,96.38503067444056,96.38503067444056
BDS,Batlliu de Sort,gauge,hg,cascade,VWC_020,total,60,0.8296818738802259,0.8797132460535713,0.8376765735027252,-0.007994699622499324,59,0.34728641737868304,0.3520184619348925,0.8636058292141078,0.8794176568629863,94.74863932374889,94.74875827653389,0.09002083333333336,0.8296818738802259,0.8296818738802259,94.74863932374889,94.74863932374889
BDS,Batlliu de Sort,gauge,hg,cascade,VWC_050,total,60,0.842922413589288,0.8462030068008674,0.8505059466220243,-0.007583533032736289,59,0.18490877582914583,0.1873506972646308,0.8188023805369,0.811641848916903,94.74863932374889,94.74875827653389,0.026041666666666657,0.842922413589288,0.842922413589288,94.74863932374889,94.74863932374889
BDS,Batlliu de Sort,gauge,hg,surface,VWC_005,upper,60,0.605670237268332,0.6606927021018559,0.8397163877057439,-0.23404615043741184,59,0.11014541385101306,0.23733340342047893,0.6426452955050439,0.47582833410891856,92.55421275551817,94.74875827653389,0.02645833333333332,0.605670237268332,0.605670237268332,92.55421275551817,92.55421275551817
BDS,Batlliu de Sort,gauge,hg,surface,VWC_005,total,60,0.8194820616854361,0.8496644855569286,0.8397163877057439,-0.020234326020307725,59,0.24521728886553307,0.23733340342047893,0.8873937442616073,0.78830639568648,95.94845401791504,94.74875827653389,0.02645833333333332,0.8194820616854361,0.8194820616854361,95.94845401791504,95.94845401791504
BDS,Batlliu de Sort,gauge,hg,surface,VWC_020,lower,60,0.8034208315082403,0.8779349248991988,0.8376765735027252,-0.03425574199448489,59,0.3753800656237504,0.3520184619348925,0.9426291010976746,0.814084664202801,98.17487838985302,94.74875827653389,0.09002083333333336,0.8034208315082403,0.8034208315082403,98.17487838985302,98.17487838985302
BDS,Batlliu de Sort,gauge,hg,surface,VWC_020,total,60,0.8095649754595686,0.8679318684058545,0.8376765735027252,-0.02811159804315655,59,0.3507410807614426,0.3520184619348925,0.8998045526282517,0.8323603730249227,95.94845401791504,94.74875827653389,0.09002083333333336,0.8095649754595686,0.8095649754595686,95.94845401791504,95.94845401791504
BDS,Batlliu de Sort,gauge,hg,surface,VWC_050,total,60,0.8627134857030179,0.844424685646495,0.8505059466220243,0.01220753908099359,59,0.19003844172824544,0.1873506972646308,0.8497853564170265,0.7995180946440853,95.94845401791504,94.74875827653389,0.026041666666666657,0.8627134857030179,0.8627134857030179,95.94845401791504,95.94845401791504
BDS,Batlliu de Sort,gauge,hg,surface5,VWC_005,upper,60,0.5374110250756716,0.6260159213707971,0.8397163877057439,-0.30230536263007224,59,0.09834432918617939,0.23733340342047893,0.6142277612680944,0.44826233878840305,89.2066137001737,94.74875827653389,0.02645833333333332,0.5374110250756716,0.5374110250756716,89.2066137001737,89.2066137001737
BDS,Batlliu de Sort,gauge,hg,surface5,VWC_005,total,60,0.7870383386227077,0.8315758763775061,0.8397163877057439,-0.052678049083036194,59,0.24927395574131755,0.23733340342047893,0.8993228350231379,0.731445133611503,96.37769058214249,94.74875827653389,0.02645833333333332,0.7870383386227077,0.7870383386227077,96.37769058214249,96.37769058214249
BDS,Batlliu de Sort,gauge,hg,surface5,VWC_020,lower,60,0.7559296016889117,0.8608185837883651,0.8376765735027252,-0.08174697181381352,59,0.371454496679407,0.3520184619348925,0.9268331090257307,0.7672599862532539,98.1727772423788,94.74875827653389,0.09002083333333336,0.7559296016889117,0.7559296016889117,98.1727772423788,98.1727772423788
BDS,Batlliu de Sort,gauge,hg,surface5,VWC_020,total,60,0.7727318272015814,0.8553446889850626,0.8376765735027252,-0.06494474630114377,59,0.3477537514120746,0.3520184619348925,0.909799821288855,0.7923655744182618,96.37769058214249,94.74875827653389,0.09002083333333336,0.7727318272015814,0.7727318272015814,96.37769058214249,96.37769058214249
BDS,Batlliu de Sort,gauge,hg,surface5,VWC_050,total,60,0.8573632515577965,0.8394787299358968,0.8505059466220243,0.0068573049357721905,59,0.18755493210964086,0.1873506972646308,0.8654008938033505,0.746723874844684,96.37769058214249,94.74875827653389,0.026041666666666657,0.8573632515577965,0.8573632515577965,96.37769058214249,96.37769058214249
BDS,Batlliu de Sort,gauge,hg,surface15,VWC_005,upper,60,0.7020431754515283,0.7523583268067942,0.8397163877057439,-0.13767321225421558,59,0.12510497053196123,0.23733340342047893,0.6971393801991511,0.6455542095869795,92.89357551556238,94.74875827653389,0.02645833333333332,0.7020431754515283,0.7020431754515283,92.89357551556238,92.89357551556238
BDS,Batlliu de Sort,gauge,hg,surface15,VWC_005,total,60,0.8273649434632561,0.8594451160195351,0.8397163877057439,-0.012351444242487797,59,0.24079412487512095,0.23733340342047893,0.877985094415473,0.8053938461672507,95.5335302933138,94.74875827653389,0.02645833333333332,0.8273649434632561,0.8273649434632561,95.5335302933138,95.5335302933138
BDS,Batlliu de Sort,gauge,hg,surface15,VWC_020,lower,60,0.8083044517174532,0.8934952349999569,0.8376765735027252,-0.029372121785271932,59,0.3677876746278095,0.3520184619348925,0.9488175732779827,0.8176136262611595,98.17554529529646,94.74875827653389,0.09002083333333336,0.8083044517174532,0.8083044517174532,98.17554529529646,98.17554529529646
BDS,Batlliu de Sort,gauge,hg,surface15,VWC_020,total,60,0.8210383821584211,0.8757675959923077,0.8376765735027252,-0.01663819134430411,59,0.35084843091282236,0.3520184619348925,0.8905780396456686,0.8518577009305011,95.5335302933138,94.74875827653389,0.09002083333333336,0.8210383821584211,0.8210383821584211,95.5335302933138,95.5335302933138
BDS,Batlliu de Sort,gauge,hg,surface15,VWC_050,total,60,0.8579595929923663,0.8472588849862759,0.8505059466220243,0.007453646370342071,59,0.18785468636975508,0.1873506972646308,0.8403487239124807,0.805513963394145,95.5335302933138,94.74875827653389,0.026041666666666657,0.8579595929923663,0.8579595929923663,95.5335302933138,95.5335302933138
BDS,Batlliu de Sort,gauge,hg,bypass25,VWC_005,upper,60,0.6528295356987801,0.7233220801209316,0.8397163877057439,-0.18688685200696376,59,0.11130879528883705,0.23733340342047893,0.6344060094348757,0.5944505746621129,91.85250278975539,94.74875827653389,0.02645833333333332,0.6528295356987801,0.6528295356987801,91.85250278975539,91.85250278975539
BDS,Batlliu de Sort,gauge,hg,bypass25,VWC_005,total,60,0.8166871326727984,0.8507759208367702,0.8397163877057439,-0.023029255032945506,59,0.2478650148306839,0.23733340342047893,0.8885713546778065,0.7924610256153133,95.25103033202201,94.74875827653389,0.02645833333333332,0.8166871326727984,0.8166871326727984,95.25103033202201,95.25103033202201
BDS,Batlliu de Sort,gauge,hg,bypass25,VWC_020,lower,60,0.7943091392269509,0.8834921785066123,0.8376765735027252,-0.043367434275774275,59,0.36605757174184533,0.3520184619348925,0.9442929657344591,0.8611193297212758,96.95029410315531,94.74875827653389,0.09002083333333336,0.7943091392269509,0.7943091392269509,96.95029410315531,96.95029410315531
BDS,Batlliu de Sort,gauge,hg,bypass25,VWC_020,total,60,0.8057149863118012,0.868181944818188,0.8376765735027252,-0.03196158719092401,59,0.3435863414095681,0.3520184619348925,0.8981724907581861,0.8411630448983989,95.25103033202201,94.74875827653389,0.09002083333333336,0.8057149863118012,0.8057149863118012,95.25103033202201,95.25103033202201
BDS,Batlliu de Sort,gauge,hg,bypass25,VWC_050,total,60,0.8598217449210726,0.8444524719145321,0.8505059466220243,0.009315798299048272,59,0.1826458802591181,0.1873506972646308,0.8532801035242874,0.7870922529746534,95.25103033202201,94.74875827653389,0.026041666666666657,0.8598217449210726,0.8598217449210726,95.25103033202201,95.25103033202201
BDS,Batlliu de Sort,gauge,pm,control,VWC_005,upper,60,0.8456851178389557,0.8810347463304588,0.845685117838956,-2.220446049250313e-16,59,0.25476419716812926,0.2547641971681296,0.8799412994786504,0.8584561436734727,94.50989818685093,94.50989818685093,0.02645833333333332,0.8456851178389557,0.8456851178389557,94.50989818685093,94.50989818685093
BDS,Batlliu de Sort,gauge,pm,control,VWC_005,total,60,0.8456851178389556,0.8810347463304588,0.845685117838956,-3.3306690738754696e-16,59,0.25476419716812926,0.2547641971681296,0.8799412994786504,0.8584561436734724,94.50989818685093,94.50989818685093,0.02645833333333332,0.8456851178389556,0.8456851178389556,94.50989818685093,94.50989818685093
BDS,Batlliu de Sort,gauge,pm,control,VWC_020,lower,60,0.8401512366793529,0.8996082139681119,0.8401512366793532,-3.3306690738754696e-16,59,0.35171632145025344,0.3517163214502538,0.8856636090935908,0.897444626367693,94.50989818685093,94.50989818685093,0.09002083333333336,0.8401512366793529,0.8401512366793529,94.50989818685093,94.50989818685093
BDS,Batlliu de Sort,gauge,pm,control,VWC_020,total,60,0.8401512366793529,0.8996082139681119,0.8401512366793532,-3.3306690738754696e-16,59,0.35171632145025333,0.3517163214502538,0.8856636090935905,0.8974446263676928,94.50989818685093,94.50989818685093,0.09002083333333336,0.8401512366793529,0.8401512366793529,94.50989818685093,94.50989818685093
BDS,Batlliu de Sort,gauge,pm,control,VWC_050,total,60,0.8410282348396472,0.8367834619363013,0.8410282348396473,-1.1102230246251565e-16,59,0.19103948200434573,0.19103948200434606,0.8503635077724873,0.8152813154712779,94.50989818685093,94.50989818685093,0.026041666666666657,0.8410282348396472,0.8410282348396472,94.50989818685093,94.50989818685093
BDS,Batlliu de Sort,gauge,pm,cascade,VWC_005,upper,60,0.6460219144723106,0.6704733325644621,0.845685117838956,-0.19966320336664534,59,0.07807918552418922,0.2547641971681296,0.7019632342902834,0.500927323626934,90.03170892993714,94.50989818685093,0.02645833333333332,0.6460219144723106,0.6460219144723106,90.03170892993714,90.03170892993714
BDS,Batlliu de Sort,gauge,pm,cascade,VWC_005,total,60,0.8377466898790954,0.8809236028024744,0.845685117838956,-0.00793842795986055,59,0.2437028287360922,0.2547641971681296,0.869154724760839,0.8556060336876736,94.50946703285601,94.50989818685093,0.02645833333333332,0.8377466898790954,0.8377466898790954,94.50946703285601,94.50946703285601
BDS,Batlliu de Sort,gauge,pm,cascade,VWC_020,lower,60,0.8730535635225333,0.9226152439028042,0.8401512366793532,0.03290232684318006,59,0.39740128169633215,0.3517163214502538,0.9236506972936489,0.9291848888069486,96.74875295686347,94.50989818685093,0.09002083333333336,0.8730535635225333,0.8730535635225333,96.74875295686347,96.74875295686347
BDS,Batlliu de Sort,gauge,pm,cascade,VWC_020,total,60,0.8329116660317344,0.8981633280301844,0.8401512366793532,-0.00723957064761882,59,0.34812842405139477,0.3517163214502538,0.8737472916953243,0.8994028489015498,94.50946703285601,94.50989818685093,0.09002083333333336,0.8329116660317344,0.8329116660317344,94.50946703285601,94.50946703285601
BDS,Batlliu de Sort,gauge,pm,cascade,VWC_050,total,60,0.8339208037958814,0.8334491097718532,0.8410282348396473,-0.007107431043765877,59,0.1899123724106874,0.19103948200434606,0.8425211662187355,0.8085733243490082,94.50946703285601,94.50989818685093,0.026041666666666657,0.8339208037958814,0.8339208037958814,94.50946703285601,94.50946703285601
BDS,Batlliu de Sort,gauge,pm,surface,VWC_005,upper,60,0.6094647255476093,0.6528570833789724,0.845685117838956,-0.23622039229134661,59,0.1023827294487253,0.2547641971681296,0.6728179092319254,0.46716961572064725,91.31707648781227,94.50989818685093,0.02645833333333332,0.6094647255476093,0.6094647255476093,91.31707648781227,91.31707648781227
BDS,Batlliu de Sort,gauge,pm,surface,VWC_005,total,60,0.8243589283838539,0.8585837536776577,0.845685117838956,-0.021326189455102007,59,0.26119304681853867,0.2547641971681296,0.8969342007042249,0.8220633091487279,96.00399376198753,94.50989818685093,0.02645833333333332,0.8243589283838539,0.8243589283838539,96.00399376198753,96.00399376198753
BDS,Batlliu de Sort,gauge,pm,surface,VWC_020,lower,60,0.8072226758700942,0.901664397802855,0.8401512366793532,-0.03292856080925899,59,0.38285955282554107,0.3517163214502538,0.9457853260393497,0.8618390749737591,98.35721227116476,94.50989818685093,0.09002083333333336,0.8072226758700942,0.8072226758700942,98.35721227116476,98.35721227116476
BDS,Batlliu de Sort,gauge,pm,surface,VWC_020,total,60,0.8121065287590914,0.8872711109596537,0.8401512366793532,-0.028044707920261813,59,0.3517844431661404,0.3517163214502538,0.9031994922757882,0.8624225196306694,96.00399376198753,94.50989818685093,0.09002083333333336,0.8121065287590914,0.8121065287590914,96.00399376198753,96.00399376198753
BDS,Batlliu de Sort,gauge,pm,surface,VWC_050,total,60,0.8530526667805375,0.8323932315864445,0.8410282348396473,0.012024431940890201,59,0.19243649873923857,0.19103948200434606,0.8664369786272967,0.8009553386121089,96.00399376198753,94.50989818685093,0.026041666666666657,0.8530526667805375,0.8530526667805375,96.00399376198753,96.00399376198753
BDS,Batlliu de Sort,gauge,pm,surface5,VWC_005,upper,60,0.5264335195412082,0.6006474111084119,0.845685117838956,-0.31925159829774774,59,0.09872916287558704,0.2547641971681296,0.6222361768017477,0.4438513758943415,88.10349711456278,94.50989818685093,0.02645833333333332,0.5264335195412082,0.5264335195412082,88.10349711456278,88.10349711456278
BDS,Batlliu de Sort,gauge,pm,surface5,VWC_005,total,60,0.7911936333840539,0.8429125162318908,0.845685117838956,-0.05449148445490204,59,0.26484853695222754,0.2547641971681296,0.9066569454013755,0.7732179899214289,96.62176218392862,94.50989818685093,0.02645833333333332,0.7911936333840539,0.7911936333840539,96.62176218392862,96.62176218392862
BDS,Batlliu de Sort,gauge,pm,surface5,VWC_020,lower,60,0.7587777218628612,0.8981633280301844,0.8401512366793532,-0.08137351481649202,59,0.36869234547819907,0.3517163214502538,0.9291380749557454,0.8465816243404747,98.35098702011975,94.50989818685093,0.09002083333333336,0.7587777218628612,0.7587777218628612,98.35098702011975,98.35098702011975
BDS,Batlliu de Sort,gauge,pm,surface5,VWC_020,total,60,0.774386605742006,0.8764066801571602,0.8401512366793532,-0.06576463093734719,59,0.34587639802670106,0.3517163214502538,0.9115470743054788,0.8313758843497648,96.62176218392862,94.50989818685093,0.09002083333333336,0.774386605742006,0.774386605742006,96.62176218392862,96.62176218392862
BDS,Batlliu de Sort,gauge,pm,surface5,VWC_050,total,60,0.8485107743764774,0.8247520078762509,0.8410282348396473,0.007482539536830091,59,0.18569711489353552,0.19103948200434606,0.8786389310857494,0.7493605605411744,96.62176218392862,94.50989818685093,0.026041666666666657,0.8485107743764774,0.8485107743764774,96.62176218392862,96.62176218392862
BDS,Batlliu de Sort,gauge,pm,surface15,VWC_005,upper,60,0.7043018610949057,0.7339918588074111,0.845685117838956,-0.14138325674405028,59,0.122830757414602,0.2547641971681296,0.724501005253296,0.6387978587624235,92.57576440918223,94.50989818685093,0.02645833333333332,0.7043018610949057,0.7043018610949057,92.57576440918223,92.57576440918223
BDS,Batlliu de Sort,gauge,pm,surface15,VWC_005,total,60,0.8330191995926949,0.870420539407971,0.845685117838956,-0.012665918246261065,59,0.256912465174033,0.2547641971681296,0.8890543682375619,0.836686557222416,95.46437174945575,94.50989818685093,0.02645833333333332,0.8330191995926949,0.8330191995926949,95.46437174945575,95.46437174945575
BDS,Batlliu de Sort,gauge,pm,surface15,VWC_020,lower,60,0.815539801498803,0.9130011951619786,0.8401512366793532,-0.0246114351805502,59,0.37525551587882844,0.3517163214502538,0.9550773234958276,0.8619834220194991,98.35916298581407,94.50989818685093,0.09002083333333336,0.815539801498803,0.815539801498803,98.35916298581407,98.35916298581407
BDS,Batlliu de Sort,gauge,pm,surface15,VWC_020,total,60,0.8238697941403519,0.8959404265872188,0.8401512366793532,-0.016281442539001323,59,0.3514885156771774,0.3517163214502538,0.8951944762999215,0.8777176687984564,95.46437174945575,94.50989818685093,0.09002083333333336,0.8238697941403519,0.8238697941403519,95.46437174945575,95.46437174945575
BDS,Batlliu de Sort,gauge,pm,surface15,VWC_050,total,60,0.8483108183665377,0.8364500267198565,0.8410282348396473,0.007282583526890374,59,0.19150972600453822,0.19103948200434606,0.859008111743311,0.8056966501863011,95.46437174945575,94.50989818685093,0.026041666666666657,0.8483108183665377,0.8483108183665377,95.46437174945575,95.46437174945575
BDS,Batlliu de Sort,gauge,pm,bypass25,VWC_005,upper,60,0.6651624475733595,0.7067616944512913,0.845685117838956,-0.18052267026559643,59,0.1195937941815141,0.2547641971681296,0.6812751596144366,0.5992330312318503,91.88850266702106,94.50989818685093,0.02645833333333332,0.6651624475733595,0.6651624475733595,91.88850266702106,91.88850266702106
BDS,Batlliu de Sort,gauge,pm,bypass25,VWC_005,total,60,0.8187966944678797,0.8571388878138636,0.845685117838956,-0.02688842337107622,59,0.26095130999294025,0.2547641971681296,0.8957188973503178,0.8166886360943639,95.15586459463881,94.50989818685093,0.02645833333333332,0.8187966944678797,0.8187966944678797,95.15586459463881,95.15586459463881
BDS,Batlliu de Sort,gauge,pm,bypass25,VWC_020,lower,60,0.7921131145028126,0.9029981386686342,0.8401512366793532,-0.048038122176540576,59,0.36151967085941067,0.3517163214502538,0.9439565437347593,0.8979944740320558,96.7895455584477,94.50989818685093,0.09002083333333336,0.7921131145028126,0.7921131145028126,96.7895455584477,96.7895455584477
BDS,Batlliu de Sort,gauge,pm,bypass25,VWC_020,total,60,0.8063653727597153,0.885326072197059,0.8401512366793532,-0.03378586391963789,59,0.3441831126091484,0.3517163214502538,0.900140274113762,0.863837696675525,95.15586459463881,94.50989818685093,0.09002083333333336,0.8063653727597153,0.8063653727597153,95.15586459463881,95.15586459463881
BDS,Batlliu de Sort,gauge,pm,bypass25,VWC_050,total,60,0.8484420353884976,0.8292811695662928,0.8410282348396473,0.0074138005488503245,59,0.18380926816990065,0.19103948200434606,0.866740988933425,0.7798489025865656,95.15586459463881,94.50989818685093,0.026041666666666657,0.8484420353884976,0.8484420353884976,95.15586459463881,95.15586459463881
CDPA,Coll de Paller,idw,hg,control,VWC_005,upper,56,0.04982085434781599,0.18422311889373877,0.049820854347815906,8.326672684688674e-17,55,-0.2161922790674095,-0.2161922790674096,0.005454428644294325,0.1736732644188468,40.95214294955611,40.95214294955611,0.02447916666666669,0.04982085434781599,0.04982085434781599,40.95214294955611,40.95214294955611
CDPA,Coll de Paller,idw,hg,control,VWC_005,total,56,0.049820854347815996,0.18422311889373877,0.049820854347815906,9.020562075079397e-17,55,-0.21619227906740948,-0.2161922790674096,0.005454428644294325,0.17367326441884684,40.95214294955611,40.95214294955611,0.02447916666666669,0.049820854347815996,0.049820854347815996,40.95214294955611,40.95214294955611
CDPA,Coll de Paller,idw,hg,control,VWC_020,lower,56,0.7570837937865085,0.8243476478928795,0.7570837937865083,2.220446049250313e-16,55,0.3829007349826721,0.3829007349826721,0.8351523019863041,0.8485130101705882,40.95214294955611,40.95214294955611,0.08645833333333336,0.7570837937865085,0.7570837937865085,40.95214294955611,40.95214294955611
CDPA,Coll de Paller,idw,hg,control,VWC_020,total,56,0.7570837937865084,0.8243476478928795,0.7570837937865083,1.1102230246251565e-16,55,0.3829007349826721,0.3829007349826721,0.8351523019863041,0.8485130101705882,40.95214294955611,40.95214294955611,0.08645833333333336,0.7570837937865084,0.7570837937865084,40.95214294955611,40.95214294955611
CDPA,Coll de Paller,idw,hg,control,VWC_050,total,56,0.7449926663445999,0.9008356261675173,0.7449926663445998,1.1102230246251565e-16,55,0.2637653350735691,0.2637653350735691,0.8516001601952845,0.7946364896395834,40.95214294955611,40.95214294955611,0.17285416666666667,0.7449926663445999,0.7449926663445999,40.95214294955611,40.95214294955611
CDPA,Coll de Paller,idw,hg,cascade,VWC_005,upper,56,0.20235229682515782,0.254152710963607,0.049820854347815906,0.1525314424773419,55,-0.17696374038215254,-0.2161922790674096,0.05528143448775924,0.27558646912857565,88.1187796674971,40.95214294955611,0.02447916666666669,0.20235229682515782,0.20235229682515782,88.1187796674971,88.1187796674971
CDPA,Coll de Paller,idw,hg,cascade,VWC_005,total,56,0.12207290993401965,0.24123316756066943,0.049820854347815906,0.07225205558620373,55,-0.19842460654693947,-0.2161922790674096,0.07072090564217152,0.2181573770547359,42.4701494385995,40.95214294955611,0.02447916666666669,0.12207290993401965,0.12207290993401965,42.4701494385995,42.4701494385995
CDPA,Coll de Paller,idw,hg,cascade,VWC_020,lower,56,0.6242658581251107,0.9255455494439084,0.7570837937865083,-0.13281793566139755,55,0.3899688423563342,0.3829007349826721,0.8444394788657954,0.8163839677821844,20.08300216746907,40.95214294955611,0.08645833333333336,0.6242658581251107,0.6242658581251107,20.08300216746907,20.08300216746907
CDPA,Coll de Paller,idw,hg,cascade,VWC_020,total,56,0.815636702810128,0.8533638648522931,0.7570837937865083,0.05855290902361976,55,0.4190905754613484,0.3829007349826721,0.8780699135673995,0.8855678695682967,42.4701494385995,40.95214294955611,0.08645833333333336,0.815636702810128,0.815636702810128,42.4701494385995,42.4701494385995
CDPA,Coll de Paller,idw,hg,cascade,VWC_050,total,56,0.7875097437903646,0.9180266239656152,0.7449926663445998,0.04251707744576483,55,0.28505164953756795,0.2637653350735691,0.8723668872243409,0.8346209824503183,42.4701494385995,40.95214294955611,0.17285416666666667,0.7875097437903646,0.7875097437903646,42.4701494385995,42.4701494385995
CDPA,Coll de Paller,idw,hg,surface,VWC_005,upper,56,-0.08141139975195057,0.033700184643641266,0.049820854347815906,-0.13123225409976647,55,-0.23676570951227777,-0.2161922790674096,-0.15711993870158714,0.11820813517232429,79.18186200539981,40.95214294955611,0.02447916666666669,-0.08141139975195057,-0.08141139975195057,79.18186200539981,79.18186200539981
CDPA,Coll de Paller,idw,hg,surface,VWC_005,total,56,-0.053198399514115924,0.11901018552653031,0.049820854347815906,-0.10301925386193184,55,-0.23617360262068948,-0.2161922790674096,-0.053178138576879926,0.07739022964187084,37.219275517323965,40.95214294955611,0.02447916666666669,-0.053198399514115924,-0.053198399514115924,37.219275517323965,37.219275517323965
CDPA,Coll de Paller,idw,hg,surface,VWC_020,lower,56,0.7514591405816662,0.9255455494439084,0.7570837937865083,-0.005624653204842067,55,0.4357833935077256,0.3829007349826721,0.8913842361856295,0.8738749678829436,16.250721436674777,40.95214294955611,0.08645833333333336,0.7514591405816662,0.7514591405816662,16.250721436674777,16.250721436674777
CDPA,Coll de Paller,idw,hg,surface,VWC_020,total,56,0.6763296983251642,0.7823783729504062,0.7570837937865083,-0.08075409546134404,55,0.36428251632278574,0.3829007349826721,0.7958127509873966,0.7712219656927914,37.219275517323965,40.95214294955611,0.08645833333333336,0.6763296983251642,0.6763296983251642,37.219275517323965,37.219275517323965
CDPA,Coll de Paller,idw,hg,surface,VWC_050,total,56,0.6607627500010194,0.8758181104851961,0.7449926663445998,-0.08422991634358046,55,0.23924792527935707,0.2637653350735691,0.8072147179361356,0.7104981983624632,37.219275517323965,40.95214294955611,0.17285416666666667,0.6607627500010194,0.6607627500010194,37.219275517323965,37.219275517323965
CDPA,Coll de Paller,idw,hg,surface5,VWC_005,upper,56,-0.14415837003645293,-0.07532982449755106,0.049820854347815906,-0.19397922438426884,55,-0.22570451190303426,-0.2161922790674096,-0.3693893024982718,-0.02659741108718384,77.73307162757519,40.95214294955611,0.02447916666666669,-0.14415837003645293,-0.14415837003645293,77.73307162757519,77.73307162757519
CDPA,Coll de Paller,idw,hg,surface5,VWC_005,total,56,0.05567126876005018,0.2899036167823177,0.049820854347815906,0.005850414412234273,55,-0.21784575184926627,-0.2161922790674096,0.013795781853464622,0.07590037207216557,34.45128986975188,40.95214294955611,0.02447916666666669,0.05567126876005018,0.05567126876005018,34.45128986975188,34.45128986975188
CDPA,Coll de Paller,idw,hg,surface5,VWC_020,lower,56,0.8230579184421283,0.9308087972787137,0.7570837937865083,0.06597412465562003,55,0.4421496685533702,0.3829007349826721,0.8897434712747916,0.9592684945811086,28.209587304428418,40.95214294955611,0.08645833333333336,0.8230579184421283,0.8230579184421283,28.209587304428418,28.209587304428418
CDPA,Coll de Paller,idw,hg,surface5,VWC_020,total,56,0.7444147612854519,0.8668295768452365,0.7570837937865083,-0.012669032501056332,55,0.3682100991394299,0.3829007349826721,0.8274540775082311,0.7798795751551163,34.45128986975188,40.95214294955611,0.08645833333333336,0.7444147612854519,0.7444147612854519,34.45128986975188,34.45128986975188
CDPA,Coll de Paller,idw,hg,surface5,VWC_050,total,56,0.7030478239581794,0.9202139477411185,0.7449926663445998,-0.04194484238642038,55,0.2220282006761325,0.2637653350735691,0.7962014507917881,0.7274440773232578,34.45128986975188,40.95214294955611,0.17285416666666667,0.7030478239581794,0.7030478239581794,34.45128986975188,34.45128986975188
CDPA,Coll de Paller,idw,hg,surface15,VWC_005,upper,56,-0.0694425847890083,0.11244787776630807,0.049820854347815906,-0.11926343913682422,55,-0.2395207498784349,-0.2161922790674096,-0.05456508253888852,0.10964841400077026,78.29821789188756,40.95214294955611,0.02447916666666669,-0.0694425847890083,-0.0694425847890083,78.29821789188756,78.29821789188756
CDPA,Coll de Paller,idw,hg,surface15,VWC_005,total,56,-0.06969242232874232,0.11244787776630807,0.049820854347815906,-0.11951327667655823,55,-0.23947261567061237,-0.2161922790674096,-0.05440076870695028,0.1096413051139806,39.14350748859987,40.95214294955611,0.02447916666666669,-0.06969242232874232,-0.06969242232874232,39.14350748859987,39.14350748859987
CDPA,Coll de Paller,idw,hg,surface15,VWC_020,lower,56,-0.5965034143361693,-0.48117705367677654,0.7570837937865083,-1.3535872081226774,55,-0.008949997711988992,0.3829007349826721,-0.5392465645020525,0.8738749678829438,0.04345329987364375,40.95214294955611,0.08645833333333336,-0.5965034143361693,-0.5965034143361693,0.04345329987364375,0.04345329987364375
CDPA,Coll de Paller,idw,hg,surface15,VWC_020,total,56,0.6699140802937898,0.7836087425741269,0.7570837937865083,-0.0871697134927184,55,0.37382289850783973,0.3829007349826721,0.7975354103411603,0.7897396946257091,39.14350748859987,40.95214294955611,0.08645833333333336,0.6699140802937898,0.6699140802937898,39.14350748859987,39.14350748859987
CDPA,Coll de Paller,idw,hg,surface15,VWC_050,total,56,0.660468819614161,0.876228233693103,0.7449926663445998,-0.08452384673043878,55,0.2522235249188269,0.2637653350735691,0.8172218684435817,0.72968100465867,39.14350748859987,40.95214294955611,0.17285416666666667,0.660468819614161,0.660468819614161,39.14350748859987,39.14350748859987
CDPA,Coll de Paller,idw,hg,bypass25,VWC_005,upper,56,-0.13423081060754252,0.03308496829112043,0.049820854347815906,-0.18405166495535843,55,-0.24686276431277215,-0.2161922790674096,-0.13713959330561953,0.08514662456213075,79.23252199234896,40.95214294955611,0.02447916666666669,-0.13423081060754252,-0.13423081060754252,79.23252199234896,79.23252199234896
CDPA,Coll de Paller,idw,hg,bypass25,VWC_005,total,56,-0.0026037950134480126,0.15756374361783593,0.049820854347815906,-0.05242464936126392,55,-0.2287601636928176,-0.2161922790674096,-0.04490599512766967,0.13833396548464155,38.31306546781319,40.95214294955611,0.02447916666666669,-0.0026037950134480126,-0.0026037950134480126,38.31306546781319,38.31306546781319
CDPA,Coll de Paller,idw,hg,bypass25,VWC_020,lower,56,0.8678689162628471,0.9175139699557315,0.7570837937865083,0.11078512247633887,55,0.43363669792835946,0.3829007349826721,0.8966153686864198,0.9100429496249316,17.997317570832994,40.95214294955611,0.08645833333333336,0.8678689162628471,0.8678689162628471,17.997317570832994,17.997317570832994
CDPA,Coll de Paller,idw,hg,bypass25,VWC_020,total,56,0.7032542845518703,0.8048667955173016,0.7570837937865083,-0.05382950923463792,55,0.3617801036550975,0.3829007349826721,0.7971830145267902,0.7911866508931988,38.31306546781319,40.95214294955611,0.08645833333333336,0.7032542845518703,0.7032542845518703,38.31306546781319,38.31306546781319
CDPA,Coll de Paller,idw,hg,bypass25,VWC_050,total,56,0.6949824206038929,0.888053452854419,0.7449926663445998,-0.05001024574070689,55,0.24288469862840034,0.2637653350735691,0.8157816308021688,0.735760367997037,38.31306546781319,40.95214294955611,0.17285416666666667,0.6949824206038929,0.6949824206038929,38.31306546781319,38.31306546781319
CDPA,Coll de Paller,idw,pm,control,VWC_005,upper,56,0.057924794329624815,0.1938615084165652,0.05792479432962479,2.7755575615628914e-17,55,-0.21517106230806798,-0.2151710623080679,-0.01185747951715291,0.21333901560945798,39.73690738169127,39.73690738169127,0.02447916666666669,0.057924794329624815,0.057924794329624815,39.73690738169127,39.73690738169127
CDPA,Coll de Paller,idw,pm,control,VWC_005,total,56,0.05792479432962487,0.1938615084165652,0.05792479432962479,8.326672684688674e-17,55,-0.21517106230806793,-0.2151710623080679,-0.011857479517152944,0.21333901560945806,39.73690738169126,39.73690738169127,0.02447916666666669,0.05792479432962487,0.05792479432962487,39.73690738169126,39.73690738169126
CDPA,Coll de Paller,idw,pm,control,VWC_020,lower,56,0.7519114491898481,0.8240400554869495,0.7519114491898481,0.0,55,0.3834416709524645,0.3834416709524645,0.8209648812257189,0.8457629212322922,39.73690738169126,39.73690738169127,0.08645833333333336,0.7519114491898481,0.7519114491898481,39.73690738169126,39.73690738169126
CDPA,Coll de Paller,idw,pm,control,VWC_020,total,56,0.7519114491898481,0.8240400554869495,0.7519114491898481,0.0,55,0.3834416709524645,0.3834416709524645,0.8209648812257191,0.8457629212322924,39.73690738169126,39.73690738169127,0.08645833333333336,0.7519114491898481,0.7519114491898481,39.73690738169126,39.73690738169126
CDPA,Coll de Paller,idw,pm,control,VWC_050,total,56,0.7398430027255464,0.9042191426327493,0.7398430027255465,-1.1102230246251565e-16,55,0.2649865695387366,0.2649865695387366,0.8403262533153837,0.7964883778064418,39.73690738169126,39.73690738169127,0.17285416666666667,0.7398430027255464,0.7398430027255464,39.73690738169126,39.73690738169126
CDPA,Coll de Paller,idw,pm,cascade,VWC_005,upper,56,0.2038259690980244,0.2620138088013732,0.05792479432962479,0.1459011747683996,55,-0.1750010304912492,-0.2151710623080679,0.05250038779222832,0.30011471030586234,87.6168355666648,39.73690738169127,0.02447916666666669,0.2038259690980244,0.2038259690980244,87.6168355666648,87.6168355666648
CDPA,Coll de Paller,idw,pm,cascade,VWC_005,total,56,0.1254283419984984,0.24246360026571107,0.05792479432962479,0.0675035476688736,55,-0.19825749105540114,-0.2151710623080679,0.05702833078779218,0.2539264324252527,41.33876590169651,39.73690738169127,0.02447916666666669,0.1254283419984984,0.1254283419984984,41.33876590169651,41.33876590169651
CDPA,Coll de Paller,idw,pm,cascade,VWC_020,lower,56,0.5891350182376254,0.9255455494439084,0.7519114491898481,-0.16277643095222272,55,0.38730851940264377,0.3834416709524645,0.8087871057054875,0.8284378056250357,18.74150149809793,39.73690738169127,0.08645833333333336,0.5891350182376254,0.5891350182376254,18.74150149809793,18.74150149809793
CDPA,Coll de Paller,idw,pm,cascade,VWC_020,total,56,0.8107978380063481,0.8491942789052396,0.7519114491898481,0.05888638881649999,55,0.4199194138389293,0.3834416709524645,0.8688200367049388,0.8829478267206182,41.33876590169651,39.73690738169127,0.08645833333333336,0.8107978380063481,0.8107978380063481,41.33876590169651,41.33876590169651
CDPA,Coll de Paller,idw,pm,cascade,VWC_050,total,56,0.7820078108248846,0.9200088861371652,0.7398430027255465,0.04216480809933809,55,0.2863891502330298,0.2649865695387366,0.8645624818439609,0.8361565380284923,41.33876590169651,39.73690738169127,0.17285416666666667,0.7820078108248846,0.7820078108248846,41.33876590169651,41.33876590169651
CDPA,Coll de Paller,idw,pm,surface,VWC_005,upper,56,-0.06243047618078068,0.062205208977106595,0.05792479432962479,-0.12035527051040547,55,-0.23465301874326522,-0.2151710623080679,-0.17936913229558937,0.15169594648274615,77.86002092042926,39.73690738169127,0.02447916666666669,-0.06243047618078068,-0.06243047618078068,77.86002092042926,77.86002092042926
CDPA,Coll de Paller,idw,pm,surface,VWC_005,total,56,-0.0437686214760916,0.12940050614688217,0.05792479432962479,-0.10169341580571639,55,-0.23533498970548591,-0.2151710623080679,-0.07614442230343971,0.11518945604533207,36.055131729032595,39.73690738169127,0.02447916666666669,-0.0437686214760916,-0.0437686214760916,36.055131729032595,36.055131729032595
CDPA,Coll de Paller,idw,pm,surface,VWC_020,lower,56,0.7407628910482045,0.9255455494439084,0.7519114491898481,-0.011148558141643616,55,0.4343811717697692,0.3834416709524645,0.8815038620654602,0.8851036306737446,15.165523886164229,39.73690738169127,0.08645833333333336,0.7407628910482045,0.7407628910482045,15.165523886164229,15.165523886164229
CDPA,Coll de Paller,idw,pm,surface,VWC_020,total,56,0.6671472828607747,0.7815239496006002,0.7519114491898481,-0.08476416632907335,55,0.3626859455838659,0.3834416709524645,0.7730756014939593,0.7660394973551178,36.055131729032595,39.73690738169127,0.08645833333333336,0.6671472828607747,0.6671472828607747,36.055131729032595,36.055131729032595
CDPA,Coll de Paller,idw,pm,surface,VWC_050,total,56,0.6515998882294498,0.8788256806765135,0.7398430027255465,-0.08824311449609668,55,0.23805870330481688,0.2649865695387366,0.7875144473007174,0.7095872278817584,36.055131729032595,39.73690738169127,0.17285416666666667,0.6515998882294498,0.6515998882294498,36.055131729032595,36.055131729032595
CDPA,Coll de Paller,idw,pm,surface5,VWC_005,upper,56,-0.10573774877881144,-0.056326474941907505,0.05792479432962479,-0.16366254310843623,55,-0.22171718648373157,-0.2151710623080679,-0.3834787647270098,0.006907383514552584,79.41326508662446,39.73690738169127,0.02447916666666669,-0.10573774877881144,-0.10573774877881144,79.41326508662446,79.41326508662446
CDPA,Coll de Paller,idw,pm,surface5,VWC_005,total,56,0.0648047185086676,0.3051473108503339,0.05792479432962479,0.006879924179042818,55,-0.21674163299395505,-0.2151710623080679,0.0006660646978846919,0.1106086002091876,33.52434488472842,39.73690738169127,0.02447916666666669,0.0648047185086676,0.0648047185086676,33.52434488472842,33.52434488472842
CDPA,Coll de Paller,idw,pm,surface5,VWC_020,lower,56,0.8154707755435657,0.931834105298481,0.7519114491898481,0.06355932635371764,55,0.440821464247458,0.3834416709524645,0.8795508994512814,0.9624819436157708,27.493260856901184,39.73690738169127,0.08645833333333336,0.8154707755435657,0.8154707755435657,27.493260856901184,27.493260856901184
CDPA,Coll de Paller,idw,pm,surface5,VWC_020,total,56,0.7390601361949223,0.8674447616570968,0.7519114491898481,-0.012851312994925812,55,0.3671806286333609,0.3834416709524645,0.8122992765938946,0.7801597543892712,33.52434488472842,39.73690738169127,0.08645833333333336,0.7390601361949223,0.7390601361949223,33.52434488472842,33.52434488472842
CDPA,Coll de Paller,idw,pm,surface5,VWC_050,total,56,0.6950306190889778,0.9230506332624747,0.7398430027255465,-0.0448123836365687,55,0.21974940857288583,0.2649865695387366,0.7800044014077824,0.7318229340877558,33.52434488472842,39.73690738169127,0.17285416666666667,0.6950306190889778,0.6950306190889778,33.52434488472842,33.52434488472842
CDPA,Coll de Paller,idw,pm,surface15,VWC_005,upper,56,-0.05808811858200279,0.11948868713404652,0.05792479432962479,-0.11601291291162757,55,-0.23836605715075973,-0.2151710623080679,-0.0796455287543273,0.15262796954158628,75.85940902204993,39.73690738169127,0.02447916666666669,-0.05808811858200279,-0.05808811858200279,75.85940902204993,75.85940902204993
CDPA,Coll de Paller,idw,pm,surface15,VWC_005,total,56,-0.05834758755949729,0.11948868713404652,0.05792479432962479,-0.11627238188912208,55,-0.23831506570290864,-0.2151710623080679,-0.07947118105624015,0.1526216229743531,37.92393181555428,39.73690738169127,0.02447916666666669,-0.05834758755949729,-0.05834758755949729,37.92393181555428,37.92393181555428
CDPA,Coll de Paller,idw,pm,surface15,VWC_020,lower,56,-0.5945055142825504,-0.48117705367677654,0.7519114491898481,-1.3464169634723984,55,-0.0034163405633898768,0.3834416709524645,-0.5366868437733561,0.8851036306737448,0.044423521121327504,39.73690738169127,0.08645833333333336,-0.5945055142825504,-0.5945055142825504,0.044423521121327504,0.044423521121327504
CDPA,Coll de Paller,idw,pm,surface15,VWC_020,total,56,0.6617011252952077,0.7777986637954458,0.7519114491898481,-0.09021032389464034,55,0.3723591946000391,0.3834416709524645,0.7739502267449108,0.7838593125491605,37.92393181555428,39.73690738169127,0.08645833333333336,0.6617011252952077,0.6617011252952077,37.92393181555428,37.92393181555428
CDPA,Coll de Paller,idw,pm,surface15,VWC_050,total,56,0.6533789424786167,0.8773218955808547,0.7398430027255465,-0.08646406024692976,55,0.25162967703356337,0.2649865695387366,0.7980616602095905,0.7286171726745077,37.92393181555428,39.73690738169127,0.17285416666666667,0.6533789424786167,0.6533789424786167,37.92393181555428,37.92393181555428
CDPA,Coll de Paller,idw,pm,bypass25,VWC_005,upper,56,-0.11896020886447636,0.06104313364456724,0.05792479432962479,-0.17688500319410116,55,-0.2451817014973015,-0.2151710623080679,-0.15926658257819484,0.12317780218348055,77.90840742882655,39.73690738169127,0.02447916666666669,-0.11896020886447636,-0.11896020886447636,77.90840742882655,77.90840742882655
CDPA,Coll de Paller,idw,pm,bypass25,VWC_005,total,56,0.007534426932477953,0.17355936878337763,0.05792479432962479,-0.050390367397146835,55,-0.22772634973632072,-0.2151710623080679,-0.0670383456741554,0.1784845563302137,37.106771769746615,39.73690738169127,0.02447916666666669,0.007534426932477953,0.007534426932477953,37.106771769746615,37.106771769746615
CDPA,Coll de Paller,idw,pm,bypass25,VWC_020,lower,56,0.8651496455081703,0.8995369026758121,0.7519114491898481,0.11323819631832222,55,0.431077789048959,0.3834416709524645,0.8878982645234432,0.9064254701178384,16.84369203302077,39.73690738169127,0.08645833333333336,0.8651496455081703,0.8651496455081703,16.84369203302077,16.84369203302077
CDPA,Coll de Paller,idw,pm,bypass25,VWC_020,total,56,0.6946595351011657,0.8024060562698602,0.7519114491898481,-0.057251914088682354,55,0.360351279000751,0.3834416709524645,0.7754506713794243,0.7864654637115196,37.106771769746615,39.73690738169127,0.08645833333333336,0.6946595351011657,0.6946595351011657,37.106771769746615,37.106771769746615
CDPA,Coll de Paller,idw,pm,bypass25,VWC_050,total,56,0.6868357463184329,0.8935217622931775,0.7398430027255465,-0.05300725640711357,55,0.24235528343265283,0.2649865695387366,0.7978969576496258,0.7358230044886663,37.106771769746615,39.73690738169127,0.17285416666666667,0.6868357463184329,0.6868357463184329,37.106771769746615,37.106771769746615
LCDA,La Cultia d'Àreu,idw,hg,control,VWC_005,upper,60,0.9189835181436032,0.9236454570714089,0.9189835181436032,0.0,59,0.21480213894635639,0.2148021389463566,0.9182965784867582,0.9738771822309116,60.10632220761902,60.10632220761905,0.11879166666666668,0.9189835181436032,0.9189835181436032,60.10632220761902,60.10632220761902
LCDA,La Cultia d'Àreu,idw,hg,control,VWC_005,total,60,0.9189835181436035,0.9236454570714089,0.9189835181436032,2.220446049250313e-16,59,0.21480213894635639,0.2148021389463566,0.9182965784867583,0.9738771822309118,60.10632220761904,60.10632220761905,0.11879166666666668,0.9189835181436035,0.9189835181436035,60.10632220761904,60.10632220761904
LCDA,La Cultia d'Àreu,idw,hg,control,VWC_020,lower,60,0.9063599700486338,0.9086539130345231,0.9063599700486338,0.0,59,0.19717126865719886,0.1971712686571991,0.9047284306739123,0.9775609340033857,60.10632220761905,60.10632220761905,0.123,0.9063599700486338,0.9063599700486338,60.10632220761905,60.10632220761905
LCDA,La Cultia d'Àreu,idw,hg,control,VWC_020,total,60,0.9063599700486338,0.9086539130345231,0.9063599700486338,0.0,59,0.19717126865719894,0.1971712686571991,0.9047284306739125,0.9775609340033857,60.10632220761904,60.10632220761905,0.123,0.9063599700486338,0.9063599700486338,60.10632220761904,60.10632220761904
LCDA,La Cultia d'Àreu,idw,hg,control,VWC_050,total,60,0.918113398078517,0.9097080347437737,0.9181133980785168,2.220446049250313e-16,59,0.1652197291768745,0.16521972917687447,0.9080305069850367,0.9764236528036168,60.10632220761904,60.10632220761905,0.09289583333333334,0.918113398078517,0.918113398078517,60.10632220761904,60.10632220761904
LCDA,La Cultia d'Àreu,idw,hg,cascade,VWC_005,upper,60,0.8837780877676238,0.8505140316754657,0.9189835181436032,-0.03520543037597945,59,0.25782812644796604,0.2148021389463566,0.8542673371224878,0.9635585247492786,79.15562114442734,60.10632220761905,0.11879166666666668,0.8837780877676238,0.8837780877676238,79.15562114442734,79.15562114442734
LCDA,La Cultia d'Àreu,idw,hg,cascade,VWC_005,total,60,0.9145835912663993,0.9200333425951656,0.9189835181436032,-0.004399926877203919,59,0.23579661661796927,0.2148021389463566,0.9279988985716932,0.9673471417292829,64.66348053156406,60.10632220761905,0.11879166666666668,0.9145835912663993,0.9145835912663993,64.66348053156406,64.66348053156406
LCDA,La Cultia d'Àreu,idw,hg,cascade,VWC_020,lower,60,0.7997861587608524,0.796649022708483,0.9063599700486338,-0.10657381128778143,59,0.09587451448644327,0.1971712686571991,0.7979790005022928,0.9747784008370498,59.778110813590594,60.10632220761905,0.123,0.7997861587608524,0.7997861587608524,59.778110813590594,59.778110813590594
LCDA,La Cultia d'Àreu,idw,hg,cascade,VWC_020,total,60,0.9007607627141581,0.9045971742631012,0.9063599700486338,-0.00559920733447572,59,0.211028331619058,0.1971712686571991,0.9127068348048749,0.9749036698875275,64.66348053156406,60.10632220761905,0.123,0.9007607627141581,0.9007607627141581,64.66348053156406,64.66348053156406
LCDA,La Cultia d'Àreu,idw,hg,cascade,VWC_050,total,60,0.9318526922043836,0.9093743397991957,0.9181133980785168,0.01373929412586683,59,0.18954591138854215,0.16521972917687447,0.917249099142492,0.9824844307028069,64.66348053156406,60.10632220761905,0.09289583333333334,0.9318526922043836,0.9318526922043836,64.66348053156406,64.66348053156406
LCDA,La Cultia d'Àreu,idw,hg,surface,VWC_005,upper,60,0.8485488553471916,0.8482911919977772,0.9189835181436032,-0.07043466279641164,59,0.1610251472449429,0.2148021389463566,0.7670838941192233,0.9815621612986114,85.43469384141727,60.10632220761905,0.11879166666666668,0.8485488553471916,0.8485488553471916,85.43469384141727,85.43469384141727
LCDA,La Cultia d'Àreu,idw,hg,surface,VWC_005,total,60,0.9131345104375512,0.9216449013614895,0.9189835181436032,-0.005849007706052012,59,0.19389818759441305,0.2148021389463566,0.9099438611161869,0.978560530946377,55.23064408587526,60.10632220761905,0.11879166666666668,0.9131345104375512,0.9131345104375512,55.23064408587526,55.23064408587526
LCDA,La Cultia d'Àreu,idw,hg,surface,VWC_020,lower,60,0.7415225809192304,0.7580266467339865,0.9063599700486338,-0.16483738912940338,59,0.12834323215004706,0.1971712686571991,0.7792122199154807,0.9686510454255817,44.618912991676766,60.10632220761905,0.123,0.7415225809192304,0.7415225809192304,44.618912991676766,44.618912991676766
LCDA,La Cultia d'Àreu,idw,hg,surface,VWC_020,total,60,0.8995309805194306,0.9064866142388318,0.9063599700486338,-0.006828989529203189,59,0.17845440359664538,0.1971712686571991,0.8965883794416533,0.978952930961746,55.23064408587526,60.10632220761905,0.123,0.8995309805194306,0.8995309805194306,55.23064408587526,55.23064408587526
LCDA,La Cultia d'Àreu,idw,hg,surface,VWC_050,total,60,0.9130411421107344,0.9127669050690721,0.9181133980785168,-0.00507225596778238,59,0.1380254495981825,0.16521972917687447,0.9003449665152958,0.9697679826896227,55.23064408587526,60.10632220761905,0.09289583333333334,0.9130411421107344,0.9130411421107344,55.23064408587526,55.23064408587526
LCDA,La Cultia d'Àreu,idw,hg,surface5,VWC_005,upper,60,0.6858846510022525,0.6944706863017507,0.9189835181436032,-0.23309886714135075,59,0.043595805086322895,0.2148021389463566,0.4921173798173004,0.9531169918346385,83.36917294274394,60.10632220761905,0.11879166666666668,0.6858846510022525,0.6858846510022525,83.36917294274394,83.36917294274394
LCDA,La Cultia d'Àreu,idw,hg,surface5,VWC_005,total,60,0.8855871029809903,0.9001389274798558,0.9189835181436032,-0.033396415162612936,59,0.18584774646888835,0.2148021389463566,0.9160681150850971,0.975709135198352,53.96968640218772,60.10632220761905,0.11879166666666668,0.8855871029809903,0.8855871029809903,53.96968640218772,53.96968640218772
LCDA,La Cultia d'Àreu,idw,hg,surface5,VWC_020,lower,60,0.7923135682479754,0.8436071632817919,0.9063599700486338,-0.11404640180065839,59,0.18141798647917196,0.1971712686571991,0.8643024256080747,0.9686510454255817,51.26455324576158,60.10632220761905,0.123,0.7923135682479754,0.7923135682479754,51.26455324576158,51.26455324576158
LCDA,La Cultia d'Àreu,idw,hg,surface5,VWC_020,total,60,0.8648962733747232,0.881340391032415,0.9063599700486338,-0.04146369667391059,59,0.16038891637621122,0.1971712686571991,0.897593118210803,0.9739000236324364,53.96968640218772,60.10632220761905,0.123,0.8648962733747232,0.8648962733747232,53.96968640218772,53.96968640218772
LCDA,La Cultia d'Àreu,idw,hg,surface5,VWC_050,total,60,0.9295893376446303,0.9110428145220857,0.9181133980785168,0.01147593956611348,59,0.12565441662367186,0.16521972917687447,0.9081469446276541,0.9623924649120248,53.96968640218772,60.10632220761905,0.09289583333333334,0.9295893376446303,0.9295893376446303,53.96968640218772,53.96968640218772
LCDA,La Cultia d'Àreu,idw,hg,surface15,VWC_005,upper,60,0.9096313266943961,0.8978605168102252,0.9189835181436032,-0.009352191449207181,59,0.21356805882785118,0.2148021389463566,0.8812250771518306,0.9789599560482445,80.34943220835558,60.10632220761905,0.11879166666666668,0.9096313266943961,0.9096313266943961,80.34943220835558,80.34943220835558
LCDA,La Cultia d'Àreu,idw,hg,surface15,VWC_005,total,60,0.9179157483011051,0.922311753264796,0.9189835181436032,-0.001067769842498123,59,0.20376562644558166,0.2148021389463566,0.9122253820584335,0.9767583923556233,57.66091619753344,60.10632220761905,0.11879166666666668,0.9179157483011051,0.9179157483011051,57.66091619753344,57.66091619753344
LCDA,La Cultia d'Àreu,idw,hg,surface15,VWC_020,lower,60,0.7155930381135323,0.7167368260878698,0.9063599700486338,-0.19076693193510152,59,0.0728308772543582,0.1971712686571991,0.7468135800872137,0.9686510454255817,35.02805898536285,60.10632220761905,0.123,0.7155930381135323,0.7155930381135323,35.02805898536285,35.02805898536285
LCDA,La Cultia d'Àreu,idw,hg,surface15,VWC_020,total,60,0.9053952189546501,0.9075980495186735,0.9063599700486338,-0.0009647510939836401,59,0.1888262976555311,0.1971712686571991,0.8982629400629043,0.9799441392839516,57.66091619753344,60.10632220761905,0.123,0.9053952189546501,0.9053952189546501,57.66091619753344,57.66091619753344
LCDA,La Cultia d'Àreu,idw,hg,surface15,VWC_050,total,60,0.9120692078514863,0.9096246110076293,0.9181133980785168,-0.00604419022703051,59,0.14982695922271544,0.16521972917687447,0.9017453400134545,0.976360509546367,57.66091619753344,60.10632220761905,0.09289583333333334,0.9120692078514863,0.9120692078514863,57.66091619753344,57.66091619753344
LCDA,La Cultia d'Àreu,idw,hg,bypass25,VWC_005,upper,60,0.885980758870206,0.8836343428730205,0.9189835181436032,-0.03300275927339724,59,0.18050095064489044,0.2148021389463566,0.8279162182645987,0.9808085799405512,78.33109761181176,60.10632220761905,0.11879166666666668,0.885980758870206,0.885980758870206,78.33109761181176,78.33109761181176
LCDA,La Cultia d'Àreu,idw,hg,bypass25,VWC_005,total,60,0.9137337817628879,0.9227563212003337,0.9189835181436032,-0.005249736380715353,59,0.19634424286877272,0.2148021389463566,0.9097590740517489,0.9776270378539054,55.52113515876651,60.10632220761905,0.11879166666666668,0.9137337817628879,0.9137337817628879,55.52113515876651,55.52113515876651
LCDA,La Cultia d'Àreu,idw,hg,bypass25,VWC_020,lower,60,0.8233487921593852,0.8706428264639395,0.9063599700486338,-0.08301117788924861,59,0.17108847171413638,0.1971712686571991,0.8678489762806305,0.9716412130582971,44.116153932243876,60.10632220761905,0.123,0.8233487921593852,0.8233487921593852,44.116153932243876,44.116153932243876
LCDA,La Cultia d'Àreu,idw,hg,bypass25,VWC_020,total,60,0.901100340630627,0.908542769506539,0.9063599700486338,-0.005259629418006728,59,0.18097651773563847,0.1971712686571991,0.897895717970053,0.9780430079686249,55.52113515876651,60.10632220761905,0.123,0.901100340630627,0.901100340630627,55.52113515876651,55.52113515876651
LCDA,La Cultia d'Àreu,idw,hg,bypass25,VWC_050,total,60,0.9116018104493568,0.9085122945257024,0.9181133980785168,-0.006511587629159932,59,0.141119504583748,0.16521972917687447,0.8993343510090771,0.9695293969604791,55.52113515876651,60.10632220761905,0.09289583333333334,0.9116018104493568,0.9116018104493568,55.52113515876651,55.52113515876651
LCDA,La Cultia d'Àreu,idw,pm,control,VWC_005,upper,60,0.9416682986111911,0.9396499027507642,0.9416682986111913,-2.220446049250313e-16,59,0.23281314405992892,0.2328131440599291,0.9261252374730411,0.983694449993549,64.66926927157279,64.66926927157276,0.11879166666666668,0.9416682986111911,0.9416682986111911,64.66926927157279,64.66926927157279
LCDA,La Cultia d'Àreu,idw,pm,control,VWC_005,total,60,0.9416682986111913,0.9396499027507642,0.9416682986111913,0.0,59,0.23281314405992898,0.2328131440599291,0.9261252374730407,0.983694449993549,64.6692692715728,64.66926927157276,0.11879166666666668,0.9416682986111913,0.9416682986111913,64.6692692715728,64.6692692715728
LCDA,La Cultia d'Àreu,idw,pm,control,VWC_020,lower,60,0.9280607179654639,0.9260478751640445,0.928060717965464,-1.1102230246251565e-16,59,0.2146011231591009,0.2146011231591011,0.9088400722707657,0.9837612442703044,64.66926927157279,64.66926927157276,0.123,0.9280607179654639,0.9280607179654639,64.66926927157279,64.66926927157279
LCDA,La Cultia d'Àreu,idw,pm,control,VWC_020,total,60,0.9280607179654639,0.9260478751640445,0.928060717965464,-1.1102230246251565e-16,59,0.214601123159101,0.2146011231591011,0.9088400722707656,0.9837612442703041,64.6692692715728,64.66926927157276,0.123,0.9280607179654639,0.9280607179654639,64.6692692715728,64.6692692715728
LCDA,La Cultia d'Àreu,idw,pm,control,VWC_050,total,60,0.9010640911994756,0.9138236057269026,0.9010640911994756,0.0,59,0.18247592175321262,0.1824759217532125,0.9167362337679907,0.9687641131408664,64.6692692715728,64.66926927157276,0.09289583333333334,0.9010640911994756,0.9010640911994756,64.6692692715728,64.6692692715728
LCDA,La Cultia d'Àreu,idw,pm,cascade,VWC_005,upper,60,0.9030894794813056,0.8539594331758822,0.9416682986111913,-0.0385788191298857,59,0.2880186703102449,0.2328131440599291,0.856689828546016,0.9796326606907434,76.2882028646558,64.66926927157276,0.11879166666666668,0.9030894794813056,0.9030894794813056,76.2882028646558,76.2882028646558
LCDA,La Cultia d'Àreu,idw,pm,cascade,VWC_005,total,60,0.9420604795793917,0.9383161989441513,0.9416682986111913,0.00039218096820037296,59,0.2508971909964231,0.2328131440599291,0.9334507905873022,0.9810999996619403,68.67692235500562,64.66926927157276,0.11879166666666668,0.9420604795793917,0.9420604795793917,68.67692235500562,68.67692235500562
LCDA,La Cultia d'Àreu,idw,pm,cascade,VWC_020,lower,60,0.8275472762875624,0.8029842038035803,0.928060717965464,-0.10051344167790155,59,0.09847388565298582,0.2146011231591011,0.8063433221793822,0.9818900298063382,66.77670510407415,64.66926927157276,0.123,0.8275472762875624,0.8275472762875624,66.77670510407415,66.77670510407415
LCDA,La Cultia d'Àreu,idw,pm,cascade,VWC_020,total,60,0.9280598449252433,0.9246030093002505,0.928060717965464,-8.730402206724719e-07,59,0.2255032169601913,0.2146011231591011,0.9153200718530135,0.9844422861271465,68.67692235500562,64.66926927157276,0.123,0.9280598449252433,0.9280598449252433,68.67692235500562,68.67692235500562
LCDA,La Cultia d'Àreu,idw,pm,cascade,VWC_050,total,60,0.9144271776981238,0.9129337525413611,0.9010640911994756,0.013363086498648147,59,0.20491075623229013,0.1824759217532125,0.9235925505146039,0.9757838396793059,68.67692235500562,64.66926927157276,0.09289583333333334,0.9144271776981238,0.9144271776981238,68.67692235500562,68.67692235500562
LCDA,La Cultia d'Àreu,idw,pm,surface,VWC_005,upper,60,0.8591070683466417,0.8371769936093361,0.9416682986111913,-0.08256123026454953,59,0.18567730357189774,0.2328131440599291,0.7840220458708715,0.9818910397003333,84.18876487693474,64.66926927157276,0.11879166666666668,0.8591070683466417,0.8591070683466417,84.18876487693474,84.18876487693474
LCDA,La Cultia d'Àreu,idw,pm,surface,VWC_005,total,60,0.9345662960505638,0.9368157821617117,0.9416682986111913,-0.0071020025606274295,59,0.21144246290314003,0.2328131440599291,0.9187374177579981,0.9842757906932991,60.14344486271189,64.66926927157276,0.11879166666666668,0.9345662960505638,0.9345662960505638,60.14344486271189,60.14344486271189
LCDA,La Cultia d'Àreu,idw,pm,surface,VWC_020,lower,60,0.7679232515862908,0.7773100488392386,0.928060717965464,-0.16013746637917314,59,0.12779926697612912,0.2146011231591011,0.7858628191931003,0.9812285879371159,51.794918191718104,64.66926927157276,0.123,0.7679232515862908,0.7679232515862908,51.794918191718104,51.794918191718104
LCDA,La Cultia d'Àreu,idw,pm,surface,VWC_020,total,60,0.9191454799249217,0.9232137152004484,0.928060717965464,-0.008915238040542284,59,0.19366719956976985,0.2146011231591011,0.9017075877054537,0.9803438065387623,60.14344486271189,64.66926927157276,0.123,0.9191454799249217,0.9191454799249217,60.14344486271189,60.14344486271189
LCDA,La Cultia d'Àreu,idw,pm,surface,VWC_050,total,60,0.8989914550226243,0.9122663626522051,0.9010640911994756,-0.0020726361768512724,59,0.15578341758244355,0.1824759217532125,0.9094542725190822,0.9572099462902524,60.14344486271189,64.66926927157276,0.09289583333333334,0.8989914550226243,0.8989914550226243,60.14344486271189,60.14344486271189
LCDA,La Cultia d'Àreu,idw,pm,surface5,VWC_005,upper,60,0.6790550650819042,0.6600166712975828,0.9416682986111913,-0.2626132335292871,59,0.05856208400759988,0.2328131440599291,0.5221870436583587,0.9346644491638361,85.44304946538952,64.66926927157276,0.11879166666666668,0.6790550650819042,0.6790550650819042,85.44304946538952,85.44304946538952
LCDA,La Cultia d'Àreu,idw,pm,surface5,VWC_005,total,60,0.9143029637866932,0.9196443456515702,0.9416682986111913,-0.0273653348244981,59,0.2024658735848899,0.2328131440599291,0.9223344629039574,0.9805532426384174,58.88860451748597,64.66926927157276,0.11879166666666668,0.9143029637866932,0.9143029637866932,58.88860451748597,58.88860451748597
LCDA,La Cultia d'Àreu,idw,pm,surface5,VWC_020,lower,60,0.8261019308479867,0.8560552384160179,0.928060717965464,-0.1019587871174773,59,0.18868293082156246,0.2146011231591011,0.8665982777013008,0.9812285879371161,56.854252785875886,64.66926927157276,0.123,0.8261019308479867,0.8261019308479867,56.854252785875886,56.854252785875886
LCDA,La Cultia d'Àreu,idw,pm,surface5,VWC_020,total,60,0.8926351895223712,0.9025688048773901,0.928060717965464,-0.03542552844309277,59,0.1757683327291566,0.2146011231591011,0.901119110907934,0.9754642498867636,58.88860451748597,64.66926927157276,0.123,0.8926351895223712,0.8926351895223712,58.88860451748597,58.88860451748597
LCDA,La Cultia d'Àreu,idw,pm,surface5,VWC_050,total,60,0.9238223210962273,0.9173552105570197,0.9010640911994756,0.02275822989675169,59,0.1442141735246435,0.1824759217532125,0.9147807086348984,0.9520488184346501,58.88860451748597,64.66926927157276,0.09289583333333334,0.9238223210962273,0.9238223210962273,58.88860451748597,58.88860451748597
LCDA,La Cultia d'Àreu,idw,pm,surface15,VWC_005,upper,60,0.9271338820774102,0.9135315365379274,0.9416682986111913,-0.01453441653378107,59,0.23105841006191596,0.2328131440599291,0.8927131668786353,0.9858701311384879,80.51951327252131,64.66926927157276,0.11879166666666668,0.9271338820774102,0.9271338820774102,80.51951327252131,80.51951327252131
LCDA,La Cultia d'Àreu,idw,pm,surface15,VWC_005,total,60,0.9391019131946561,0.9392053348152265,0.9416682986111913,-0.0025663854165351996,59,0.22067425187366763,0.2328131440599291,0.9206676092080999,0.9850349478259349,62.23087877034752,64.66926927157276,0.11879166666666668,0.9391019131946561,0.9391019131946561,62.23087877034752,62.23087877034752
LCDA,La Cultia d'Àreu,idw,pm,surface15,VWC_020,lower,60,0.744115836950048,0.7390211034486946,0.928060717965464,-0.18394488101541595,59,0.08955307041649675,0.2146011231591011,0.7557649221607116,0.9812285879371159,44.016356577114585,64.66926927157276,0.123,0.744115836950048,0.744115836950048,44.016356577114585,44.016356577114585
LCDA,La Cultia d'Àreu,idw,pm,surface15,VWC_020,total,60,0.9252468531471099,0.9257700163440843,0.928060717965464,-0.002813864818354106,59,0.20444587082602142,0.2146011231591011,0.9033052854428718,0.9838955058417569,62.23087877034752,64.66926927157276,0.123,0.9252468531471099,0.9252468531471099,62.23087877034752,62.23087877034752
LCDA,La Cultia d'Àreu,idw,pm,surface15,VWC_050,total,60,0.8953313572027433,0.912600057596783,0.9010640911994756,-0.005732733996732353,59,0.16678092825277363,0.1824759217532125,0.9107916546164592,0.9657093835105863,62.23087877034752,64.66926927157276,0.09289583333333334,0.8953313572027433,0.8953313572027433,62.23087877034752,62.23087877034752
LCDA,La Cultia d'Àreu,idw,pm,bypass25,VWC_005,upper,60,0.8934559430071858,0.8802445123645459,0.9416682986111913,-0.0482123556040055,59,0.19750010704184034,0.2328131440599291,0.8441407399053675,0.9807335106370989,79.20314155392845,64.66926927157276,0.11879166666666668,0.8934559430071858,0.8934559430071858,79.20314155392845,79.20314155392845
LCDA,La Cultia d'Àreu,idw,pm,bypass25,VWC_005,total,60,0.935754667277974,0.9389830508474578,0.9416682986111913,-0.005913631333217317,59,0.21256219795739045,0.2328131440599291,0.9189135882846722,0.9837324491272847,60.41461471068179,64.66926927157276,0.11879166666666668,0.935754667277974,0.935754667277974,60.41461471068179,60.41461471068179
LCDA,La Cultia d'Àreu,idw,pm,bypass25,VWC_020,lower,60,0.8462783218168902,0.8773114381429892,0.928060717965464,-0.08178239614857374,59,0.1753651061833962,0.2146011231591011,0.8594049424913821,0.9826178380541148,51.020351289058446,64.66926927157276,0.123,0.8462783218168902,0.8462783218168902,51.020351289058446,51.020351289058446
LCDA,La Cultia d'Àreu,idw,pm,bypass25,VWC_020,total,60,0.9214255749841557,0.9258255881080761,0.928060717965464,-0.006635142981308295,59,0.19553320046885042,0.2146011231591011,0.9030349172353873,0.9801465263891457,60.41461471068179,64.66926927157276,0.123,0.9214255749841557,0.9214255749841557,60.41461471068179,60.41461471068179
LCDA,La Cultia d'Àreu,idw,pm,bypass25,VWC_050,total,60,0.8962677699748549,0.9110428145220857,0.9010640911994756,-0.004796321224620703,59,0.15830658917749485,0.1824759217532125,0.9092661946001525,0.9580193650016102,60.41461471068179,64.66926927157276,0.09289583333333334,0.8962677699748549,0.8962677699748549,60.41461471068179,60.41461471068179
LCDA,La Cultia d'Àreu,gauge,hg,control,VWC_005,upper,60,0.8192172774478824,0.8476243400944709,0.8192172774478834,-9.992007221626409e-16,59,0.31510757312022075,0.3151075731202208,0.8595820445379128,0.9138472662680092,94.94751890584857,94.94751890584855,0.11879166666666668,0.8192172774478824,0.8192172774478824,94.94751890584857,94.94751890584857
LCDA,La Cultia d'Àreu,gauge,hg,control,VWC_005,total,60,0.8192172774478825,0.8476243400944709,0.8192172774478834,-8.881784197001252e-16,59,0.31510757312022075,0.3151075731202208,0.8595820445379126,0.9138472662680089,94.94751890584858,94.94751890584855,0.11879166666666668,0.8192172774478825,0.8192172774478825,94.94751890584858,94.94751890584858
LCDA,La Cultia d'Àreu,gauge,hg,control,VWC_020,lower,60,0.8654202481909677,0.8579724642737447,0.8654202481909685,-7.771561172376096e-16,59,0.4472887377820012,0.4472887377820012,0.9369410278429963,0.936062836917231,94.94751890584858,94.94751890584855,0.123,0.8654202481909677,0.8654202481909677,94.94751890584858,94.94751890584858
LCDA,La Cultia d'Àreu,gauge,hg,control,VWC_020,total,60,0.8654202481909676,0.8579724642737447,0.8654202481909685,-8.881784197001252e-16,59,0.4472887377820011,0.4472887377820012,0.9369410278429964,0.9360628369172311,94.94751890584858,94.94751890584855,0.123,0.8654202481909676,0.8654202481909676,94.94751890584858,94.94751890584858
LCDA,La Cultia d'Àreu,gauge,hg,control,VWC_050,total,60,0.9200405263096776,0.8429968537402183,0.920040526309678,-4.440892098500626e-16,59,0.21877431999656502,0.21877431999656524,0.8876156336079326,0.9778897317473421,94.94751890584858,94.94751890584855,0.09289583333333334,0.9200405263096776,0.9200405263096776,94.94751890584858,94.94751890584858
LCDA,La Cultia d'Àreu,gauge,hg,cascade,VWC_005,upper,60,0.8246983303504772,0.8820783550986386,0.8192172774478834,0.005481052902593819,59,0.13127352411744989,0.3151075731202208,0.8348309087432269,0.9500251683324245,88.73392636305921,94.94751890584855,0.11879166666666668,0.8246983303504772,0.8246983303504772,88.73392636305921,88.73392636305921
LCDA,La Cultia d'Àreu,gauge,hg,cascade,VWC_005,total,60,0.8186898036345434,0.8476243400944709,0.8192172774478834,-0.0005274738133400625,59,0.31412034834440894,0.3151075731202208,0.8590227110850086,0.9148077869853962,94.9156523247098,94.94751890584855,0.11879166666666668,0.8186898036345434,0.8186898036345434,94.9156523247098,94.9156523247098
LCDA,La Cultia d'Àreu,gauge,hg,cascade,VWC_020,lower,60,0.8453400225857317,0.8057627920031843,0.8654202481909685,-0.020080225605236812,59,0.4714674934044125,0.4472887377820012,0.9315759345935608,0.9151769671677756,98.00696731683148,94.94751890584855,0.123,0.8453400225857317,0.8453400225857317,98.00696731683148,98.00696731683148
LCDA,La Cultia d'Àreu,gauge,hg,cascade,VWC_020,total,60,0.865050840252453,0.8579724642737447,0.8654202481909685,-0.0003694079385154758,59,0.44880111368590025,0.4472887377820012,0.9366988553928577,0.9369081720974637,94.9156523247098,94.94751890584855,0.123,0.865050840252453,0.865050840252453,94.9156523247098,94.9156523247098
LCDA,La Cultia d'Àreu,gauge,hg,cascade,VWC_050,total,60,0.9198275456862672,0.8429968537402183,0.920040526309678,-0.0002129806234107967,59,0.21880810593872882,0.21877431999656524,0.8872309393831653,0.9782330469580738,94.9156523247098,94.94751890584855,0.09289583333333334,0.9198275456862672,0.9198275456862672,94.9156523247098,94.9156523247098
LCDA,La Cultia d'Àreu,gauge,hg,surface,VWC_005,upper,60,0.8592159479524166,0.8656849124756879,0.8192172774478834,0.03999867050453321,59,0.2016821527002186,0.3151075731202208,0.8004003566825273,0.9838895627848694,93.2224935524199,94.94751890584855,0.11879166666666668,0.8592159479524166,0.8592159479524166,93.2224935524199,93.2224935524199
LCDA,La Cultia d'Àreu,gauge,hg,surface,VWC_005,total,60,0.8033554228977179,0.8530147263128648,0.8192172774478834,-0.015861854550165533,59,0.32873148086648746,0.3151075731202208,0.8723303794566017,0.9235342708648834,96.995270523152,94.94751890584855,0.11879166666666668,0.8033554228977179,0.8033554228977179,96.995270523152,96.995270523152
LCDA,La Cultia d'Àreu,gauge,hg,surface,VWC_020,lower,60,0.7654318044168565,0.7046221815375961,0.8654202481909685,-0.09998844377411198,59,0.4740009439209048,0.4472887377820012,0.9441064725293024,0.8371716958526282,98.89198889197374,94.94751890584855,0.123,0.7654318044168565,0.7654318044168565,98.89198889197374,98.89198889197374
LCDA,La Cultia d'Àreu,gauge,hg,surface,VWC_020,total,60,0.8441481198244323,0.8583058948576973,0.8654202481909685,-0.021272128366536247,59,0.44850515933854807,0.4472887377820012,0.9453675495788171,0.9429392073586382,96.995270523152,94.94751890584855,0.123,0.8441481198244323,0.8441481198244323,96.995270523152,96.995270523152
LCDA,La Cultia d'Àreu,gauge,hg,surface,VWC_050,total,60,0.9244347490298499,0.8468343456028654,0.920040526309678,0.00439422272017187,59,0.23234829166805834,0.21877431999656524,0.8992868837120849,0.978800474212845,96.995270523152,94.94751890584855,0.09289583333333334,0.9244347490298499,0.9244347490298499,96.995270523152,96.995270523152
LCDA,La Cultia d'Àreu,gauge,hg,surface5,VWC_005,upper,60,0.8534418737308532,0.8675187552097806,0.8192172774478834,0.03422459628296981,59,0.19984464661980253,0.3151075731202208,0.7828135102937139,0.9698389500616,91.75762493142349,94.94751890584855,0.11879166666666668,0.8534418737308532,0.8534418737308532,91.75762493142349,91.75762493142349
LCDA,La Cultia d'Àreu,gauge,hg,surface5,VWC_005,total,60,0.7922916559097133,0.8639066407335373,0.8192172774478834,-0.02692562153817013,59,0.32781650183510297,0.3151075731202208,0.8786662583117045,0.930068660314378,97.30242407529892,94.94751890584855,0.11879166666666668,0.7922916559097133,0.7922916559097133,97.30242407529892,97.30242407529892
LCDA,La Cultia d'Àreu,gauge,hg,surface5,VWC_020,lower,60,0.7900704947597734,0.7915919921852036,0.8654202481909685,-0.0753497534311951,59,0.46934382076023456,0.4472887377820012,0.9496802917020745,0.8956466169346755,98.46274966102126,94.94751890584855,0.123,0.7900704947597734,0.7900704947597734,98.46274966102126,98.46274966102126
LCDA,La Cultia d'Àreu,gauge,hg,surface5,VWC_020,total,60,0.8302103683279548,0.86705844768645,0.8654202481909685,-0.035209879863013716,59,0.44713673185048175,0.4472887377820012,0.9498803808906757,0.9466371587839018,97.30242407529892,94.94751890584855,0.123,0.8302103683279548,0.8302103683279548,97.30242407529892,97.30242407529892
LCDA,La Cultia d'Àreu,gauge,hg,surface5,VWC_050,total,60,0.9248891213011619,0.8610998044835756,0.920040526309678,0.004848594991483823,59,0.2405671953107352,0.21877431999656524,0.9063515259989056,0.9803524432042872,97.30242407529892,94.94751890584855,0.09289583333333334,0.9248891213011619,0.9248891213011619,97.30242407529892,97.30242407529892
LCDA,La Cultia d'Àreu,gauge,hg,surface15,VWC_005,upper,60,0.8442176625764977,0.8624062239510977,0.8192172774478834,0.025000385128614244,59,0.19252308749265,0.3151075731202208,0.8037856572049209,0.9717504534835179,93.73714156022587,94.94751890584855,0.11879166666666668,0.8442176625764977,0.8442176625764977,93.73714156022587,93.73714156022587
LCDA,La Cultia d'Àreu,gauge,hg,surface15,VWC_005,total,60,0.8094045026413936,0.8499583217560437,0.8192172774478834,-0.009812774806489788,59,0.3234382595921919,0.3151075731202208,0.8667851203028869,0.9176903949113715,96.31472162128809,94.94751890584855,0.11879166666666668,0.8094045026413936,0.8094045026413936,96.31472162128809,96.31472162128809
LCDA,La Cultia d'Àreu,gauge,hg,surface15,VWC_020,lower,60,0.7322073174120286,0.6359910530073757,0.8654202481909685,-0.13321293077893992,59,0.4547057718263111,0.4472887377820012,0.9304019195856752,0.7476333435761262,98.90170289360357,94.94751890584855,0.123,0.7322073174120286,0.7322073174120286,98.90170289360357,98.90170289360357
LCDA,La Cultia d'Àreu,gauge,hg,surface15,VWC_020,total,60,0.852659834328984,0.8574167466338241,0.8654202481909685,-0.012760413861984565,59,0.44901678796521566,0.4472887377820012,0.9417556704245248,0.9388142882675061,96.31472162128809,94.94751890584855,0.123,0.852659834328984,0.852659834328984,96.31472162128809,96.31472162128809
LCDA,La Cultia d'Àreu,gauge,hg,surface15,VWC_050,total,60,0.9227400065575211,0.8447209442872047,0.920040526309678,0.0026994802478430557,59,0.22588737107372145,0.21877431999656524,0.8940260719496177,0.9773961607066977,96.31472162128809,94.94751890584855,0.09289583333333334,0.9227400065575211,0.9227400065575211,96.31472162128809,96.31472162128809
LCDA,La Cultia d'Àreu,gauge,hg,bypass25,VWC_005,upper,60,0.8406878135571527,0.8480689080300086,0.8192172774478834,0.0214705361092693,59,0.21146297911550105,0.3151075731202208,0.7726102214988788,0.9849316522595819,93.93469957000477,94.94751890584855,0.11879166666666668,0.8406878135571527,0.8406878135571527,93.93469957000477,93.93469957000477
LCDA,La Cultia d'Àreu,gauge,hg,bypass25,VWC_005,total,60,0.8111287521129187,0.8690747429841623,0.8192172774478834,-0.008088525334964736,59,0.32367077505348957,0.3151075731202208,0.8755086098148408,0.937629115811736,95.6609883464578,94.94751890584855,0.11879166666666668,0.8111287521129187,0.8111287521129187,95.6609883464578,95.6609883464578
LCDA,La Cultia d'Àreu,gauge,hg,bypass25,VWC_020,lower,60,0.7840671970045492,0.7655288348729175,0.8654202481909685,-0.08135305118641933,59,0.4717405832256846,0.4472887377820012,0.9566869490988573,0.8705633466491489,96.52413273468429,94.94751890584855,0.123,0.7840671970045492,0.7840671970045492,96.52413273468429,96.52413273468429
LCDA,La Cultia d'Àreu,gauge,hg,bypass25,VWC_020,total,60,0.8508978390380357,0.8741438475954405,0.8654202481909685,-0.014522409152932791,59,0.4444038437116328,0.4472887377820012,0.9474326462330691,0.9543676611414087,95.6609883464578,94.94751890584855,0.123,0.8508978390380357,0.8508978390380357,95.6609883464578,95.6609883464578
LCDA,La Cultia d'Àreu,gauge,hg,bypass25,VWC_050,total,60,0.9282234579993289,0.8622399288775506,0.920040526309678,0.008182931689650896,59,0.22937435607879153,0.21877431999656524,0.9030448528742139,0.9845719064851064,95.6609883464578,94.94751890584855,0.09289583333333334,0.9282234579993289,0.9282234579993289,95.6609883464578,95.6609883464578
LCDA,La Cultia d'Àreu,gauge,pm,control,VWC_005,upper,60,0.8790975447464762,0.9030841900527927,0.8790975447464766,-4.440892098500626e-16,59,0.3231939167310305,0.32319391673103104,0.8744363700901173,0.96495070727226,94.12949937563471,94.12949937563471,0.11879166666666668,0.8790975447464762,0.8790975447464762,94.12949937563471,94.12949937563471
LCDA,La Cultia d'Àreu,gauge,pm,control,VWC_005,total,60,0.879097544746476,0.9030841900527927,0.8790975447464766,-6.661338147750939e-16,59,0.32319391673103065,0.32319391673103104,0.8744363700901174,0.9649507072722598,94.12949937563474,94.12949937563471,0.11879166666666668,0.879097544746476,0.879097544746476,94.12949937563474,94.12949937563474
LCDA,La Cultia d'Àreu,gauge,pm,control,VWC_020,lower,60,0.9253418221052365,0.9211297740507454,0.9253418221052371,-5.551115123125783e-16,59,0.45991019270773387,0.45991019270773403,0.9474444720161657,0.9793831145847123,94.12949937563471,94.12949937563471,0.123,0.9253418221052365,0.9253418221052365,94.12949937563471,94.12949937563471
LCDA,La Cultia d'Àreu,gauge,pm,control,VWC_020,total,60,0.9253418221052363,0.9211297740507454,0.9253418221052371,-7.771561172376096e-16,59,0.4599101927077338,0.45991019270773403,0.9474444720161657,0.9793831145847121,94.12949937563474,94.12949937563471,0.123,0.9253418221052363,0.9253418221052363,94.12949937563474,94.12949937563474
LCDA,La Cultia d'Àreu,gauge,pm,control,VWC_050,total,60,0.9226561509612105,0.8674678163426062,0.9226561509612106,-1.1102230246251565e-16,59,0.24006781985789022,0.24006781985789047,0.9027289684267714,0.994865271764775,94.12949937563474,94.12949937563471,0.09289583333333334,0.9226561509612105,0.9226561509612105,94.12949937563474,94.12949937563474
LCDA,La Cultia d'Àreu,gauge,pm,cascade,VWC_005,upper,60,0.8639398100980812,0.8904140038899696,0.8790975447464766,-0.015157734648395427,59,0.13253903086621074,0.32319391673103104,0.8357463539086489,0.9804054948067762,86.39678962978955,94.12949937563471,0.11879166666666668,0.8639398100980812,0.8639398100980812,86.39678962978955,86.39678962978955
LCDA,La Cultia d'Àreu,gauge,pm,cascade,VWC_005,total,60,0.8787861941898046,0.9030841900527927,0.8790975447464766,-0.0003113505566719743,59,0.3225363748008283,0.32319391673103104,0.874138339479685,0.9654750774777932,94.07833026991344,94.12949937563471,0.11879166666666668,0.8787861941898046,0.8787861941898046,94.07833026991344,94.07833026991344
LCDA,La Cultia d'Àreu,gauge,pm,cascade,VWC_020,lower,60,0.9169120305251122,0.8943441838065622,0.9253418221052371,-0.008429791580124912,59,0.4889435708410285,0.45991019270773403,0.95004645268591,0.9720334482156987,97.91982176953073,94.12949937563471,0.123,0.9169120305251122,0.9169120305251122,97.91982176953073,97.91982176953073
LCDA,La Cultia d'Àreu,gauge,pm,cascade,VWC_020,total,60,0.9250798756343142,0.9211297740507454,0.9253418221052371,-0.00026194647092292467,59,0.46078248175928277,0.45991019270773403,0.9473048585810582,0.9797598060038015,94.07833026991344,94.12949937563471,0.123,0.9250798756343142,0.9250798756343142,94.07833026991344,94.07833026991344
LCDA,La Cultia d'Àreu,gauge,pm,cascade,VWC_050,total,60,0.9226014384914963,0.8674678163426062,0.9226561509612106,-5.471246971422428e-05,59,0.24007840915754053,0.24006781985789047,0.9025050813786426,0.9948501065875888,94.07833026991344,94.12949937563471,0.09289583333333334,0.9226014384914963,0.9226014384914963,94.07833026991344,94.07833026991344
LCDA,La Cultia d'Àreu,gauge,pm,surface,VWC_005,upper,60,0.8828639118898162,0.8824117810502919,0.8790975447464766,0.003766367143339555,59,0.1967864541766583,0.32319391673103104,0.8164447081919601,0.9948562284464126,92.07467571052925,94.12949937563471,0.11879166666666668,0.8828639118898162,0.8828639118898162,92.07467571052925,92.07467571052925
LCDA,La Cultia d'Àreu,gauge,pm,surface,VWC_005,total,60,0.8588993014451931,0.9122534037232567,0.8790975447464766,-0.020198243301283503,59,0.3349933436446148,0.32319391673103104,0.8839702138965387,0.9705966027898707,96.54783356923978,94.12949937563471,0.11879166666666668,0.8588993014451931,0.8588993014451931,96.54783356923978,96.54783356923978
LCDA,La Cultia d'Àreu,gauge,pm,surface,VWC_020,lower,60,0.8345306780695035,0.8458856056054672,0.9253418221052371,-0.09081114403573354,59,0.4920921074103089,0.45991019270773403,0.9582496324816798,0.9369006836908136,98.79809875310644,94.12949937563471,0.123,0.8345306780695035,0.8345306780695035,98.79809875310644,98.79809875310644
LCDA,La Cultia d'Àreu,gauge,pm,surface,VWC_020,total,60,0.8996879326945202,0.9216577058086702,0.9253418221052371,-0.02565388941071689,59,0.45859503694936543,0.45991019270773403,0.9533751086073036,0.981552852610025,96.54783356923978,94.12949937563471,0.123,0.8996879326945202,0.8996879326945202,96.54783356923978,96.54783356923978
LCDA,La Cultia d'Àreu,gauge,pm,surface,VWC_050,total,60,0.933582395753853,0.8738636361136848,0.9226561509612106,0.010926244792642481,59,0.2521906814930872,0.24006781985789047,0.911145591663542,0.9922817155964866,96.54783356923978,94.12949937563471,0.09289583333333334,0.933582395753853,0.933582395753853,96.54783356923978,96.54783356923978
LCDA,La Cultia d'Àreu,gauge,pm,surface5,VWC_005,upper,60,0.8579005429953527,0.8765212559044181,0.8790975447464766,-0.021197001751123934,59,0.19164416507983112,0.32319391673103104,0.7962507191094772,0.9610588987507369,90.8393265570791,94.12949937563471,0.11879166666666668,0.8579005429953527,0.8579005429953527,90.8393265570791,90.8393265570791
LCDA,La Cultia d'Àreu,gauge,pm,surface5,VWC_005,total,60,0.8448026027652056,0.921811614337316,0.8790975447464766,-0.03429494198127103,59,0.3316562668941767,0.32319391673103104,0.8891610852273766,0.9700411333701118,96.9610385540926,94.12949937563471,0.11879166666666668,0.8448026027652056,0.8448026027652056,96.9610385540926,96.9610385540926
LCDA,La Cultia d'Àreu,gauge,pm,surface5,VWC_020,lower,60,0.8496347808233593,0.892288028538855,0.9253418221052371,-0.07570704128187777,59,0.47820160239518034,0.45991019270773403,0.9593968499104224,0.9543160965827702,98.24650743669604,94.12949937563471,0.123,0.8496347808233593,0.8496347808233593,98.24650743669604,98.24650743669604
LCDA,La Cultia d'Àreu,gauge,pm,surface5,VWC_020,total,60,0.8828864968228467,0.9283541033697159,0.9253418221052371,-0.04245532528239038,59,0.45477163884127203,0.45991019270773403,0.9569487840423457,0.9793382444973057,96.9610385540926,94.12949937563471,0.123,0.8828864968228467,0.8828864968228467,96.9610385540926,96.9610385540926
LCDA,La Cultia d'Àreu,gauge,pm,surface5,VWC_050,total,60,0.9366863264000519,0.8887964848835511,0.9226561509612106,0.01403017543884133,59,0.2587747702789992,0.24006781985789047,0.9171317035390963,0.9904281211045182,96.9610385540926,94.12949937563471,0.09289583333333334,0.9366863264000519,0.9366863264000519,96.9610385540926,96.9610385540926
LCDA,La Cultia d'Àreu,gauge,pm,surface15,VWC_005,upper,60,0.8757628856642969,0.875965545984996,0.8790975447464766,-0.0033346590821796696,59,0.18796718652000827,0.32319391673103104,0.8160389840694025,0.9912761014008948,92.6368958436373,94.12949937563471,0.11879166666666668,0.8757628856642969,0.8757628856642969,92.6368958436373,92.6368958436373
LCDA,La Cultia d'Àreu,gauge,pm,surface15,VWC_005,total,60,0.8678881267682389,0.9054181717143652,0.8790975447464766,-0.011209417978237712,59,0.33067667509734355,0.32319391673103104,0.8799866437193384,0.9689027126408355,95.71816349683722,94.12949937563471,0.11879166666666668,0.8678881267682389,0.8678881267682389,95.71816349683722,95.71816349683722
LCDA,La Cultia d'Àreu,gauge,pm,surface15,VWC_020,lower,60,0.8198548459885175,0.8025396296916435,0.9253418221052371,-0.10548697611671953,59,0.48640044956334033,0.45991019270773403,0.9559101486476953,0.9149982363653385,98.81192800431609,94.12949937563471,0.123,0.8198548459885175,0.8198548459885175,98.81192800431609,98.81192800431609
LCDA,La Cultia d'Àreu,gauge,pm,surface15,VWC_020,total,60,0.9110134379246482,0.9203239834728602,0.9253418221052371,-0.014328384180588905,59,0.4602269348324997,0.45991019270773403,0.9509210493113862,0.9814003637967148,95.71816349683722,94.12949937563471,0.123,0.9110134379246482,0.9110134379246482,95.71816349683722,95.71816349683722
LCDA,La Cultia d'Àreu,gauge,pm,surface15,VWC_050,total,60,0.9300752006735475,0.8700261442510376,0.9226561509612106,0.007419049712336978,59,0.24680115177015152,0.24006781985789047,0.9074717542218069,0.9933972674853433,95.71816349683722,94.12949937563471,0.09289583333333334,0.9300752006735475,0.9300752006735475,95.71816349683722,95.71816349683722
LCDA,La Cultia d'Àreu,gauge,pm,bypass25,VWC_005,upper,60,0.8720986573747069,0.8727424284523482,0.8790975447464766,-0.00699888737176968,59,0.2166105607052273,0.32319391673103104,0.7972009341355042,0.995858669125967,93.0344582359401,94.12949937563471,0.11879166666666668,0.8720986573747069,0.8720986573747069,93.0344582359401,93.0344582359401
LCDA,La Cultia d'Àreu,gauge,pm,bypass25,VWC_005,total,60,0.8637974129496895,0.918866351764379,0.8790975447464766,-0.01530013179678713,59,0.3293367889003286,0.32319391673103104,0.88541958155882,0.9759106721002189,95.00913028842888,94.12949937563471,0.11879166666666668,0.8637974129496895,0.8637974129496895,95.00913028842888,95.00913028842888
LCDA,La Cultia d'Àreu,gauge,pm,bypass25,VWC_020,lower,60,0.8437695881314092,0.8742272052414286,0.9253418221052371,-0.08157223397382785,59,0.4801983058338966,0.45991019270773403,0.9633276075116739,0.9511367069205771,95.99646631467323,94.12949937563471,0.123,0.8437695881314092,0.8437695881314092,95.99646631467323,95.99646631467323
LCDA,La Cultia d'Àreu,gauge,pm,bypass25,VWC_020,total,60,0.9039806121839871,0.9293821810035693,0.9253418221052371,-0.021361209921250013,59,0.45414849515605665,0.45991019270773403,0.9542531554188995,0.9849442905183377,95.00913028842888,94.12949937563471,0.123,0.9039806121839871,0.9039806121839871,95.00913028842888,95.00913028842888
LCDA,La Cultia d'Àreu,gauge,pm,bypass25,VWC_050,total,60,0.9344272139339509,0.8841525635715071,0.9226561509612106,0.011771062972740332,59,0.2472274156341476,0.24006781985789047,0.913054443252638,0.9916403955290285,95.00913028842888,94.12949937563471,0.09289583333333334,0.9344272139339509,0.9344272139339509,95.00913028842888,95.00913028842888
EML,El Miracle,idw,hg,control,VWC_005,upper,60,0.3604314863186922,0.36048628082815093,0.3604314863186922,0.0,59,-0.17197165087679694,-0.171971650876797,0.1803806020065018,0.7097362269423011,20.135269194198546,20.135269194198546,0.013270833333333343,0.3604314863186922,0.3604314863186922,20.135269194198546,20.135269194198546
EML,El Miracle,idw,hg,control,VWC_005,total,60,0.36043148631869226,0.36048628082815093,0.3604314863186922,5.551115123125783e-17,59,-0.17197165087679706,-0.171971650876797,0.18038060200650174,0.7097362269423011,20.135269194198546,20.135269194198546,0.013270833333333343,0.36043148631869226,0.36043148631869226,20.135269194198546,20.135269194198546
EML,El Miracle,idw,hg,control,VWC_020,lower,60,0.4019995077653733,0.22336153941107753,0.40199950776537324,5.551115123125783e-17,59,0.13100105097365303,0.1310010509736529,0.18102919261611997,0.6538222312487074,20.135269194198546,20.135269194198546,0.01666666666666669,0.4019995077653733,0.4019995077653733,20.135269194198546,20.135269194198546
EML,El Miracle,idw,hg,control,VWC_020,total,60,0.4019995077653733,0.22336153941107753,0.40199950776537324,5.551115123125783e-17,59,0.13100105097365317,0.1310010509736529,0.18102919261611997,0.6538222312487074,20.135269194198546,20.135269194198546,0.01666666666666669,0.4019995077653733,0.4019995077653733,20.135269194198546,20.135269194198546
EML,El Miracle,idw,hg,control,VWC_050,total,60,-0.09566609191162993,-0.1741221904255796,-0.09566609191162992,-1.3877787807814457e-17,59,0.09360215530131893,0.09360215530131887,-0.6019639643258297,0.03335414071573316,20.135269194198546,20.135269194198546,0.001750000000000005,-0.09566609191162993,-0.09566609191162993,20.135269194198546,20.135269194198546
EML,El Miracle,idw,hg,cascade,VWC_005,upper,60,0.36913902444222535,0.3659048289482072,0.3604314863186922,0.008707538123533143,59,-0.17336584632619187,-0.171971650876797,0.189305681262886,0.7169049543763492,61.88984322209661,20.135269194198546,0.013270833333333343,0.36913902444222535,0.36913902444222535,61.88984322209661,61.88984322209661
EML,El Miracle,idw,hg,cascade,VWC_005,total,60,0.3691392716575772,0.3659048289482072,0.3604314863186922,0.008707785338884999,59,-0.17336575379778912,-0.171971650876797,0.1893059374806852,0.7169049551450968,20.629945606532132,20.135269194198546,0.013270833333333343,0.3691392716575772,0.3691392716575772,20.629945606532132,20.629945606532132
EML,El Miracle,idw,hg,cascade,VWC_020,lower,60,0.34978566715091464,0.8944187445912358,0.40199950776537324,-0.052213840614458606,59,0.032884204269219446,0.1310010509736529,0.018556340768674837,0.7907403659965953,2.226735642220585e-05,20.135269194198546,0.01666666666666669,0.34978566715091464,0.34978566715091464,2.226735642220585e-05,2.226735642220585e-05
EML,El Miracle,idw,hg,cascade,VWC_020,total,60,0.3918903612864403,0.21958234441730962,0.40199950776537324,-0.010109146478932962,59,0.12805915683312605,0.1310010509736529,0.1664367322067079,0.6605740074756066,20.629945606532132,20.135269194198546,0.01666666666666669,0.3918903612864403,0.3918903612864403,20.629945606532132,20.629945606532132
EML,El Miracle,idw,hg,cascade,VWC_050,total,60,-0.10189477858124825,-0.1745670179917315,-0.09566609191162992,-0.00622868666961833,59,0.09311809154101015,0.09360215530131887,-0.6050030559298439,0.03762591032512345,20.629945606532132,20.135269194198546,0.001750000000000005,-0.10189477858124825,-0.10189477858124825,20.629945606532132,20.629945606532132
EML,El Miracle,idw,hg,surface,VWC_005,upper,60,0.21850692794747384,0.2368044465595855,0.3604314863186922,-0.14192455837121837,59,-0.20058112579195148,-0.171971650876797,0.07254911835131425,0.42054586412485123,43.81326645355908,20.135269194198546,0.013270833333333343,0.21850692794747384,0.21850692794747384,43.81326645355908,43.81326645355908
EML,El Miracle,idw,hg,surface,VWC_005,total,60,0.2185205803029599,0.2368044465595855,0.3604314863186922,-0.1419109060157323,59,-0.2005777328468079,-0.171971650876797,0.07255962730430593,0.42054768451725305,14.604250900598814,20.135269194198546,0.013270833333333343,0.2185205803029599,0.2185205803029599,14.604250900598814,14.604250900598814
EML,El Miracle,idw,hg,surface,VWC_020,lower,60,0.42909456822046604,0.8944187445912358,0.40199950776537324,0.0270950604550928,59,0.009076395189604337,0.1310010509736529,0.0018350324653770454,0.8364965540264084,0.0010321171214953478,20.135269194198546,0.01666666666666669,0.42909456822046604,0.42909456822046604,0.0010321171214953478,0.0010321171214953478
EML,El Miracle,idw,hg,surface,VWC_020,total,60,0.4591346764323362,0.21030108612379136,0.40199950776537324,0.05713516866696294,59,0.08354300463497957,0.1310010509736529,0.22537282783519685,0.43452577156135086,14.604250900598814,20.135269194198546,0.01666666666666669,0.4591346764323362,0.4591346764323362,14.604250900598814,14.604250900598814
EML,El Miracle,idw,hg,surface,VWC_050,total,60,0.015973825295621392,-0.18866249149416942,-0.09566609191162992,0.1116399172072513,59,0.11241060199853736,0.09360215530131887,-0.5256973107804335,-0.00327423005095364,14.604250900598814,20.135269194198546,0.001750000000000005,0.015973825295621392,0.015973825295621392,14.604250900598814,14.604250900598814
EML,El Miracle,idw,hg,surface5,VWC_005,upper,60,0.11855033855123437,0.1391316432672899,0.3604314863186922,-0.24188114776745784,59,-0.19640035237775444,-0.171971650876797,0.015996770738525807,0.06056247334068675,65.33727673453272,20.135269194198546,0.013270833333333343,0.11855033855123437,0.11855033855123437,65.33727673453272,65.33727673453272
EML,El Miracle,idw,hg,surface5,VWC_005,total,60,0.10456748520047748,0.1506078503113064,0.3604314863186922,-0.2558640011182147,59,-0.20274774710933446,-0.171971650876797,-0.023986849010741294,0.10508638995506103,11.60192762519359,20.135269194198546,0.013270833333333343,0.10456748520047748,0.10456748520047748,11.60192762519359,11.60192762519359
EML,El Miracle,idw,hg,surface5,VWC_020,lower,60,0.7142647155632575,0.3625526256153681,0.40199950776537324,0.3122652077978843,59,0.27011068735359456,0.1310010509736529,0.7478112560970198,0.8364965540264084,1.289451759848638,20.135269194198546,0.01666666666666669,0.7142647155632575,0.7142647155632575,1.289451759848638,1.289451759848638
EML,El Miracle,idw,hg,surface5,VWC_020,total,60,0.45819840299850373,0.1914884757504025,0.40199950776537324,0.056198895233130486,59,0.033380240124713884,0.1310010509736529,0.25028820919817835,0.20430808748190907,11.60192762519359,20.135269194198546,0.01666666666666669,0.45819840299850373,0.45819840299850373,11.60192762519359,11.60192762519359
EML,El Miracle,idw,hg,surface5,VWC_050,total,60,0.07910918940839273,-0.19169287928857917,-0.09566609191162992,0.17477528132002265,59,0.13451983493061254,0.09360215530131887,-0.42716506131924237,0.04151294274567844,11.60192762519359,20.135269194198546,0.001750000000000005,0.07910918940839273,0.07910918940839273,11.60192762519359,11.60192762519359
EML,El Miracle,idw,hg,surface15,VWC_005,upper,60,0.282098810944519,0.2821257387842609,0.3604314863186922,-0.07833267537417321,59,-0.192039947953351,-0.171971650876797,0.11852464849817011,0.5694973075782448,33.68477176006741,20.135269194198546,0.013270833333333343,0.282098810944519,0.282098810944519,33.68477176006741,33.68477176006741
EML,El Miracle,idw,hg,surface15,VWC_005,total,60,0.28209963847756164,0.2821257387842609,0.3604314863186922,-0.07833184784113056,59,-0.192039735788993,-0.171971650876797,0.11852531295501083,0.5694973694848344,16.842374668746622,20.135269194198546,0.013270833333333343,0.28209963847756164,0.28209963847756164,16.842374668746622,16.842374668746622
EML,El Miracle,idw,hg,surface15,VWC_020,lower,60,0.42909456822046604,0.8944187445912358,0.40199950776537324,0.0270950604550928,59,0.009076395189604142,0.1310010509736529,0.0018350324653770038,0.8364965540264087,9.009301530055177e-05,20.135269194198546,0.01666666666666669,0.42909456822046604,0.42909456822046604,9.009301530055177e-05,9.009301530055177e-05
EML,El Miracle,idw,hg,surface15,VWC_020,total,60,0.44789345695305616,0.222722410845955,0.40199950776537324,0.045893949187682914,59,0.10774597852333812,0.1310010509736529,0.21286438617758874,0.5461308245922805,16.842374668746622,20.135269194198546,0.01666666666666669,0.44789345695305616,0.44789345695305616,16.842374668746622,16.842374668746622
EML,El Miracle,idw,hg,surface15,VWC_050,total,60,-0.025181300734546427,-0.18034977635170604,-0.09566609191162992,0.07048479117708349,59,0.10346222418413564,0.09360215530131887,-0.5644556634602216,0.005967059603986857,16.842374668746622,20.135269194198546,0.001750000000000005,-0.025181300734546427,-0.025181300734546427,16.842374668746622,16.842374668746622
EML,El Miracle,idw,hg,bypass25,VWC_005,upper,60,0.21817657970137877,0.2368044465595855,0.3604314863186922,-0.14225490661731344,59,-0.2004792455715632,-0.171971650876797,0.07224397103798,0.4196478714201143,32.77435946083663,20.135269194198546,0.013270833333333343,0.21817657970137877,0.21817657970137877,32.77435946083663,32.77435946083663
EML,El Miracle,idw,hg,bypass25,VWC_005,total,60,0.3087438094143097,0.32964223768321554,0.3604314863186922,-0.05168767690438253,59,-0.1818792107243007,-0.171971650876797,0.14664231574025943,0.6512534949919904,17.246927334132174,20.135269194198546,0.013270833333333343,0.3087438094143097,0.3087438094143097,17.246927334132174,17.246927334132174
EML,El Miracle,idw,hg,bypass25,VWC_020,lower,60,0.2755560452030386,0.2041321060604349,0.40199950776537324,-0.12644346256233463,59,0.1511101811338223,0.1310010509736529,0.12323294004704313,0.7490111162594719,9.483211270779943,20.135269194198546,0.01666666666666669,0.2755560452030386,0.2755560452030386,9.483211270779943,9.483211270779943
EML,El Miracle,idw,hg,bypass25,VWC_020,total,60,0.4000929763177054,0.22983618965775343,0.40199950776537324,-0.0019065314476678363,59,0.10271937397077904,0.1310010509736529,0.18887963159368315,0.6177053584127711,17.246927334132174,20.135269194198546,0.01666666666666669,0.4000929763177054,0.4000929763177054,17.246927334132174,17.246927334132174
EML,El Miracle,idw,hg,bypass25,VWC_050,total,60,-0.07944331244605135,-0.16845063895714302,-0.09566609191162992,0.01622277946557857,59,0.1044130386242168,0.09360215530131887,-0.5753174397470852,0.03985820330103423,17.246927334132174,20.135269194198546,0.001750000000000005,-0.07944331244605135,-0.07944331244605135,17.246927334132174,17.246927334132174
EML,El Miracle,idw,pm,control,VWC_005,upper,60,0.38016756059181034,0.3795484552402463,0.38016756059181045,-1.1102230246251565e-16,59,-0.16427587564507623,-0.16427587564507629,0.19788984167404952,0.7284723943396652,21.33688960909421,21.336889609094218,0.013270833333333343,0.38016756059181034,0.38016756059181034,21.33688960909421,21.33688960909421
EML,El Miracle,idw,pm,control,VWC_005,total,60,0.38016756059181034,0.3795484552402463,0.38016756059181045,-1.1102230246251565e-16,59,-0.16427587564507634,-0.16427587564507629,0.1978898416740495,0.7284723943396654,21.33688960909421,21.336889609094218,0.013270833333333343,0.38016756059181034,0.38016756059181034,21.33688960909421,21.33688960909421
EML,El Miracle,idw,pm,control,VWC_020,lower,60,0.390922394118851,0.22438970275497028,0.390922394118851,0.0,59,0.13886792992068536,0.13886792992068545,0.16952947782000893,0.6685473763456851,21.336889609094214,21.336889609094218,0.01666666666666669,0.390922394118851,0.390922394118851,21.336889609094214,21.336889609094214
EML,El Miracle,idw,pm,control,VWC_020,total,60,0.390922394118851,0.22438970275497028,0.390922394118851,0.0,59,0.13886792992068542,0.13886792992068545,0.16952947782000893,0.6685473763456852,21.33688960909421,21.336889609094218,0.01666666666666669,0.390922394118851,0.390922394118851,21.33688960909421,21.33688960909421
EML,El Miracle,idw,pm,control,VWC_050,total,60,-0.10930719083173435,-0.1674497769333013,-0.10930719083173437,2.7755575615628914e-17,59,0.09059280373459569,0.09059280373459555,-0.6109424349054475,0.037984802155141384,21.33688960909421,21.336889609094218,0.001750000000000005,-0.10930719083173435,-0.10930719083173435,21.33688960909421,21.33688960909421
EML,El Miracle,idw,pm,cascade,VWC_005,upper,60,0.3909167027763162,0.3885515813474165,0.38016756059181045,0.010749142184505733,59,-0.16546050250301692,-0.16427587564507629,0.20855248348430935,0.7362916520552647,65.60999505542782,21.336889609094218,0.013270833333333343,0.3909167027763162,0.3909167027763162,65.60999505542782,65.60999505542782
EML,El Miracle,idw,pm,cascade,VWC_005,total,60,0.3909172139007727,0.3885515813474165,0.38016756059181045,0.01074965330896227,59,-0.16546031287427396,-0.16427587564507629,0.20855300577831323,0.7362916539930657,21.869993366687105,21.336889609094218,0.013270833333333343,0.3909172139007727,0.3909172139007727,21.869993366687105,21.869993366687105
EML,El Miracle,idw,pm,cascade,VWC_020,lower,60,0.36147442605737323,0.8944187445912358,0.390922394118851,-0.02944796806147776,59,0.03272090288026301,0.13886792992068545,0.020900228035778085,0.7913836046622011,4.802088922712022e-05,21.336889609094218,0.01666666666666669,0.36147442605737323,0.36147442605737323,4.802088922712022e-05,4.802088922712022e-05
EML,El Miracle,idw,pm,cascade,VWC_020,total,60,0.3779788639872074,0.2191655214400558,0.390922394118851,-0.012943530131643566,59,0.1353685371136066,0.13886792992068545,0.15198647218614372,0.6760090130417618,21.869993366687105,21.336889609094218,0.01666666666666669,0.3779788639872074,0.3779788639872074,21.869993366687105,21.869993366687105
EML,El Miracle,idw,pm,cascade,VWC_050,total,60,-0.11783638877391815,-0.17217606982366507,-0.10930719083173437,-0.008529197942183778,59,0.08908290233520631,0.09059280373459555,-0.615079625886213,0.04304453206919364,21.869993366687105,21.336889609094218,0.001750000000000005,-0.11783638877391815,-0.11783638877391815,21.869993366687105,21.869993366687105
EML,El Miracle,idw,pm,surface,VWC_005,upper,60,0.24233628404464794,0.24591872237178264,0.38016756059181045,-0.1378312765471625,59,-0.19851098574337228,-0.16427587564507629,0.08894616421734072,0.47808868621397516,46.8738446329567,21.336889609094218,0.013270833333333343,0.24233628404464794,0.24233628404464794,46.8738446329567,46.8738446329567
EML,El Miracle,idw,pm,surface,VWC_005,total,60,0.2423617158758222,0.24591872237178264,0.38016756059181045,-0.13780584471598825,59,-0.19850482588344756,-0.16427587564507629,0.08896522061294132,0.4780924114495649,15.624266156826119,21.336889609094218,0.013270833333333343,0.2423617158758222,0.2423617158758222,15.624266156826119,15.624266156826119
EML,El Miracle,idw,pm,surface,VWC_020,lower,60,0.44670230138955824,0.8944187445912358,0.390922394118851,0.05577990727070725,59,0.010392931069623955,0.13886792992068545,0.008085844405963619,0.8357465173438337,0.0020292337111890834,21.336889609094218,0.01666666666666669,0.44670230138955824,0.44670230138955824,0.0020292337111890834,0.0020292337111890834
EML,El Miracle,idw,pm,surface,VWC_020,total,60,0.46283831485127375,0.2149695034690341,0.390922394118851,0.07191592073242276,59,0.0964111273034626,0.13886792992068545,0.2222773865349035,0.4787592896611882,15.624266156826119,21.336889609094218,0.01666666666666669,0.46283831485127375,0.46283831485127375,15.624266156826119,15.624266156826119
EML,El Miracle,idw,pm,surface,VWC_050,total,60,0.008303389239717105,-0.18691098295244638,-0.10930719083173437,0.11761058007145148,59,0.10949745096314052,0.09059280373459555,-0.5418608619736576,-0.0016089591203469547,15.624266156826119,21.336889609094218,0.001750000000000005,0.008303389239717105,0.008303389239717105,15.624266156826119,15.624266156826119
EML,El Miracle,idw,pm,surface5,VWC_005,upper,60,0.13901995697690606,0.15380340433082676,0.38016756059181045,-0.2411476036149044,59,-0.1998778869094954,-0.16427587564507629,0.02649162587143031,0.14266092479361708,70.36592131299464,21.336889609094218,0.013270833333333343,0.13901995697690606,0.13901995697690606,70.36592131299464,70.36592131299464
EML,El Miracle,idw,pm,surface5,VWC_005,total,60,0.1264518147004825,0.16464050057093924,0.38016756059181045,-0.25371574589132795,59,-0.20552104981441244,-0.16427587564507629,-0.010210694456778687,0.19030149739881475,12.20141590360508,21.336889609094218,0.013270833333333343,0.1264518147004825,0.1264518147004825,12.20141590360508,12.20141590360508
EML,El Miracle,idw,pm,surface5,VWC_020,lower,60,0.7135762129622234,0.3625526256153681,0.390922394118851,0.3226538188433724,59,0.2764171183684848,0.13886792992068545,0.7390075441412597,0.8357465173438339,1.3132555214259323,21.336889609094218,0.01666666666666669,0.7135762129622234,0.7135762129622234,1.3132555214259323,1.3132555214259323
EML,El Miracle,idw,pm,surface5,VWC_020,total,60,0.47113175302538857,0.2002973346696998,0.390922394118851,0.08020935890653758,59,0.05051687172656355,0.13886792992068545,0.25385712823681994,0.2731934165131067,12.20141590360508,21.336889609094218,0.01666666666666669,0.47113175302538857,0.47113175302538857,12.20141590360508,12.20141590360508
EML,El Miracle,idw,pm,surface5,VWC_050,total,60,0.07460986305334168,-0.19216550857761555,-0.10930719083173437,0.18391705388507607,59,0.13101860512316643,0.09059280373459555,-0.4494816871001662,0.03475145884685583,12.20141590360508,21.336889609094218,0.001750000000000005,0.07460986305334168,0.07460986305334168,12.20141590360508,12.20141590360508
EML,El Miracle,idw,pm,surface15,VWC_005,upper,60,0.30527445904194395,0.29565821537127307,0.38016756059181045,-0.0748931015498665,59,-0.18732524657300242,-0.16427587564507629,0.13612960781403205,0.6065693851793312,35.8593494000317,21.336889609094218,0.013270833333333343,0.30527445904194395,0.30527445904194395,35.8593494000317,35.8593494000317
EML,El Miracle,idw,pm,surface15,VWC_005,total,60,0.3052757878637264,0.29565821537127307,0.38016756059181045,-0.07489177272808406,59,-0.1873249147232504,-0.16427587564507629,0.13613065108414482,0.6065694931344415,17.929655136216535,21.336889609094218,0.013270833333333343,0.3052757878637264,0.3052757878637264,17.929655136216535,17.929655136216535
EML,El Miracle,idw,pm,surface15,VWC_020,lower,60,0.44670230138955824,0.8944187445912358,0.390922394118851,0.05577990727070725,59,0.010392931069623971,0.13886792992068545,0.008085844405963603,0.8357465173438337,0.0001517910340325908,21.336889609094218,0.01666666666666669,0.44670230138955824,0.44670230138955824,0.0001517910340325908,0.0001517910340325908
EML,El Miracle,idw,pm,surface15,VWC_020,total,60,0.44515291295137815,0.2232225984186596,0.390922394118851,0.054230518832527164,59,0.11840294364926635,0.13886792992068545,0.20549482896076987,0.5745576892721652,17.929655136216535,21.336889609094218,0.01666666666666669,0.44515291295137815,0.44515291295137815,17.929655136216535,17.929655136216535
EML,El Miracle,idw,pm,surface15,VWC_050,total,60,-0.03535832025194808,-0.18098921597804937,-0.10930719083173437,0.0739488705797863,59,0.10046593830307857,0.09059280373459555,-0.577362526953002,0.010073940877302866,17.929655136216535,21.336889609094218,0.001750000000000005,-0.03535832025194808,-0.03535832025194808,17.929655136216535,17.929655136216535
EML,El Miracle,idw,pm,bypass25,VWC_005,upper,60,0.24158527843972183,0.24764154279969794,0.38016756059181045,-0.13858228215208862,59,-0.1983910800325811,-0.16427587564507629,0.08811297883744572,0.47673263358750595,34.99908945207739,21.336889609094218,0.013270833333333343,0.24158527843972183,0.24158527843972183,34.99908945207739,34.99908945207739
EML,El Miracle,idw,pm,bypass25,VWC_005,total,60,0.32678538975540106,0.3382563398227921,0.38016756059181045,-0.05338217083640939,59,-0.17765779434738807,-0.16427587564507629,0.16126798074196202,0.6742405168132746,18.305949620951765,21.336889609094218,0.013270833333333343,0.32678538975540106,0.32678538975540106,18.305949620951765,18.305949620951765
EML,El Miracle,idw,pm,bypass25,VWC_020,lower,60,0.25553034077124265,0.1989635011424876,0.390922394118851,-0.13539205334760834,59,0.1559214302626977,0.13886792992068545,0.11066373863310622,0.7537438036411519,9.959379705388944,21.336889609094218,0.01666666666666669,0.25553034077124265,0.25553034077124265,9.959379705388944,9.959379705388944
EML,El Miracle,idw,pm,bypass25,VWC_020,total,60,0.39573860026247515,0.2275297691836157,0.390922394118851,0.004816206143624158,59,0.11332400862157262,0.13886792992068545,0.18274311852595979,0.6345499462358208,18.305949620951765,21.336889609094218,0.01666666666666669,0.39573860026247515,0.39573860026247515,18.305949620951765,18.305949620951765
EML,El Miracle,idw,pm,bypass25,VWC_050,total,60,-0.08976832413593054,-0.17084158712520944,-0.10930719083173437,0.019538866695803833,59,0.10154709027308445,0.09059280373459555,-0.5860028626924213,0.0407195484823089,18.305949620951765,21.336889609094218,0.001750000000000005,-0.08976832413593054,-0.08976832413593054,18.305949620951765,18.305949620951765
EML,El Miracle,gauge,hg,control,VWC_005,upper,60,-0.010825753458076577,0.25736714198954247,-0.010825753458076588,1.0408340855860843e-17,59,-0.272349157712629,-0.27234915771262913,-0.35123970805041127,0.6906873445759044,19.02744722884926,19.027447228849258,0.013270833333333343,-0.010825753458076577,-0.010825753458076577,19.02744722884926,19.02744722884926
EML,El Miracle,gauge,hg,control,VWC_005,total,60,-0.010825753458076612,0.25736714198954247,-0.010825753458076588,-2.42861286636753e-17,59,-0.27234915771262913,-0.27234915771262913,-0.3512397080504114,0.6906873445759043,19.027447228849258,19.027447228849258,0.013270833333333343,-0.010825753458076612,-0.010825753458076612,19.027447228849258,19.027447228849258
EML,El Miracle,gauge,hg,control,VWC_020,lower,60,0.6064766126993412,0.28341183633411043,0.6064766126993411,1.1102230246251565e-16,59,0.21561073063183084,0.21561073063183084,0.6346627444770648,0.6184546137229602,19.027447228849258,19.027447228849258,0.01666666666666669,0.6064766126993412,0.6064766126993412,19.027447228849258,19.027447228849258
EML,El Miracle,gauge,hg,control,VWC_020,total,60,0.6064766126993411,0.28341183633411043,0.6064766126993411,0.0,59,0.2156107306318309,0.21561073063183084,0.6346627444770649,0.6184546137229603,19.027447228849258,19.027447228849258,0.01666666666666669,0.6064766126993411,0.6064766126993411,19.027447228849258,19.027447228849258
EML,El Miracle,gauge,hg,control,VWC_050,total,60,0.04594428280780408,-0.12794352871443673,0.04594428280780406,1.3877787807814457e-17,59,0.13514727653146605,0.13514727653146605,-0.3397719154381754,-8.436395319154702e-05,19.027447228849258,19.027447228849258,0.001750000000000005,0.04594428280780408,0.04594428280780408,19.027447228849258,19.027447228849258
EML,El Miracle,gauge,hg,cascade,VWC_005,upper,60,-0.01599745769656138,0.2596734983688484,-0.010825753458076588,-0.005171704238484794,59,-0.2737213994778644,-0.27234915771262913,-0.3572388342969759,0.6920378944715564,58.65646376847389,19.027447228849258,0.013270833333333343,-0.01599745769656138,-0.01599745769656138,58.65646376847389,58.65646376847389
EML,El Miracle,gauge,hg,cascade,VWC_005,total,60,-0.01599723901223709,0.2596734983688484,-0.010825753458076588,-0.005171485554160502,59,-0.273721313180039,-0.27234915771262913,-0.3572387263420089,0.692037896334833,19.552154387298412,19.027447228849258,0.013270833333333343,-0.01599723901223709,-0.01599723901223709,19.552154387298412,19.552154387298412
EML,El Miracle,gauge,hg,cascade,VWC_020,lower,60,0.34978566715091464,0.8944187445912358,0.6064766126993411,-0.2566909455484264,59,0.032884204269219446,0.21561073063183084,0.018556340768674837,0.7907403659965953,2.226735642220585e-05,19.027447228849258,0.01666666666666669,0.34978566715091464,0.34978566715091464,2.226735642220585e-05,2.226735642220585e-05
EML,El Miracle,gauge,hg,cascade,VWC_020,total,60,0.6121860435992147,0.28674642015214097,0.6064766126993411,0.005709430899873635,59,0.22266798831298473,0.21561073063183084,0.6421838655728026,0.6198362242428199,19.552154387298412,19.027447228849258,0.01666666666666669,0.6121860435992147,0.6121860435992147,19.552154387298412,19.552154387298412
EML,El Miracle,gauge,hg,cascade,VWC_050,total,60,0.05099080624888957,-0.1237176668359938,0.04594428280780406,0.005046523441085506,59,0.1338560652342472,0.13514727653146605,-0.3361532187175439,0.0008343921450693279,19.552154387298412,19.027447228849258,0.001750000000000005,0.05099080624888957,0.05099080624888957,19.552154387298412,19.552154387298412
EML,El Miracle,gauge,hg,surface,VWC_005,upper,60,-0.12672089721794916,0.18398054924560145,-0.010825753458076588,-0.11589514375987257,59,-0.27349905312965245,-0.27234915771262913,-0.43136436916778764,0.4479925791830899,51.33036588137602,19.027447228849258,0.013270833333333343,-0.12672089721794916,-0.12672089721794916,51.33036588137602,51.33036588137602
EML,El Miracle,gauge,hg,surface,VWC_005,total,60,-0.12670849008969975,0.18398054924560145,-0.010825753458076588,-0.11588273663162317,59,-0.2734958887986638,-0.27234915771262913,-0.4313627034387676,0.4479954702907226,17.110106907471394,19.027447228849258,0.013270833333333343,-0.12670849008969975,-0.12670849008969975,17.110106907471394,17.110106907471394
EML,El Miracle,gauge,hg,surface,VWC_020,lower,60,0.42909456822046604,0.8944187445912358,0.6064766126993411,-0.177382044478875,59,0.009076395189604337,0.21561073063183084,0.0018350324653770454,0.8364965540264084,0.0010321171214953478,19.027447228849258,0.01666666666666669,0.42909456822046604,0.42909456822046604,0.0010321171214953478,0.0010321171214953478
EML,El Miracle,gauge,hg,surface,VWC_020,total,60,0.556084272908484,0.22916927289414737,0.6064766126993411,-0.05039233979085711,59,0.14917212779277106,0.21561073063183084,0.5858091849249241,0.43361159361713697,17.110106907471394,19.027447228849258,0.01666666666666669,0.556084272908484,0.556084272908484,17.110106907471394,17.110106907471394
EML,El Miracle,gauge,hg,surface,VWC_050,total,60,0.09222671754818132,-0.16995193199290565,0.04594428280780406,0.04628243474037726,59,0.15050123946952215,0.13514727653146605,-0.2344132709533439,-0.029682400383045413,17.110106907471394,19.027447228849258,0.001750000000000005,0.09222671754818132,0.09222671754818132,17.110106907471394,17.110106907471394
EML,El Miracle,gauge,hg,surface5,VWC_005,upper,60,-0.1285292096581127,0.12896144525733821,-0.010825753458076588,-0.11770345620003612,59,-0.2522098602933094,-0.27234915771262913,-0.3660618752237043,0.21624582892891855,63.16597200368911,19.027447228849258,0.013270833333333343,-0.1285292096581127,-0.1285292096581127,63.16597200368911,63.16597200368911
EML,El Miracle,gauge,hg,surface5,VWC_005,total,60,-0.10935517638472408,0.20201458888619886,-0.010825753458076588,-0.0985294229266475,59,-0.25416067278745863,-0.27234915771262913,-0.4112655402349743,0.45880149699680195,16.113193418633717,19.027447228849258,0.013270833333333343,-0.10935517638472408,-0.10935517638472408,16.113193418633717,16.113193418633717
EML,El Miracle,gauge,hg,surface5,VWC_020,lower,60,0.7136019930114107,0.3625526256153681,0.6064766126993411,0.10712538031206964,59,0.2701045800300002,0.21561073063183084,0.747375691815479,0.8364965540264083,6.70263770162264,19.027447228849258,0.01666666666666669,0.7136019930114107,0.7136019930114107,6.70263770162264,6.70263770162264
EML,El Miracle,gauge,hg,surface5,VWC_020,total,60,0.5840006503939601,0.26940658429838227,0.6064766126993411,-0.02247596230538096,59,0.12594225452289864,0.21561073063183084,0.5874771425189197,0.48477355603010674,16.113193418633717,19.027447228849258,0.01666666666666669,0.5840006503939601,0.5840006503939601,16.113193418633717,16.113193418633717
EML,El Miracle,gauge,hg,surface5,VWC_050,total,60,0.12213690884651934,-0.12699827013636397,0.04594428280780406,0.07619262603871528,59,0.16140017038112564,0.13514727653146605,-0.24500396364571508,0.0688580404467071,16.113193418633717,19.027447228849258,0.001750000000000005,0.12213690884651934,0.12213690884651934,16.113193418633717,16.113193418633717
EML,El Miracle,gauge,hg,surface15,VWC_005,upper,60,-0.08178643062925799,0.22207711064353525,-0.010825753458076588,-0.0709606771711814,59,-0.27707457571899197,-0.27234915771262913,-0.4064209740064526,0.5618407914994601,35.726375105183905,19.027447228849258,0.013270833333333343,-0.08178643062925799,-0.08178643062925799,35.726375105183905,35.726375105183905
EML,El Miracle,gauge,hg,surface15,VWC_005,total,60,-0.08178569084138933,0.22207711064353525,-0.010825753458076588,-0.07095993738331274,59,-0.27707437496361836,-0.27234915771262913,-0.406420912855163,0.5618409068276303,17.86318656711585,19.027447228849258,0.013270833333333343,-0.08178569084138933,-0.08178569084138933,17.86318656711585,17.86318656711585
EML,El Miracle,gauge,hg,surface15,VWC_020,lower,60,0.42909456822046604,0.8944187445912358,0.6064766126993411,-0.177382044478875,59,0.009076395189604142,0.21561073063183084,0.0018350324653770038,0.8364965540264087,9.009301530055177e-05,19.027447228849258,0.01666666666666669,0.42909456822046604,0.42909456822046604,9.009301530055177e-05,9.009301530055177e-05
EML,El Miracle,gauge,hg,surface15,VWC_020,total,60,0.5881703420311437,0.25512345027781824,0.6064766126993411,-0.018306270668197344,59,0.18214042156366106,0.21561073063183084,0.619017925165501,0.5171293557720983,17.86318656711585,19.027447228849258,0.01666666666666669,0.5881703420311437,0.5881703420311437,17.86318656711585,17.86318656711585
EML,El Miracle,gauge,hg,surface15,VWC_050,total,60,0.07737954593601029,-0.15046292425087607,0.04594428280780406,0.03143526312820623,59,0.14308300607120927,0.13514727653146605,-0.27901757958297235,-0.026638535981366767,17.86318656711585,19.027447228849258,0.001750000000000005,0.07737954593601029,0.07737954593601029,17.86318656711585,17.86318656711585
EML,El Miracle,gauge,hg,bypass25,VWC_005,upper,60,-0.1236822141365615,0.1848697468858158,-0.010825753458076588,-0.11285646067848491,59,-0.27373517197011543,-0.27234915771262913,-0.4278536909818159,0.44774811270263115,37.73980405652537,19.027447228849258,0.013270833333333343,-0.1236822141365615,-0.1236822141365615,37.73980405652537,37.73980405652537
EML,El Miracle,gauge,hg,bypass25,VWC_005,total,60,-0.04824555187092595,0.24994789917900392,-0.010825753458076588,-0.037419798412849356,59,-0.26842680437914,-0.27234915771262913,-0.37028663661702566,0.638287741008913,17.64585920007177,19.027447228849258,0.013270833333333343,-0.04824555187092595,-0.04824555187092595,17.64585920007177,17.64585920007177
EML,El Miracle,gauge,hg,bypass25,VWC_020,lower,60,0.5685587655783547,0.3147291360251137,0.6064766126993411,-0.03791784712098634,59,0.24724681044663815,0.21561073063183084,0.6014059021695419,0.7254069921468231,7.598886771844966,19.027447228849258,0.01666666666666669,0.5685587655783547,0.5685587655783547,7.598886771844966,7.598886771844966
EML,El Miracle,gauge,hg,bypass25,VWC_020,total,60,0.5718056334889696,0.270434747642275,0.6064766126993411,-0.03467097921037143,59,0.17653175081811204,0.21561073063183084,0.6022125807192851,0.5872104288184619,17.64585920007177,19.027447228849258,0.01666666666666669,0.5718056334889696,0.5718056334889696,17.64585920007177,17.64585920007177
EML,El Miracle,gauge,hg,bypass25,VWC_050,total,60,0.0463388238241955,-0.13714589898920393,0.04594428280780406,0.0003945410163914351,59,0.14474645896186678,0.13514727653146605,-0.30883549784503206,0.009419979318219807,17.64585920007177,19.027447228849258,0.001750000000000005,0.0463388238241955,0.0463388238241955,17.64585920007177,17.64585920007177
EML,El Miracle,gauge,pm,control,VWC_005,upper,60,0.013800958720807433,0.26653699265425296,0.013800958720807492,-5.898059818321144e-17,59,-0.26906172082363455,-0.26906172082363455,-0.3295827269665329,0.7095264077110863,19.437278048034543,19.43727804803454,0.013270833333333343,0.013800958720807433,0.013800958720807433,19.437278048034543,19.437278048034543
EML,El Miracle,gauge,pm,control,VWC_005,total,60,0.013800958720807499,0.26653699265425296,0.013800958720807492,6.938893903907228e-18,59,-0.26906172082363455,-0.26906172082363455,-0.3295827269665328,0.7095264077110865,19.43727804803454,19.43727804803454,0.013270833333333343,0.013800958720807499,0.013800958720807499,19.43727804803454,19.43727804803454
EML,El Miracle,gauge,pm,control,VWC_020,lower,60,0.610937440590017,0.2901643685656223,0.6109374405900169,1.1102230246251565e-16,59,0.2251818913728387,0.22518189137283856,0.6325108173365939,0.6347121801940876,19.43727804803454,19.43727804803454,0.01666666666666669,0.610937440590017,0.610937440590017,19.43727804803454,19.43727804803454
EML,El Miracle,gauge,pm,control,VWC_020,total,60,0.610937440590017,0.2901643685656223,0.6109374405900169,1.1102230246251565e-16,59,0.22518189137283873,0.22518189137283856,0.6325108173365939,0.6347121801940877,19.43727804803454,19.43727804803454,0.01666666666666669,0.610937440590017,0.610937440590017,19.43727804803454,19.43727804803454
EML,El Miracle,gauge,pm,control,VWC_050,total,60,0.039282525782339456,-0.12202176174003973,0.039282525782339504,-4.85722573273506e-17,59,0.13270522724022293,0.13270522724022296,-0.3596004498660899,0.006089277565402916,19.43727804803454,19.43727804803454,0.001750000000000005,0.039282525782339456,0.039282525782339456,19.43727804803454,19.43727804803454
EML,El Miracle,gauge,pm,cascade,VWC_005,upper,60,0.008905500017151666,0.26806530109837146,0.013800958720807492,-0.004895458703655826,59,-0.2708578510232835,-0.26906172082363455,-0.335322135569624,0.7109547346830777,59.788057964315264,19.43727804803454,0.013270833333333343,0.008905500017151666,0.008905500017151666,59.788057964315264,59.788057964315264
EML,El Miracle,gauge,pm,cascade,VWC_005,total,60,0.00890595781100913,0.26806530109837146,0.013800958720807492,-0.004895000909798362,59,-0.27085767418234963,-0.26906172082363455,-0.33532192405870426,0.7109547396072818,19.92935220032984,19.43727804803454,0.013270833333333343,0.00890595781100913,0.00890595781100913,19.92935220032984,19.92935220032984
EML,El Miracle,gauge,pm,cascade,VWC_020,lower,60,0.36147442605737323,0.8944187445912358,0.6109374405900169,-0.24946301453264363,59,0.03272090288026301,0.22518189137283856,0.020900228035778085,0.7913836046622011,4.802088922712022e-05,19.43727804803454,0.01666666666666669,0.36147442605737323,0.36147442605737323,4.802088922712022e-05,4.802088922712022e-05
EML,El Miracle,gauge,pm,cascade,VWC_020,total,60,0.6169949954997619,0.29263751823066153,0.6109374405900169,0.006057554909745022,59,0.2339491732469417,0.22518189137283856,0.6404417298796687,0.6361938388685588,19.92935220032984,19.43727804803454,0.01666666666666669,0.6169949954997619,0.6169949954997619,19.92935220032984,19.92935220032984
EML,El Miracle,gauge,pm,cascade,VWC_050,total,60,0.04426640147274079,-0.1194083997888974,0.039282525782339504,0.0049838756904012835,59,0.13119406225886485,0.13270522724022296,-0.35639947950526696,0.007130452754935006,19.92935220032984,19.43727804803454,0.001750000000000005,0.04426640147274079,0.04426640147274079,19.92935220032984,19.92935220032984
EML,El Miracle,gauge,pm,surface,VWC_005,upper,60,-0.11226784083160189,0.19245571425389452,0.013800958720807492,-0.12606879955240938,59,-0.2756682931237963,-0.26906172082363455,-0.4260148399262792,0.4850087464633756,53.15533169968032,19.43727804803454,0.013270833333333343,-0.11226784083160189,-0.11226784083160189,53.15533169968032,53.15533169968032
EML,El Miracle,gauge,pm,surface,VWC_005,total,60,-0.1122445246276478,0.19245571425389452,0.013800958720807492,-0.12604548334845528,59,-0.2756625623454231,-0.26906172082363455,-0.42601328806683636,0.4850150985774284,17.71841463767513,19.43727804803454,0.013270833333333343,-0.1122445246276478,-0.1122445246276478,17.71841463767513,17.71841463767513
EML,El Miracle,gauge,pm,surface,VWC_020,lower,60,0.44670230138955824,0.8944187445912358,0.6109374405900169,-0.16423513920045862,59,0.010392931069623955,0.22518189137283856,0.008085844405963619,0.8357465173438337,0.0020292337111890834,19.43727804803454,0.01666666666666669,0.44670230138955824,0.44670230138955824,0.0020292337111890834,0.0020292337111890834
EML,El Miracle,gauge,pm,surface,VWC_020,total,60,0.5754068245113086,0.2441471118768011,0.6109374405900169,-0.03553061607870822,59,0.16522076266727506,0.22518189137283856,0.6030929881822007,0.4610994221017377,17.71841463767513,19.43727804803454,0.01666666666666669,0.5754068245113086,0.5754068245113086,17.71841463767513,17.71841463767513
EML,El Miracle,gauge,pm,surface,VWC_050,total,60,0.09332060677227397,-0.15816400148988063,0.039282525782339504,0.05403808098993446,59,0.14704743290213626,0.13270522724022296,-0.25026388244005726,-0.0317691130599157,17.71841463767513,19.43727804803454,0.001750000000000005,0.09332060677227397,0.09332060677227397,17.71841463767513,17.71841463767513
EML,El Miracle,gauge,pm,surface5,VWC_005,upper,60,-0.12189779631460715,0.1492184789984715,0.013800958720807492,-0.13569875503541465,59,-0.2587800309029965,-0.26906172082363455,-0.3724509733578396,0.2623808817820957,66.64496512784882,19.43727804803454,0.013270833333333343,-0.12189779631460715,-0.12189779631460715,66.64496512784882,66.64496512784882
EML,El Miracle,gauge,pm,surface5,VWC_005,total,60,-0.0939178015864322,0.2131017719626216,0.013800958720807492,-0.1077187603072397,59,-0.2571167018052712,-0.26906172082363455,-0.40213167899159885,0.5108538594732552,16.773007882747365,19.43727804803454,0.013270833333333343,-0.0939178015864322,-0.0939178015864322,16.773007882747365,16.773007882747365
EML,El Miracle,gauge,pm,surface5,VWC_020,lower,60,0.7124279277557761,0.3625526256153681,0.6109374405900169,0.10149048716575926,59,0.2764064528078357,0.22518189137283856,0.7382552672656535,0.8357465173438338,6.7986164337270765,19.43727804803454,0.01666666666666669,0.7124279277557761,0.7124279277557761,6.7986164337270765,6.7986164337270765
EML,El Miracle,gauge,pm,surface5,VWC_020,total,60,0.5946349011595957,0.27351923767395325,0.6109374405900169,-0.016302539430421148,59,0.1422005056285401,0.22518189137283856,0.5960489798492952,0.5219691709246156,16.773007882747365,19.43727804803454,0.01666666666666669,0.5946349011595957,0.5946349011595957,16.773007882747365,16.773007882747365
EML,El Miracle,gauge,pm,surface5,VWC_050,total,60,0.11687434627020182,-0.1261642184498292,0.039282525782339504,0.07759182048786231,59,0.15753210883462215,0.13270522724022296,-0.262504841450013,0.06187749033574188,16.773007882747365,19.43727804803454,0.001750000000000005,0.11687434627020182,0.11687434627020182,16.773007882747365,16.773007882747365
EML,El Miracle,gauge,pm,surface15,VWC_005,upper,60,-0.06201441820665758,0.22624522458204002,0.013800958720807492,-0.07581537692746507,59,-0.27668801928831094,-0.26906172082363455,-0.39340731422064307,0.5911802088687401,36.75655242470192,19.43727804803454,0.013270833333333343,-0.06201441820665758,-0.06201441820665758,36.75655242470192,36.75655242470192
EML,El Miracle,gauge,pm,surface15,VWC_005,total,60,-0.062013216955196925,0.22624522458204002,0.013800958720807492,-0.07581417567600442,59,-0.27668770612320537,-0.26906172082363455,-0.39340728044985107,0.5911804213176991,18.378274570693442,19.43727804803454,0.013270833333333343,-0.062013216955196925,-0.062013216955196925,18.378274570693442,18.378274570693442
EML,El Miracle,gauge,pm,surface15,VWC_020,lower,60,0.44670230138955824,0.8944187445912358,0.6109374405900169,-0.16423513920045862,59,0.010392931069623971,0.22518189137283856,0.008085844405963603,0.8357465173438337,0.0001517910340325908,19.43727804803454,0.01666666666666669,0.44670230138955824,0.44670230138955824,0.0001517910340325908,0.0001517910340325908
EML,El Miracle,gauge,pm,surface15,VWC_020,total,60,0.6017653716233288,0.26490489614404106,0.6109374405900169,-0.009172068966688096,59,0.19496316785382198,0.22518189137283856,0.6278874435598084,0.5402192750042525,18.378274570693442,19.43727804803454,0.01666666666666669,0.6017653716233288,0.6017653716233288,18.378274570693442,18.378274570693442
EML,El Miracle,gauge,pm,surface15,VWC_050,total,60,0.07584739194520111,-0.14395732109590473,0.039282525782339504,0.03656486616286161,59,0.14016148123619837,0.13270522724022296,-0.2969533460262974,-0.02373914459390928,18.378274570693442,19.43727804803454,0.001750000000000005,0.07584739194520111,0.07584739194520111,18.378274570693442,18.378274570693442
EML,El Miracle,gauge,pm,bypass25,VWC_005,upper,60,-0.1091777093370943,0.18956582192319785,0.013800958720807492,-0.12297866805790178,59,-0.2757507237504976,-0.26906172082363455,-0.4224690182225527,0.48468631644173954,39.105292762714285,19.43727804803454,0.013270833333333343,-0.1091777093370943,-0.1091777093370943,39.105292762714285,39.105292762714285
EML,El Miracle,gauge,pm,bypass25,VWC_005,total,60,-0.030901303576178304,0.2568669683169219,0.013800958720807492,-0.0447022622969858,59,-0.2681603901435338,-0.26906172082363455,-0.3577427057665557,0.6596232167869499,18.173335369981707,19.43727804803454,0.013270833333333343,-0.030901303576178304,-0.030901303576178304,18.173335369981707,18.173335369981707
EML,El Miracle,gauge,pm,bypass25,VWC_020,lower,60,0.5589666233368683,0.31695219190380075,0.6109374405900169,-0.05197081725314856,59,0.2532684841466214,0.22518189137283856,0.5878690983943634,0.732720293878261,7.707356673615425,19.43727804803454,0.01666666666666669,0.5589666233368683,0.5589666233368683,7.707356673615425,7.707356673615425
EML,El Miracle,gauge,pm,bypass25,VWC_020,total,60,0.5813462816237263,0.2759368109420254,0.6109374405900169,-0.02959115896629061,59,0.18919275265861715,0.22518189137283856,0.6088612781649922,0.6035054322714886,18.173335369981707,19.43727804803454,0.01666666666666669,0.5813462816237263,0.5813462816237263,18.173335369981707,18.173335369981707
EML,El Miracle,gauge,pm,bypass25,VWC_050,total,60,0.04242343247896427,-0.13283663194210754,0.039282525782339504,0.0031409066966247637,59,0.14174355210381054,0.13270522724022296,-0.32506242719206635,0.010623464889090228,18.173335369981707,19.43727804803454,0.001750000000000005,0.04242343247896427,0.04242343247896427,18.173335369981707,18.173335369981707
BCLL,Borda Coll,idw,hg,control,VWC_005,upper,55,0.6240029863165277,0.7749639249639251,0.6240029863165278,-1.1102230246251565e-16,54,0.2718351489186789,0.27183514891867905,0.6420446619899178,0.9842714384885781,87.28453419606328,87.28453419606328,0.08145833333333335,0.6240029863165277,0.6240029863165277,87.28453419606328,87.28453419606328
BCLL,Borda Coll,idw,hg,control,VWC_005,total,55,0.624002986316528,0.7749639249639251,0.6240029863165278,1.1102230246251565e-16,54,0.2718351489186789,0.27183514891867905,0.6420446619899179,0.9842714384885779,87.28453419606328,87.28453419606328,0.08145833333333335,0.624002986316528,0.624002986316528,87.28453419606328,87.28453419606328
BCLL,Borda Coll,idw,hg,control,VWC_020,lower,55,0.5919022241098741,0.7252426138418432,0.5919022241098739,2.220446049250313e-16,54,0.21543724372808287,0.21543724372808273,0.6740700990361128,0.945933719089771,87.28453419606328,87.28453419606328,0.056375,0.5919022241098741,0.5919022241098741,87.28453419606328,87.28453419606328
BCLL,Borda Coll,idw,hg,control,VWC_020,total,55,0.591902224109874,0.7252426138418432,0.5919022241098739,1.1102230246251565e-16,54,0.2154372437280826,0.21543724372808273,0.6740700990361128,0.9459337190897709,87.28453419606328,87.28453419606328,0.056375,0.591902224109874,0.591902224109874,87.28453419606328,87.28453419606328
BCLL,Borda Coll,idw,hg,control,VWC_050,total,55,0.7055535350368828,0.8225314766668494,0.7055535350368828,0.0,54,0.6734606196195698,0.67346061961957,0.8488853088383834,0.9436850099294656,87.28453419606328,87.28453419606328,0.11997916666666666,0.7055535350368828,0.7055535350368828,87.28453419606328,87.28453419606328
BCLL,Borda Coll,idw,hg,cascade,VWC_005,upper,55,0.6899109777808096,0.6056998556998558,0.6240029863165278,0.06590799146428172,54,0.046832448312408695,0.27183514891867905,0.6160195666922346,0.9324941061882802,86.97761871326938,87.28453419606328,0.08145833333333335,0.6899109777808096,0.6899109777808096,86.97761871326938,86.97761871326938
BCLL,Borda Coll,idw,hg,cascade,VWC_005,total,55,0.6368011512341839,0.7772727272727274,0.6240029863165278,0.012798164917656063,54,0.2658983233571858,0.27183514891867905,0.6426890359216539,0.9802702675406014,87.2837612404799,87.28453419606328,0.08145833333333335,0.6368011512341839,0.6368011512341839,87.2837612404799,87.2837612404799
BCLL,Borda Coll,idw,hg,cascade,VWC_020,lower,55,0.4720925353543341,0.8164796715151268,0.5919022241098739,-0.11980968875553982,54,0.23701202010332362,0.21543724372808273,0.6351877438438349,0.8685657038765444,88.01715925440185,87.28453419606328,0.056375,0.4720925353543341,0.4720925353543341,88.01715925440185,88.01715925440185
BCLL,Borda Coll,idw,hg,cascade,VWC_020,total,55,0.6106196053054832,0.7299686140613767,0.5919022241098739,0.018717381195609284,54,0.20914645523485012,0.21543724372808273,0.672384296761533,0.9603163047501287,87.2837612404799,87.28453419606328,0.056375,0.6106196053054832,0.6106196053054832,87.2837612404799,87.2837612404799
BCLL,Borda Coll,idw,hg,cascade,VWC_050,total,55,0.723986304776824,0.8256025113464893,0.7055535350368828,0.018432769739941235,54,0.6701436515982471,0.67346061961957,0.8467468019997628,0.9588576339489596,87.2837612404799,87.28453419606328,0.11997916666666666,0.723986304776824,0.723986304776824,87.2837612404799,87.2837612404799
BCLL,Borda Coll,idw,hg,surface,VWC_005,upper,55,0.4243865615874626,0.5756132756132757,0.6240029863165278,-0.19961642472906527,54,0.02417613307016271,0.27183514891867905,0.3565680219570835,0.9249717873897072,78.8972034308255,87.28453419606328,0.08145833333333335,0.4243865615874626,0.4243865615874626,78.8972034308255,78.8972034308255
BCLL,Borda Coll,idw,hg,surface,VWC_005,total,55,0.7117245884624913,0.7937950937950939,0.6240029863165278,0.08772160214596347,54,0.30038301680650675,0.27183514891867905,0.7226315131785173,0.9878612164176376,88.15755919148933,87.28453419606328,0.08145833333333335,0.7117245884624913,0.7117245884624913,88.15755919148933,88.15755919148933
BCLL,Borda Coll,idw,hg,surface,VWC_020,lower,55,0.735880807346437,0.8356722830936903,0.5919022241098739,0.1439785832365631,54,0.34133583204378826,0.21543724372808273,0.8310616340085645,0.8997746100600167,93.820721405955,87.28453419606328,0.056375,0.735880807346437,0.735880807346437,93.820721405955,93.820721405955
BCLL,Borda Coll,idw,hg,surface,VWC_020,total,55,0.6813069962855675,0.7464555003234132,0.5919022241098739,0.08940477217569354,54,0.24603273535778447,0.21543724372808273,0.7536984065206085,0.9318780595862828,88.15755919148933,87.28453419606328,0.056375,0.6813069962855675,0.6813069962855675,88.15755919148933,88.15755919148933
BCLL,Borda Coll,idw,hg,surface,VWC_050,total,55,0.779637868780662,0.8454739122147477,0.7055535350368828,0.07408433374377921,54,0.6649966879981384,0.67346061961957,0.9015996779225313,0.9278396075604181,88.15755919148933,87.28453419606328,0.11997916666666666,0.779637868780662,0.779637868780662,88.15755919148933,88.15755919148933
BCLL,Borda Coll,idw,hg,surface5,VWC_005,upper,55,0.526811416144779,0.59978354978355,0.6240029863165278,-0.09719157017174884,54,0.023880329050464055,0.27183514891867905,0.3990520075297158,0.8763873224829013,72.26051873484813,87.28453419606328,0.08145833333333335,0.526811416144779,0.526811416144779,72.26051873484813,72.26051873484813
BCLL,Borda Coll,idw,hg,surface5,VWC_005,total,55,0.7317894840168075,0.795815295815296,0.6240029863165278,0.1077864977002797,54,0.31853030834956875,0.27183514891867905,0.7465422495572813,0.9877308405861097,88.75122118559284,87.28453419606328,0.08145833333333335,0.7317894840168075,0.7317894840168075,88.75122118559284,88.75122118559284
BCLL,Borda Coll,idw,hg,surface5,VWC_020,lower,55,0.6995358034667587,0.8000649379281977,0.5919022241098739,0.10763357935688478,54,0.3041058750642299,0.21543724372808273,0.8027495401621294,0.8997746100600168,93.79829145920868,87.28453419606328,0.056375,0.6995358034667587,0.6995358034667587,93.79829145920868,93.79829145920868
BCLL,Borda Coll,idw,hg,surface5,VWC_020,total,55,0.6981554840313363,0.7468162636989502,0.5919022241098739,0.1062532599214624,54,0.25910972120487685,0.21543724372808273,0.7769314003941626,0.9151777155941369,88.75122118559284,87.28453419606328,0.056375,0.6981554840313363,0.6981554840313363,88.75122118559284,88.75122118559284
BCLL,Borda Coll,idw,hg,surface5,VWC_050,total,55,0.7929818422303422,0.846124248970436,0.7055535350368828,0.0874283071934594,54,0.6794102881625687,0.67346061961957,0.9161346683469948,0.9102232421732259,88.75122118559284,87.28453419606328,0.11997916666666666,0.7929818422303422,0.7929818422303422,88.75122118559284,88.75122118559284
BCLL,Borda Coll,idw,hg,surface15,VWC_005,upper,55,0.49317563278120574,0.6254689754689756,0.6240029863165278,-0.1308273535353221,54,0.10515976729580756,0.27183514891867905,0.46967145623198153,0.9517143276159197,83.46973262157684,87.28453419606328,0.08145833333333335,0.49317563278120574,0.49317563278120574,83.46973262157684,83.46973262157684
BCLL,Borda Coll,idw,hg,surface15,VWC_005,total,55,0.6823786849132822,0.7863636363636365,0.6240029863165278,0.0583756985967544,54,0.28766261359189416,0.27183514891867905,0.6943016598633818,0.9867595549926421,87.82432962196467,87.28453419606328,0.08145833333333335,0.6823786849132822,0.6823786849132822,87.82432962196467,87.82432962196467
BCLL,Borda Coll,idw,hg,surface15,VWC_020,lower,55,0.7499486724598262,0.8467477187226734,0.5919022241098739,0.1580464483499523,54,0.36842937174167684,0.21543724372808273,0.844109560636803,0.8997746100600166,93.82110906669172,87.28453419606328,0.056375,0.7499486724598262,0.7499486724598262,93.82110906669172,93.82110906669172
BCLL,Borda Coll,idw,hg,surface15,VWC_020,total,55,0.6520985603147962,0.7379054083231886,0.5919022241098739,0.06019633620492226,54,0.2332754873592007,0.21543724372808273,0.7256161552079012,0.9389419790787009,87.82432962196467,87.28453419606328,0.056375,0.6520985603147962,0.6520985603147962,87.82432962196467,87.82432962196467
BCLL,Borda Coll,idw,hg,surface15,VWC_050,total,55,0.7563493269567553,0.8356104714201393,0.7055535350368828,0.05079579191987249,54,0.6657602305016941,0.67346061961957,0.8836386996629089,0.9356514753490442,87.82432962196467,87.28453419606328,0.11997916666666666,0.7563493269567553,0.7563493269567553,87.82432962196467,87.82432962196467
BCLL,Borda Coll,idw,hg,bypass25,VWC_005,upper,55,0.4006547566451134,0.5923520923520925,0.6240029863165278,-0.22334822967141443,54,0.06857714102349913,0.27183514891867905,0.365135831279157,0.9337328194628532,79.04931416767727,87.28453419606328,0.08145833333333335,0.4006547566451134,0.4006547566451134,79.04931416767727,79.04931416767727
BCLL,Borda Coll,idw,hg,bypass25,VWC_005,total,55,0.7322078793347142,0.8049062049062051,0.6240029863165278,0.10820489301818637,54,0.3032066353356414,0.27183514891867905,0.7336472279839967,0.987675517321158,87.78215077102635,87.28453419606328,0.08145833333333335,0.7322078793347142,0.7322078793347142,87.78215077102635,87.78215077102635
BCLL,Borda Coll,idw,hg,bypass25,VWC_020,lower,55,0.7885077195002099,0.8205562976586939,0.5919022241098739,0.196605495390336,54,0.3566447780042086,0.21543724372808273,0.8502184427038144,0.9288295958516235,93.18061746596418,87.28453419606328,0.056375,0.7885077195002099,0.7885077195002099,93.18061746596418,93.18061746596418
BCLL,Borda Coll,idw,hg,bypass25,VWC_020,total,55,0.7066396432321106,0.7588296841043292,0.5919022241098739,0.11473741912223667,54,0.24561618596651863,0.21543724372808273,0.7623804392586353,0.9392845851975782,87.78215077102635,87.28453419606328,0.056375,0.7066396432321106,0.7066396432321106,87.78215077102635,87.78215077102635
BCLL,Borda Coll,idw,hg,bypass25,VWC_050,total,55,0.8050888059180596,0.856276728323128,0.7055535350368828,0.09953527088117686,54,0.67089044677581,0.67346061961957,0.9073155767368561,0.9361789587164709,87.78215077102635,87.28453419606328,0.11997916666666666,0.8050888059180596,0.8050888059180596,87.78215077102635,87.78215077102635
BCLL,Borda Coll,idw,pm,control,VWC_005,upper,55,0.6817326098709904,0.785858585858586,0.6817326098709906,-2.220446049250313e-16,54,0.30685073331450247,0.3068507333145027,0.6980099699523896,0.987814734222254,88.31568622288844,88.31568622288842,0.08145833333333335,0.6817326098709904,0.6817326098709904,88.31568622288844,88.31568622288844
BCLL,Borda Coll,idw,pm,control,VWC_005,total,55,0.6817326098709906,0.785858585858586,0.6817326098709906,0.0,54,0.3068507333145028,0.3068507333145027,0.6980099699523901,0.987814734222254,88.31568622288843,88.31568622288842,0.08145833333333335,0.6817326098709906,0.6817326098709906,88.31568622288843,88.31568622288843
BCLL,Borda Coll,idw,pm,control,VWC_020,lower,55,0.6465638670610734,0.7345863852682492,0.646563867061073,3.3306690738754696e-16,54,0.24670074596379943,0.24670074596379926,0.7277981426033746,0.9456732018458615,88.31568622288843,88.31568622288842,0.056375,0.6465638670610734,0.6465638670610734,88.31568622288843,88.31568622288843
BCLL,Borda Coll,idw,pm,control,VWC_020,total,55,0.6465638670610733,0.7345863852682492,0.646563867061073,2.220446049250313e-16,54,0.2467007459637994,0.24670074596379926,0.7277981426033745,0.9456732018458616,88.31568622288843,88.31568622288842,0.056375,0.6465638670610733,0.6465638670610733,88.31568622288843,88.31568622288843
BCLL,Borda Coll,idw,pm,control,VWC_050,total,55,0.7426795756228198,0.8299742195375062,0.7426795756228196,2.220446049250313e-16,54,0.6997918019741994,0.6997918019741994,0.8851877933277862,0.9418361375621367,88.31568622288843,88.31568622288842,0.11997916666666666,0.7426795756228198,0.7426795756228198,88.31568622288843,88.31568622288843
BCLL,Borda Coll,idw,pm,cascade,VWC_005,upper,55,0.7376497293376577,0.6492063492063493,0.6817326098709906,0.05591711946666711,54,0.060977450958829685,0.3068507333145027,0.6689694639623759,0.9372883852728188,89.99373291666048,88.31568622288842,0.08145833333333335,0.7376497293376577,0.7376497293376577,89.99373291666048,89.99373291666048
BCLL,Borda Coll,idw,pm,cascade,VWC_005,total,55,0.6939928899280041,0.7855699855699857,0.6817326098709906,0.012260280057013517,54,0.2999926390886599,0.3068507333145027,0.6953260575896241,0.9829086796001789,88.31436970428629,88.31568622288842,0.08145833333333335,0.6939928899280041,0.6939928899280041,88.31436970428629,88.31436970428629
BCLL,Borda Coll,idw,pm,cascade,VWC_020,lower,55,0.5263742137866958,0.8164796715151268,0.646563867061073,-0.12018965327437725,54,0.2633575486087664,0.24670074596379926,0.6841028112340657,0.8781148034971844,89.13027100707893,88.31568622288842,0.056375,0.5263742137866958,0.5263742137866958,89.13027100707893,89.13027100707893
BCLL,Borda Coll,idw,pm,cascade,VWC_020,total,55,0.6676581750876889,0.7385908587367088,0.646563867061073,0.021094308026615827,54,0.240706658964786,0.24670074596379926,0.7229713488357083,0.9637650984576864,88.31436970428629,88.31568622288842,0.056375,0.6676581750876889,0.6676581750876889,88.31436970428629,88.31436970428629
BCLL,Borda Coll,idw,pm,cascade,VWC_050,total,55,0.7650555269100852,0.8332981629554693,0.7426795756228196,0.02237595128726555,54,0.6959731205677849,0.6997918019741994,0.8809804902134284,0.9609745467908088,88.31436970428629,88.31568622288842,0.11997916666666666,0.7650555269100852,0.7650555269100852,88.31436970428629,88.31436970428629
BCLL,Borda Coll,idw,pm,surface,VWC_005,upper,55,0.47985341434527806,0.580808080808081,0.6817326098709906,-0.20187919552571254,54,0.038035929235997544,0.3068507333145027,0.42595708660060816,0.9349202595889924,81.16810290907304,88.31568622288842,0.08145833333333335,0.47985341434527806,0.47985341434527806,81.16810290907304,81.16810290907304
BCLL,Borda Coll,idw,pm,surface,VWC_005,total,55,0.7508458642205332,0.801731601731602,0.6817326098709906,0.06911325434954263,54,0.3322449758709127,0.3068507333145027,0.7579035790528004,0.9896295993210757,89.18119292847531,88.31568622288842,0.08145833333333335,0.7508458642205332,0.7508458642205332,89.18119292847531,89.18119292847531
BCLL,Borda Coll,idw,pm,surface,VWC_020,lower,55,0.7723014459555738,0.8380893977097876,0.646563867061073,0.12573757889450077,54,0.3632610432855232,0.24670074596379926,0.8538808355328157,0.9088446123428174,94.41038411053512,88.31568622288842,0.056375,0.7723014459555738,0.7723014459555738,94.41038411053512,94.41038411053512
BCLL,Borda Coll,idw,pm,surface,VWC_020,total,55,0.719329274949109,0.7543562182476716,0.646563867061073,0.07276540788803598,54,0.2732587223406707,0.24670074596379926,0.7864857352206157,0.9346477252017872,89.18119292847531,88.31568622288842,0.056375,0.719329274949109,0.719329274949109,89.18119292847531,89.18119292847531
BCLL,Borda Coll,idw,pm,surface,VWC_050,total,55,0.8048712851759299,0.8525192270680392,0.7426795756228196,0.062191709553110264,54,0.694123053450183,0.6997918019741994,0.922035503960613,0.9297495663273062,89.18119292847531,88.31568622288842,0.11997916666666666,0.8048712851759299,0.8048712851759299,89.18119292847531,89.18119292847531
BCLL,Borda Coll,idw,pm,surface5,VWC_005,upper,55,0.5592187756458755,0.6031024531024533,0.6817326098709906,-0.12251383422511508,54,0.03790496746239788,0.3068507333145027,0.45848768905794535,0.8798250002562367,75.23621260143538,88.31568622288842,0.08145833333333335,0.5592187756458755,0.5592187756458755,75.23621260143538,75.23621260143538
BCLL,Borda Coll,idw,pm,surface5,VWC_005,total,55,0.7692147006957589,0.8035353535353537,0.6817326098709906,0.08748209082476832,54,0.34760602427897097,0.3068507333145027,0.7779629846805739,0.9895529772851166,89.70614490293768,88.31568622288842,0.08145833333333335,0.7692147006957589,0.7692147006957589,89.70614490293768,89.70614490293768
BCLL,Borda Coll,idw,pm,surface5,VWC_020,lower,55,0.74124600734608,0.8070998237511673,0.646563867061073,0.09468214028500699,54,0.32709214954277405,0.24670074596379926,0.8297120381389058,0.9088446123428177,94.37759201863274,88.31568622288842,0.056375,0.74124600734608,0.74124600734608,94.37759201863274,94.37759201863274
BCLL,Borda Coll,idw,pm,surface5,VWC_020,total,55,0.7357353671643626,0.7548252106358695,0.646563867061073,0.08917150010328956,54,0.2836715735440205,0.24670074596379926,0.805629703110635,0.9209182927631687,89.70614490293768,88.31568622288842,0.056375,0.7357353671643626,0.7357353671643626,89.70614490293768,89.70614490293768
BCLL,Borda Coll,idw,pm,surface5,VWC_050,total,55,0.818860384212248,0.8536753813003741,0.7426795756228196,0.07618080858942844,54,0.7045744332545263,0.6997918019741994,0.9333210469325044,0.9154999986389595,89.70614490293768,88.31568622288842,0.11997916666666666,0.818860384212248,0.818860384212248,89.70614490293768,89.70614490293768
BCLL,Borda Coll,idw,pm,surface15,VWC_005,upper,55,0.555955241422909,0.6520202020202022,0.6817326098709906,-0.12577736844808163,54,0.1262951905485637,0.3068507333145027,0.5402887796441669,0.9615162125055041,85.23806444098891,88.31568622288842,0.08145833333333335,0.555955241422909,0.555955241422909,85.23806444098891,85.23806444098891
BCLL,Borda Coll,idw,pm,surface15,VWC_005,total,55,0.7271009223267676,0.7958874458874461,0.6817326098709906,0.04536831245577699,54,0.3215010909066551,0.3068507333145027,0.7362173393454606,0.9890847645612154,88.85898979714403,88.31568622288842,0.08145833333333335,0.7271009223267676,0.7271009223267676,88.85898979714403,88.85898979714403
BCLL,Borda Coll,idw,pm,surface15,VWC_020,lower,55,0.7849792475808579,0.8513654899295457,0.646563867061073,0.13841538051978486,54,0.3962220262825786,0.24670074596379926,0.8658326434607804,0.9088446123428175,94.4109664034088,88.31568622288842,0.056375,0.7849792475808579,0.7849792475808579,94.4109664034088,94.4109664034088
BCLL,Borda Coll,idw,pm,surface15,VWC_020,total,55,0.6949183349060455,0.7477903248128999,0.646563867061073,0.04835446784497244,54,0.2626830418953398,0.24670074596379926,0.7652698250478012,0.9401338917094224,88.85898979714403,88.31568622288842,0.056375,0.6949183349060455,0.6949183349060455,88.85898979714403,88.85898979714403
BCLL,Borda Coll,idw,pm,surface15,VWC_050,total,55,0.7846394397727248,0.845040354377622,0.7426795756228196,0.04195986414990516,54,0.6942074043951472,0.6997918019741994,0.9091047495564573,0.9356668677509894,88.85898979714403,88.31568622288842,0.11997916666666666,0.7846394397727248,0.7846394397727248,88.85898979714403,88.85898979714403
BCLL,Borda Coll,idw,pm,bypass25,VWC_005,upper,55,0.45713282215804707,0.600937950937951,0.6817326098709906,-0.22459978771294353,54,0.08613735921173252,0.3068507333145027,0.4337583783856312,0.9443507175525101,81.34186098814868,88.31568622288842,0.08145833333333335,0.45713282215804707,0.45713282215804707,81.34186098814868,81.34186098814868
BCLL,Borda Coll,idw,pm,bypass25,VWC_005,total,55,0.7700686237587131,0.8108225108225109,0.6817326098709906,0.0883360138877225,54,0.3331945178099469,0.3068507333145027,0.7661451276025661,0.9886195619921974,88.76892163322941,88.31568622288842,0.08145833333333335,0.7700686237587131,0.7700686237587131,88.76892163322941,88.76892163322941
BCLL,Borda Coll,idw,pm,bypass25,VWC_020,lower,55,0.8236139309360367,0.8261842063170697,0.646563867061073,0.1770500638749637,54,0.38241872391124615,0.24670074596379926,0.8704732854269723,0.9385165963934388,93.70367027279453,88.31568622288842,0.056375,0.8236139309360367,0.8236139309360367,93.70367027279453,93.70367027279453
BCLL,Borda Coll,idw,pm,bypass25,VWC_020,total,55,0.7452013308877193,0.7653595012015472,0.646563867061073,0.09863746382664629,54,0.2727031582252336,0.24670074596379926,0.7926250324812257,0.9440764450634231,88.76892163322941,88.31568622288842,0.056375,0.7452013308877193,0.7452013308877193,88.76892163322941,88.76892163322941
BCLL,Borda Coll,idw,pm,bypass25,VWC_050,total,55,0.831057839283978,0.8623826678626473,0.7426795756228196,0.08837826366115842,54,0.6985762019564701,0.6997918019741994,0.9257781323072323,0.9402111853252899,88.76892163322941,88.31568622288842,0.11997916666666666,0.831057839283978,0.831057839283978,88.76892163322941,88.76892163322941
LLA,Llivia,idw,hg,control,VWC_005,upper,60,0.911646480850005,0.7769380383439847,0.9116464808500053,-3.3306690738754696e-16,59,0.3653745900125413,0.3653745900125414,0.9229935161166285,0.9294377699108695,47.20425747222267,47.20425747222265,0.16506249999999997,0.911646480850005,0.911646480850005,47.20425747222267,47.20425747222267
LLA,Llivia,idw,hg,control,VWC_005,total,60,0.9116464808500051,0.7769380383439847,0.9116464808500053,-2.220446049250313e-16,59,0.36537459001254136,0.3653745900125414,0.9229935161166284,0.9294377699108696,47.20425747222267,47.20425747222265,0.16506249999999997,0.9116464808500051,0.9116464808500051,47.20425747222267,47.20425747222267
LLA,Llivia,idw,hg,control,VWC_020,lower,60,0.864009828052918,0.7720863030239831,0.864009828052918,0.0,59,0.5258729400341171,0.5258729400341172,0.9284253139083469,0.8213865026133855,47.20425747222267,47.20425747222265,0.16466666666666668,0.864009828052918,0.864009828052918,47.20425747222267,47.20425747222267
LLA,Llivia,idw,hg,control,VWC_020,total,60,0.864009828052918,0.7720863030239831,0.864009828052918,0.0,59,0.5258729400341171,0.5258729400341172,0.9284253139083468,0.8213865026133856,47.20425747222267,47.20425747222265,0.16466666666666668,0.864009828052918,0.864009828052918,47.20425747222267,47.20425747222267
LLA,Llivia,idw,hg,control,VWC_050,total,60,0.8154175891308552,0.8047235343150877,0.8154175891308553,-1.1102230246251565e-16,59,0.2201954561497898,0.22019545614978958,0.8615932248660327,0.807272721454255,47.20425747222267,47.20425747222265,0.19872916666666662,0.8154175891308552,0.8154175891308552,47.20425747222267,47.20425747222267
LLA,Llivia,idw,hg,cascade,VWC_005,upper,60,0.9460125268368764,0.7934426229508198,0.9116464808500053,0.0343660459868711,59,0.5263684488364343,0.3653745900125414,0.955550174374564,0.95397714885854,88.89322161944862,47.20425747222265,0.16506249999999997,0.9460125268368764,0.9460125268368764,88.89322161944862,88.89322161944862
LLA,Llivia,idw,hg,cascade,VWC_005,total,60,0.9289034543114822,0.8032231175326481,0.9116464808500053,0.01725697346147692,59,0.3948626627726969,0.3653745900125414,0.9317772172371546,0.9501640721964466,49.84827796733703,47.20425747222265,0.16506249999999997,0.9289034543114822,0.9289034543114822,49.84827796733703,49.84827796733703
LLA,Llivia,idw,hg,cascade,VWC_020,lower,60,0.7283453849128556,0.7282401812342308,0.864009828052918,-0.13566444314006243,59,0.3788791689632959,0.5258729400341172,0.8260101209605557,0.8035636757914086,31.56842650619552,47.20425747222265,0.16466666666666668,0.7283453849128556,0.7283453849128556,31.56842650619552,31.56842650619552
LLA,Llivia,idw,hg,cascade,VWC_020,total,60,0.8945220398106606,0.8069297990470181,0.864009828052918,0.030512211757742547,59,0.5474334394465787,0.5258729400341172,0.9336770874018301,0.8638307681943954,49.84827796733703,47.20425747222265,0.16466666666666668,0.8945220398106606,0.8945220398106606,49.84827796733703,49.84827796733703
LLA,Llivia,idw,hg,cascade,VWC_050,total,60,0.8352848761671154,0.836065573770492,0.8154175891308553,0.019867287036260173,59,0.24008722938217977,0.22019545614978958,0.8607320438061157,0.84798290139346,49.84827796733703,47.20425747222265,0.19872916666666662,0.8352848761671154,0.8352848761671154,49.84827796733703,49.84827796733703
LLA,Llivia,idw,hg,surface,VWC_005,upper,60,0.8785196939848524,0.6871353153653794,0.9116464808500053,-0.03312678686515291,59,0.40605671578962593,0.3653745900125414,0.9078962419387535,0.8498767445012314,77.8701473346886,47.20425747222265,0.16506249999999997,0.8785196939848524,0.8785196939848524,77.8701473346886,77.8701473346886
LLA,Llivia,idw,hg,surface,VWC_005,total,60,0.872829219237131,0.7315921089191444,0.9116464808500053,-0.038817261612874354,59,0.3305249368497608,0.3653745900125414,0.9003694170121455,0.8814795158553246,41.65194879345001,47.20425747222265,0.16506249999999997,0.872829219237131,0.872829219237131,41.65194879345001,41.65194879345001
LLA,Llivia,idw,hg,surface,VWC_020,lower,60,0.7452477830850022,0.7282401812342308,0.864009828052918,-0.11876204496791587,59,0.3801630021164196,0.5258729400341172,0.826494524610547,0.8142330669616916,23.54309098022603,47.20425747222265,0.16466666666666668,0.7452477830850022,0.7452477830850022,23.54309098022603,23.54309098022603
LLA,Llivia,idw,hg,surface,VWC_020,total,60,0.8073956846352724,0.720821350741288,0.864009828052918,-0.05661414341764559,59,0.4898490541091393,0.5258729400341172,0.9097977955198617,0.7375694523045997,41.65194879345001,47.20425747222265,0.16466666666666668,0.8073956846352724,0.8073956846352724,41.65194879345001,41.65194879345001
LLA,Llivia,idw,hg,surface,VWC_050,total,60,0.7734222409375634,0.7565990552931372,0.8154175891308553,-0.04199534819329187,59,0.20012608428625103,0.22019545614978958,0.8530439014210514,0.7285402703980854,41.65194879345001,47.20425747222265,0.19872916666666662,0.7734222409375634,0.7734222409375634,41.65194879345001,41.65194879345001
LLA,Llivia,idw,hg,surface5,VWC_005,upper,60,0.7464821099304211,0.5504306751875521,0.9116464808500053,-0.16516437091958425,59,0.32156223609949175,0.3653745900125414,0.7878497931185914,0.6769438615884786,71.79345823382002,47.20425747222265,0.16506249999999997,0.7464821099304211,0.7464821099304211,71.79345823382002,71.79345823382002
LLA,Llivia,idw,hg,surface5,VWC_005,total,60,0.8682033333824837,0.77732703528758,0.9116464808500053,-0.04344314746752165,59,0.304343708868702,0.3653745900125414,0.8962292083628296,0.8734914507774394,39.033113912288705,47.20425747222265,0.16506249999999997,0.8682033333824837,0.8682033333824837,39.033113912288705,39.033113912288705
LLA,Llivia,idw,hg,surface5,VWC_020,lower,60,0.8264290666893375,0.8892315815192907,0.864009828052918,-0.03758076136358057,59,0.4944074081218912,0.5258729400341172,0.8930615362794523,0.8705825282580916,33.820165630187425,47.20425747222265,0.16466666666666668,0.8264290666893375,0.8264290666893375,33.820165630187425,33.820165630187425
LLA,Llivia,idw,hg,surface5,VWC_020,total,60,0.821436233886633,0.7921754957071204,0.864009828052918,-0.042573594166285034,59,0.4788652209274469,0.5258729400341172,0.9082262155616778,0.7554980944109564,39.033113912288705,47.20425747222265,0.16466666666666668,0.821436233886633,0.821436233886633,39.033113912288705,39.033113912288705
LLA,Llivia,idw,hg,surface5,VWC_050,total,60,0.7905918236441953,0.8337315921089193,0.8154175891308553,-0.024825765486659934,59,0.18706564660023192,0.22019545614978958,0.8512077269430514,0.7418082474583446,39.033113912288705,47.20425747222265,0.19872916666666662,0.7905918236441953,0.7905918236441953,39.033113912288705,39.033113912288705
LLA,Llivia,idw,hg,surface15,VWC_005,upper,60,0.884821581482277,0.7251458738538483,0.9116464808500053,-0.02682489936772836,59,0.35870579085866233,0.3653745900125414,0.9108366096877449,0.8935463866628321,82.5824892127744,47.20425747222265,0.16506249999999997,0.884821581482277,0.884821581482277,82.5824892127744,82.5824892127744
LLA,Llivia,idw,hg,surface15,VWC_005,total,60,0.8811184823299814,0.7337593776048903,0.9116464808500053,-0.03052799852002397,59,0.34464857174655894,0.3653745900125414,0.9069409669983546,0.8959103344040807,44.26504563989247,47.20425747222265,0.16506249999999997,0.8811184823299814,0.8811184823299814,44.26504563989247,44.26504563989247
LLA,Llivia,idw,hg,surface15,VWC_020,lower,60,0.7452458915999565,0.7282401812342308,0.864009828052918,-0.11876393645296157,59,0.38016301427313687,0.5258729400341172,0.826493086333759,0.8142330669616917,5.947719196484845,47.20425747222265,0.16466666666666668,0.7452458915999565,0.7452458915999565,5.947719196484845,5.947719196484845
LLA,Llivia,idw,hg,surface15,VWC_020,total,60,0.8149495657920036,0.7207102072133038,0.864009828052918,-0.04906026226091442,59,0.5017769476773732,0.5258729400341172,0.9155210416443624,0.7562415057645343,44.26504563989247,47.20425747222265,0.16466666666666668,0.8149495657920036,0.8149495657920036,44.26504563989247,44.26504563989247
LLA,Llivia,idw,hg,surface15,VWC_050,total,60,0.7787063656333924,0.7538205056960269,0.8154175891308553,-0.03671122349746292,59,0.21464424301170756,0.22019545614978958,0.8585999073379784,0.7457043697628813,44.26504563989247,47.20425747222265,0.19872916666666662,0.7787063656333924,0.7787063656333924,44.26504563989247,44.26504563989247
LLA,Llivia,idw,hg,bypass25,VWC_005,upper,60,0.8511346119678478,0.6857460405668243,0.9116464808500053,-0.06051186888215754,59,0.3438218157212324,0.3653745900125414,0.8870588212977926,0.8468418210102195,77.9951756126322,47.20425747222265,0.16506249999999997,0.8511346119678478,0.8511346119678478,77.9951756126322,77.9951756126322
LLA,Llivia,idw,hg,bypass25,VWC_005,total,60,0.8916436753718866,0.7685468185607115,0.9116464808500053,-0.020002805478118724,59,0.33926747988629047,0.3653745900125414,0.9092638307113066,0.9110653862436022,43.50104595411288,47.20425747222265,0.16506249999999997,0.8916436753718866,0.8916436753718866,43.50104595411288,43.50104595411288
LLA,Llivia,idw,hg,bypass25,VWC_020,lower,60,0.8950320924431187,0.8476639020532137,0.864009828052918,0.031022264390200616,59,0.5280828641832314,0.5258729400341172,0.9248474943780741,0.8878290514327275,26.301939470197762,47.20425747222265,0.16466666666666668,0.8950320924431187,0.8950320924431187,26.301939470197762,26.301939470197762
LLA,Llivia,idw,hg,bypass25,VWC_020,total,60,0.8422055260298307,0.7640006113631351,0.864009828052918,-0.021804302023087363,59,0.5027606655591046,0.5258729400341172,0.9179849949838049,0.7890934110713943,43.50104595411288,47.20425747222265,0.16466666666666668,0.8422055260298307,0.8422055260298307,43.50104595411288,43.50104595411288
LLA,Llivia,idw,hg,bypass25,VWC_050,total,60,0.8052270586329433,0.7966657404834677,0.8154175891308553,-0.010190530497911965,59,0.20721170149348925,0.22019545614978958,0.8576661897536487,0.7787941738498199,43.50104595411288,47.20425747222265,0.19872916666666662,0.8052270586329433,0.8052270586329433,43.50104595411288,43.50104595411288
LLA,Llivia,idw,pm,control,VWC_005,upper,60,0.91957138590729,0.799666574048347,0.9195713859072899,1.1102230246251565e-16,59,0.3816095410383463,0.3816095410383463,0.9308509459778461,0.9363507318252009,50.1319761215424,50.13197612154238,0.16506249999999997,0.91957138590729,0.91957138590729,50.1319761215424,50.1319761215424
LLA,Llivia,idw,pm,control,VWC_005,total,60,0.91957138590729,0.799666574048347,0.9195713859072899,1.1102230246251565e-16,59,0.3816095410383462,0.3816095410383463,0.930850945977846,0.9363507318252009,50.1319761215424,50.13197612154238,0.16506249999999997,0.91957138590729,0.91957138590729,50.1319761215424,50.1319761215424
LLA,Llivia,idw,pm,control,VWC_020,lower,60,0.8826917237557401,0.8052904320092517,0.88269172375574,1.1102230246251565e-16,59,0.5385449804256014,0.5385449804256015,0.9327543769910304,0.8426582436117249,50.13197612154241,50.13197612154238,0.16466666666666668,0.8826917237557401,0.8826917237557401,50.13197612154241,50.13197612154241
LLA,Llivia,idw,pm,control,VWC_020,total,60,0.8826917237557401,0.8052904320092517,0.88269172375574,1.1102230246251565e-16,59,0.5385449804256015,0.5385449804256015,0.9327543769910304,0.8426582436117248,50.1319761215424,50.13197612154238,0.16466666666666668,0.8826917237557401,0.8826917237557401,50.1319761215424,50.1319761215424
LLA,Llivia,idw,pm,control,VWC_050,total,60,0.8301194248755088,0.8365101417060297,0.8301194248755088,0.0,59,0.2343608414697812,0.2343608414697814,0.8598799222698362,0.8264529483642817,50.1319761215424,50.13197612154238,0.19872916666666662,0.8301194248755088,0.8301194248755088,50.1319761215424,50.1319761215424
LLA,Llivia,idw,pm,cascade,VWC_005,upper,60,0.9417576022051228,0.8018338427340929,0.9195713859072899,0.022186216297832906,59,0.5535702229794626,0.3816095410383463,0.9607550480007797,0.9510297566272858,89.6578378771474,50.13197612154238,0.16506249999999997,0.9417576022051228,0.9417576022051228,89.6578378771474,89.6578378771474
LLA,Llivia,idw,pm,cascade,VWC_005,total,60,0.9283947566419606,0.8165601555987776,0.9195713859072899,0.008823370734670655,59,0.4069614933301392,0.3816095410383463,0.9358080344612503,0.9523453964007158,52.635209171929716,50.13197612154238,0.16506249999999997,0.9283947566419606,0.9283947566419606,52.635209171929716,52.635209171929716
LLA,Llivia,idw,pm,cascade,VWC_020,lower,60,0.7971094023221732,0.7309076259058506,0.88269172375574,-0.08558232143356681,59,0.3878909121755103,0.5385449804256015,0.8340527270003838,0.8832246430738597,35.302254464109566,50.13197612154238,0.16466666666666668,0.7971094023221732,0.7971094023221732,35.302254464109566,35.302254464109566
LLA,Llivia,idw,pm,cascade,VWC_020,total,60,0.9069133185980006,0.8339932481111616,0.88269172375574,0.024221594842260608,59,0.5588536905052381,0.5385449804256015,0.9349915199191694,0.8802841958276628,52.635209171929716,50.13197612154238,0.16466666666666668,0.9069133185980006,0.9069133185980006,52.635209171929716,52.635209171929716
LLA,Llivia,idw,pm,cascade,VWC_050,total,60,0.8456640013831498,0.8657404834676301,0.8301194248755088,0.015544576507640961,59,0.25070285719624663,0.2343608414697814,0.8568596460497702,0.8626640937129342,52.635209171929716,50.13197612154238,0.19872916666666662,0.8456640013831498,0.8456640013831498,52.635209171929716,52.635209171929716
LLA,Llivia,idw,pm,surface,VWC_005,upper,60,0.908368242529775,0.7154209502639624,0.9195713859072899,-0.011203143377514935,59,0.44804222923761267,0.3816095410383463,0.9310658685846109,0.8820554001668353,80.4394401973189,50.13197612154238,0.16506249999999997,0.908368242529775,0.908368242529775,80.4394401973189,80.4394401973189
LLA,Llivia,idw,pm,surface,VWC_005,total,60,0.8964267925333519,0.7673242567379829,0.9195713859072899,-0.02314459337393804,59,0.3581235547742676,0.3816095410383463,0.9169272760631038,0.902467321454891,44.69234602328418,50.13197612154238,0.16506249999999997,0.8964267925333519,0.8964267925333519,44.69234602328418,44.69234602328418
LLA,Llivia,idw,pm,surface,VWC_020,lower,60,0.7709861803957223,0.7282401812342308,0.88269172375574,-0.1117055433600177,59,0.38076510253086543,0.5385449804256015,0.8335584080065828,0.831912148571184,26.81918443291619,50.13197612154238,0.16466666666666668,0.7709861803957223,0.7709861803957223,26.81918443291619,26.81918443291619
LLA,Llivia,idw,pm,surface,VWC_020,total,60,0.8387377021659577,0.7651676184069689,0.88269172375574,-0.043954021589782344,59,0.5087604113293702,0.5385449804256015,0.9208447628167902,0.7753087729179275,44.69234602328418,50.13197612154238,0.16466666666666668,0.8387377021659577,0.8387377021659577,44.69234602328418,44.69234602328418
LLA,Llivia,idw,pm,surface,VWC_050,total,60,0.7951322761608798,0.8002222839677691,0.8301194248755088,-0.034987148714629046,59,0.2191352469239148,0.2343608414697814,0.8547629815218774,0.7630241496218313,44.69234602328418,50.13197612154238,0.19872916666666662,0.7951322761608798,0.7951322761608798,44.69234602328418,44.69234602328418
LLA,Llivia,idw,pm,surface5,VWC_005,upper,60,0.7820161110390864,0.5803834398444013,0.9195713859072899,-0.13755527486820351,59,0.34758865598502764,0.3816095410383463,0.8248599545057096,0.7110751941576585,75.75845655603385,50.13197612154238,0.16506249999999997,0.7820161110390864,0.7820161110390864,75.75845655603385,75.75845655603385
LLA,Llivia,idw,pm,surface5,VWC_005,total,60,0.8879733876586734,0.796443456515699,0.9195713859072899,-0.03159799824861653,59,0.3337471612303895,0.3816095410383463,0.9107201190925751,0.8987811389790652,41.956379265047474,50.13197612154238,0.16506249999999997,0.8879733876586734,0.8879733876586734,41.956379265047474,41.956379265047474
LLA,Llivia,idw,pm,surface5,VWC_020,lower,60,0.8581718301088106,0.8827296851322171,0.88269172375574,-0.024519893646929414,59,0.5114839709695862,0.5385449804256015,0.8989198948181061,0.8969632459656781,36.51680028864684,50.13197612154238,0.16466666666666668,0.8581718301088106,0.8581718301088106,36.51680028864684,36.51680028864684
LLA,Llivia,idw,pm,surface5,VWC_020,total,60,0.8525782501998123,0.8219897470888722,0.88269172375574,-0.03011347355592775,59,0.49823531941197485,0.5385449804256015,0.9167417007403373,0.7957780000400536,41.956379265047474,50.13197612154238,0.16466666666666668,0.8525782501998123,0.8525782501998123,41.956379265047474,41.956379265047474
LLA,Llivia,idw,pm,surface5,VWC_050,total,60,0.8146083954491526,0.8674631842178385,0.8301194248755088,-0.015511029426356182,59,0.20736626703004757,0.2343608414697814,0.8506274608296809,0.7812281550052393,41.956379265047474,50.13197612154238,0.19872916666666662,0.8146083954491526,0.8146083954491526,41.956379265047474,41.956379265047474
LLA,Llivia,idw,pm,surface15,VWC_005,upper,60,0.9106271874653592,0.7558210614059463,0.9195713859072899,-0.008944198441930729,59,0.39250240461057523,0.3816095410383463,0.9291154025651543,0.9110321590496737,84.53658483150497,50.13197612154238,0.16506249999999997,0.9106271874653592,0.9106271874653592,84.53658483150497,84.53658483150497
LLA,Llivia,idw,pm,surface15,VWC_005,total,60,0.9041288528210939,0.7647124201166993,0.9195713859072899,-0.01544253308619603,59,0.3681250853283932,0.3816095410383463,0.9223225921318953,0.9123589793986044,47.15840093121569,50.13197612154238,0.16506249999999997,0.9041288528210939,0.9041288528210939,47.15840093121569,47.15840093121569
LLA,Llivia,idw,pm,surface15,VWC_020,lower,60,0.7709856676316704,0.7282401812342308,0.88269172375574,-0.11170605612406959,59,0.3807650964516338,0.5385449804256015,0.8335579361435226,0.831912148571184,9.780389817643462,50.13197612154238,0.16466666666666668,0.7709856676316704,0.7709856676316704,9.780389817643462,9.780389817643462
LLA,Llivia,idw,pm,surface15,VWC_020,total,60,0.8466395018683193,0.7593325831878004,0.88269172375574,-0.03605222188742074,59,0.5169882989063503,0.5385449804256015,0.9249259238092927,0.7919747477673332,47.15840093121569,50.13197612154238,0.16466666666666668,0.8466395018683193,0.8466395018683193,47.15840093121569,47.15840093121569
LLA,Llivia,idw,pm,surface15,VWC_050,total,60,0.7986569375726656,0.7939427618782997,0.8301194248755088,-0.03146248730284318,59,0.22809514653286653,0.2343608414697814,0.8568994796051457,0.7774749630499186,47.15840093121569,50.13197612154238,0.19872916666666662,0.7986569375726656,0.7986569375726656,47.15840093121569,47.15840093121569
LLA,Llivia,idw,pm,bypass25,VWC_005,upper,60,0.8851424054197086,0.712920255626563,0.9195713859072899,-0.03442898048758136,59,0.3816020044093178,0.3816095410383463,0.9166884110971721,0.8747848583035239,80.61839246749088,50.13197612154238,0.16506249999999997,0.8851424054197086,0.8851424054197086,80.61839246749088,80.61839246749088
LLA,Llivia,idw,pm,bypass25,VWC_005,total,60,0.9049422426871031,0.793776048902473,0.9195713859072899,-0.014629143220186824,59,0.361763673978919,0.3816095410383463,0.9223782053635803,0.9210467054254305,46.37146398115717,50.13197612154238,0.16506249999999997,0.9049422426871031,0.9049422426871031,46.37146398115717,46.37146398115717
LLA,Llivia,idw,pm,bypass25,VWC_020,lower,60,0.8957237510494831,0.8454132456115343,0.88269172375574,0.013032027293743087,59,0.5265697035971422,0.5385449804256015,0.9207990963142103,0.8971501344936882,29.319514301426892,50.13197612154238,0.16466666666666668,0.8957237510494831,0.8957237510494831,29.319514301426892,29.319514301426892
LLA,Llivia,idw,pm,bypass25,VWC_020,total,60,0.8629493983811222,0.8017060532317624,0.88269172375574,-0.019742325374617842,59,0.5171744364336922,0.5385449804256015,0.9259742492158926,0.8114580415627218,46.37146398115717,50.13197612154238,0.16466666666666668,0.8629493983811222,0.8629493983811222,46.37146398115717,46.37146398115717
LLA,Llivia,idw,pm,bypass25,VWC_050,total,60,0.8201817367343427,0.8361211447624342,0.8301194248755088,-0.009937688141166134,59,0.22344634958505533,0.2343608414697814,0.8577427822125058,0.7983921897006592,46.37146398115717,50.13197612154238,0.19872916666666662,0.8201817367343427,0.8201817367343427,46.37146398115717,46.37146398115717
LLA,Llivia,gauge,hg,control,VWC_005,upper,60,0.8802088787791963,0.8033342595165325,0.8802088787791964,-1.1102230246251565e-16,59,0.3521793197256201,0.35217931972562005,0.844669815947849,0.9408469379780998,90.28379671654247,90.28379671654247,0.16506249999999997,0.8802088787791963,0.8802088787791963,90.28379671654247,90.28379671654247
LLA,Llivia,gauge,hg,control,VWC_005,total,60,0.8802088787791964,0.8033342595165325,0.8802088787791964,0.0,59,0.35217931972562,0.35217931972562005,0.8446698159478492,0.9408469379781,90.28379671654247,90.28379671654247,0.16506249999999997,0.8802088787791964,0.8802088787791964,90.28379671654247,90.28379671654247
LLA,Llivia,gauge,hg,control,VWC_020,lower,60,0.8436538084699161,0.7880909710537025,0.8436538084699161,0.0,59,0.35389129839142247,0.3538912983914224,0.8239140951508035,0.9018558984315466,90.28379671654245,90.28379671654247,0.16466666666666668,0.8436538084699161,0.8436538084699161,90.28379671654245,90.28379671654245
LLA,Llivia,gauge,hg,control,VWC_020,total,60,0.843653808469916,0.7880909710537025,0.8436538084699161,-1.1102230246251565e-16,59,0.35389129839142247,0.3538912983914224,0.8239140951508035,0.9018558984315467,90.28379671654247,90.28379671654247,0.16466666666666668,0.843653808469916,0.843653808469916,90.28379671654247,90.28379671654247
LLA,Llivia,gauge,hg,control,VWC_050,total,60,0.7445431678718187,0.781883856626841,0.7445431678718188,-1.1102230246251565e-16,59,0.10969914075627636,0.10969914075627657,0.7240931590322448,0.9222072070570949,90.28379671654247,90.28379671654247,0.19872916666666662,0.7445431678718187,0.7445431678718187,90.28379671654247,90.28379671654247
LLA,Llivia,gauge,hg,cascade,VWC_005,upper,60,0.7608870884734072,0.6253959433175884,0.8802088787791964,-0.11932179030578915,59,0.15014798581518762,0.35217931972562005,0.6529766906941102,0.9395537793779851,88.79862614607724,90.28379671654247,0.16506249999999997,0.7608870884734072,0.7608870884734072,88.79862614607724,88.79862614607724
LLA,Llivia,gauge,hg,cascade,VWC_005,total,60,0.8751663394732438,0.799388719088636,0.8802088787791964,-0.005042539305952554,59,0.3239357293050177,0.35217931972562005,0.8314577347645626,0.9489828716357593,90.28379640337012,90.28379671654247,0.16506249999999997,0.8751663394732438,0.8751663394732438,90.28379640337012,90.28379640337012
LLA,Llivia,gauge,hg,cascade,VWC_020,lower,60,0.8428015224559026,0.8504147043708218,0.8436538084699161,-0.000852286014013548,59,0.3436961285418354,0.3538912983914224,0.8397613765745153,0.8591926202843064,91.02638163192027,90.28379671654247,0.16466666666666668,0.8428015224559026,0.8428015224559026,91.02638163192027,91.02638163192027
LLA,Llivia,gauge,hg,cascade,VWC_020,total,60,0.8367516394471401,0.7820614346605617,0.8436538084699161,-0.006902169022775961,59,0.32618344863889526,0.3538912983914224,0.8093667933533271,0.908714645395178,90.28379640337012,90.28379671654247,0.16466666666666668,0.8367516394471401,0.8367516394471401,90.28379640337012,90.28379640337012
LLA,Llivia,gauge,hg,cascade,VWC_050,total,60,0.7341898650738483,0.7751597666018339,0.7445431678718188,-0.010353302797970532,59,0.09541484675778109,0.10969914075627657,0.7091049481641797,0.9259047918397203,90.28379640337012,90.28379671654247,0.19872916666666662,0.7341898650738483,0.7341898650738483,90.28379640337012,90.28379640337012
LLA,Llivia,gauge,hg,surface,VWC_005,upper,60,0.700490602177782,0.5866629619338707,0.8802088787791964,-0.17971827660141437,59,0.17938093318848963,0.35217931972562005,0.5893950600784049,0.9079369855548656,82.34586520201479,90.28379671654247,0.16506249999999997,0.700490602177782,0.700490602177782,82.34586520201479,82.34586520201479
LLA,Llivia,gauge,hg,surface,VWC_005,total,60,0.8816231089784998,0.8147818838566271,0.8802088787791964,0.0014142301993034234,59,0.3900398721343854,0.35217931972562005,0.8821817696815183,0.9162983628830105,91.05472138715851,90.28379671654247,0.16506249999999997,0.8816231089784998,0.8816231089784998,91.05472138715851,91.05472138715851
LLA,Llivia,gauge,hg,surface,VWC_020,lower,60,0.9023002033959628,0.8898428709232035,0.8436538084699161,0.05864639492604673,59,0.44938200905366693,0.3538912983914224,0.9112874297256888,0.9087088959285021,95.40937501652098,90.28379671654247,0.16466666666666668,0.9023002033959628,0.9023002033959628,95.40937501652098,95.40937501652098
LLA,Llivia,gauge,hg,surface,VWC_020,total,60,0.8789280589275372,0.8176551494974897,0.8436538084699161,0.035274250457621115,59,0.40094857292187497,0.3538912983914224,0.8637377595229114,0.9163031476208264,91.05472138715851,90.28379671654247,0.16466666666666668,0.8789280589275372,0.8789280589275372,91.05472138715851,91.05472138715851
LLA,Llivia,gauge,hg,surface,VWC_050,total,60,0.7944787285651453,0.8281189219227565,0.7445431678718188,0.0499355606933265,59,0.12563173524805687,0.10969914075627657,0.7602713060983655,0.9378797233345784,91.05472138715851,90.28379671654247,0.19872916666666662,0.7944787285651453,0.7944787285651453,91.05472138715851,91.05472138715851
LLA,Llivia,gauge,hg,surface5,VWC_005,upper,60,0.5634969256047652,0.45784940261183665,0.8802088787791964,-0.31671195317443124,59,0.09992024560164912,0.35217931972562005,0.4592466480659485,0.7253468935437926,71.79345823382002,90.28379671654247,0.16506249999999997,0.5634969256047652,0.5634969256047652,71.79345823382002,71.79345823382002
LLA,Llivia,gauge,hg,surface5,VWC_005,total,60,0.8863088211593537,0.8222839677688247,0.8802088787791964,0.006099942380157319,59,0.3968961327831235,0.35217931972562005,0.9032272079087248,0.9159645623316574,91.4729879452864,90.28379671654247,0.16506249999999997,0.8863088211593537,0.8863088211593537,91.4729879452864,91.4729879452864
LLA,Llivia,gauge,hg,surface5,VWC_020,lower,60,0.9131527282422468,0.8623904195111153,0.8436538084699161,0.06949891977233069,59,0.4468726241404086,0.3538912983914224,0.9085242592252077,0.9396640354602358,95.40928479526822,90.28379671654247,0.16466666666666668,0.9131527282422468,0.9131527282422468,95.40928479526822,95.40928479526822
LLA,Llivia,gauge,hg,surface5,VWC_020,total,60,0.8996527319484999,0.8315758763775061,0.8436538084699161,0.05599892347858382,59,0.41185330028456413,0.3538912983914224,0.8844310544588573,0.9409157123071697,91.4729879452864,90.28379671654247,0.16466666666666668,0.8996527319484999,0.8996527319484999,91.4729879452864,91.4729879452864
LLA,Llivia,gauge,hg,surface5,VWC_050,total,60,0.8150030073889127,0.8427340928035567,0.7445431678718188,0.07045983951709389,59,0.12380556756824307,0.10969914075627657,0.775063331100461,0.9558220122619928,91.4729879452864,90.28379671654247,0.19872916666666662,0.8150030073889127,0.8150030073889127,91.4729879452864,91.4729879452864
LLA,Llivia,gauge,hg,surface15,VWC_005,upper,60,0.8097958259577702,0.6997499305362601,0.8802088787791964,-0.07041305282142618,59,0.26279716251277363,0.35217931972562005,0.730009848763004,0.9437627460534304,86.1199261395725,90.28379671654247,0.16506249999999997,0.8097958259577702,0.8097958259577702,86.1199261395725,86.1199261395725
LLA,Llivia,gauge,hg,surface15,VWC_005,total,60,0.8826280833962455,0.8103917754931926,0.8802088787791964,0.002419204617049142,59,0.3764261706558608,0.35217931972562005,0.8683850693421613,0.9273236242646757,90.76460684855826,90.28379671654247,0.16506249999999997,0.8826280833962455,0.8826280833962455,90.76460684855826,90.76460684855826
LLA,Llivia,gauge,hg,surface15,VWC_020,lower,60,0.9027140443197349,0.8898428709232035,0.8436538084699161,0.05906023584981879,59,0.45263679257070427,0.3538912983914224,0.9119370796857533,0.9087088959285022,95.40939696403244,90.28379671654247,0.16466666666666668,0.9027140443197349,0.9027140443197349,95.40939696403244,95.40939696403244
LLA,Llivia,gauge,hg,surface15,VWC_020,total,60,0.8668660810162012,0.8036232790894892,0.8436538084699161,0.023212272546285107,59,0.383956914896321,0.3538912983914224,0.8489365732730862,0.9107018298908197,90.76460684855826,90.28379671654247,0.16466666666666668,0.8668660810162012,0.8668660810162012,90.76460684855826,90.76460684855826
LLA,Llivia,gauge,hg,surface15,VWC_050,total,60,0.777341588724959,0.8078355098638512,0.7445431678718188,0.03279842085314011,59,0.12036982697811256,0.10969914075627657,0.746858134574779,0.9321690301587433,90.76460684855826,90.28379671654247,0.19872916666666662,0.777341588724959,0.777341588724959,90.76460684855826,90.76460684855826
LLA,Llivia,gauge,hg,bypass25,VWC_005,upper,60,0.7484356917986801,0.6476243400944708,0.8802088787791964,-0.13177318698051632,59,0.2301193264571349,0.35217931972562005,0.6552575737506974,0.9069170876746198,82.47089347995839,90.28379671654247,0.16506249999999997,0.7484356917986801,0.7484356917986801,82.47089347995839,82.47089347995839
LLA,Llivia,gauge,hg,bypass25,VWC_005,total,60,0.8885056240925538,0.8185051403167548,0.8802088787791964,0.008296745313357445,59,0.37500355133144603,0.35217931972562005,0.8816917759323923,0.9359147713662248,90.638801199751,90.28379671654247,0.16506249999999997,0.8885056240925538,0.8885056240925538,90.638801199751,90.638801199751
LLA,Llivia,gauge,hg,bypass25,VWC_020,lower,60,0.9187019377419852,0.8438850221017523,0.8436538084699161,0.07504812927206905,59,0.44219907702913297,0.3538912983914224,0.9103927876064062,0.9558172921019313,94.81901370524446,90.28379671654247,0.16466666666666668,0.9187019377419852,0.9187019377419852,94.81901370524446,94.81901370524446
LLA,Llivia,gauge,hg,bypass25,VWC_020,total,60,0.882287901790406,0.813709554254052,0.8436538084699161,0.03863409332048984,59,0.3873218720077911,0.3538912983914224,0.8612687747418609,0.9308401578831232,90.638801199751,90.28379671654247,0.16466666666666668,0.882287901790406,0.882287901790406,90.638801199751,90.638801199751
LLA,Llivia,gauge,hg,bypass25,VWC_050,total,60,0.7919650850865034,0.8152264517921646,0.7445431678718188,0.047421917214684584,59,0.11540869226299855,0.10969914075627657,0.7544641642819001,0.9464099555967251,90.638801199751,90.28379671654247,0.19872916666666662,0.7919650850865034,0.7919650850865034,90.638801199751,90.638801199751
LLA,Llivia,gauge,pm,control,VWC_005,upper,60,0.8974802840366264,0.8117254792998057,0.8974802840366263,1.1102230246251565e-16,59,0.3435725534309554,0.3435725534309557,0.8695443307344164,0.9579004606729942,91.50077043427322,91.50077043427322,0.16506249999999997,0.8974802840366264,0.8974802840366264,91.50077043427322,91.50077043427322
LLA,Llivia,gauge,pm,control,VWC_005,total,60,0.8974802840366263,0.8117254792998057,0.8974802840366263,0.0,59,0.3435725534309553,0.3435725534309557,0.8695443307344164,0.9579004606729943,91.50077043427322,91.50077043427322,0.16506249999999997,0.8974802840366263,0.8974802840366263,91.50077043427322,91.50077043427322
LLA,Llivia,gauge,pm,control,VWC_020,lower,60,0.8681391871437543,0.7940371498008552,0.8681391871437542,1.1102230246251565e-16,59,0.33755236252183163,0.33755236252183185,0.8447273788931413,0.9296265485593782,91.50077043427322,91.50077043427322,0.16466666666666668,0.8681391871437543,0.8681391871437543,91.50077043427322,91.50077043427322
LLA,Llivia,gauge,pm,control,VWC_020,total,60,0.868139187143754,0.7940371498008552,0.8681391871437542,-1.1102230246251565e-16,59,0.33755236252183135,0.33755236252183185,0.8447273788931413,0.9296265485593785,91.50077043427322,91.50077043427322,0.16466666666666668,0.868139187143754,0.868139187143754,91.50077043427322,91.50077043427322
LLA,Llivia,gauge,pm,control,VWC_050,total,60,0.7656723313565762,0.7876632397888303,0.7656723313565763,-1.1102230246251565e-16,59,0.09961298494283824,0.09961298494283845,0.7357569161372413,0.9413538211956666,91.50077043427322,91.50077043427322,0.19872916666666662,0.7656723313565762,0.7656723313565762,91.50077043427322,91.50077043427322
LLA,Llivia,gauge,pm,cascade,VWC_005,upper,60,0.7647271764512827,0.6410669630452905,0.8974802840366263,-0.13275310758534353,59,0.13558682011941162,0.3435725534309557,0.6656904353682791,0.9322731073638122,89.95071101002671,91.50077043427322,0.16506249999999997,0.7647271764512827,0.7647271764512827,89.95071101002671,89.95071101002671
LLA,Llivia,gauge,pm,cascade,VWC_005,total,60,0.8928493239776227,0.8057238121700474,0.8974802840366263,-0.004630960059003542,59,0.32778327036916743,0.3435725534309557,0.8597999143188768,0.9611077337015402,91.50076924021145,91.50077043427322,0.16506249999999997,0.8928493239776227,0.8928493239776227,91.50076924021145,91.50076924021145
LLA,Llivia,gauge,pm,cascade,VWC_020,lower,60,0.8790174183125954,0.8526375749305051,0.8681391871437542,0.010878231168841235,59,0.33858616266155517,0.33755236252183185,0.8740055380646687,0.900973560846779,92.45191422281296,91.50077043427322,0.16466666666666668,0.8790174183125954,0.8790174183125954,92.45191422281296,92.45191422281296
LLA,Llivia,gauge,pm,cascade,VWC_020,total,60,0.8620405992929715,0.7852845969721024,0.8681391871437542,-0.006098587850782655,59,0.3215599262320362,0.33755236252183185,0.833919004412938,0.9321800701684286,91.50076924021145,91.50077043427322,0.16466666666666668,0.8620405992929715,0.8620405992929715,91.50076924021145,91.50076924021145
LLA,Llivia,gauge,pm,cascade,VWC_050,total,60,0.7575894018986757,0.7774381772714645,0.7656723313565763,-0.008082929457900567,59,0.09157967149810498,0.09961298494283845,0.7252868936675255,0.9420043879148009,91.50076924021145,91.50077043427322,0.19872916666666662,0.7575894018986757,0.7575894018986757,91.50076924021145,91.50076924021145
LLA,Llivia,gauge,pm,surface,VWC_005,upper,60,0.729689671178869,0.6068352320088914,0.8974802840366263,-0.16779061285775732,59,0.180318429536318,0.3435725534309557,0.629068959984656,0.9206734947555889,84.75058884055724,91.50077043427322,0.16506249999999997,0.729689671178869,0.729689671178869,84.75058884055724,84.75058884055724
LLA,Llivia,gauge,pm,surface,VWC_005,total,60,0.8874400078376337,0.8216726868574605,0.8974802840366263,-0.010040276198992615,59,0.3788998924004169,0.3435725534309557,0.8967549062755268,0.9351877054443978,92.35182910960428,91.50077043427322,0.16506249999999997,0.8874400078376337,0.8874400078376337,92.35182910960428,92.35182910960428
LLA,Llivia,gauge,pm,surface,VWC_020,lower,60,0.9041101860275257,0.8593061866095547,0.8681391871437542,0.03597099888377153,59,0.4176357332826828,0.33755236252183185,0.9188472014143387,0.9341306147972059,96.15276007051287,91.50077043427322,0.16466666666666668,0.9041101860275257,0.9041101860275257,96.15276007051287,96.15276007051287
LLA,Llivia,gauge,pm,surface,VWC_020,total,60,0.8897652848139237,0.8247961211704722,0.8681391871437542,0.021626097670169542,59,0.3822176543011358,0.33755236252183185,0.8742926377141438,0.9402336265275493,92.35182910960428,91.50077043427322,0.16466666666666668,0.8897652848139237,0.8897652848139237,92.35182910960428,92.35182910960428
LLA,Llivia,gauge,pm,surface,VWC_050,total,60,0.8055601517771452,0.8308974715198667,0.7656723313565763,0.03988782042056893,59,0.11564483562453859,0.09961298494283845,0.7634857775287356,0.9547408586393917,92.35182910960428,91.50077043427322,0.19872916666666662,0.8055601517771452,0.8055601517771452,92.35182910960428,92.35182910960428
LLA,Llivia,gauge,pm,surface5,VWC_005,upper,60,0.6009693201149953,0.4900805779383163,0.8974802840366263,-0.296510963921631,59,0.11508499302186583,0.3435725534309557,0.5071969572657763,0.7471937438617473,75.75845655603385,91.50077043427322,0.16506249999999997,0.6009693201149953,0.6009693201149953,75.75845655603385,75.75845655603385
LLA,Llivia,gauge,pm,surface5,VWC_005,total,60,0.8844431804232273,0.8258960822450683,0.8974802840366263,-0.013037103613398937,59,0.3839350826090925,0.3435725534309557,0.9131419652894164,0.9325973284008947,92.75300348409601,91.50077043427322,0.16506249999999997,0.8844431804232273,0.8844431804232273,92.75300348409601,92.75300348409601
LLA,Llivia,gauge,pm,surface5,VWC_020,lower,60,0.9150229386874228,0.8673085206244145,0.8681391871437542,0.04688375154366864,59,0.424672926952089,0.33755236252183185,0.914172582415473,0.9664121139622759,96.15259669791075,91.50077043427322,0.16466666666666668,0.9150229386874228,0.9150229386874228,96.15259669791075,96.15259669791075
LLA,Llivia,gauge,pm,surface5,VWC_020,total,60,0.9033121039043603,0.8373275539506865,0.8681391871437542,0.03517291676060619,59,0.39401946858596126,0.33755236252183185,0.8905778096056401,0.9617155855184547,92.75300348409601,91.50077043427322,0.16466666666666668,0.9033121039043603,0.9033121039043603,92.75300348409601,92.75300348409601
LLA,Llivia,gauge,pm,surface5,VWC_050,total,60,0.8208549784473034,0.8494026118366214,0.7656723313565763,0.055182647090727066,59,0.11240974509274981,0.09961298494283845,0.7747573552433619,0.9687711547349259,92.75300348409601,91.50077043427322,0.19872916666666662,0.8208549784473034,0.8208549784473034,92.75300348409601,92.75300348409601
LLA,Llivia,gauge,pm,surface15,VWC_005,upper,60,0.8370590252235661,0.7261461517088081,0.8974802840366263,-0.06042125881306015,59,0.2662201846142582,0.3435725534309557,0.7672270450393883,0.9583229752444349,87.91741870271619,91.50077043427322,0.16506249999999997,0.8370590252235661,0.8370590252235661,87.91741870271619,87.91741870271619
LLA,Llivia,gauge,pm,surface15,VWC_005,total,60,0.8922571327043698,0.8199499861072521,0.8974802840366263,-0.0052231513322564815,59,0.36548249472096195,0.3435725534309557,0.8860277592722445,0.9449690834821506,92.03505728735611,91.50077043427322,0.16506249999999997,0.8922571327043698,0.8922571327043698,92.03505728735611,92.03505728735611
LLA,Llivia,gauge,pm,surface15,VWC_020,lower,60,0.9007243855502363,0.8886758638793699,0.8681391871437542,0.03258519840648211,59,0.41132068820152445,0.33755236252183185,0.9162920518207127,0.9286710944962443,96.15285540836356,91.50077043427322,0.16466666666666668,0.9007243855502363,0.9007243855502363,96.15285540836356,96.15285540836356
LLA,Llivia,gauge,pm,surface15,VWC_020,total,60,0.882112892999491,0.8136539824900599,0.8681391871437542,0.013973705855736873,59,0.3649453697149577,0.33755236252183185,0.8626194483606504,0.9351389250270812,92.03505728735611,91.50077043427322,0.16466666666666668,0.882112892999491,0.882112892999491,92.03505728735611,92.03505728735611
LLA,Llivia,gauge,pm,surface15,VWC_050,total,60,0.7916421587972835,0.8165601555987776,0.7656723313565763,0.025969827440707194,59,0.10985567617427952,0.09961298494283845,0.7527475857583552,0.9492132781045906,92.03505728735611,91.50077043427322,0.19872916666666662,0.7916421587972835,0.7916421587972835,92.03505728735611,92.03505728735611
LLA,Llivia,gauge,pm,bypass25,VWC_005,upper,60,0.7844234919591129,0.6657960544595722,0.8974802840366263,-0.1130567920775134,59,0.24135025879468439,0.3435725534309557,0.7030959031803615,0.9299765712154311,84.92954111072922,91.50077043427322,0.16506249999999997,0.7844234919591129,0.7844234919591129,84.92954111072922,84.92954111072922
LLA,Llivia,gauge,pm,bypass25,VWC_005,total,60,0.8908006421566643,0.8245623784384553,0.8974802840366263,-0.006679641879961951,59,0.3619956740104091,0.3435725534309557,0.894210048308562,0.9485439025276279,91.84459100481499,91.50077043427322,0.16506249999999997,0.8908006421566643,0.8908006421566643,91.84459100481499,91.84459100481499
LLA,Llivia,gauge,pm,bypass25,VWC_020,lower,60,0.9154676226722911,0.8416621515420689,0.8681391871437542,0.04732843552853694,59,0.4070771281905523,0.33755236252183185,0.9136127009883674,0.9743101904152404,95.42241387311186,91.50077043427322,0.16466666666666668,0.9154676226722911,0.9154676226722911,95.42241387311186,95.42241387311186
LLA,Llivia,gauge,pm,bypass25,VWC_020,total,60,0.890337339128922,0.8221564623808483,0.8681391871437542,0.022198151985167835,59,0.36712144756508586,0.33755236252183185,0.8703063648143192,0.9488075397956268,91.84459100481499,91.50077043427322,0.16466666666666668,0.890337339128922,0.890337339128922,91.84459100481499,91.84459100481499
LLA,Llivia,gauge,pm,bypass25,VWC_050,total,60,0.8014860079327587,0.8236176715754377,0.7656723313565763,0.035813676576182396,59,0.10470692755942598,0.09961298494283845,0.7573851014498059,0.9576263255128282,91.84459100481499,91.50077043427322,0.19872916666666662,0.8014860079327587,0.8014860079327587,91.84459100481499,91.84459100481499
CLLA,Clarella,idw,hg,control,VWC_005,upper,51,0.7175066136540912,0.7198190045248869,0.7175066136540915,-3.3306690738754696e-16,50,0.2164352431100181,0.21643524311001833,0.6406513047643098,0.33946946102953596,88.20165054075706,88.20165054075707,0.14850000000000002,0.7175066136540912,0.7175066136540912,88.20165054075706,88.20165054075706
CLLA,Clarella,idw,hg,control,VWC_005,total,51,0.7175066136540914,0.7198190045248869,0.7175066136540915,-1.1102230246251565e-16,50,0.216435243110018,0.21643524311001833,0.6406513047643099,0.3394694610295367,88.20165054075707,88.20165054075707,0.14850000000000002,0.7175066136540914,0.7175066136540914,88.20165054075707,88.20165054075707
CLLA,Clarella,idw,hg,control,VWC_020,lower,51,0.9433304527298125,0.808117830926985,0.9433304527298123,2.220446049250313e-16,50,0.38639457750212325,0.38639457750212336,0.9307165617871367,0.36182425993288064,88.20165054075706,88.20165054075707,0.23843749999999997,0.9433304527298125,0.9433304527298125,88.20165054075706,88.20165054075706
CLLA,Clarella,idw,hg,control,VWC_020,total,51,0.9433304527298125,0.808117830926985,0.9433304527298123,2.220446049250313e-16,50,0.3863945775021233,0.38639457750212336,0.9307165617871367,0.3618242599328803,88.20165054075707,88.20165054075707,0.23843749999999997,0.9433304527298125,0.9433304527298125,88.20165054075707,88.20165054075707
CLLA,Clarella,idw,hg,control,VWC_050,total,51,0.8671565815091486,0.8033673787572827,0.8671565815091488,-1.1102230246251565e-16,50,0.27059886841573877,0.2705988684157388,0.8420179200876294,0.35492577902218014,88.20165054075707,88.20165054075707,0.17093750000000005,0.8671565815091486,0.8671565815091486,88.20165054075707,88.20165054075707
CLLA,Clarella,idw,hg,cascade,VWC_005,upper,51,0.5349038633598293,0.46714932126696834,0.7175066136540915,-0.1826027502942622,50,0.11266971949384429,0.21643524311001833,0.5910464058772497,-0.24852633364513188,87.20951850998348,88.20165054075707,0.14850000000000002,0.5349038633598293,0.5349038633598293,87.20951850998348,87.20951850998348
CLLA,Clarella,idw,hg,cascade,VWC_005,total,51,0.7167638987818363,0.7150226244343891,0.7175066136540915,-0.0007427148722551902,50,0.21634846317775036,0.21643524311001833,0.6414186230901755,0.31903098015935577,88.2014133704681,88.20165054075707,0.14850000000000002,0.7167638987818363,0.7167638987818363,88.2014133704681,88.2014133704681
CLLA,Clarella,idw,hg,cascade,VWC_020,lower,51,0.9644672597872035,0.9936423903536404,0.9433304527298123,0.021136807057391183,50,0.38638110868163966,0.38639457750212336,0.9403045077552457,0.993597785521433,89.23435911918818,88.20165054075707,0.23843749999999997,0.9644672597872035,0.9644672597872035,89.23435911918818,89.23435911918818
CLLA,Clarella,idw,hg,cascade,VWC_020,total,51,0.9424474849036255,0.8028688433919869,0.9433304527298123,-0.0008829678261867979,50,0.38605491519352525,0.38639457750212336,0.9307127839321393,0.34120632447604493,88.2014133704681,88.20165054075707,0.23843749999999997,0.9424474849036255,0.9424474849036255,88.2014133704681,88.2014133704681
CLLA,Clarella,idw,hg,cascade,VWC_050,total,51,0.8660107050469719,0.7975288214694128,0.8671565815091488,-0.001145876462176898,50,0.27039532254082654,0.2705988684157388,0.8425453999367787,0.3336425812201181,88.2014133704681,88.20165054075707,0.17093750000000005,0.8660107050469719,0.8660107050469719,88.2014133704681,88.2014133704681
CLLA,Clarella,idw,hg,surface,VWC_005,upper,51,0.353068129139426,0.33520361990950226,0.7175066136540915,-0.36443848451466554,50,0.0560250249701444,0.21643524311001833,0.3592148047286073,-0.39354701783378343,80.82703109036221,88.20165054075707,0.14850000000000002,0.353068129139426,0.353068129139426,80.82703109036221,80.82703109036221
CLLA,Clarella,idw,hg,surface,VWC_005,total,51,0.7926285360091528,0.8127601809954751,0.7175066136540915,0.07512192235506132,50,0.2211271128278705,0.21643524311001833,0.7228657285637368,0.7262211111565762,88.83720696098173,88.20165054075707,0.14850000000000002,0.7926285360091528,0.7926285360091528,88.83720696098173,88.83720696098173
CLLA,Clarella,idw,hg,surface,VWC_020,lower,51,0.9381396908604271,0.9939138897088989,0.9433304527298123,-0.005190761869385163,50,0.4134628462392965,0.38639457750212336,0.9206455781728491,0.9781546871049007,94.2759477674239,88.20165054075707,0.23843749999999997,0.9381396908604271,0.9381396908604271,94.2759477674239,94.2759477674239
CLLA,Clarella,idw,hg,surface,VWC_020,total,51,0.9441695726251449,0.9029616056972947,0.9433304527298123,0.0008391198953325851,50,0.3725286506435506,0.38639457750212336,0.9268576249683942,0.7387485671636347,88.83720696098173,88.20165054075707,0.23843749999999997,0.9441695726251449,0.9441695726251449,88.83720696098173,88.83720696098173
CLLA,Clarella,idw,hg,surface,VWC_050,total,51,0.9166636929429872,0.9012197884966204,0.8671565815091488,0.04950711143383846,50,0.263366975195985,0.2705988684157388,0.8901079293666501,0.7464185879620828,88.83720696098173,88.20165054075707,0.17093750000000005,0.9166636929429872,0.9166636929429872,88.83720696098173,88.83720696098173
CLLA,Clarella,idw,hg,surface5,VWC_005,upper,51,0.11434045931534328,0.1724886877828054,0.7175066136540915,-0.6031661543387482,50,-0.02451906669016113,0.21643524311001833,0.2116889618303478,-0.4033454490597529,85.07755580659182,88.20165054075707,0.14850000000000002,0.11434045931534328,0.11434045931534328,85.07755580659182,85.07755580659182
CLLA,Clarella,idw,hg,surface5,VWC_005,total,51,0.8266829283651521,0.8378280542986425,0.7175066136540915,0.1091763147110606,50,0.23180588648250822,0.21643524311001833,0.7648258812309245,0.8210584631425778,89.49954183398826,88.20165054075707,0.14850000000000002,0.8266829283651521,0.8266829283651521,89.49954183398826,89.49954183398826
CLLA,Clarella,idw,hg,surface5,VWC_020,lower,51,0.9421458639946936,0.9851806604480832,0.9433304527298123,-0.00118458873511873,50,0.426850528591277,0.38639457750212336,0.9215221860900519,0.9797975606055818,94.27594776742392,88.20165054075707,0.23843749999999997,0.9421458639946936,0.9421458639946936,94.27594776742392,94.27594776742392
CLLA,Clarella,idw,hg,surface5,VWC_020,total,51,0.9404102569558206,0.9290255438021126,0.9433304527298123,-0.0029201957739917184,50,0.37997764901660824,0.38639457750212336,0.9215585540341736,0.8309839540183805,89.49954183398826,88.20165054075707,0.23843749999999997,0.9404102569558206,0.9404102569558206,89.49954183398826,89.49954183398826
CLLA,Clarella,idw,hg,surface5,VWC_050,total,51,0.9360191405339131,0.9279232675651725,0.8671565815091488,0.06886255902476435,50,0.2746700446147322,0.2705988684157388,0.9116219633099014,0.8414940666262042,89.49954183398826,88.20165054075707,0.17093750000000005,0.9360191405339131,0.9360191405339131,89.49954183398826,89.49954183398826
CLLA,Clarella,idw,hg,surface15,VWC_005,upper,51,0.5029729653837136,0.4741176470588235,0.7175066136540915,-0.2145336482703779,50,0.10198249331806467,0.21643524311001833,0.4412432849359741,-0.27620222693063945,84.49302797767922,88.20165054075707,0.14850000000000002,0.5029729653837136,0.5029729653837136,84.49302797767922,84.49302797767922
CLLA,Clarella,idw,hg,surface15,VWC_005,total,51,0.7661350856184943,0.7831674208144797,0.7175066136540915,0.048628471964402786,50,0.21781172768994758,0.21643524311001833,0.6936695300033628,0.6064494046738098,88.53202288275699,88.20165054075707,0.14850000000000002,0.7661350856184943,0.7661350856184943,88.53202288275699,88.53202288275699
CLLA,Clarella,idw,hg,surface15,VWC_020,lower,51,0.9333536789443588,0.9930088918580372,0.9433304527298123,-0.009976773785453474,50,0.37751061985114237,0.38639457750212336,0.9142006310610582,0.9781546871049007,94.2759477674239,88.20165054075707,0.23843749999999997,0.9333536789443588,0.9333536789443588,94.2759477674239,94.2759477674239
CLLA,Clarella,idw,hg,surface15,VWC_020,total,51,0.9452172114628379,0.8735039256517452,0.9433304527298123,0.001886758733025573,50,0.3714578327005046,0.38639457750212336,0.9294391201158949,0.6223138233072154,88.53202288275699,88.20165054075707,0.23843749999999997,0.9452172114628379,0.9452172114628379,88.53202288275699,88.53202288275699
CLLA,Clarella,idw,hg,surface15,VWC_050,total,51,0.8993869579900142,0.8699450358926046,0.8671565815091488,0.032230376480865464,50,0.2595859312558387,0.2705988684157388,0.8734564727685522,0.625049290041201,88.53202288275699,88.20165054075707,0.17093750000000005,0.8993869579900142,0.8993869579900142,88.53202288275699,88.53202288275699
CLLA,Clarella,idw,hg,bypass25,VWC_005,upper,51,0.40628845571023564,0.38660633484162893,0.7175066136540915,-0.3112181579438559,50,0.06757307945894732,0.21643524311001833,0.3517452056803029,-0.3691706066911758,80.97299655914814,88.20165054075707,0.14850000000000002,0.40628845571023564,0.40628845571023564,80.97299655914814,80.97299655914814
CLLA,Clarella,idw,hg,bypass25,VWC_005,total,51,0.7925486498999845,0.8003619909502261,0.7175066136540915,0.075042036245893,50,0.2188582805558767,0.21643524311001833,0.724706642459929,0.7063525622032423,88.57938167833325,88.20165054075707,0.14850000000000002,0.7925486498999845,0.7925486498999845,88.57938167833325,88.57938167833325
CLLA,Clarella,idw,hg,bypass25,VWC_020,lower,51,0.9350158223210037,0.9703386956939507,0.9433304527298123,-0.008314630408808643,50,0.4087070148731314,0.38639457750212336,0.9132766273586221,0.9697593855903367,93.63068782360817,88.20165054075707,0.23843749999999997,0.9350158223210037,0.9350158223210037,93.63068782360817,93.63068782360817
CLLA,Clarella,idw,hg,bypass25,VWC_020,total,51,0.9412766350795406,0.8923731308422125,0.9433304527298123,-0.002053817650271683,50,0.37189829842788985,0.38639457750212336,0.924540925216384,0.7168177197907486,88.57938167833325,88.20165054075707,0.23843749999999997,0.9412766350795406,0.9412766350795406,88.57938167833325,88.57938167833325
CLLA,Clarella,idw,hg,bypass25,VWC_050,total,51,0.9151540045812026,0.888999552312707,0.8671565815091488,0.04799742307205379,50,0.2631232995125721,0.2705988684157388,0.8913623246406126,0.7237128310393806,88.57938167833325,88.20165054075707,0.17093750000000005,0.9151540045812026,0.9151540045812026,88.57938167833325,88.57938167833325
CLLA,Clarella,idw,pm,control,VWC_005,upper,51,0.7233864033095736,0.7259728506787331,0.7233864033095737,-1.1102230246251565e-16,50,0.21975002503728247,0.21975002503728244,0.6495078833043408,0.3468353564540082,88.61677701043908,88.61677701043908,0.14850000000000002,0.7233864033095736,0.7233864033095736,88.61677701043908,88.61677701043908
CLLA,Clarella,idw,pm,control,VWC_005,total,51,0.7233864033095734,0.7259728506787331,0.7233864033095737,-3.3306690738754696e-16,50,0.2197500250372823,0.21975002503728244,0.6495078833043404,0.34683535645400776,88.61677701043911,88.61677701043908,0.14850000000000002,0.7233864033095734,0.7233864033095734,88.61677701043911,88.61677701043911
CLLA,Clarella,idw,pm,control,VWC_020,lower,51,0.9432806084699179,0.8146338154531895,0.9432806084699179,0.0,50,0.3945452773802736,0.3945452773802734,0.9319850048631462,0.36757716605861745,88.6167770104391,88.61677701043908,0.23843749999999997,0.9432806084699179,0.9432806084699179,88.6167770104391,88.6167770104391
CLLA,Clarella,idw,pm,control,VWC_020,total,51,0.9432806084699177,0.8146338154531895,0.9432806084699179,-2.220446049250313e-16,50,0.39454527738027356,0.3945452773802734,0.9319850048631462,0.36757716605861757,88.61677701043911,88.61677701043908,0.23843749999999997,0.9432806084699177,0.9432806084699177,88.61677701043911,88.61677701043911
CLLA,Clarella,idw,pm,control,VWC_050,total,51,0.870895433035047,0.8099753583233991,0.8708954330350474,-3.3306690738754696e-16,50,0.27978709653259315,0.27978709653259304,0.8488214068478239,0.3612438235983819,88.61677701043911,88.61677701043908,0.17093750000000005,0.870895433035047,0.870895433035047,88.61677701043911,88.61677701043911
CLLA,Clarella,idw,pm,cascade,VWC_005,upper,51,0.5315861949703671,0.45565610859728506,0.7233864033095737,-0.19180020833920663,50,0.11506402833837179,0.21975002503728244,0.6004169523315849,-0.2549213056402405,87.43019290820702,88.61677701043908,0.14850000000000002,0.5315861949703671,0.5315861949703671,87.43019290820702,87.43019290820702
CLLA,Clarella,idw,pm,cascade,VWC_005,total,51,0.7226971974305089,0.7152941176470587,0.7233864033095737,-0.000689205879064847,50,0.219649824541797,0.21975002503728244,0.65048349928738,0.32579275100941063,88.61642089923453,88.61677701043908,0.14850000000000002,0.7226971974305089,0.7226971974305089,88.61642089923453,88.61642089923453
CLLA,Clarella,idw,pm,cascade,VWC_020,lower,51,0.9650380715576039,0.9934613907834681,0.9432806084699179,0.021757463087686002,50,0.395493293983023,0.3945452773802734,0.9419441920312044,0.9922152830354318,89.74981832163296,88.61677701043908,0.23843749999999997,0.9650380715576039,0.9650380715576039,89.74981832163296,89.74981832163296
CLLA,Clarella,idw,pm,cascade,VWC_020,total,51,0.9422756100651268,0.8038643410279348,0.9432806084699179,-0.0010049984047910687,50,0.39415756004407654,0.3945452773802734,0.931920875533139,0.3463197608736145,88.61642089923453,88.61677701043908,0.23843749999999997,0.9422756100651268,0.9422756100651268,88.61642089923453,88.61642089923453
CLLA,Clarella,idw,pm,cascade,VWC_050,total,51,0.8697188681865898,0.7984792842837173,0.8708954330350474,-0.0011765648484575175,50,0.2795655411241311,0.27978709653259304,0.8494852579893717,0.3392365882539093,88.61642089923453,88.61677701043908,0.17093750000000005,0.8697188681865898,0.8697188681865898,88.61642089923453,88.61642089923453
CLLA,Clarella,idw,pm,surface,VWC_005,upper,51,0.3500964788808384,0.323710407239819,0.7233864033095737,-0.3732899244287353,50,0.061047553794588746,0.21975002503728244,0.3661314468510286,-0.40380662862791694,81.60815805529279,88.61677701043908,0.14850000000000002,0.3500964788808384,0.3500964788808384,81.60815805529279,81.60815805529279
CLLA,Clarella,idw,pm,surface,VWC_005,total,51,0.7956846282491071,0.8067873303167421,0.7233864033095737,0.07229822493953342,50,0.2236239860248711,0.21975002503728244,0.7282108753135754,0.7189102642441396,89.18859930556634,88.61677701043908,0.14850000000000002,0.7956846282491071,0.7956846282491071,89.18859930556634,89.18859930556634
CLLA,Clarella,idw,pm,surface,VWC_020,lower,51,0.9343791634328107,0.9937328901387267,0.9432806084699179,-0.008901445037107214,50,0.41859616187065485,0.3945452773802734,0.9167992803898934,0.977874618357982,94.47926136149091,88.61677701043908,0.23843749999999997,0.9343791634328107,0.9343791634328107,94.47926136149091,94.47926136149091
CLLA,Clarella,idw,pm,surface,VWC_020,total,51,0.9423352285142654,0.8959478723531162,0.9432806084699179,-0.00094537995565247,50,0.38061207036677264,0.3945452773802734,0.9258825580572912,0.7305991333305829,89.18859930556634,88.61677701043908,0.23843749999999997,0.9423352285142654,0.9423352285142654,89.18859930556634,89.18859930556634
CLLA,Clarella,idw,pm,surface,VWC_050,total,51,0.9178444320938637,0.8935708258481708,0.8708954330350474,0.04694899905881633,50,0.2723983050511036,0.27978709653259304,0.8941059235981217,0.7381438658246889,89.18859930556634,88.61677701043908,0.17093750000000005,0.9178444320938637,0.9178444320938637,89.18859930556634,89.18859930556634
CLLA,Clarella,idw,pm,surface5,VWC_005,upper,51,0.1050943263357608,0.15511312217194567,0.7233864033095737,-0.6182920769738129,50,-0.019826539634298812,0.21975002503728244,0.2148602611222692,-0.4196980990867523,86.0208588690288,88.61677701043908,0.14850000000000002,0.1050943263357608,0.1050943263357608,86.0208588690288,86.0208588690288
CLLA,Clarella,idw,pm,surface5,VWC_005,total,51,0.8295364251192914,0.834841628959276,0.7233864033095737,0.10615002180971767,50,0.23334461882367402,0.21975002503728244,0.7693396892567773,0.8166554663533521,89.83484372625868,88.61677701043908,0.14850000000000002,0.8295364251192914,0.8295364251192914,89.83484372625868,89.83484372625868
CLLA,Clarella,idw,pm,surface5,VWC_020,lower,51,0.9385305924091325,0.9849996608779109,0.9432806084699179,-0.0047500160607854,50,0.43133431330490674,0.3945452773802734,0.917751583561679,0.979549753127378,94.47926136149091,88.61677701043908,0.23843749999999997,0.9385305924091325,0.9385305924091325,94.47926136149091,94.47926136149091
CLLA,Clarella,idw,pm,surface5,VWC_020,total,51,0.9376288430795636,0.9248173037956054,0.9432806084699179,-0.00565176539035428,50,0.3863968187869013,0.3945452773802734,0.9192650816143754,0.8257998785140903,89.83484372625868,88.61677701043908,0.23843749999999997,0.9376288430795636,0.9376288430795636,89.83484372625868,89.83484372625868
CLLA,Clarella,idw,pm,surface5,VWC_050,total,51,0.9367243063951654,0.9228088724215345,0.8708954330350474,0.065828873360118,50,0.28208162823696814,0.27978709653259304,0.9145826878968879,0.8364441395695614,89.83484372625868,88.61677701043908,0.17093750000000005,0.9367243063951654,0.9367243063951654,89.83484372625868,89.83484372625868
CLLA,Clarella,idw,pm,surface15,VWC_005,upper,51,0.5053328674070928,0.4664253393665158,0.7233864033095737,-0.2180535359024809,50,0.1064048935770203,0.21975002503728244,0.4495487874463121,-0.2802883863784808,84.96495683733468,88.61677701043908,0.14850000000000002,0.5053328674070928,0.5053328674070928,84.96495683733468,84.96495683733468
CLLA,Clarella,idw,pm,surface15,VWC_005,total,51,0.7698032284385896,0.7754751131221719,0.7233864033095737,0.046416825129015904,50,0.22073610633047303,0.21975002503728244,0.6999591143576197,0.5998016472413875,88.9008321993772,88.61677701043908,0.14850000000000002,0.7698032284385896,0.7698032284385896,88.9008321993772,88.9008321993772
CLLA,Clarella,idw,pm,surface15,VWC_020,lower,51,0.9294714708117615,0.9930088918580372,0.9432806084699179,-0.01380913765815639,50,0.3837922372417571,0.3945452773802734,0.9103566432179506,0.9778746183579821,94.47926136149091,88.61677701043908,0.23843749999999997,0.9294714708117615,0.9294714708117615,94.47926136149091,94.47926136149091
CLLA,Clarella,idw,pm,surface15,VWC_020,total,51,0.9439499875978918,0.8649969458536448,0.9432806084699179,0.0006693791279739347,50,0.3801701484250374,0.3945452773802734,0.9293004577491039,0.6146212583577058,88.9008321993772,88.61677701043908,0.23843749999999997,0.9439499875978918,0.9439499875978918,88.9008321993772,88.9008321993772
CLLA,Clarella,idw,pm,surface15,VWC_050,total,51,0.9012274683537885,0.8608024888216765,0.8708954330350474,0.03033203531874118,50,0.26925851705609677,0.27978709653259304,0.878336349963396,0.6173348269366237,88.9008321993772,88.61677701043908,0.17093750000000005,0.9012274683537885,0.9012274683537885,88.9008321993772,88.9008321993772
CLLA,Clarella,idw,pm,bypass25,VWC_005,upper,51,0.4068849783488337,0.37656108597285065,0.7233864033095737,-0.31650142496074,50,0.07296521507396356,0.21975002503728244,0.35890879824350524,-0.3777496851801837,81.78482747912082,88.61677701043908,0.14850000000000002,0.4068849783488337,0.4068849783488337,81.78482747912082,81.78482747912082
CLLA,Clarella,idw,pm,bypass25,VWC_005,total,51,0.7954636394638772,0.7980090497737558,0.7233864033095737,0.0720772361543035,50,0.2212616532691793,0.21975002503728244,0.7299087530547417,0.698779957050075,88.92310169339095,88.61677701043908,0.14850000000000002,0.7954636394638772,0.7954636394638772,88.92310169339095,88.92310169339095
CLLA,Clarella,idw,pm,bypass25,VWC_020,lower,51,0.9307199725818214,0.9706101950492092,0.9432806084699179,-0.012560635888096527,50,0.413777642380478,0.3945452773802734,0.9089129036052734,0.9691969224242412,93.77184525028947,88.61677701043908,0.23843749999999997,0.9307199725818214,0.9307199725818214,93.77184525028947,93.77184525028947
CLLA,Clarella,idw,pm,bypass25,VWC_020,total,51,0.9391163035625913,0.8896581372896272,0.9432806084699179,-0.004164304907326555,50,0.3799832194153743,0.3945452773802734,0.9233959456906842,0.7085344259111381,88.92310169339095,88.61677701043908,0.23843749999999997,0.9391163035625913,0.9391163035625913,88.92310169339095,88.92310169339095
CLLA,Clarella,idw,pm,bypass25,VWC_050,total,51,0.9161500324205198,0.8851071807874603,0.8708954330350474,0.045254599385472494,50,0.2721548871273832,0.27978709653259304,0.8952231428336848,0.7153795362949537,88.92310169339095,88.61677701043908,0.17093750000000005,0.9161500324205198,0.9161500324205198,88.92310169339095,88.92310169339095
CLLP,Cantallops,idw,hg,control,VWC_005,upper,60,-0.5175223689601889,-0.5104479278750605,-0.5175223689601889,0.0,59,-0.4955837317140417,-0.49558373171404185,0.18862305842475183,-0.7359349786075903,17.43856373737801,17.438563737378015,0.017979166666666678,-0.5175223689601889,-0.5175223689601889,17.43856373737801,17.43856373737801
CLLP,Cantallops,idw,hg,control,VWC_005,total,60,-0.517522368960189,-0.5104479278750605,-0.5175223689601889,-1.1102230246251565e-16,59,-0.4955837317140417,-0.49558373171404185,0.18862305842475197,-0.7359349786075905,17.438563737378015,17.438563737378015,0.017979166666666678,-0.517522368960189,-0.517522368960189,17.438563737378015,17.438563737378015
CLLP,Cantallops,idw,hg,control,VWC_020,lower,60,-0.4416925614456901,-0.45321921962577794,-0.44169256144569,-5.551115123125783e-17,59,-0.2208511914435407,-0.22085119144354082,0.20228976819631625,-0.6053940391861732,17.438563737378015,17.438563737378015,0.02214583333333335,-0.4416925614456901,-0.4416925614456901,17.438563737378015,17.438563737378015
CLLP,Cantallops,idw,hg,control,VWC_020,total,60,-0.44169256144569,-0.45321921962577794,-0.44169256144569,0.0,59,-0.22085119144354082,-0.22085119144354082,0.20228976819631625,-0.6053940391861732,17.438563737378015,17.438563737378015,0.02214583333333335,-0.44169256144569,-0.44169256144569,17.438563737378015,17.438563737378015
CLLP,Cantallops,idw,hg,control,VWC_050,total,60,-0.439003210648201,-0.4445803106022297,-0.4390032106482011,5.551115123125783e-17,59,0.08371764627184869,0.08371764627184872,0.2509008212714351,-0.38437481742364565,17.438563737378015,17.438563737378015,0.03699999999999999,-0.439003210648201,-0.439003210648201,17.438563737378015,17.438563737378015
CLLP,Cantallops,idw,hg,cascade,VWC_005,upper,60,-0.5184835724530032,-0.5145048357395002,-0.5175223689601889,-0.0009612034928143665,59,-0.4955874519653798,-0.49558373171404185,0.18855997184046122,-0.7377247226728061,52.63459658265376,17.438563737378015,0.017979166666666678,-0.5184835724530032,-0.5184835724530032,52.63459658265376,52.63459658265376
CLLP,Cantallops,idw,hg,cascade,VWC_005,total,60,-0.518408223765651,-0.5145048357395002,-0.5175223689601889,-0.0008858548054621052,59,-0.49558260041651464,-0.49558373171404185,0.1887710607666731,-0.7377240256040634,17.5435059671504,17.438563737378015,0.017979166666666678,-0.518408223765651,-0.518408223765651,17.5435059671504,17.5435059671504
CLLP,Cantallops,idw,hg,cascade,VWC_020,lower,60,0.8457035938099418,0.9949426216248303,-0.44169256144569,1.2873961552556317,59,0.4261483378887946,-0.22085119144354082,0.9220688563622913,0.8600160039421922,0.0033911350782154875,17.438563737378015,0.02214583333333335,0.8457035938099418,0.8457035938099418,0.0033911350782154875,0.0033911350782154875
CLLP,Cantallops,idw,hg,cascade,VWC_020,total,60,-0.44258838431270675,-0.457304028043006,-0.44169256144569,-0.0008958228670167268,59,-0.22098576731700123,-0.22085119144354082,0.2024412169635241,-0.6079268752707596,17.5435059671504,17.438563737378015,0.02214583333333335,-0.44258838431270675,-0.44258838431270675,17.5435059671504,17.5435059671504
CLLP,Cantallops,idw,hg,cascade,VWC_050,total,60,-0.44008699754034614,-0.4487765618149399,-0.4390032106482011,-0.0010837868921450555,59,0.08397623078588297,0.08371764627184872,0.25104789508967557,-0.3875892557755207,17.5435059671504,17.438563737378015,0.03699999999999999,-0.44008699754034614,-0.44008699754034614,17.5435059671504,17.5435059671504
CLLP,Cantallops,idw,hg,surface,VWC_005,upper,60,-0.42570954009128237,-0.4474824948557416,-0.5175223689601889,0.09181282886890652,59,-0.48063138728837274,-0.49558373171404185,0.26985579597953036,-0.61921394576182,46.115329800741854,17.438563737378015,0.017979166666666678,-0.42570954009128237,-0.42570954009128237,46.115329800741854,46.115329800741854
CLLP,Cantallops,idw,hg,surface,VWC_005,total,60,-0.4222375756748276,-0.44587084652603276,-0.5175223689601889,0.09528479328536127,59,-0.4805120138040618,-0.49558373171404185,0.27686858803671244,-0.6190902638261832,15.327193286747399,17.438563737378015,0.017979166666666678,-0.4222375756748276,-0.4222375756748276,15.327193286747399,15.327193286747399
CLLP,Cantallops,idw,hg,surface,VWC_020,lower,60,0.9227952106725477,0.9949426216248303,-0.44169256144569,1.3644877721182378,59,0.4657646896534522,-0.22085119144354082,0.9687323154870481,0.8898688800038609,0.09457453460794814,17.438563737378015,0.02214583333333335,0.9227952106725477,0.9227952106725477,0.09457453460794814,0.09457453460794814
CLLP,Cantallops,idw,hg,surface,VWC_020,total,60,-0.342523219916512,-0.3813043612326747,-0.44169256144569,0.099169341529178,59,-0.19317337991050254,-0.22085119144354082,0.3057457157382919,-0.47730768810201496,15.327193286747399,17.438563737378015,0.02214583333333335,-0.342523219916512,-0.342523219916512,15.327193286747399,15.327193286747399
CLLP,Cantallops,idw,hg,surface,VWC_050,total,60,-0.3386671635291445,-0.36999264003988547,-0.4390032106482011,0.10033604711905658,59,0.09761361290315626,0.08371764627184872,0.3425666333812757,-0.26022172237487623,15.327193286747399,17.438563737378015,0.03699999999999999,-0.3386671635291445,-0.3386671635291445,15.327193286747399,15.327193286747399
CLLP,Cantallops,idw,hg,surface5,VWC_005,upper,60,-0.3547877157199356,-0.3706235417527249,-0.5175223689601889,0.16273465324025327,59,-0.4565452514971224,-0.49558373171404185,0.26665977848665723,-0.503486816670267,80.61309714187338,17.438563737378015,0.017979166666666678,-0.3547877157199356,-0.3547877157199356,80.61309714187338,80.61309714187338
CLLP,Cantallops,idw,hg,surface5,VWC_005,total,60,-0.36862401762509744,-0.35072802099286954,-0.5175223689601889,0.14889835133509144,59,-0.45270970378274344,-0.49558373171404185,0.2861253948921206,-0.5437366862492012,14.291877460163278,17.438563737378015,0.017979166666666678,-0.36862401762509744,-0.36862401762509744,14.291877460163278,14.291877460163278
CLLP,Cantallops,idw,hg,surface5,VWC_020,lower,60,-0.36369220989579903,0.1613082507619645,-0.44169256144569,0.07800035154989099,59,-0.07154584059348468,-0.22085119144354082,0.9687323154870481,-0.8035951837860519,1.0373417505818545,17.438563737378015,0.02214583333333335,-0.36369220989579903,-0.36369220989579903,1.0373417505818545,1.0373417505818545
CLLP,Cantallops,idw,hg,surface5,VWC_020,total,60,-0.29105257083190983,-0.273181983331761,-0.44169256144569,0.1506399906137802,59,-0.15390975742146162,-0.22085119144354082,0.3255987107598583,-0.4049985700456107,14.291877460163278,17.438563737378015,0.02214583333333335,-0.29105257083190983,-0.29105257083190983,14.291877460163278,14.291877460163278
CLLP,Cantallops,idw,hg,surface5,VWC_050,total,60,-0.28874154761256365,-0.2607233700506388,-0.4390032106482011,0.15026166303563743,59,0.11988813433501455,0.08371764627184872,0.35321495621361665,-0.21558789534328218,14.291877460163278,17.438563737378015,0.03699999999999999,-0.28874154761256365,-0.28874154761256365,14.291877460163278,14.291877460163278
CLLP,Cantallops,idw,hg,surface15,VWC_005,upper,60,-0.46291072923893845,-0.47276870140807176,-0.5175223689601889,0.05461163972125044,59,-0.4891928347735387,-0.49558373171404185,0.24881663123600897,-0.672741692458598,32.341317805843794,17.438563737378015,0.017979166666666678,-0.46291072923893845,-0.46291072923893845,32.341317805843794,32.341317805843794
CLLP,Cantallops,idw,hg,surface15,VWC_005,total,60,-0.46089292580991825,-0.4704068029938432,-0.5175223689601889,0.05662944315027063,59,-0.48911790722450765,-0.49558373171404185,0.2530862532592658,-0.6726705593139437,16.14162556359229,17.438563737378015,0.017979166666666678,-0.46089292580991825,-0.46089292580991825,16.14162556359229,16.14162556359229
CLLP,Cantallops,idw,hg,surface15,VWC_020,lower,60,0.9227952106725479,0.9949426216248303,-0.44169256144569,1.3644877721182378,59,0.4657646896534521,-0.22085119144354082,0.9687323154870481,0.8898688800038608,0.08211785500476818,17.438563737378015,0.02214583333333335,0.9227952106725479,0.9227952106725479,0.08211785500476818,0.08211785500476818
CLLP,Cantallops,idw,hg,surface15,VWC_020,total,60,-0.3818525807816091,-0.411065108272479,-0.44169256144569,0.059839980664080916,59,-0.20747301265328633,-0.22085119144354082,0.2755816269920661,-0.534691616959877,16.14162556359229,17.438563737378015,0.02214583333333335,-0.3818525807816091,-0.3818525807816091,16.14162556359229,16.14162556359229
CLLP,Cantallops,idw,hg,surface15,VWC_050,total,60,-0.3785835444090776,-0.40078367542851345,-0.4390032106482011,0.06041966623912348,59,0.0903389202855322,0.08371764627184872,0.3174546017377639,-0.31275312043917325,16.14162556359229,17.438563737378015,0.03699999999999999,-0.3785835444090776,-0.3785835444090776,16.14162556359229,16.14162556359229
CLLP,Cantallops,idw,hg,bypass25,VWC_005,upper,60,-0.4255505088159883,-0.4474824948557416,-0.5175223689601889,0.09197186014420056,59,-0.48072431396716986,-0.49558373171404185,0.2698558101748496,-0.6189872012762859,34.54685171093789,17.438563737378015,0.017979166666666678,-0.4255505088159883,-0.4255505088159883,34.54685171093789,34.54685171093789
CLLP,Cantallops,idw,hg,bypass25,VWC_005,total,60,-0.48640651350563363,-0.4916638887219009,-0.5175223689601889,0.031115855454555252,59,-0.4863406013632105,-0.49558373171404185,0.2105106743895821,-0.6824470159362445,16.413408630388588,17.438563737378015,0.017979166666666678,-0.48640651350563363,-0.48640651350563363,16.413408630388588,16.413408630388588
CLLP,Cantallops,idw,hg,bypass25,VWC_020,lower,60,-0.530100246840282,-0.5123238965199551,-0.44169256144569,-0.08840768539459198,59,-0.2317445451913555,-0.22085119144354082,0.060980190504804674,-0.690707964621095,7.346687090113936,17.438563737378015,0.02214583333333335,-0.530100246840282,-0.530100246840282,7.346687090113936,7.346687090113936
CLLP,Cantallops,idw,hg,bypass25,VWC_020,total,60,-0.4091866029864023,-0.4338511144093974,-0.44169256144569,0.03250595845928772,59,-0.2039526358175106,-0.22085119144354082,0.23179010558909538,-0.5461910118301219,16.413408630388588,17.438563737378015,0.02214583333333335,-0.4091866029864023,-0.4091866029864023,16.413408630388588,16.413408630388588
CLLP,Cantallops,idw,hg,bypass25,VWC_050,total,60,-0.4058494836055603,-0.42393253145624543,-0.4390032106482011,0.0331537270426408,59,0.09276278643449981,0.08371764627184872,0.2754815800402808,-0.32852156014173584,16.413408630388588,17.438563737378015,0.03699999999999999,-0.4058494836055603,-0.4058494836055603,16.413408630388588,16.413408630388588
CLLP,Cantallops,idw,pm,control,VWC_005,upper,60,-0.4800595138507737,-0.4781316001603792,-0.48005951385077394,2.220446049250313e-16,59,-0.4844083959310577,-0.4844083959310578,0.1788274944670821,-0.6766778712917371,16.719266335091337,16.719266335091337,0.017979166666666678,-0.4800595138507737,-0.4800595138507737,16.719266335091337,16.719266335091337
CLLP,Cantallops,idw,pm,control,VWC_005,total,60,-0.4800595138507737,-0.4781316001603792,-0.48005951385077394,2.220446049250313e-16,59,-0.4844083959310578,-0.4844083959310578,0.17882749446708218,-0.6766778712917372,16.719266335091337,16.719266335091337,0.017979166666666678,-0.4800595138507737,-0.4800595138507737,16.719266335091337,16.719266335091337
CLLP,Cantallops,idw,pm,control,VWC_020,lower,60,-0.40681292159438487,-0.4148720385660861,-0.4068129215943849,5.551115123125783e-17,59,-0.20878898296715884,-0.20878898296715898,0.18963725556209748,-0.5369255866641502,16.719266335091337,16.719266335091337,0.02214583333333335,-0.40681292159438487,-0.40681292159438487,16.719266335091337,16.719266335091337
CLLP,Cantallops,idw,pm,control,VWC_020,total,60,-0.40681292159438476,-0.4148720385660861,-0.4068129215943849,1.6653345369377348e-16,59,-0.20878898296715892,-0.20878898296715898,0.18963725556209748,-0.5369255866641502,16.719266335091337,16.719266335091337,0.02214583333333335,-0.40681292159438476,-0.40681292159438476,16.719266335091337,16.719266335091337
CLLP,Cantallops,idw,pm,control,VWC_050,total,60,-0.39853346872586015,-0.40464644972365715,-0.39853346872586026,1.1102230246251565e-16,59,0.08001079942966152,0.08001079942966151,0.24032398943154012,-0.30760451376253406,16.719266335091337,16.719266335091337,0.03699999999999999,-0.39853346872586015,-0.39853346872586015,16.719266335091337,16.719266335091337
CLLP,Cantallops,idw,pm,cascade,VWC_005,upper,60,-0.4811686008842779,-0.4781316001603792,-0.48005951385077394,-0.0011090870335039305,59,-0.48387957407491855,-0.4844083959310578,0.17877125953871087,-0.6785873947603427,50.49108244146601,16.719266335091337,0.017979166666666678,-0.4811686008842779,-0.4811686008842779,50.49108244146601,50.49108244146601
CLLP,Cantallops,idw,pm,cascade,VWC_005,total,60,-0.4811094097106392,-0.47601978510765713,-0.48005951385077394,-0.0010498958598652575,59,-0.48387618949879213,-0.4844083959310578,0.17892088645542786,-0.6785867146213956,16.829406863241193,16.719266335091337,0.017979166666666678,-0.4811094097106392,-0.4811094097106392,16.829406863241193,16.829406863241193
CLLP,Cantallops,idw,pm,cascade,VWC_020,lower,60,0.8522584236896885,0.9949426216248303,-0.4068129215943849,1.2590713452840734,59,0.43303743655334803,-0.20878898296715898,0.9251215708451287,0.859611048819275,0.0023831599961737795,16.719266335091337,0.02214583333333335,0.8522584236896885,0.8522584236896885,0.0023831599961737795,0.0023831599961737795
CLLP,Cantallops,idw,pm,cascade,VWC_020,total,60,-0.4078523599954259,-0.41326034544908463,-0.4068129215943849,-0.0010394384010409818,59,-0.20837270873822514,-0.20878898296715898,0.18973273400616705,-0.5395424884653166,16.829406863241193,16.719266335091337,0.02214583333333335,-0.4078523599954259,-0.4078523599954259,16.829406863241193,16.829406863241193
CLLP,Cantallops,idw,pm,cascade,VWC_050,total,60,-0.3997774108026323,-0.40303464462208644,-0.39853346872586026,-0.001243942076772031,59,0.08034839314947058,0.08001079942966151,0.24041691903470275,-0.3109652556213718,16.829406863241193,16.719266335091337,0.03699999999999999,-0.3997774108026323,-0.3997774108026323,16.829406863241193,16.829406863241193
CLLP,Cantallops,idw,pm,surface,VWC_005,upper,60,-0.3757185351116485,-0.40424586035527377,-0.48005951385077394,0.10434097873912546,59,-0.46143679593684983,-0.4844083959310578,0.2727859553668609,-0.5418416644116845,43.35200310336841,16.719266335091337,0.017979166666666678,-0.3757185351116485,-0.3757185351116485,43.35200310336841,43.35200310336841
CLLP,Cantallops,idw,pm,surface,VWC_005,total,60,-0.3725421159021117,-0.40285650834690395,-0.48005951385077394,0.10751739794866222,59,-0.4613401427040579,-0.4844083959310578,0.27851348852874735,-0.5417079506068143,14.414855118351495,16.719266335091337,0.017979166666666678,-0.3725421159021117,-0.3725421159021117,14.414855118351495,14.414855118351495
CLLP,Cantallops,idw,pm,surface,VWC_020,lower,60,0.9291435504521791,0.9949426216248303,-0.4068129215943849,1.335956472046564,59,0.47441955855743234,-0.20878898296715898,0.971187773223287,0.8908309517755397,0.07608939806446395,16.719266335091337,0.02214583333333335,0.9291435504521791,0.9291435504521791,0.07608939806446395,0.07608939806446395
CLLP,Cantallops,idw,pm,surface,VWC_020,total,60,-0.29495871022254055,-0.33117514773145446,-0.4068129215943849,0.11185421137184437,59,-0.17152445408438552,-0.20878898296715898,0.3050152300816972,-0.3897204552607165,14.414855118351495,16.719266335091337,0.02214583333333335,-0.29495871022254055,-0.29495871022254055,14.414855118351495,14.414855118351495
CLLP,Cantallops,idw,pm,surface,VWC_050,total,60,-0.2861664573787751,-0.31824813833083726,-0.39853346872586026,0.11236701134708516,59,0.09707243759768155,0.08001079942966151,0.34385588906981207,-0.16861863785616305,14.414855118351495,16.719266335091337,0.03699999999999999,-0.2861664573787751,-0.2861664573787751,14.414855118351495,14.414855118351495
CLLP,Cantallops,idw,pm,surface5,VWC_005,upper,60,-0.3007933046867274,-0.31877292480036445,-0.48005951385077394,0.17926620916404656,59,-0.42439482284484975,-0.4844083959310578,0.27502972693465083,-0.4142123353963718,74.00663931487941,16.719266335091337,0.017979166666666678,-0.3007933046867274,-0.3007933046867274,74.00663931487941,74.00663931487941
CLLP,Cantallops,idw,pm,surface5,VWC_005,total,60,-0.32130641798180637,-0.3022118488605965,-0.48005951385077394,0.15875309586896758,59,-0.4215147556612483,-0.4844083959310578,0.2904059490881353,-0.46406129392468953,13.167705706642376,16.719266335091337,0.017979166666666678,-0.32130641798180637,-0.32130641798180637,13.167705706642376,13.167705706642376
CLLP,Cantallops,idw,pm,surface5,VWC_020,lower,60,-0.3803842499272657,0.1613082507619645,-0.4068129215943849,0.026428671667119208,59,-0.06495969534506044,-0.20878898296715898,0.9711877732232873,-0.79091637677726,1.0001643335346002,16.719266335091337,0.02214583333333335,-0.3803842499272657,-0.3803842499272657,1.0001643335346002,1.0001643335346002
CLLP,Cantallops,idw,pm,surface5,VWC_020,total,60,-0.24521227964487718,-0.2189401736009506,-0.4068129215943849,0.16160064194950774,59,-0.11956131366644468,-0.20878898296715898,0.328333969182297,-0.314120255831405,13.167705706642376,16.719266335091337,0.02214583333333335,-0.24521227964487718,-0.24521227964487718,13.167705706642376,13.167705706642376
CLLP,Cantallops,idw,pm,surface5,VWC_050,total,60,-0.23916837055957482,-0.2050049350739248,-0.39853346872586026,0.15936509816628544,59,0.12320687903117158,0.08001079942966151,0.3575658150279343,-0.1255484964279463,13.167705706642376,16.719266335091337,0.03699999999999999,-0.23916837055957482,-0.23916837055957482,13.167705706642376,13.167705706642376
CLLP,Cantallops,idw,pm,surface15,VWC_005,upper,60,-0.417142039955841,-0.4273091036942123,-0.48005951385077394,0.06291747389493296,59,-0.47403715238887884,-0.4844083959310578,0.2468684839998604,-0.6027601289994301,30.709402826321163,16.719266335091337,0.017979166666666678,-0.417142039955841,-0.417142039955841,30.709402826321163,30.709402826321163
CLLP,Cantallops,idw,pm,surface15,VWC_005,total,60,-0.41529271477550445,-0.42330776991010727,-0.48005951385077394,0.0647667990752695,59,-0.47397675471482814,-0.4844083959310578,0.2503646036869292,-0.6026823349093908,15.331199589047268,16.719266335091337,0.017979166666666678,-0.41529271477550445,-0.41529271477550445,15.331199589047268,15.331199589047268
CLLP,Cantallops,idw,pm,surface15,VWC_020,lower,60,0.9291435504521791,0.9949426216248303,-0.4068129215943849,1.335956472046564,59,0.47441955855743256,-0.20878898296715898,0.9711877732232873,0.8908309517755398,0.06657770395462169,16.719266335091337,0.02214583333333335,0.9291435504521791,0.9291435504521791,0.06657770395462169,0.06657770395462169
CLLP,Cantallops,idw,pm,surface15,VWC_020,total,60,-0.33857142214374086,-0.35548948354828797,-0.4068129215943849,0.06824149945064406,59,-0.1905348342688914,-0.20878898296715898,0.27018534099425057,-0.4550203593846315,15.331199589047268,16.719266335091337,0.02214583333333335,-0.33857142214374086,-0.33857142214374086,15.331199589047268,15.331199589047268
CLLP,Cantallops,idw,pm,surface15,VWC_050,total,60,-0.33002310492933173,-0.3439814404697087,-0.39853346872586026,0.06851036379652853,59,0.08833934307840427,0.08001079942966151,0.3141844364185451,-0.22698835243736804,15.331199589047268,16.719266335091337,0.03699999999999999,-0.33002310492933173,-0.33002310492933173,15.331199589047268,15.331199589047268
CLLP,Cantallops,idw,pm,bypass25,VWC_005,upper,60,-0.37553693658788373,-0.40424586035527377,-0.48005951385077394,0.10452257726289021,59,-0.4615264407744516,-0.4844083959310578,0.2727859697754882,-0.5415769454309525,32.479574642419244,16.719266335091337,0.017979166666666678,-0.37553693658788373,-0.37553693658788373,32.479574642419244,32.479574642419244
CLLP,Cantallops,idw,pm,bypass25,VWC_005,total,60,-0.4473382145924747,-0.45317883809005777,-0.48005951385077394,0.03272129925829925,59,-0.4704783398347777,-0.4844083959310578,0.20351485759933677,-0.6161028751181885,15.58236183140284,16.719266335091337,0.017979166666666678,-0.4473382145924747,-0.4473382145924747,15.58236183140284,15.58236183140284
CLLP,Cantallops,idw,pm,bypass25,VWC_020,lower,60,-0.5130510855921886,-0.48789840945367313,-0.4068129215943849,-0.10623816399780367,59,-0.22490398568475228,-0.20878898296715898,0.031154295292110404,-0.6382484143273482,7.133755425894641,16.719266335091337,0.02214583333333335,-0.5130510855921886,-0.5130510855921886,7.133755425894641,7.133755425894641
CLLP,Cantallops,idw,pm,bypass25,VWC_020,total,60,-0.3724563507326498,-0.38780670932540506,-0.4068129215943849,0.0343565708617351,59,-0.18640268447701874,-0.20878898296715898,0.22214497646673007,-0.4698837223411493,15.58236183140284,16.719266335091337,0.02214583333333335,-0.3724563507326498,-0.3724563507326498,15.58236183140284,15.58236183140284
CLLP,Cantallops,idw,pm,bypass25,VWC_050,total,60,-0.36387113134266497,-0.37660659890495174,-0.39853346872586026,0.034662337383195296,59,0.09075509305399503,0.08001079942966151,0.2679228059568509,-0.24596251145082162,15.58236183140284,16.719266335091337,0.03699999999999999,-0.36387113134266497,-0.36387113134266497,15.58236183140284,15.58236183140284
CLLP,Cantallops,gauge,hg,control,VWC_005,upper,60,-0.5550188839064714,-0.376597755388715,-0.5550188839064714,0.0,59,-0.40556433135994197,-0.40556433135994174,0.09998805568868384,-0.8968107378672641,68.38639233144575,68.3863923314457,0.017979166666666678,-0.5550188839064714,-0.5550188839064714,68.38639233144575,68.38639233144575
CLLP,Cantallops,gauge,hg,control,VWC_005,total,60,-0.5550188839064714,-0.376597755388715,-0.5550188839064714,0.0,59,-0.40556433135994185,-0.40556433135994174,0.0999880556886839,-0.8968107378672641,68.38639233144573,68.3863923314457,0.017979166666666678,-0.5550188839064714,-0.5550188839064714,68.38639233144573,68.38639233144573
CLLP,Cantallops,gauge,hg,control,VWC_020,lower,60,-0.49105673837553865,-0.3168922121773373,-0.49105673837553876,1.1102230246251565e-16,59,-0.17059887561986992,-0.17059887561986983,0.06913735289562561,-0.8462532455180934,68.38639233144572,68.3863923314457,0.02214583333333335,-0.49105673837553865,-0.49105673837553865,68.38639233144572,68.38639233144572
CLLP,Cantallops,gauge,hg,control,VWC_020,total,60,-0.49105673837553876,-0.3168922121773373,-0.49105673837553876,0.0,59,-0.1705988756198698,-0.17059887561986983,0.06913735289562564,-0.8462532455180933,68.38639233144573,68.3863923314457,0.02214583333333335,-0.49105673837553876,-0.49105673837553876,68.38639233144573,68.38639233144573
CLLP,Cantallops,gauge,hg,control,VWC_050,total,60,-0.5139201047358906,-0.30793814362941047,-0.5139201047358906,0.0,59,0.15986551193073947,0.15986551193073942,0.13641418788104903,-0.7273013827223846,68.38639233144573,68.3863923314457,0.03699999999999999,-0.5139201047358906,-0.5139201047358906,68.38639233144573,68.38639233144573
CLLP,Cantallops,gauge,hg,cascade,VWC_005,upper,60,-0.5552708438624103,-0.3780426814774196,-0.5550188839064714,-0.0002519599559389629,59,-0.3410289655722398,-0.40556433135994174,0.09972073850085192,-0.911392270413881,93.61778763713974,68.3863923314457,0.017979166666666678,-0.5552708438624103,-0.5552708438624103,93.61778763713974,93.61778763713974
CLLP,Cantallops,gauge,hg,cascade,VWC_005,total,60,-0.5567382127607285,-0.37693119987072377,-0.5550188839064714,-0.001719328854257185,59,-0.40483485334270597,-0.40556433135994174,0.10061530433770306,-0.9017784110649862,68.66601896161755,68.3863923314457,0.017979166666666678,-0.5567382127607285,-0.5567382127607285,68.66601896161755,68.66601896161755
CLLP,Cantallops,gauge,hg,cascade,VWC_020,lower,60,-0.4900526759979611,0.1594742551460662,-0.49105673837553876,0.0010040623775776636,59,-0.25524371049998373,-0.17059887561986983,0.9220688563622913,-0.8408302781548687,56.335824840678896,68.3863923314457,0.02214583333333335,-0.4900526759979611,-0.4900526759979611,56.335824840678896,56.335824840678896
CLLP,Cantallops,gauge,hg,cascade,VWC_020,total,60,-0.4923968238057918,-0.3171700903009583,-0.49105673837553876,-0.0013400854302530463,59,-0.16751140555100225,-0.17059887561986983,0.06977378121383912,-0.850225457255432,68.66601896161755,68.3863923314457,0.02214583333333335,-0.4923968238057918,-0.4923968238057918,68.66601896161755,68.66601896161755
CLLP,Cantallops,gauge,hg,cascade,VWC_050,total,60,-0.5155421979658766,-0.3081326718313241,-0.5139201047358906,-0.0016220932299860769,59,0.1659801494019369,0.15986551193073942,0.13704149960610265,-0.731773718039459,68.66601896161755,68.3863923314457,0.03699999999999999,-0.5155421979658766,-0.5155421979658766,68.66601896161755,68.66601896161755
CLLP,Cantallops,gauge,hg,surface,VWC_005,upper,60,-0.536132682127048,-0.34000222348825476,-0.5550188839064714,0.01888620177942335,59,-0.34263443544249006,-0.40556433135994174,0.31923379205576563,-0.8851453540380965,88.3883985727089,68.3863923314457,0.017979166666666678,-0.536132682127048,-0.536132682127048,88.3883985727089,88.3883985727089
CLLP,Cantallops,gauge,hg,surface,VWC_005,total,60,-0.5515834671200038,-0.32060686945141254,-0.5550188839064714,0.0034354167864675267,59,-0.40322467758065567,-0.40556433135994174,0.34985448506688094,-0.8921564082040245,66.7933687437103,68.3863923314457,0.017979166666666678,-0.5515834671200038,-0.5515834671200038,66.7933687437103,66.7933687437103
CLLP,Cantallops,gauge,hg,surface,VWC_020,lower,60,-0.48954698062136437,0.1600855870180323,-0.49105673837553876,0.00150975775417439,59,-0.2606140860105869,-0.17059887561986983,0.9687323154870481,-0.8396208647918699,55.999034565164784,68.3863923314457,0.02214583333333335,-0.48954698062136437,-0.48954698062136437,55.999034565164784,55.999034565164784
CLLP,Cantallops,gauge,hg,surface,VWC_020,total,60,-0.48704739402228303,-0.25534220779529576,-0.49105673837553876,0.004009344353255728,59,-0.16595767642165457,-0.17059887561986983,0.3363390282058649,-0.8408308135654617,66.7933687437103,68.3863923314457,0.02214583333333335,-0.48704739402228303,-0.48704739402228303,66.7933687437103,66.7933687437103
CLLP,Cantallops,gauge,hg,surface,VWC_050,total,60,-0.510302341660571,-0.24563353953076067,-0.5139201047358906,0.00361776307531958,59,0.16188003856802213,0.15986551193073942,0.3919191633311785,-0.7221266126494492,66.7933687437103,68.3863923314457,0.03699999999999999,-0.510302341660571,-0.510302341660571,66.7933687437103,66.7933687437103
CLLP,Cantallops,gauge,hg,surface5,VWC_005,upper,60,-0.49944437771792055,-0.3211070361744256,-0.5550188839064714,0.05557450618855081,59,-0.35226344712566576,-0.40556433135994174,0.39562305904841244,-0.8392393784214625,80.90098035733385,68.3863923314457,0.017979166666666678,-0.49944437771792055,-0.49944437771792055,80.90098035733385,80.90098035733385
CLLP,Cantallops,gauge,hg,surface5,VWC_005,total,60,-0.5542572995900911,-0.28201067065889973,-0.5550188839064714,0.0007615843163802927,59,-0.39608781404957993,-0.40556433135994174,0.47732146487020066,-0.8965846281707502,66.659597172721,68.3863923314457,0.017979166666666678,-0.5542572995900911,-0.5542572995900911,66.659597172721,66.659597172721
CLLP,Cantallops,gauge,hg,surface5,VWC_020,lower,60,-0.4946736942647356,0.15975213326968712,-0.49105673837553876,-0.00361695588919686,59,-0.18804996995760287,-0.17059887561986983,0.9687323154870481,-0.8524575366046268,63.81703515479917,68.3863923314457,0.02214583333333335,-0.4946736942647356,-0.4946736942647356,63.81703515479917,63.81703515479917
CLLP,Cantallops,gauge,hg,surface5,VWC_020,total,60,-0.4894084039017396,-0.21568899955458543,-0.49105673837553876,0.0016483344737991401,59,-0.15763021876161198,-0.17059887561986983,0.47928263744596866,-0.8458416206274809,66.659597172721,68.3863923314457,0.02214583333333335,-0.4894084039017396,-0.4894084039017396,66.659597172721,66.659597172721
CLLP,Cantallops,gauge,hg,surface5,VWC_050,total,60,-0.5136286921204112,-0.20614431454227655,-0.5139201047358906,0.0002914126154793806,59,0.16975406299969686,0.15986551193073942,0.5211241728955093,-0.7295733286460997,66.659597172721,68.3863923314457,0.03699999999999999,-0.5136286921204112,-0.5136286921204112,66.659597172721,66.659597172721
CLLP,Cantallops,gauge,hg,surface15,VWC_005,upper,60,-0.546559213524172,-0.35845281815940555,-0.5550188839064714,0.008459670382299334,59,-0.3430896444074406,-0.40556433135994174,0.24305928790861664,-0.8871502134869071,91.00040516788917,68.3863923314457,0.017979166666666678,-0.546559213524172,-0.546559213524172,91.00040516788917,91.00040516788917
CLLP,Cantallops,gauge,hg,surface15,VWC_005,total,60,-0.5522801353198318,-0.34608758528491446,-0.5550188839064714,0.0027387485866395833,59,-0.40421359378412147,-0.40556433135994174,0.2618625970676481,-0.893582985265571,67.35696383788644,68.3863923314457,0.017979166666666678,-0.5522801353198318,-0.5522801353198318,67.35696383788644,67.35696383788644
CLLP,Cantallops,gauge,hg,surface15,VWC_020,lower,60,-0.48942633725358575,0.15880734764937587,-0.49105673837553876,0.0016304011219530068,59,-0.38020276302258393,-0.17059887561986983,0.9687323154870481,-0.8506824699409061,43.71628430010342,68.3863923314457,0.02214583333333335,-0.48942633725358575,-0.48942633725358575,43.71628430010342,43.71628430010342
CLLP,Cantallops,gauge,hg,surface15,VWC_020,total,60,-0.4879360981056047,-0.2845471985878581,-0.49105673837553876,0.003120640269934083,59,-0.1678241171364711,-0.17059887561986983,0.24057028053537285,-0.8424497571015102,67.35696383788644,68.3863923314457,0.02214583333333335,-0.4879360981056047,-0.4879360981056047,67.35696383788644,67.35696383788644
CLLP,Cantallops,gauge,hg,surface15,VWC_050,total,60,-0.5109668022249108,-0.2753685646804284,-0.5139201047358906,0.002953302510979805,59,0.16060362746878168,0.15986551193073942,0.3019029460309355,-0.7233390741189134,67.35696383788644,68.3863923314457,0.03699999999999999,-0.5109668022249108,-0.5109668022249108,67.35696383788644,67.35696383788644
CLLP,Cantallops,gauge,hg,bypass25,VWC_005,upper,60,-0.5356593095568977,-0.339668779006246,-0.5550188839064714,0.019359574349573694,59,-0.35082150838543213,-0.40556433135994174,0.3192338560709923,-0.8688283575274265,88.45062027745236,68.3863923314457,0.017979166666666678,-0.5356593095568977,-0.5356593095568977,88.45062027745236,88.45062027745236
CLLP,Cantallops,gauge,hg,bypass25,VWC_005,total,60,-0.5530488317740062,-0.369011893423016,-0.5550188839064714,0.00197005213246515,59,-0.40403028403256847,-0.40556433135994174,0.20297270624366698,-0.8930227602388674,66.80634899418557,68.3863923314457,0.017979166666666678,-0.5530488317740062,-0.5530488317740062,66.80634899418557,66.80634899418557
CLLP,Cantallops,gauge,hg,bypass25,VWC_020,lower,60,-0.4969104363937193,-0.32986912055043593,-0.49105673837553876,-0.005853698018180531,59,-0.24343770983490368,-0.17059887561986983,-0.10595049244415461,-0.8583077637452479,56.10372477942758,68.3863923314457,0.02214583333333335,-0.4969104363937193,-0.4969104363937193,56.10372477942758,56.10372477942758
CLLP,Cantallops,gauge,hg,bypass25,VWC_020,total,60,-0.4888050383353568,-0.30730541691241436,-0.49105673837553876,0.0022517000401819365,59,-0.16687027678509891,-0.17059887561986983,0.18005969931839377,-0.8415464124754519,66.80634899418557,68.3863923314457,0.02214583333333335,-0.4888050383353568,-0.4888050383353568,66.80634899418557,66.80634899418557
CLLP,Cantallops,gauge,hg,bypass25,VWC_050,total,60,-0.5117663100128411,-0.2981005745612026,-0.5139201047358906,0.0021537947230494403,59,0.16159815600311458,0.15986551193073942,0.24269653977051678,-0.7226758603294574,66.80634899418557,68.3863923314457,0.03699999999999999,-0.5117663100128411,-0.5117663100128411,66.80634899418557,66.80634899418557
CLLP,Cantallops,gauge,pm,control,VWC_005,upper,60,-0.5496778247778664,-0.34808825217696693,-0.5496778247778666,2.220446049250313e-16,59,-0.3957030679102616,-0.39570306791026144,0.07839865604689282,-0.8851690838372356,64.33447073563423,64.3344707356342,0.017979166666666678,-0.5496778247778664,-0.5496778247778664,64.33447073563423,64.33447073563423
CLLP,Cantallops,gauge,pm,control,VWC_005,total,60,-0.5496778247778664,-0.34808825217696693,-0.5496778247778666,2.220446049250313e-16,59,-0.39570306791026166,-0.39570306791026144,0.07839865604689285,-0.8851690838372357,64.33447073563426,64.3344707356342,0.017979166666666678,-0.5496778247778664,-0.5496778247778664,64.33447073563426,64.33447073563426
CLLP,Cantallops,gauge,pm,control,VWC_020,lower,60,-0.48632474330380737,-0.2885208557556378,-0.4863247433038075,1.1102230246251565e-16,59,-0.1585405686379479,-0.15854056863794758,0.04430752423269689,-0.8341647016690509,64.33447073563427,64.3344707356342,0.02214583333333335,-0.48632474330380737,-0.48632474330380737,64.33447073563427,64.33447073563427
CLLP,Cantallops,gauge,pm,control,VWC_020,total,60,-0.48632474330380754,-0.2885208557556378,-0.4863247433038075,-5.551115123125783e-17,59,-0.15854056863794785,-0.15854056863794758,0.044307524232696904,-0.834164701669051,64.33447073563426,64.3344707356342,0.02214583333333335,-0.48632474330380754,-0.48632474330380754,64.33447073563426,64.33447073563426
CLLP,Cantallops,gauge,pm,control,VWC_050,total,60,-0.5085469078843077,-0.27892565180113643,-0.5085469078843078,1.1102230246251565e-16,59,0.15453613141018763,0.15453613141018782,0.112957955557937,-0.7155048267094566,64.33447073563426,64.3344707356342,0.03699999999999999,-0.5085469078843077,-0.5085469078843077,64.33447073563426,64.33447073563426
CLLP,Cantallops,gauge,pm,cascade,VWC_005,upper,60,-0.5514704281091174,-0.34864399298031484,-0.5496778247778666,-0.0017926033312507528,59,-0.3379191400370354,-0.39570306791026144,0.07816781683790022,-0.9082637319594385,91.33526927836631,64.3344707356342,0.017979166666666678,-0.5514704281091174,-0.5514704281091174,91.33526927836631,91.33526927836631
CLLP,Cantallops,gauge,pm,cascade,VWC_005,total,60,-0.5527206354393435,-0.34808825217696693,-0.5496778247778666,-0.0030428106614768247,59,-0.3947011098699101,-0.39570306791026144,0.07878207952764887,-0.893480260479292,64.75741089140686,64.3344707356342,0.017979166666666678,-0.5527206354393435,-0.5527206354393435,64.75741089140686,64.75741089140686
CLLP,Cantallops,gauge,pm,cascade,VWC_020,lower,60,-0.4840051295251618,0.1601411626427565,-0.4863247433038075,0.0023196137786457016,59,-0.24138248864790562,-0.15854056863794758,0.9251215708451287,-0.8224301699359118,51.776137960560796,64.3344707356342,0.02214583333333335,-0.4840051295251618,-0.4840051295251618,51.776137960560796,51.776137960560796
CLLP,Cantallops,gauge,pm,cascade,VWC_020,total,60,-0.4887830925792622,-0.2885208557556378,-0.4863247433038075,-0.002458349275454741,59,-0.15474540442599294,-0.15854056863794758,0.04469545874588869,-0.8411853149434729,64.75741089140686,64.3344707356342,0.02214583333333335,-0.4887830925792622,-0.4887830925792622,64.75741089140686,64.75741089140686
CLLP,Cantallops,gauge,pm,cascade,VWC_050,total,60,-0.5114214964522807,-0.27892565180113643,-0.5085469078843078,-0.0028745885679729577,59,0.1619168829676522,0.15453613141018782,0.11334148065546795,-0.7229571913316959,64.75741089140686,64.3344707356342,0.03699999999999999,-0.5114214964522807,-0.5114214964522807,64.75741089140686,64.75741089140686
CLLP,Cantallops,gauge,pm,surface,VWC_005,upper,60,-0.5281355136369492,-0.31118706283466535,-0.5496778247778666,0.021542311140917425,59,-0.3385084040718739,-0.39570306791026144,0.3129169886074244,-0.8721801240875645,84.18599927078073,64.3344707356342,0.017979166666666678,-0.5281355136369492,-0.5281355136369492,84.18599927078073,84.18599927078073
CLLP,Cantallops,gauge,pm,surface,VWC_005,total,60,-0.5459892813765688,-0.29551517218025414,-0.5496778247778666,0.0036885434012978724,59,-0.39001350448271155,-0.39570306791026144,0.33745090803333383,-0.879973030178889,62.22370864996056,64.3344707356342,0.017979166666666678,-0.5459892813765688,-0.5459892813765688,62.22370864996056,62.22370864996056
CLLP,Cantallops,gauge,pm,surface,VWC_020,lower,60,-0.4860574715513515,0.16030788951692906,-0.4863247433038075,0.00026727175245599977,59,-0.2347807887626131,-0.15854056863794758,0.971187773223287,-0.8275104299371878,51.58042994158434,64.3344707356342,0.02214583333333335,-0.4860574715513515,-0.4860574715513515,51.58042994158434,51.58042994158434
CLLP,Cantallops,gauge,pm,surface,VWC_020,total,60,-0.4819369822291314,-0.23030538885704765,-0.4863247433038075,0.004387761074676089,59,-0.14959545743025035,-0.15854056863794758,0.32010829646368266,-0.8279343504393284,62.22370864996056,64.3344707356342,0.02214583333333335,-0.4819369822291314,-0.4819369822291314,62.22370864996056,62.22370864996056
CLLP,Cantallops,gauge,pm,surface,VWC_050,total,60,-0.5047350257065755,-0.22101182711711045,-0.5085469078843078,0.0038118821777323175,59,0.15824662625470484,0.15453613141018782,0.3778541561858192,-0.7101793256320047,62.22370864996056,64.3344707356342,0.03699999999999999,-0.5047350257065755,-0.5047350257065755,62.22370864996056,62.22370864996056
CLLP,Cantallops,gauge,pm,surface5,VWC_005,upper,60,-0.4846000930936141,-0.2996276541250287,-0.5496778247778666,0.06507773168425252,59,-0.33443834896984925,-0.39570306791026144,0.4002339687300786,-0.8194962038554923,75.01252445916955,64.3344707356342,0.017979166666666678,-0.4846000930936141,-0.4846000930936141,75.01252445916955,75.01252445916955
CLLP,Cantallops,gauge,pm,surface5,VWC_005,total,60,-0.5499766470446095,-0.26372679822875333,-0.5496778247778666,-0.0002988222667428264,59,-0.38290218976088347,-0.39570306791026144,0.46372008723766767,-0.8857440186886036,62.191380003171574,64.3344707356342,0.017979166666666678,-0.5499766470446095,-0.5499766470446095,62.191380003171574,62.191380003171574
CLLP,Cantallops,gauge,pm,surface5,VWC_020,lower,60,-0.49186181773468146,0.1601411626427565,-0.4863247433038075,-0.005537074430873978,59,-0.173880172562965,-0.15854056863794758,0.9711877732232873,-0.841879764984781,59.97946116298336,64.3344707356342,0.02214583333333335,-0.49186181773468146,-0.49186181773468146,59.97946116298336,59.97946116298336
CLLP,Cantallops,gauge,pm,surface5,VWC_020,total,60,-0.48557534295369975,-0.197821436205758,-0.4863247433038075,0.0007494003501077318,59,-0.14223269521870124,-0.15854056863794758,0.4617585619952005,-0.8347271653805599,62.191380003171574,64.3344707356342,0.02214583333333335,-0.48557534295369975,-0.48557534295369975,62.191380003171574,62.191380003171574
CLLP,Cantallops,gauge,pm,surface5,VWC_050,total,60,-0.5094806965867473,-0.18749739690169048,-0.5085469078843078,-0.0009337887024395419,59,0.16555904463790977,0.15453613141018782,0.5062102981200302,-0.7194448735751722,62.191380003171574,64.3344707356342,0.03699999999999999,-0.5094806965867473,-0.5094806965867473,62.191380003171574,62.191380003171574
CLLP,Cantallops,gauge,pm,surface15,VWC_005,upper,60,-0.53986066060647,-0.3294987223049792,-0.5496778247778666,0.009817164171396664,59,-0.34176664370308557,-0.39570306791026144,0.23029514891201341,-0.8743120512710107,87.72669940487701,64.3344707356342,0.017979166666666678,-0.53986066060647,-0.53986066060647,87.72669940487701,87.72669940487701
CLLP,Cantallops,gauge,pm,surface15,VWC_005,total,60,-0.5464621734999244,-0.3181893969568491,-0.5496778247778666,0.003215651277942211,59,-0.39281663003879397,-0.39570306791026144,0.24535142421187658,-0.8811143622701959,63.1100238398791,64.3344707356342,0.017979166666666678,-0.5464621734999244,-0.5464621734999244,63.1100238398791,63.1100238398791
CLLP,Cantallops,gauge,pm,surface15,VWC_020,lower,60,-0.48714394188256915,0.15980770889441134,-0.4863247433038075,-0.0008191985787616707,59,-0.3519075610923429,-0.15854056863794758,0.9711877732232873,-0.8410530991214833,39.020085583171564,64.3344707356342,0.02214583333333335,-0.48714394188256915,-0.48714394188256915,39.020085583171564,39.020085583171564
CLLP,Cantallops,gauge,pm,surface15,VWC_020,total,60,-0.4827069964124971,-0.2563425690403312,-0.4863247433038075,0.0036177468913103916,59,-0.15414568177989652,-0.15854056863794758,0.2203789298069298,-0.8295828291623981,63.1100238398791,64.3344707356342,0.02214583333333335,-0.4827069964124971,-0.4827069964124971,63.1100238398791,63.1100238398791
CLLP,Cantallops,gauge,pm,surface15,VWC_050,total,60,-0.505158087148218,-0.24660618054032918,-0.5085469078843078,0.003388820736089815,59,0.1549403077780175,0.15453613141018782,0.28362580980690005,-0.7109905539733989,63.1100238398791,64.3344707356342,0.03699999999999999,-0.505158087148218,-0.505158087148218,63.1100238398791,63.1100238398791
CLLP,Cantallops,gauge,pm,bypass25,VWC_005,upper,60,-0.5263870629954979,-0.31085361835265657,-0.5496778247778666,0.023290761782368774,59,-0.3477099238002479,-0.39570306791026144,0.31291705201974324,-0.8517238176054301,84.25202068625867,64.3344707356342,0.017979166666666678,-0.5263870629954979,-0.5263870629954979,84.25202068625867,84.25202068625867
CLLP,Cantallops,gauge,pm,bypass25,VWC_005,total,60,-0.5477430489880677,-0.3497832616271781,-0.5496778247778666,0.0019347757897989482,59,-0.39112389831206773,-0.39570306791026144,0.17796774743758284,-0.8811122050443175,62.23223718598556,64.3344707356342,0.017979166666666678,-0.5477430489880677,-0.5477430489880677,62.23223718598556,62.23223718598556
CLLP,Cantallops,gauge,pm,bypass25,VWC_020,lower,60,-0.4948608307786918,-0.3158640631199398,-0.4863247433038075,-0.008536087474884324,59,-0.21669844795455684,-0.15854056863794758,-0.1663491857771193,-0.8495197584318512,51.694644248614225,64.3344707356342,0.02214583333333335,-0.4948608307786918,-0.4948608307786918,51.694644248614225,51.694644248614225
CLLP,Cantallops,gauge,pm,bypass25,VWC_020,total,60,-0.48401881946411107,-0.2863811942037564,-0.4863247433038075,0.002305923839696411,59,-0.15069392331131543,-0.15854056863794758,0.1513470499965055,-0.8287877452425538,62.23223718598556,64.3344707356342,0.02214583333333335,-0.48401881946411107,-0.48401881946411107,62.23223718598556,62.23223718598556
CLLP,Cantallops,gauge,pm,bypass25,VWC_050,total,60,-0.5064532449325818,-0.2771471082407824,-0.5085469078843078,0.002093662951725972,59,0.15798981775267254,0.15453613141018782,0.2158519755273654,-0.7107587238953585,62.23223718598556,64.3344707356342,0.03699999999999999,-0.5064532449325818,-0.5064532449325818,62.23223718598556,62.23223718598556
BOLV,Bolvir,idw,hg,control,VWC_005,upper,60,0.9225240520398803,0.9150319533203669,0.9225240520398803,0.0,59,0.4586487665797079,0.4586487665797078,0.8988022179338762,0.9577767241273726,89.47275182242647,89.47275182242646,0.1325,0.9225240520398803,0.9225240520398803,89.47275182242647,89.47275182242647
BOLV,Bolvir,idw,hg,control,VWC_005,total,60,0.9225240520398803,0.9150319533203669,0.9225240520398803,0.0,59,0.45864876657970793,0.4586487665797078,0.898802217933876,0.9577767241273725,89.47275182242646,89.47275182242646,0.1325,0.9225240520398803,0.9225240520398803,89.47275182242646,89.47275182242646
BOLV,Bolvir,idw,hg,control,VWC_020,lower,33,0.8552942040617117,0.8372326203208557,0.8552942040617114,3.3306690738754696e-16,32,0.5098512283185844,0.5098512283185843,,,76.47463170552903,76.47463170552906,0.038312500000000006,0.8552942040617117,0.8552942040617117,76.47463170552903,76.47463170552903
BOLV,Bolvir,idw,hg,control,VWC_020,total,33,0.8552942040617117,0.8372326203208557,0.8552942040617114,3.3306690738754696e-16,32,0.5098512283185843,0.5098512283185843,,,76.47463170552905,76.47463170552906,0.038312500000000006,0.8552942040617117,0.8552942040617117,76.47463170552905,76.47463170552905
BOLV,Bolvir,idw,hg,control,VWC_050,total,60,0.890226677087798,0.8782338097040289,0.8902266770877979,1.1102230246251565e-16,59,0.5879020247570108,0.5879020247570106,0.9602524116528833,0.9010550421156902,89.47275182242646,89.47275182242646,0.08179166666666665,0.890226677087798,0.890226677087798,89.47275182242646,89.47275182242646
BOLV,Bolvir,idw,hg,cascade,VWC_005,upper,60,0.8009753849778161,0.7737704918032788,0.9225240520398803,-0.12154866706206424,59,0.1933385155242438,0.4586487665797078,0.7533445877317753,0.8878111408255553,87.29984463337394,89.47275182242646,0.1325,0.8009753849778161,0.8009753849778161,87.29984463337394,87.29984463337394
BOLV,Bolvir,idw,hg,cascade,VWC_005,total,60,0.917809468091349,0.9119199777716035,0.9225240520398803,-0.0047145839485313035,59,0.44525806331124257,0.4586487665797078,0.8907621675727907,0.9582990803366069,89.44753417369266,89.47275182242646,0.1325,0.917809468091349,0.917809468091349,89.44753417369266,89.44753417369266
BOLV,Bolvir,idw,hg,cascade,VWC_020,lower,33,0.8447086088567769,0.8519385026737968,0.8552942040617114,-0.010585595204934517,32,0.5284584853864297,0.5098512283185843,,,81.66569734192561,76.47463170552906,0.038312500000000006,0.8447086088567769,0.8447086088567769,81.66569734192561,81.66569734192561
BOLV,Bolvir,idw,hg,cascade,VWC_020,total,33,0.8485665538524374,0.822192513368984,0.8552942040617114,-0.0067276502092740165,32,0.49663651684936727,0.5098512283185843,,,76.4742367563941,76.47463170552906,0.038312500000000006,0.8485665538524374,0.8485665538524374,76.4742367563941,76.4742367563941
BOLV,Bolvir,idw,hg,cascade,VWC_050,total,60,0.8864840784317365,0.8735654572271968,0.8902266770877979,-0.0037425986560614133,59,0.5777781274210814,0.5879020247570106,0.9559327852197973,0.9011363578020612,89.44753417369266,89.47275182242646,0.08179166666666665,0.8864840784317365,0.8864840784317365,89.44753417369266,89.44753417369266
BOLV,Bolvir,idw,hg,surface,VWC_005,upper,60,0.7387705114842068,0.7084745762711866,0.9225240520398803,-0.1837535405556735,59,0.21579110290031203,0.4586487665797078,0.7022154278760402,0.8312020825294641,81.22668754774222,89.47275182242646,0.1325,0.7387705114842068,0.7387705114842068,81.22668754774222,81.22668754774222
BOLV,Bolvir,idw,hg,surface,VWC_005,total,60,0.9300269482257075,0.9136426785218118,0.9225240520398803,0.007502896185827224,59,0.4711844021262191,0.4586487665797078,0.9241906608557721,0.9541751735019179,90.46913468267746,89.47275182242646,0.1325,0.9300269482257075,0.9300269482257075,90.46913468267746,90.46913468267746
BOLV,Bolvir,idw,hg,surface,VWC_020,lower,33,0.8532618020760574,0.8880347593582889,0.8552942040617114,-0.00203240198565402,32,0.6298571201782462,0.5098512283185843,,,87.41122481944134,76.47463170552906,0.038312500000000006,0.8532618020760574,0.8532618020760574,87.41122481944134,87.41122481944134
BOLV,Bolvir,idw,hg,surface,VWC_020,total,33,0.8656524141950641,0.8516042780748663,0.8552942040617114,0.010358210133352697,32,0.5429760800107934,0.5098512283185843,,,72.6152520198576,76.47463170552906,0.038312500000000006,0.8656524141950641,0.8656524141950641,72.6152520198576,72.6152520198576
BOLV,Bolvir,idw,hg,surface,VWC_050,total,60,0.9359015442657421,0.9381999087814312,0.8902266770877979,0.04567486717794422,59,0.6202521494287121,0.5879020247570106,0.9678296082674965,0.9335235203215868,90.46913468267746,89.47275182242646,0.08179166666666665,0.9359015442657421,0.9359015442657421,90.46913468267746,90.46913468267746
BOLV,Bolvir,idw,hg,surface5,VWC_005,upper,60,0.5490317312088207,0.4895248680188943,0.9225240520398803,-0.37349232083105965,59,0.11247800566491686,0.4586487665797078,0.5415447644668738,0.5348133222900211,70.4557009197275,89.47275182242646,0.1325,0.5490317312088207,0.5490317312088207,70.4557009197275,70.4557009197275
BOLV,Bolvir,idw,hg,surface5,VWC_005,total,60,0.9369515339758725,0.9181994998610729,0.9225240520398803,0.014427481935992192,59,0.459119809390506,0.4586487665797078,0.9434868626441373,0.9528099353016035,90.54806499630712,89.47275182242646,0.1325,0.9369515339758725,0.9369515339758725,90.54806499630712,90.54806499630712
BOLV,Bolvir,idw,hg,surface5,VWC_020,lower,33,0.8895634693309125,0.8699866310160428,0.8552942040617114,0.034269265269201044,32,0.61719233472337,0.5098512283185843,,,77.00367239376638,76.47463170552906,0.038312500000000006,0.8895634693309125,0.8895634693309125,77.00367239376638,77.00367239376638
BOLV,Bolvir,idw,hg,surface5,VWC_020,total,33,0.8736370696459428,0.8372326203208557,0.8552942040617114,0.01834286558423137,32,0.5567261256267141,0.5098512283185843,,,72.5330470682426,76.47463170552906,0.038312500000000006,0.8736370696459428,0.8736370696459428,72.5330470682426,72.5330470682426
BOLV,Bolvir,idw,hg,surface5,VWC_050,total,60,0.944261370320949,0.9359490959801015,0.8902266770877979,0.05403469323315113,59,0.6476488859970605,0.5879020247570106,0.963983634527257,0.9489450865048654,90.54806499630712,89.47275182242646,0.08179166666666665,0.944261370320949,0.944261370320949,90.54806499630712,90.54806499630712
BOLV,Bolvir,idw,hg,surface15,VWC_005,upper,60,0.8285917349238923,0.793776048902473,0.9225240520398803,-0.09393231711598804,59,0.2878484503631474,0.4586487665797078,0.7955165450926813,0.9108088241460375,85.1755366094708,89.47275182242646,0.1325,0.8285917349238923,0.8285917349238923,85.1755366094708,85.1755366094708
BOLV,Bolvir,idw,hg,surface15,VWC_005,total,60,0.9237881690796705,0.9094192831342041,0.9225240520398803,0.0012641170397902357,59,0.47056110037155496,0.4586487665797078,0.9091002579984312,0.9518942197944017,90.16672942553397,89.47275182242646,0.1325,0.9237881690796705,0.9237881690796705,90.16672942553397,90.16672942553397
BOLV,Bolvir,idw,hg,surface15,VWC_020,lower,33,0.7949537205935088,0.8365641711229946,0.8552942040617114,-0.060340483468202644,32,0.6424178283704609,0.5098512283185843,,,95.16030972538529,76.47463170552906,0.038312500000000006,0.7949537205935088,0.7949537205935088,95.16030972538529,95.16030972538529
BOLV,Bolvir,idw,hg,surface15,VWC_020,total,33,0.8561208001949282,0.8415775401069518,0.8552942040617114,0.0008265961332167837,32,0.5297673599599069,0.5098512283185843,,,71.01470323470146,76.47463170552906,0.038312500000000006,0.8561208001949282,0.8561208001949282,71.01470323470146,71.01470323470146
BOLV,Bolvir,idw,hg,surface15,VWC_050,total,60,0.9208650836940075,0.9294467478873709,0.8902266770877979,0.030638406606209645,59,0.6027219804677154,0.5879020247570106,0.9653704800242805,0.9186812857236191,90.16672942553397,89.47275182242646,0.08179166666666665,0.9208650836940075,0.9208650836940075,90.16672942553397,90.16672942553397
BOLV,Bolvir,idw,hg,bypass25,VWC_005,upper,60,0.7675354271979415,0.747929980550153,0.9225240520398803,-0.15498862484193876,59,0.2560059756508609,0.4586487665797078,0.7297313623536203,0.861336120474458,81.41551731762013,89.47275182242646,0.1325,0.7675354271979415,0.7675354271979415,81.41551731762013,81.41551731762013
BOLV,Bolvir,idw,hg,bypass25,VWC_005,total,60,0.932217293537154,0.9135871075298695,0.9225240520398803,0.009693241497273686,59,0.4615731115978404,0.4586487665797078,0.924116440825884,0.956818533062643,89.8233459191444,89.47275182242646,0.1325,0.932217293537154,0.932217293537154,89.8233459191444,89.8233459191444
BOLV,Bolvir,idw,hg,bypass25,VWC_020,lower,33,0.8784826379363047,0.902072192513369,0.8552942040617114,0.02318843387459324,32,0.6375291233083845,0.5098512283185843,,,83.17320122961613,76.47463170552906,0.038312500000000006,0.8784826379363047,0.8784826379363047,83.17320122961613,83.17320122961613
BOLV,Bolvir,idw,hg,bypass25,VWC_020,total,33,0.8682258826658588,0.8395721925133691,0.8552942040617114,0.012931678604147345,32,0.5380084854270459,0.5098512283185843,,,70.99962012350808,76.47463170552906,0.038312500000000006,0.8682258826658588,0.8682258826658588,70.99962012350808,70.99962012350808
BOLV,Bolvir,idw,hg,bypass25,VWC_050,total,60,0.9316723807223805,0.9330035878697194,0.8902266770877979,0.041445703634582554,59,0.618935451893472,0.5879020247570106,0.965742258186566,0.9321449909567229,89.8233459191444,89.47275182242646,0.08179166666666665,0.9316723807223805,0.9316723807223805,89.8233459191444,89.8233459191444
BOLV,Bolvir,idw,pm,control,VWC_005,upper,60,0.9361718638678066,0.9174215059738817,0.9361718638678063,3.3306690738754696e-16,59,0.4617020296584016,0.46170202965840157,0.9197644577554962,0.9616916267266835,90.70790277995692,90.70790277995694,0.1325,0.9361718638678066,0.9361718638678066,90.70790277995692,90.70790277995692
BOLV,Bolvir,idw,pm,control,VWC_005,total,60,0.9361718638678065,0.9174215059738817,0.9361718638678063,2.220446049250313e-16,59,0.46170202965840157,0.46170202965840157,0.9197644577554964,0.9616916267266836,90.70790277995694,90.70790277995694,0.1325,0.9361718638678065,0.9361718638678065,90.70790277995694,90.70790277995694
BOLV,Bolvir,idw,pm,control,VWC_020,lower,33,0.860198354372301,0.8245320855614974,0.8601983543723009,1.1102230246251565e-16,32,0.5198315827306287,0.5198315827306285,,,75.53540437853113,75.53540437853115,0.038312500000000006,0.860198354372301,0.860198354372301,75.53540437853113,75.53540437853113
BOLV,Bolvir,idw,pm,control,VWC_020,total,33,0.860198354372301,0.8245320855614974,0.8601983543723009,1.1102230246251565e-16,32,0.5198315827306286,0.5198315827306285,,,75.53540437853114,75.53540437853115,0.038312500000000006,0.860198354372301,0.860198354372301,75.53540437853114,75.53540437853114
BOLV,Bolvir,idw,pm,control,VWC_050,total,60,0.890896697335261,0.8857087312294325,0.8908966973352608,2.220446049250313e-16,59,0.6046748079659711,0.6046748079659708,0.9583139901911792,0.901533879364488,90.70790277995694,90.70790277995694,0.08179166666666665,0.890896697335261,0.890896697335261,90.70790277995694,90.70790277995694
BOLV,Bolvir,idw,pm,cascade,VWC_005,upper,60,0.8094049453963089,0.776271186440678,0.9361718638678063,-0.12676691847149735,59,0.1922632683416179,0.46170202965840157,0.7682812847832533,0.8816094356067327,88.67224943999278,90.70790277995694,0.1325,0.8094049453963089,0.8094049453963089,88.67224943999278,88.67224943999278
BOLV,Bolvir,idw,pm,cascade,VWC_005,total,60,0.9314031937411369,0.9157543762156156,0.9361718638678063,-0.004768670126669372,59,0.44850462267704566,0.46170202965840157,0.9125214944502975,0.9608831847257026,90.68328569392901,90.70790277995694,0.1325,0.9314031937411369,0.9314031937411369,90.68328569392901,90.68328569392901
BOLV,Bolvir,idw,pm,cascade,VWC_020,lower,33,0.8602671734064744,0.8342245989304814,0.8601983543723009,6.881903417355062e-05,32,0.5347361993889863,0.5198315827306285,,,82.35464165902833,75.53540437853115,0.038312500000000006,0.8602671734064744,0.8602671734064744,82.35464165902833,82.35464165902833
BOLV,Bolvir,idw,pm,cascade,VWC_020,total,33,0.853090920313587,0.8125000000000001,0.8601983543723009,-0.007107434058713835,32,0.5055431094393693,0.5198315827306285,,,75.53495975571158,75.53540437853115,0.038312500000000006,0.853090920313587,0.853090920313587,75.53495975571158,75.53495975571158
BOLV,Bolvir,idw,pm,cascade,VWC_050,total,60,0.8871275656843477,0.8812626812514973,0.8908966973352608,-0.0037691316509130823,59,0.5933798293527648,0.6046748079659708,0.9547998731737648,0.9007610371183252,90.68328569392901,90.70790277995694,0.08179166666666665,0.8871275656843477,0.8871275656843477,90.68328569392901,90.68328569392901
BOLV,Bolvir,idw,pm,surface,VWC_005,upper,60,0.7596347663399589,0.7137538205056961,0.9361718638678063,-0.1765370975278474,59,0.2259705544708615,0.46170202965840157,0.730964545438329,0.8396120871625459,83.44521166265662,90.70790277995694,0.1325,0.7596347663399589,0.7596347663399589,83.44521166265662,83.44521166265662
BOLV,Bolvir,idw,pm,surface,VWC_005,total,60,0.9394451132076154,0.9170880800222286,0.9361718638678063,0.0032732493398091034,59,0.4679368979282981,0.46170202965840157,0.939617164614825,0.9590357167783417,91.61259581750926,90.70790277995694,0.1325,0.9394451132076154,0.9394451132076154,91.61259581750926,91.61259581750926
BOLV,Bolvir,idw,pm,surface,VWC_020,lower,33,0.862965649684885,0.8803475935828877,0.8601983543723009,0.002767295312584128,32,0.6399488023847173,0.5198315827306285,,,87.62501945881678,75.53540437853115,0.038312500000000006,0.862965649684885,0.862965649684885,87.62501945881678,87.62501945881678
BOLV,Bolvir,idw,pm,surface,VWC_020,total,33,0.8688839709839017,0.8275401069518717,0.8601983543723009,0.008685616611600833,32,0.5536050449820817,0.5198315827306285,,,73.05863590917033,75.53540437853115,0.038312500000000006,0.8688839709839017,0.8688839709839017,73.05863590917033,73.05863590917033
BOLV,Bolvir,idw,pm,surface,VWC_050,total,60,0.9314671053535454,0.9273904497725759,0.8908966973352608,0.0405704080182846,59,0.6419493827082687,0.6046748079659708,0.9617864540953068,0.9307503123862887,91.61259581750926,90.70790277995694,0.08179166666666665,0.9314671053535454,0.9314671053535454,91.61259581750926,91.61259581750926
BOLV,Bolvir,idw,pm,surface5,VWC_005,upper,60,0.585824637304084,0.5372603500972493,0.9361718638678063,-0.3503472265637223,59,0.13196216185597603,0.46170202965840157,0.5871034873570855,0.5654030969465478,73.65108505708906,90.70790277995694,0.1325,0.585824637304084,0.585824637304084,73.65108505708906,73.65108505708906
BOLV,Bolvir,idw,pm,surface5,VWC_005,total,60,0.9365162650288172,0.9190330647402057,0.9361718638678063,0.0003444011610109765,59,0.45185570233468564,0.46170202965840157,0.9492429852362898,0.9486567297391442,91.61828626401666,90.70790277995694,0.1325,0.9365162650288172,0.9365162650288172,91.61828626401666,91.61828626401666
BOLV,Bolvir,idw,pm,surface5,VWC_020,lower,33,0.8766646870262202,0.832553475935829,0.8601983543723009,0.01646633265391939,32,0.6260993516551898,0.5198315827306285,,,77.17230033068024,75.53540437853115,0.038312500000000006,0.8766646870262202,0.8766646870262202,77.17230033068024,77.17230033068024
BOLV,Bolvir,idw,pm,surface5,VWC_020,total,33,0.8617794742561423,0.804144385026738,0.8601983543723009,0.0015811198838414642,32,0.5629351742982128,0.5198315827306285,,,73.04405924628222,75.53540437853115,0.038312500000000006,0.8617794742561423,0.8617794742561423,73.04405924628222,73.04405924628222
BOLV,Bolvir,idw,pm,surface5,VWC_050,total,60,0.938960461290544,0.9261677860286437,0.8908966973352608,0.04806376395528322,59,0.6675180379736365,0.6046748079659708,0.9589198065941604,0.9404943689179135,91.61828626401666,90.70790277995694,0.08179166666666665,0.938960461290544,0.938960461290544,91.61828626401666,91.61828626401666
BOLV,Bolvir,idw,pm,surface15,VWC_005,upper,60,0.8411355966039257,0.8041678243956656,0.9361718638678063,-0.09503626726388059,59,0.2943934190732586,0.46170202965840157,0.8127975847371494,0.9138805732671383,86.93635155734002,90.70790277995694,0.1325,0.8411355966039257,0.8411355966039257,86.93635155734002,86.93635155734002
BOLV,Bolvir,idw,pm,surface15,VWC_005,total,60,0.9392997944245876,0.9143651014170605,0.9361718638678063,0.0031279305567812887,59,0.4711475627282007,0.46170202965840157,0.9307282605582803,0.9616166873948548,91.35272592788162,90.70790277995694,0.1325,0.9392997944245876,0.9392997944245876,91.35272592788162,91.35272592788162
BOLV,Bolvir,idw,pm,surface15,VWC_020,lower,33,0.8389755056233897,0.8960561497326204,0.8601983543723009,-0.021222848748911116,32,0.657556729487952,0.5198315827306285,,,95.77258133789024,75.53540437853115,0.038312500000000006,0.8389755056233897,0.8389755056233897,95.77258133789024,95.77258133789024
BOLV,Bolvir,idw,pm,surface15,VWC_020,total,33,0.8680866986235976,0.8345588235294119,0.8601983543723009,0.007888344251296697,32,0.5416890187849666,0.5198315827306285,,,71.21687594121175,75.53540437853115,0.038312500000000006,0.8680866986235976,0.8680866986235976,71.21687594121175,71.21687594121175
BOLV,Bolvir,idw,pm,surface15,VWC_050,total,60,0.9199152813722655,0.9258899079050228,0.8908966973352608,0.029018584037004747,59,0.6235455309444716,0.6046748079659708,0.9619476543000264,0.9211163442267305,91.35272592788162,90.70790277995694,0.08179166666666665,0.9199152813722655,0.9199152813722655,91.35272592788162,91.35272592788162
BOLV,Bolvir,idw,pm,bypass25,VWC_005,upper,60,0.7900288462493266,0.7516532370102808,0.9361718638678063,-0.1461430176184797,59,0.2702369044669308,0.46170202965840157,0.7621890015743719,0.8703279610655186,83.61396784567522,90.70790277995694,0.1325,0.7900288462493266,0.7900288462493266,83.61396784567522,83.61396784567522
BOLV,Bolvir,idw,pm,bypass25,VWC_005,total,60,0.9394012285687078,0.9154209502639624,0.9361718638678063,0.003229364700901516,59,0.45718216812221557,0.46170202965840157,0.938012165178574,0.9577072294400231,90.98643691895597,90.70790277995694,0.1325,0.9394012285687078,0.9394012285687078,90.98643691895597,90.98643691895597
BOLV,Bolvir,idw,pm,bypass25,VWC_020,lower,33,0.872292383779993,0.8813502673796793,0.8601983543723009,0.012094029407692108,32,0.6465591911622308,0.5198315827306285,,,83.52410827246007,75.53540437853115,0.038312500000000006,0.872292383779993,0.872292383779993,83.52410827246007,83.52410827246007
BOLV,Bolvir,idw,pm,bypass25,VWC_020,total,33,0.8657860055699195,0.8111631016042781,0.8601983543723009,0.005587651197618615,32,0.5468010281322548,0.5198315827306285,,,71.46486349433427,75.53540437853115,0.038312500000000006,0.8657860055699195,0.8657860055699195,71.46486349433427,71.46486349433427
BOLV,Bolvir,idw,pm,bypass25,VWC_050,total,60,0.92668647626782,0.9216105848012599,0.8908966973352608,0.03578977893255919,59,0.6393117874835706,0.6046748079659708,0.9596116705093909,0.926417244267409,90.98643691895597,90.70790277995694,0.08179166666666665,0.92668647626782,0.92668647626782,90.98643691895597,90.98643691895597
BOLV,Bolvir,gauge,hg,control,VWC_005,upper,60,0.9158867357390399,0.9317588218949711,0.9158867357390401,-2.220446049250313e-16,59,0.47723434311606033,0.47723434311606033,0.8904744378172345,0.9540931475374154,89.47275182242647,89.47275182242646,0.1325,0.9158867357390399,0.9158867357390399,89.47275182242647,89.47275182242647
BOLV,Bolvir,gauge,hg,control,VWC_005,total,60,0.9158867357390401,0.9317588218949711,0.9158867357390401,0.0,59,0.4772343431160603,0.47723434311606033,0.8904744378172347,0.9540931475374155,89.47275182242646,89.47275182242646,0.1325,0.9158867357390401,0.9158867357390401,89.47275182242646,89.47275182242646
BOLV,Bolvir,gauge,hg,control,VWC_020,lower,33,0.8584191354673989,0.8686497326203209,0.8584191354673989,0.0,32,0.5212341189152564,0.5212341189152563,,,76.51651541859074,76.51651541859076,0.038312500000000006,0.8584191354673989,0.8584191354673989,76.51651541859074,76.51651541859074
BOLV,Bolvir,gauge,hg,control,VWC_020,total,33,0.8584191354673989,0.8686497326203209,0.8584191354673989,0.0,32,0.5212341189152563,0.5212341189152563,,,76.51651541859076,76.51651541859076,0.038312500000000006,0.8584191354673989,0.8584191354673989,76.51651541859076,76.51651541859076
BOLV,Bolvir,gauge,hg,control,VWC_050,total,60,0.9065771451063573,0.8865423656002954,0.9065771451063573,0.0,59,0.5893933662465423,0.5893933662465423,0.9670411094934013,0.9132474702620612,89.47275182242646,89.47275182242646,0.08179166666666665,0.9065771451063573,0.9065771451063573,89.47275182242646,89.47275182242646
BOLV,Bolvir,gauge,hg,cascade,VWC_005,upper,60,0.8076491607828603,0.8287857738260629,0.9158867357390401,-0.1082375749561798,59,0.17999554308542265,0.47723434311606033,0.7545359901746769,0.9004630909993991,87.29984463337394,89.47275182242646,0.1325,0.8076491607828603,0.8076491607828603,87.29984463337394,87.29984463337394
BOLV,Bolvir,gauge,hg,cascade,VWC_005,total,60,0.9169577483781346,0.9300361211447628,0.9158867357390401,0.0010710126390944819,59,0.47108379592753724,0.47723434311606033,0.889003310800454,0.957793293453411,89.44753417369266,89.47275182242646,0.1325,0.9169577483781346,0.9169577483781346,89.44753417369266,89.44753417369266
BOLV,Bolvir,gauge,hg,cascade,VWC_020,lower,33,0.8251366015377612,0.8606283422459894,0.8584191354673989,-0.03328253392963765,32,0.5608077187313059,0.5212341189152563,,,88.7195187169412,76.51651541859076,0.038312500000000006,0.8251366015377612,0.8251366015377612,88.7195187169412,88.7195187169412
BOLV,Bolvir,gauge,hg,cascade,VWC_020,total,33,0.8616508749157004,0.8552807486631017,0.8584191354673989,0.0032317394483014628,32,0.5242369709994357,0.5212341189152563,,,76.51640008882688,76.51651541859076,0.038312500000000006,0.8616508749157004,0.8616508749157004,76.51640008882688,76.51640008882688
BOLV,Bolvir,gauge,hg,cascade,VWC_050,total,60,0.904616004275639,0.8789007172007193,0.9065771451063573,-0.0019611408307183,59,0.5948113405555425,0.5893933662465423,0.9667093936698417,0.9151403821350379,89.44753417369266,89.47275182242646,0.08179166666666665,0.904616004275639,0.904616004275639,89.44753417369266,89.44753417369266
BOLV,Bolvir,gauge,hg,surface,VWC_005,upper,60,0.7518109739010659,0.7704362322867465,0.9158867357390401,-0.16407576183797423,59,0.1963497912250576,0.47723434311606033,0.6952455313869581,0.8780549840003034,81.22668754774222,89.47275182242646,0.1325,0.7518109739010659,0.7518109739010659,81.22668754774222,81.22668754774222
BOLV,Bolvir,gauge,hg,surface,VWC_005,total,60,0.8906293545672743,0.9034176160044459,0.9158867357390401,-0.02525738117176579,59,0.47042948620302677,0.47723434311606033,0.8897766817525139,0.9264972200254582,87.73124349718525,89.47275182242646,0.1325,0.8906293545672743,0.8906293545672743,87.73124349718525,87.73124349718525
BOLV,Bolvir,gauge,hg,surface,VWC_020,lower,33,0.69812560419103,0.7199197860962567,0.8584191354673989,-0.16029353127636892,32,0.5909081249306871,0.5212341189152563,,,91.04519992553,76.51651541859076,0.038312500000000006,0.69812560419103,0.69812560419103,91.04519992553,91.04519992553
BOLV,Bolvir,gauge,hg,surface,VWC_020,total,33,0.8082281421108407,0.840909090909091,0.8584191354673989,-0.05019099335655819,32,0.515589971754078,0.5212341189152563,,,75.22140326147776,76.51651541859076,0.038312500000000006,0.8082281421108407,0.8082281421108407,75.22140326147776,75.22140326147776
BOLV,Bolvir,gauge,hg,surface,VWC_050,total,60,0.9394188163673848,0.9518993002759442,0.9065771451063573,0.03284167126102744,59,0.5852264144658145,0.5893933662465423,0.9680388785008074,0.9189710138921103,87.73124349718525,89.47275182242646,0.08179166666666665,0.9394188163673848,0.9394188163673848,87.73124349718525,87.73124349718525
BOLV,Bolvir,gauge,hg,surface5,VWC_005,upper,60,0.6043367047682916,0.5972214504028899,0.9158867357390401,-0.3115500309707485,59,0.10447060571568673,0.47723434311606033,0.5502682432573813,0.6815210877082184,70.45940131233633,89.47275182242646,0.1325,0.6043367047682916,0.6043367047682916,70.45940131233633,70.45940131233633
BOLV,Bolvir,gauge,hg,surface5,VWC_005,total,60,0.9056699681003606,0.9044734648513478,0.9158867357390401,-0.010216767638679514,59,0.4785266663009434,0.47723434311606033,0.9265565509090135,0.928611805222368,90.54806499630712,89.47275182242646,0.1325,0.9056699681003606,0.9056699681003606,90.54806499630712,90.54806499630712
BOLV,Bolvir,gauge,hg,surface5,VWC_020,lower,33,0.7961252417363919,0.8382352941176471,0.8584191354673989,-0.06229389373100702,32,0.5778708412803923,0.5212341189152563,,,83.03050942573229,76.51651541859076,0.038312500000000006,0.7961252417363919,0.7961252417363919,83.03050942573229,83.03050942573229
BOLV,Bolvir,gauge,hg,surface5,VWC_020,total,33,0.8225670228566995,0.857620320855615,0.8584191354673989,-0.03585211261069943,32,0.5283407113071898,0.5212341189152563,,,77.60721471056317,76.51651541859076,0.038312500000000006,0.8225670228566995,0.8225670228566995,77.60721471056317,77.60721471056317
BOLV,Bolvir,gauge,hg,surface5,VWC_050,total,60,0.9594816047892206,0.9629310617836961,0.9065771451063573,0.05290445968286328,59,0.6007722820316742,0.5893933662465423,0.9732644257917129,0.9451032576270214,90.54806499630712,89.47275182242646,0.08179166666666665,0.9594816047892206,0.9594816047892206,90.54806499630712,90.54806499630712
BOLV,Bolvir,gauge,hg,surface15,VWC_005,upper,60,0.8533775156564318,0.862739649902751,0.9158867357390401,-0.06250922008260829,59,0.2991225305413654,0.47723434311606033,0.8174335513229964,0.930066751151342,85.1755366094708,89.47275182242646,0.1325,0.8533775156564318,0.8533775156564318,85.1755366094708,85.1755366094708
BOLV,Bolvir,gauge,hg,surface15,VWC_005,total,60,0.9010673190018501,0.9135871075298695,0.9158867357390401,-0.014819416737190005,59,0.47230319419888767,0.47723434311606033,0.8863609648350963,0.9371923138021657,87.94743460336085,89.47275182242646,0.1325,0.9010673190018501,0.9010673190018501,87.94743460336085,87.94743460336085
BOLV,Bolvir,gauge,hg,surface15,VWC_020,lower,33,0.6466876787217113,0.6590909090909092,0.8584191354673989,-0.2117314567456876,32,0.6000531978785425,0.5212341189152563,,,90.72172008103905,76.51651541859076,0.038312500000000006,0.6466876787217113,0.6466876787217113,90.72172008103905,90.72172008103905
BOLV,Bolvir,gauge,hg,surface15,VWC_020,total,33,0.8286748318040094,0.8516042780748663,0.8584191354673989,-0.029744303663389537,32,0.5146219783095028,0.5212341189152563,,,73.25144798883808,76.51651541859076,0.038312500000000006,0.8286748318040094,0.8286748318040094,73.25144798883808,73.25144798883808
BOLV,Bolvir,gauge,hg,surface15,VWC_050,total,60,0.9274227106500876,0.9359768837924634,0.9065771451063573,0.020845565543730293,59,0.5838444814416396,0.5893933662465423,0.9666235913569263,0.9149760418880284,87.94743460336085,89.47275182242646,0.08179166666666665,0.9274227106500876,0.9274227106500876,87.94743460336085,87.94743460336085
BOLV,Bolvir,gauge,hg,bypass25,VWC_005,upper,60,0.7973709498070486,0.8091136426785219,0.9158867357390401,-0.11851578593199152,59,0.2669915243856376,0.47723434311606033,0.7509972333590749,0.8937712345666234,81.41551731762013,89.47275182242646,0.1325,0.7973709498070486,0.7973709498070486,81.41551731762013,81.41551731762013
BOLV,Bolvir,gauge,hg,bypass25,VWC_005,total,60,0.9008406611787549,0.9109196999166437,0.9158867357390401,-0.015046074560285172,59,0.4707497963937799,0.47723434311606033,0.9002852155688047,0.9321398804971079,89.8233459191444,89.47275182242646,0.1325,0.9008406611787549,0.9008406611787549,89.8233459191444,89.8233459191444
BOLV,Bolvir,gauge,hg,bypass25,VWC_020,lower,33,0.7478337076123466,0.7743983957219251,0.8584191354673989,-0.11058542785505232,32,0.5909201902935787,0.5212341189152563,,,85.54268417520065,76.51651541859076,0.038312500000000006,0.7478337076123466,0.7478337076123466,85.54268417520065,85.54268417520065
BOLV,Bolvir,gauge,hg,bypass25,VWC_020,total,33,0.8205210656965658,0.8529411764705882,0.8584191354673989,-0.0378980697708331,32,0.5157135717614916,0.5212341189152563,,,75.30061497623261,76.51651541859076,0.038312500000000006,0.8205210656965658,0.8205210656965658,75.30061497623261,75.30061497623261
BOLV,Bolvir,gauge,hg,bypass25,VWC_050,total,60,0.942131753701479,0.9488982165408378,0.9065771451063573,0.035554608595121606,59,0.5851534825472825,0.5893933662465423,0.9686709884120616,0.9278541890024943,89.8233459191444,89.47275182242646,0.08179166666666665,0.942131753701479,0.942131753701479,89.8233459191444,89.8233459191444
BOLV,Bolvir,gauge,pm,control,VWC_005,upper,60,0.9383819975280523,0.9374826340650184,0.938381997528052,3.3306690738754696e-16,59,0.49392130742971996,0.49392130742971985,0.9216635493836112,0.962638139231587,90.70790277995692,90.70790277995694,0.1325,0.9383819975280523,0.9383819975280523,90.70790277995692,90.70790277995692
BOLV,Bolvir,gauge,pm,control,VWC_005,total,60,0.9383819975280521,0.9374826340650184,0.938381997528052,1.1102230246251565e-16,59,0.49392130742971996,0.49392130742971985,0.9216635493836112,0.9626381392315871,90.70790277995694,90.70790277995694,0.1325,0.9383819975280521,0.9383819975280521,90.70790277995694,90.70790277995694
BOLV,Bolvir,gauge,pm,control,VWC_020,lower,33,0.8799033573094502,0.876336898395722,0.87990335730945,2.220446049250313e-16,32,0.5430863791716043,0.543086379171604,,,75.58280660720332,75.58280660720335,0.038312500000000006,0.8799033573094502,0.8799033573094502,75.58280660720332,75.58280660720332
BOLV,Bolvir,gauge,pm,control,VWC_020,total,33,0.8799033573094502,0.876336898395722,0.87990335730945,2.220446049250313e-16,32,0.5430863791716041,0.543086379171604,,,75.58280660720335,75.58280660720335,0.038312500000000006,0.8799033573094502,0.8799033573094502,75.58280660720335,75.58280660720335
BOLV,Bolvir,gauge,pm,control,VWC_050,total,60,0.9108165532561463,0.8920721402603525,0.9108165532561463,0.0,59,0.6124827817499297,0.6124827817499298,0.9707813963416936,0.9186884846290975,90.70790277995694,90.70790277995694,0.08179166666666665,0.9108165532561463,0.9108165532561463,90.70790277995694,90.70790277995694
BOLV,Bolvir,gauge,pm,cascade,VWC_005,upper,60,0.8148962583144198,0.8321200333425952,0.938381997528052,-0.12348573921363215,59,0.17804736892725564,0.49392130742971985,0.7692982021048318,0.8925862285061065,88.67224943999278,90.70790277995694,0.1325,0.8148962583144198,0.8148962583144198,88.67224943999278,88.67224943999278
BOLV,Bolvir,gauge,pm,cascade,VWC_005,total,60,0.9331798560976772,0.9317032509030287,0.938381997528052,-0.005202141430374785,59,0.48063659644548506,0.49392130742971985,0.9128628324669654,0.9627977394467889,90.68328569392901,90.70790277995694,0.1325,0.9331798560976772,0.9331798560976772,90.68328569392901,90.68328569392901
BOLV,Bolvir,gauge,pm,cascade,VWC_020,lower,33,0.8566489857327464,0.875,0.87990335730945,-0.023254371576703625,32,0.5755331659906525,0.543086379171604,,,89.61003331196729,75.58280660720335,0.038312500000000006,0.8566489857327464,0.8566489857327464,89.61003331196729,89.61003331196729
BOLV,Bolvir,gauge,pm,cascade,VWC_020,total,33,0.8759424277587645,0.8526069518716578,0.87990335730945,-0.003960929550685499,32,0.5405631227268755,0.543086379171604,,,75.58267559861369,75.58280660720335,0.038312500000000006,0.8759424277587645,0.8759424277587645,75.58267559861369,75.58267559861369
BOLV,Bolvir,gauge,pm,cascade,VWC_050,total,60,0.9091982502104774,0.8871259096598996,0.9108165532561463,-0.0016183030456689007,59,0.6209055290872911,0.6124827817499298,0.9699066222841194,0.9182010200938322,90.68328569392901,90.70790277995694,0.08179166666666665,0.9091982502104774,0.9091982502104774,90.68328569392901,90.68328569392901
BOLV,Bolvir,gauge,pm,surface,VWC_005,upper,60,0.7728235427327756,0.7790497360377885,0.938381997528052,-0.1655584547952763,59,0.21572048856054338,0.49392130742971985,0.7272664853619296,0.880917328842107,83.44521166265662,90.70790277995694,0.1325,0.7728235427327756,0.7728235427327756,83.44521166265662,83.44521166265662
BOLV,Bolvir,gauge,pm,surface,VWC_005,total,60,0.917873217614084,0.9116421228118924,0.938381997528052,-0.020508779913967934,59,0.4913281560432686,0.49392130742971985,0.9261252675031753,0.9414147722598007,91.61259581750926,90.70790277995694,0.1325,0.917873217614084,0.917873217614084,91.61259581750926,91.61259581750926
BOLV,Bolvir,gauge,pm,surface,VWC_020,lower,33,0.7433685113588867,0.8018048128342247,0.87990335730945,-0.1365348459505633,32,0.6115891794627195,0.543086379171604,,,95.72827360736603,75.58280660720335,0.038312500000000006,0.7433685113588867,0.7433685113588867,95.72827360736603,95.72827360736603
BOLV,Bolvir,gauge,pm,surface,VWC_020,total,33,0.8444784928455029,0.8663101604278076,0.87990335730945,-0.0354248644639471,32,0.5351088995064633,0.543086379171604,,,78.55282282013856,75.58280660720335,0.038312500000000006,0.8444784928455029,0.8444784928455029,78.55282282013856,78.55282282013856
BOLV,Bolvir,gauge,pm,surface,VWC_050,total,60,0.9508451927784183,0.9566788040022246,0.9108165532561463,0.04002863952227198,59,0.6032944067793141,0.6124827817499298,0.9715011849731621,0.9348077658723974,91.61259581750926,90.70790277995694,0.08179166666666665,0.9508451927784183,0.9508451927784183,91.61259581750926,91.61259581750926
BOLV,Bolvir,gauge,pm,surface5,VWC_005,upper,60,0.6374604656660046,0.615059738816338,0.938381997528052,-0.3009215318620474,59,0.12562681622422245,0.49392130742971985,0.5982704252420683,0.6968588823347164,73.65108505708906,90.70790277995694,0.1325,0.6374604656660046,0.6374604656660046,73.65108505708906,73.65108505708906
BOLV,Bolvir,gauge,pm,surface5,VWC_005,total,60,0.9293741446651875,0.9163656571269799,0.938381997528052,-0.00900785286286443,59,0.49124037782981034,0.49392130742971985,0.949066344726973,0.9484216487013579,91.61828626401666,90.70790277995694,0.1325,0.9293741446651875,0.9293741446651875,91.61828626401666,91.61828626401666
BOLV,Bolvir,gauge,pm,surface5,VWC_020,lower,33,0.8509427925431217,0.8920454545454546,0.87990335730945,-0.028960564766328356,32,0.6093311580802736,0.543086379171604,,,83.3017263143648,75.58280660720335,0.038312500000000006,0.8509427925431217,0.8509427925431217,83.3017263143648,83.3017263143648
BOLV,Bolvir,gauge,pm,surface5,VWC_020,total,33,0.862791653206916,0.8743315508021391,0.87990335730945,-0.017111704102534042,32,0.5533231763643571,0.543086379171604,,,78.2060987629886,75.58280660720335,0.038312500000000006,0.862791653206916,0.862791653206916,78.2060987629886,78.2060987629886
BOLV,Bolvir,gauge,pm,surface5,VWC_050,total,60,0.9602458223295319,0.9547614449492399,0.9108165532561463,0.04942926907338563,59,0.6300184649654579,0.6124827817499298,0.9684825914097093,0.9570799710054066,91.61828626401666,90.70790277995694,0.08179166666666665,0.9602458223295319,0.9602458223295319,91.61828626401666,91.61828626401666
BOLV,Bolvir,gauge,pm,surface15,VWC_005,upper,60,0.8678613660870728,0.874076132258961,0.938381997528052,-0.0705206314409792,59,0.30320046619345886,0.49392130742971985,0.841171857227482,0.9306694282933362,86.93635155734002,90.70790277995694,0.1325,0.8678613660870728,0.8678613660870728,86.93635155734002,86.93635155734002
BOLV,Bolvir,gauge,pm,surface15,VWC_005,total,60,0.9253590978059704,0.9202000555709922,0.938381997528052,-0.013022899722081593,59,0.49185923508860097,0.49392130742971985,0.9195114309716332,0.9492573041447272,91.35272592788162,90.70790277995694,0.1325,0.9253590978059704,0.9253590978059704,91.35272592788162,91.35272592788162
BOLV,Bolvir,gauge,pm,surface15,VWC_020,lower,33,0.6981568277648907,0.7342914438502673,0.87990335730945,-0.18174652954455928,32,0.624889054708137,0.543086379171604,,,95.77258133789024,75.58280660720335,0.038312500000000006,0.6981568277648907,0.6981568277648907,95.77258133789024,95.77258133789024
BOLV,Bolvir,gauge,pm,surface15,VWC_020,total,33,0.8589914953269053,0.8693181818181819,0.87990335730945,-0.02091186198254469,32,0.5347114497554623,0.543086379171604,,,76.09647204550362,75.58280660720335,0.038312500000000006,0.8589914953269053,0.8589914953269053,76.09647204550362,76.09647204550362
BOLV,Bolvir,gauge,pm,surface15,VWC_050,total,60,0.938980566692386,0.9416455975143309,0.9108165532561463,0.028164013436239754,59,0.6023168023619954,0.6124827817499298,0.9714430692900939,0.9282163434915434,91.35272592788162,90.70790277995694,0.08179166666666665,0.938980566692386,0.938980566692386,91.35272592788162,91.35272592788162
BOLV,Bolvir,gauge,pm,bypass25,VWC_005,upper,60,0.8195811885562181,0.8254515143095306,0.938381997528052,-0.11880080897183387,59,0.28036403219375977,0.49392130742971985,0.7859570513273939,0.8995115314274882,83.61396784567522,90.70790277995694,0.1325,0.8195811885562181,0.8195811885562181,83.61396784567522,83.61396784567522
BOLV,Bolvir,gauge,pm,bypass25,VWC_005,total,60,0.9309037547980256,0.9195332036676855,0.938381997528052,-0.0074782427300263965,59,0.4892683835208158,0.49392130742971985,0.9326453578381382,0.9512901505272753,90.98643691895597,90.70790277995694,0.1325,0.9309037547980256,0.9309037547980256,90.98643691895597,90.98643691895597
BOLV,Bolvir,gauge,pm,bypass25,VWC_020,lower,33,0.8242958867171226,0.8760026737967915,0.87990335730945,-0.0556074705923274,32,0.628510582361409,0.543086379171604,,,85.942575493896,75.58280660720335,0.038312500000000006,0.8242958867171226,0.8242958867171226,85.942575493896,85.942575493896
BOLV,Bolvir,gauge,pm,bypass25,VWC_020,total,33,0.8647914394816831,0.8689839572192514,0.87990335730945,-0.015111917827766885,32,0.5404174861230736,0.543086379171604,,,75.91799529419296,75.58280660720335,0.038312500000000006,0.8647914394816831,0.8647914394816831,75.91799529419296,75.91799529419296
BOLV,Bolvir,gauge,pm,bypass25,VWC_050,total,60,0.9475571371984577,0.9468697062384049,0.9108165532561463,0.03674058394231139,59,0.6112900638727777,0.6124827817499298,0.9702669692903836,0.9402036048075217,90.98643691895597,90.70790277995694,0.08179166666666665,0.9475571371984577,0.9475571371984577,90.98643691895597,90.98643691895597
GGUE,Garriguella,idw,hg,control,VWC_005,upper,60,0.8073169896226886,0.80805779383162,0.8073169896226886,0.0,59,0.72694707611446,0.72694707611446,0.4509275390771505,0.6912019297016451,22.37000393227143,22.37000393227143,0.06727083333333334,0.8073169896226886,0.8073169896226886,22.37000393227143,22.37000393227143
GGUE,Garriguella,idw,hg,control,VWC_005,total,60,0.8073169896226884,0.80805779383162,0.8073169896226886,-2.220446049250313e-16,59,0.7269470761144599,0.72694707611446,0.45092753907715055,0.6912019297016452,22.370003932271427,22.37000393227143,0.06727083333333334,0.8073169896226884,0.8073169896226884,22.370003932271427,22.370003932271427
GGUE,Garriguella,idw,hg,control,VWC_020,lower,60,0.48046227509932743,0.5316550661122428,0.4804622750993277,-2.7755575615628914e-16,59,0.030325049021597036,0.030325049021597106,-0.41056967005924444,0.13874077168223103,22.370003932271427,22.37000393227143,0.03912499999999998,0.48046227509932743,0.48046227509932743,22.370003932271427,22.370003932271427
GGUE,Garriguella,idw,hg,control,VWC_020,total,60,0.4804622750993275,0.5316550661122428,0.4804622750993277,-2.220446049250313e-16,59,0.030325049021597064,0.030325049021597106,-0.4105696700592445,0.13874077168223112,22.370003932271427,22.37000393227143,0.03912499999999998,0.4804622750993275,0.4804622750993275,22.370003932271427,22.370003932271427
GGUE,Garriguella,idw,hg,control,VWC_050,total,60,-0.31126843395040027,-0.33209925439473886,-0.31126843395040016,-1.1102230246251565e-16,59,0.041679151900950055,0.04167915190095005,-0.39009525713195353,-0.569086638316613,22.370003932271427,22.37000393227143,0.0020000000000000018,-0.31126843395040027,-0.31126843395040027,22.370003932271427,22.370003932271427
GGUE,Garriguella,idw,hg,cascade,VWC_005,upper,60,0.8176157663546954,0.8225062517365936,0.8073169896226886,0.010298776732006742,59,0.733437105599845,0.72694707611446,0.45090921290089897,0.6992500293224384,68.4133219911745,22.37000393227143,0.06727083333333334,0.8176157663546954,0.8176157663546954,68.4133219911745,68.4133219911745
GGUE,Garriguella,idw,hg,cascade,VWC_005,total,60,0.81759484511099,0.8225062517365936,0.8073169896226886,0.010277855488301402,59,0.733437458625543,0.72694707611446,0.45073857411621576,0.6992511494775551,22.802363867368406,22.37000393227143,0.06727083333333334,0.81759484511099,0.81759484511099,22.802363867368406,22.802363867368406
GGUE,Garriguella,idw,hg,cascade,VWC_020,lower,60,-0.3874557796105014,-0.7332972117575102,0.4804622750993277,-0.8679180547098291,59,0.017149686333432536,0.030325049021597106,-0.6257255367882408,0.5095624873763742,0.004971210818303363,22.37000393227143,0.03912499999999998,-0.3874557796105014,-0.3874557796105014,0.004971210818303363,0.004971210818303363
GGUE,Garriguella,idw,hg,cascade,VWC_020,total,60,0.4993226756921865,0.5530501952491942,0.4804622750993277,0.018860400592858817,59,0.04294036794371306,0.030325049021597106,-0.4107790031847851,0.15592214651859385,22.802363867368406,22.37000393227143,0.03912499999999998,0.4993226756921865,0.4993226756921865,22.802363867368406,22.802363867368406
GGUE,Garriguella,idw,hg,cascade,VWC_050,total,60,-0.3073639213371164,-0.32008424737349045,-0.31126843395040016,0.0039045126132837837,59,0.03519079123173253,0.04167915190095005,-0.3902707071916903,-0.5793377333333865,22.802363867368406,22.37000393227143,0.0020000000000000018,-0.3073639213371164,-0.3073639213371164,22.802363867368406,22.802363867368406
GGUE,Garriguella,idw,hg,surface,VWC_005,upper,60,0.7585526381925932,0.7175882189497084,0.8073169896226886,-0.04876435143009539,59,0.7149117558581501,0.72694707611446,0.21420651891205486,0.7080655953469599,60.94206548978959,22.37000393227143,0.06727083333333334,0.7585526381925932,0.7585526381925932,60.94206548978959,60.94206548978959
GGUE,Garriguella,idw,hg,surface,VWC_005,total,60,0.7570695515693756,0.7185329258127259,0.8073169896226886,-0.050247438053313,59,0.7149075740978195,0.72694707611446,0.20846197948960515,0.7081879019920957,20.247245474275893,22.37000393227143,0.06727083333333334,0.7570695515693756,0.7570695515693756,20.247245474275893,20.247245474275893
GGUE,Garriguella,idw,hg,surface,VWC_020,lower,60,-0.44065353813970276,-0.7332972117575102,0.4804622750993277,-0.9211158132390305,59,0.0062109681086679105,0.030325049021597106,-0.6489757026794445,0.5742490673335976,0.14474573019333314,22.37000393227143,0.03912499999999998,-0.44065353813970276,-0.44065353813970276,0.14474573019333314,0.14474573019333314
GGUE,Garriguella,idw,hg,surface,VWC_020,total,60,0.388035989611686,0.4173717334625274,0.4804622750993277,-0.0924262854876417,59,-0.009488273991758514,0.030325049021597106,-0.5702152709135515,0.10603019649476551,20.247245474275893,22.37000393227143,0.03912499999999998,0.388035989611686,0.388035989611686,20.247245474275893,20.247245474275893
GGUE,Garriguella,idw,hg,surface,VWC_050,total,60,-0.34360369283295605,-0.4102386156025331,-0.31126843395040016,-0.032335258882555895,59,0.06672664409064452,0.04167915190095005,-0.4529977420170147,-0.5039488535630726,20.247245474275893,22.37000393227143,0.0020000000000000018,-0.34360369283295605,-0.34360369283295605,20.247245474275893,20.247245474275893
GGUE,Garriguella,idw,hg,surface5,VWC_005,upper,60,0.5842553184898476,0.5367602111697695,0.8073169896226886,-0.22306167113284103,59,0.6146617757050293,0.72694707611446,0.022424802878453054,0.555521418361513,82.89544310653815,22.37000393227143,0.06727083333333334,0.5842553184898476,0.5842553184898476,82.89544310653815,82.89544310653815
GGUE,Garriguella,idw,hg,surface5,VWC_005,total,60,0.7757592280000094,0.7614337315921091,0.8073169896226886,-0.031557761622679203,59,0.7086494549974329,0.72694707611446,0.007492855408061869,0.6934031112524128,19.08272257329029,22.37000393227143,0.06727083333333334,0.7757592280000094,0.7757592280000094,19.08272257329029,19.08272257329029
GGUE,Garriguella,idw,hg,surface5,VWC_020,lower,60,0.7811063913205268,0.7227385765990147,0.4804622750993277,0.30064411622119913,59,0.11946374827055635,0.030325049021597106,-0.6489757026794443,0.579150852560185,7.127951955438621,22.37000393227143,0.03912499999999998,0.7811063913205268,0.7811063913205268,7.127951955438621,7.127951955438621
GGUE,Garriguella,idw,hg,surface5,VWC_020,total,60,0.4222036702552963,0.5279873296887654,0.4804622750993277,-0.05825860484403139,59,-0.0258353213382483,0.030325049021597106,-0.6180178422418903,0.07848548764988096,19.08272257329029,22.37000393227143,0.03912499999999998,0.4222036702552963,0.4222036702552963,19.08272257329029,19.08272257329029
GGUE,Garriguella,idw,hg,surface5,VWC_050,total,60,-0.2433296061724301,-0.29847953637240565,-0.31126843395040016,0.06793882777797006,59,0.09286128929915505,0.04167915190095005,-0.4146515469641603,-0.40201594142007924,19.08272257329029,22.37000393227143,0.0020000000000000018,-0.2433296061724301,-0.2433296061724301,19.08272257329029,19.08272257329029
GGUE,Garriguella,idw,hg,surface15,VWC_005,upper,60,0.7818310301281133,0.7604334537371493,0.8073169896226886,-0.025485959494575328,59,0.7191875806196211,0.72694707611446,0.3173507543487362,0.7060134650552937,42.008424895276626,22.37000393227143,0.06727083333333334,0.7818310301281133,0.7818310301281133,42.008424895276626,42.008424895276626
GGUE,Garriguella,idw,hg,surface15,VWC_005,total,60,0.7809333373731455,0.7581550430675189,0.8073169896226886,-0.026383652249543088,59,0.7191860897537546,0.72694707611446,0.31336839437126535,0.7061100549674537,20.954130180897835,22.37000393227143,0.06727083333333334,0.7809333373731455,0.7809333373731455,20.954130180897835,20.954130180897835
GGUE,Garriguella,idw,hg,surface15,VWC_020,lower,60,-0.44065353813970265,-0.7332972117575102,0.4804622750993277,-0.9211158132390304,59,0.006210968108667956,0.030325049021597106,-0.6489757026794445,0.5742490673335977,0.1447457301933332,22.37000393227143,0.03912499999999998,-0.44065353813970265,-0.44065353813970265,0.1447457301933332,0.1447457301933332
GGUE,Garriguella,idw,hg,surface15,VWC_020,total,60,0.42938457350433,0.4644410175638204,0.4804622750993277,-0.05107770159499769,59,0.008266527391588813,0.030325049021597106,-0.5151569120573928,0.12539249023887084,20.954130180897835,22.37000393227143,0.03912499999999998,0.42938457350433,0.42938457350433,20.954130180897835,20.954130180897835
GGUE,Garriguella,idw,hg,surface15,VWC_050,total,60,-0.34228464650650847,-0.3796574956435783,-0.31126843395040016,-0.031016212556108314,59,0.05440084796700937,0.04167915190095005,-0.4422646282942446,-0.5399632808432151,20.954130180897835,22.37000393227143,0.0020000000000000018,-0.34228464650650847,-0.34228464650650847,20.954130180897835,20.954130180897835
GGUE,Garriguella,idw,hg,bypass25,VWC_005,upper,60,0.7519467405258242,0.712920255626563,0.8073169896226886,-0.05537024909686439,59,0.7107363880181409,0.72694707611446,0.21420688711913233,0.7001193345615843,45.039847758014496,22.37000393227143,0.06727083333333334,0.7519467405258242,0.7519467405258242,45.039847758014496,45.039847758014496
GGUE,Garriguella,idw,hg,bypass25,VWC_005,total,60,0.784177349642491,0.7727146429563769,0.8073169896226886,-0.023139639980197635,59,0.7177236531982322,0.72694707611446,0.3370828303979254,0.6876547864603744,21.092231196747143,22.37000393227143,0.06727083333333334,0.784177349642491,0.784177349642491,21.092231196747143,21.092231196747143
GGUE,Garriguella,idw,hg,bypass25,VWC_020,lower,60,0.5189992929422979,0.6121785521367687,0.4804622750993277,0.038537017842970145,59,0.051446596747843104,0.030325049021597106,-0.25309127046595614,0.10719994559673965,9.260760725739138,22.37000393227143,0.03912499999999998,0.5189992929422979,0.5189992929422979,9.260760725739138,9.260760725739138
GGUE,Garriguella,idw,hg,bypass25,VWC_020,total,60,0.4315256958297654,0.490170744292154,0.4804622750993277,-0.0489365792695623,59,0.003598972967979064,0.030325049021597106,-0.4812676301259103,0.09990153950246344,21.092231196747143,22.37000393227143,0.03912499999999998,0.4315256958297654,0.4315256958297654,21.092231196747143,21.092231196747143
GGUE,Garriguella,idw,hg,bypass25,VWC_050,total,60,-0.3164843080190414,-0.3553765881830043,-0.31126843395040016,-0.005215874068641269,59,0.05871991157344687,0.04167915190095005,-0.4073062235404927,-0.528205076645293,21.092231196747143,22.37000393227143,0.0020000000000000018,-0.3164843080190414,-0.3164843080190414,21.092231196747143,21.092231196747143
GGUE,Garriguella,idw,pm,control,VWC_005,upper,60,0.8270963578434636,0.8273409280355656,0.8270963578434636,0.0,59,0.7293483682689199,0.7293483682689197,0.5256084937032859,0.717107843506201,22.599739303021018,22.599739303021014,0.06727083333333334,0.8270963578434636,0.8270963578434636,22.599739303021018,22.599739303021018
GGUE,Garriguella,idw,pm,control,VWC_005,total,60,0.8270963578434638,0.8273409280355656,0.8270963578434636,2.220446049250313e-16,59,0.72934836826892,0.7293483682689197,0.5256084937032859,0.717107843506201,22.599739303021014,22.599739303021014,0.06727083333333334,0.8270963578434638,0.8270963578434638,22.599739303021014,22.599739303021014
GGUE,Garriguella,idw,pm,control,VWC_020,lower,60,0.5117473429830528,0.5609135998540736,0.5117473429830528,0.0,59,0.041743668014563196,0.04174366801456321,-0.33049272876126784,0.18240115242652577,22.599739303021018,22.599739303021014,0.03912499999999998,0.5117473429830528,0.5117473429830528,22.599739303021018,22.599739303021018
GGUE,Garriguella,idw,pm,control,VWC_020,total,60,0.5117473429830528,0.5609135998540736,0.5117473429830528,0.0,59,0.04174366801456325,0.04174366801456321,-0.3304927287612678,0.18240115242652577,22.599739303021014,22.599739303021014,0.03912499999999998,0.5117473429830528,0.5117473429830528,22.599739303021014,22.599739303021014
GGUE,Garriguella,idw,pm,control,VWC_050,total,60,-0.29545974437832767,-0.32131083741742306,-0.2954597443783276,-5.551115123125783e-17,59,0.03706157026490997,0.03706157026491006,-0.33625719358923617,-0.5781017315603738,22.599739303021014,22.599739303021014,0.0020000000000000018,-0.29545974437832767,-0.29545974437832767,22.599739303021014,22.599739303021014
GGUE,Garriguella,idw,pm,cascade,VWC_005,upper,60,0.8358110731054167,0.8395109752709088,0.8270963578434636,0.00871471526195311,59,0.7353202111401604,0.7293483682689197,0.5256275741656964,0.7200792247095513,69.28296023330995,22.599739303021014,0.06727083333333334,0.8358110731054167,0.8358110731054167,69.28296023330995,69.28296023330995
GGUE,Garriguella,idw,pm,cascade,VWC_005,total,60,0.8357849140608711,0.8395109752709088,0.8270963578434636,0.008688556217407495,59,0.7353212959986075,0.7293483682689197,0.5253953779110024,0.7200820570442863,23.091068115139525,22.599739303021014,0.06727083333333334,0.8357849140608711,0.8357849140608711,23.091068115139525,23.091068115139525
GGUE,Garriguella,idw,pm,cascade,VWC_020,lower,60,-0.40446588261209826,-0.7332972117575102,0.5117473429830528,-0.9162132255951511,59,0.018718816768090594,0.04174366801456321,-0.6237342547231167,0.5243384662768789,0.007442897730986877,22.599739303021014,0.03912499999999998,-0.40446588261209826,-0.40446588261209826,0.007442897730986877,0.007442897730986877
GGUE,Garriguella,idw,pm,cascade,VWC_020,total,60,0.5299175223524392,0.5805860043072704,0.5117473429830528,0.018170179369386363,59,0.054627070031181696,0.04174366801456321,-0.33076273187347405,0.1954797009914286,23.091068115139525,22.599739303021014,0.03912499999999998,0.5299175223524392,0.5299175223524392,23.091068115139525,23.091068115139525
GGUE,Garriguella,idw,pm,cascade,VWC_050,total,60,-0.28983299296381043,-0.3077904698877119,-0.2954597443783276,0.005626751414517184,59,0.030257165107608966,0.03706157026491006,-0.3364913578898065,-0.5879681023338589,23.091068115139525,22.599739303021014,0.0020000000000000018,-0.28983299296381043,-0.28983299296381043,23.091068115139525,23.091068115139525
GGUE,Garriguella,idw,pm,surface,VWC_005,upper,60,0.7855245977931308,0.7331480966935261,0.8270963578434636,-0.04157176005033281,59,0.7193367056804915,0.7293483682689197,0.2890650317446339,0.747414912454875,60.67052175179971,22.599739303021014,0.06727083333333334,0.7855245977931308,0.7855245977931308,60.67052175179971,60.67052175179971
GGUE,Garriguella,idw,pm,surface,VWC_005,total,60,0.7836961107581979,0.7320922478466243,0.8270963578434636,-0.043400247085265686,59,0.7193422622121975,0.7293483682689197,0.2820684191573781,0.7476165653683433,20.138910667443124,22.599739303021014,0.06727083333333334,0.7836961107581979,0.7836961107581979,20.138910667443124,20.138910667443124
GGUE,Garriguella,idw,pm,surface,VWC_020,lower,60,-0.4518887772395098,-0.7332972117575102,0.5117473429830528,-0.9636361202225626,59,0.008037499831757416,0.04174366801456321,-0.6389018536946602,0.5825399557152879,0.18101221499822465,22.599739303021014,0.03912499999999998,-0.4518887772395098,-0.4518887772395098,0.18101221499822465,0.18101221499822465
GGUE,Garriguella,idw,pm,surface,VWC_020,total,60,0.4298175601670688,0.4344044791261003,0.5117473429830528,-0.08192978281598401,59,0.006723625512249018,0.04174366801456321,-0.5222834070413189,0.17058192368095015,20.138910667443124,22.599739303021014,0.03912499999999998,0.4298175601670688,0.4298175601670688,20.138910667443124,20.138910667443124
GGUE,Garriguella,idw,pm,surface,VWC_050,total,60,-0.34976091984547764,-0.40552739475197397,-0.2954597443783276,-0.05430117546715002,59,0.0578038378764372,0.03706157026491006,-0.43759812545314436,-0.5245408128928053,20.138910667443124,22.599739303021014,0.0020000000000000018,-0.34976091984547764,-0.34976091984547764,20.138910667443124,20.138910667443124
GGUE,Garriguella,idw,pm,surface5,VWC_005,upper,60,0.6132335202187111,0.5430953042511809,0.8270963578434636,-0.21386283762475244,59,0.6201756280291184,0.7293483682689197,0.08057742986670967,0.6118874666784992,77.88209350201116,22.599739303021014,0.06727083333333334,0.6132335202187111,0.6132335202187111,77.88209350201116,77.88209350201116
GGUE,Garriguella,idw,pm,surface5,VWC_005,total,60,0.8045939346988447,0.7769380383439847,0.8270963578434636,-0.02250242314461892,59,0.715781896623277,0.7293483682689197,0.06246692648422318,0.737372822520372,18.778307450458396,22.599739303021014,0.06727083333333334,0.8045939346988447,0.8045939346988447,18.778307450458396,18.778307450458396
GGUE,Garriguella,idw,pm,surface5,VWC_020,lower,60,0.7815346675210622,0.7223495742510702,0.5117473429830528,0.26978732453800935,59,0.12675782966460875,0.04174366801456321,-0.6389018536946602,0.585763080275995,7.17556924856687,22.599739303021014,0.03912499999999998,0.7815346675210622,0.7815346675210622,7.17556924856687,7.17556924856687
GGUE,Garriguella,idw,pm,surface5,VWC_020,total,60,0.46784842249564845,0.5439364259544929,0.5117473429830528,-0.04389892048740435,59,-0.007809833029304533,0.04174366801456321,-0.6007866285400072,0.14553061649527738,18.778307450458396,22.599739303021014,0.03912499999999998,0.46784842249564845,0.46784842249564845,18.778307450458396,18.778307450458396
GGUE,Garriguella,idw,pm,surface5,VWC_050,total,60,-0.2551527549350163,-0.29463250396188995,-0.2954597443783276,0.04030698944331129,59,0.08196914000983878,0.03706157026491006,-0.4239117362505747,-0.429989567114944,18.778307450458396,22.599739303021014,0.0020000000000000018,-0.2551527549350163,-0.2551527549350163,18.778307450458396,18.778307450458396
GGUE,Garriguella,idw,pm,surface15,VWC_005,upper,60,0.8057835021742763,0.7734370658516256,0.8270963578434636,-0.02131285566918728,59,0.7226597082150503,0.7293483682689197,0.39489180566885335,0.7393476976753132,42.04432259425762,22.599739303021014,0.06727083333333334,0.8057835021742763,0.8057835021742763,42.04432259425762,42.04432259425762
GGUE,Garriguella,idw,pm,surface15,VWC_005,total,60,0.8047283828880228,0.7738816337871631,0.8270963578434636,-0.02236797495544074,59,0.7226664542715286,0.7293483682689197,0.3901746489945319,0.739511460974326,20.958713859761225,22.599739303021014,0.06727083333333334,0.8047283828880228,0.8047283828880228,20.958713859761225,20.958713859761225
GGUE,Garriguella,idw,pm,surface15,VWC_020,lower,60,-0.4518887772395098,-0.7332972117575102,0.5117473429830528,-0.9636361202225626,59,0.008037499831757375,0.04174366801456321,-0.6389018536946602,0.5825399557152879,0.18101221499822442,22.599739303021014,0.03912499999999998,-0.4518887772395098,-0.4518887772395098,0.18101221499822442,0.18101221499822442
GGUE,Garriguella,idw,pm,surface15,VWC_020,total,60,0.46625639154089715,0.4833909890851201,0.5117473429830528,-0.04549095144215565,59,0.022275815205453506,0.04174366801456321,-0.4521099531025718,0.1808019350025974,20.958713859761225,22.599739303021014,0.03912499999999998,0.46625639154089715,0.46625639154089715,20.958713859761225,20.958713859761225
GGUE,Garriguella,idw,pm,surface15,VWC_050,total,60,-0.33868236738222407,-0.3783472744602867,-0.2954597443783276,-0.043222623003896454,59,0.04750026516440234,0.03706157026491006,-0.41047421983294174,-0.554866230005465,20.958713859761225,22.599739303021014,0.0020000000000000018,-0.33868236738222407,-0.33868236738222407,20.958713859761225,20.958713859761225
GGUE,Garriguella,idw,pm,bypass25,VWC_005,upper,60,0.7788710064439448,0.7275909974993054,0.8270963578434636,-0.04822535139951878,59,0.7154331853123254,0.7293483682689197,0.2890655537083975,0.7398682805701768,44.78585950155943,22.599739303021014,0.06727083333333334,0.7788710064439448,0.7788710064439448,44.78585950155943,44.78585950155943
GGUE,Garriguella,idw,pm,bypass25,VWC_005,total,60,0.8085089547198478,0.7909419283134205,0.8270963578434636,-0.01858740312361573,59,0.7215559588126657,0.7293483682689197,0.40975120091960404,0.7218735815160073,21.124155496844843,22.599739303021014,0.06727083333333334,0.8085089547198478,0.8085089547198478,21.124155496844843,21.124155496844843
GGUE,Garriguella,idw,pm,bypass25,VWC_020,lower,60,0.5417532788666707,0.6403812223627501,0.5117473429830528,0.030005935883617885,59,0.05987269971687774,0.04174366801456321,-0.1673032430134462,0.13476708520821187,9.375412281913192,22.599739303021014,0.03912499999999998,0.5417532788666707,0.5417532788666707,9.375412281913192,9.375412281913192
GGUE,Garriguella,idw,pm,bypass25,VWC_020,total,60,0.4693830892511686,0.5141777463367332,0.5117473429830528,-0.04236425373188418,59,0.0178630478035694,0.04174366801456321,-0.4191309328272874,0.15514274557990865,21.124155496844843,22.599739303021014,0.03912499999999998,0.4693830892511686,0.4693830892511686,21.124155496844843,21.124155496844843
GGUE,Garriguella,idw,pm,bypass25,VWC_050,total,60,-0.3126219723254617,-0.3521149737480019,-0.2954597443783276,-0.017162227947134068,59,0.051419941722732405,0.03706157026491006,-0.37369528518937933,-0.5458927068132569,21.124155496844843,22.599739303021014,0.0020000000000000018,-0.3126219723254617,-0.3126219723254617,21.124155496844843,21.124155496844843
GGUE,Garriguella,gauge,hg,control,VWC_005,upper,60,0.9058179442984067,0.8740205612670189,0.9058179442984067,0.0,59,0.817693936027306,0.8176939360273061,0.3444869554239415,0.8810366065231616,41.11642004179811,41.11642004179811,0.06727083333333334,0.9058179442984067,0.9058179442984067,41.11642004179811,41.11642004179811
GGUE,Garriguella,gauge,hg,control,VWC_005,total,60,0.9058179442984065,0.8740205612670189,0.9058179442984067,-2.220446049250313e-16,59,0.8176939360273062,0.8176939360273061,0.3444869554239416,0.8810366065231616,41.116420041798115,41.11642004179811,0.06727083333333334,0.9058179442984065,0.9058179442984065,41.116420041798115,41.116420041798115
GGUE,Garriguella,gauge,hg,control,VWC_020,lower,60,0.6334398720413756,0.6536628739568575,0.6334398720413758,-1.1102230246251565e-16,59,0.06424504898468783,0.06424504898468787,-0.46240003033616395,0.38480302012974366,41.116420041798115,41.11642004179811,0.03912499999999998,0.6334398720413756,0.6334398720413756,41.116420041798115,41.116420041798115
GGUE,Garriguella,gauge,hg,control,VWC_020,total,60,0.6334398720413756,0.6536628739568575,0.6334398720413758,-1.1102230246251565e-16,59,0.06424504898468775,0.06424504898468787,-0.46240003033616395,0.3848030201297436,41.116420041798115,41.11642004179811,0.03912499999999998,0.6334398720413756,0.6334398720413756,41.116420041798115,41.116420041798115
GGUE,Garriguella,gauge,hg,control,VWC_050,total,60,-0.2761498165535886,-0.2652500970004147,-0.27614981655358856,-5.551115123125783e-17,59,-0.006648604495392396,-0.00664860449539233,-0.47451908360362394,-0.5257237908934546,41.116420041798115,41.11642004179811,0.0020000000000000018,-0.2761498165535886,-0.2761498165535886,41.116420041798115,41.116420041798115
GGUE,Garriguella,gauge,hg,cascade,VWC_005,upper,60,0.835729582603363,0.8456237843845514,0.9058179442984067,-0.07008836169504362,59,0.7462443446309216,0.8176939360273061,0.3450113076660421,0.7315224406269045,93.59002200514036,41.11642004179811,0.06727083333333334,0.835729582603363,0.835729582603363,93.59002200514036,93.59002200514036
GGUE,Garriguella,gauge,hg,cascade,VWC_005,total,60,0.9113818810793173,0.8856348985829398,0.9058179442984067,0.0055639367809106055,59,0.8227832882918613,0.8176939360273061,0.3448759116187395,0.8785654526942628,42.07522295158841,41.11642004179811,0.06727083333333334,0.9113818810793173,0.9113818810793173,42.07522295158841,42.07522295158841
GGUE,Garriguella,gauge,hg,cascade,VWC_020,lower,60,0.8403939871112296,0.7654732631089254,0.6334398720413758,0.20695411506985384,59,0.12169221688824962,0.06424504898468787,-0.6257255367882408,0.7291623988408543,16.320931900452248,41.11642004179811,0.03912499999999998,0.8403939871112296,0.8403939871112296,16.320931900452248,16.320931900452248
GGUE,Garriguella,gauge,hg,cascade,VWC_020,total,60,0.6592638960342483,0.6754470054417535,0.6334398720413758,0.025824023992872536,59,0.08518258068415535,0.06424504898468787,-0.4627420679423707,0.4072072722017982,42.07522295158841,41.11642004179811,0.03912499999999998,0.6592638960342483,0.6592638960342483,42.07522295158841,42.07522295158841
GGUE,Garriguella,gauge,hg,cascade,VWC_050,total,60,-0.2684100652424932,-0.2486353773144192,-0.27614981655358856,0.007739751311095333,59,-0.016713612792506466,-0.00664860449539233,-0.47488716840573,-0.5579780279004727,42.07522295158841,41.11642004179811,0.0020000000000000018,-0.2684100652424932,-0.2684100652424932,42.07522295158841,42.07522295158841
GGUE,Garriguella,gauge,hg,surface,VWC_005,upper,60,0.7993891181715764,0.7750486246179495,0.9058179442984067,-0.10642882612683024,59,0.7386563907994768,0.8176939360273061,0.11678370929114208,0.7750612501410987,87.67988961068346,41.11642004179811,0.06727083333333334,0.7993891181715764,0.7993891181715764,87.67988961068346,87.67988961068346
GGUE,Garriguella,gauge,hg,surface,VWC_005,total,60,0.9004790174195418,0.8590719644345653,0.9058179442984067,-0.005338926878864836,59,0.8155207811602965,0.8176939360273061,0.1126352492768856,0.8936064100601983,39.63921347596174,41.11642004179811,0.06727083333333334,0.9004790174195418,0.9004790174195418,39.63921347596174,39.63921347596174
GGUE,Garriguella,gauge,hg,surface,VWC_020,lower,60,0.8733671404861669,0.7654732631089254,0.6334398720413758,0.23992726844479118,59,0.15163321764347815,0.06424504898468787,-0.6489757026794445,0.7727765554079202,15.718493778733068,41.11642004179811,0.03912499999999998,0.8733671404861669,0.8733671404861669,15.718493778733068,15.718493778733068
GGUE,Garriguella,gauge,hg,surface,VWC_020,total,60,0.6212889389750391,0.6469386905138157,0.6334398720413758,-0.012150933066336633,59,0.04859924796492536,0.06424504898468787,-0.588814136526314,0.3827450497520607,39.63921347596174,41.11642004179811,0.03912499999999998,0.6212889389750391,0.6212889389750391,39.63921347596174,39.63921347596174
GGUE,Garriguella,gauge,hg,surface,VWC_050,total,60,-0.2658782139145748,-0.25078190989130117,-0.27614981655358856,0.010271602639013777,59,0.006658349044255715,-0.00664860449539233,-0.5118454121228981,-0.467245494642484,39.63921347596174,41.11642004179811,0.0020000000000000018,-0.2658782139145748,-0.2658782139145748,39.63921347596174,39.63921347596174
GGUE,Garriguella,gauge,hg,surface5,VWC_005,upper,60,0.5057462781679676,0.598888580161156,0.9058179442984067,-0.4000716661304391,59,0.5635197854131896,0.8176939360273061,-0.06511590339457575,0.5416655641509205,82.89544310653815,41.11642004179811,0.06727083333333334,0.5057462781679676,0.5057462781679676,82.89544310653815,82.89544310653815
GGUE,Garriguella,gauge,hg,surface5,VWC_005,total,60,0.9092119917327816,0.8911919977771605,0.9058179442984067,0.0033940474343748805,59,0.81573179999448,0.8176939360273061,-0.07527689553901362,0.8866043764902402,39.18655902407351,41.11642004179811,0.06727083333333334,0.9092119917327816,0.9092119917327816,39.18655902407351,39.18655902407351
GGUE,Garriguella,gauge,hg,surface5,VWC_020,lower,60,0.8095897100079388,0.736575945833043,0.6334398720413758,0.17614983796656303,59,0.12753080121320443,0.06424504898468787,-0.6489757026794443,0.647681585310057,31.156608923973224,41.11642004179811,0.03912499999999998,0.8095897100079388,0.8095897100079388,31.156608923973224,31.156608923973224
GGUE,Garriguella,gauge,hg,surface5,VWC_020,total,60,0.6656314018986995,0.7179316190136997,0.6334398720413758,0.032191529857323764,59,0.046781511710720064,0.06424504898468787,-0.6186704991885174,0.3802846946287322,39.18655902407351,41.11642004179811,0.03912499999999998,0.6656314018986995,0.6656314018986995,39.18655902407351,39.18655902407351
GGUE,Garriguella,gauge,hg,surface5,VWC_050,total,60,-0.16741081700216837,-0.17763253999859616,-0.27614981655358856,0.10873899955142019,59,0.0178258227426383,-0.00664860449539233,-0.46783383362556186,-0.40834102246767395,39.18655902407351,41.11642004179811,0.0020000000000000018,-0.16741081700216837,-0.16741081700216837,39.18655902407351,39.18655902407351
GGUE,Garriguella,gauge,hg,surface15,VWC_005,upper,60,0.8973445122386036,0.8462350652959159,0.9058179442984067,-0.00847343205980311,59,0.8174016533319469,0.8176939360273061,0.21543686557180913,0.8956381739979453,80.73565551060771,41.11642004179811,0.06727083333333334,0.8973445122386036,0.8973445122386036,80.73565551060771,80.73565551060771
GGUE,Garriguella,gauge,hg,surface15,VWC_005,total,60,0.8969235885657327,0.8462350652959159,0.9058179442984067,-0.008894355732673942,59,0.8174000665598228,0.8176939360273061,0.2124791748769231,0.895660820933901,40.317745488563375,41.11642004179811,0.06727083333333334,0.8969235885657327,0.8969235885657327,40.317745488563375,40.317745488563375
GGUE,Garriguella,gauge,hg,surface15,VWC_020,lower,60,-0.44065353813970265,-0.7332972117575102,0.6334398720413758,-1.0740934101810784,59,0.006210968108667956,0.06424504898468787,-0.6489757026794445,0.5742490673335977,0.1447457301933332,41.11642004179811,0.03912499999999998,-0.44065353813970265,-0.44065353813970265,0.1447457301933332,0.1447457301933332
GGUE,Garriguella,gauge,hg,surface15,VWC_020,total,60,0.6141536950951143,0.6154850720942976,0.6334398720413758,-0.019286176946261446,59,0.05846121987867674,0.06424504898468787,-0.5465640834675096,0.3960426790298641,40.317745488563375,41.11642004179811,0.03912499999999998,0.6141536950951143,0.6141536950951143,40.317745488563375,40.317745488563375
GGUE,Garriguella,gauge,hg,surface15,VWC_050,total,60,-0.30664513012015915,-0.2917332911307766,-0.27614981655358856,-0.030495313566570592,59,-0.001781592609605618,-0.00664860449539233,-0.5097058052173213,-0.5122057157664927,40.317745488563375,41.11642004179811,0.0020000000000000018,-0.30664513012015915,-0.30664513012015915,40.317745488563375,40.317745488563375
GGUE,Garriguella,gauge,hg,bypass25,VWC_005,upper,60,0.8683187691474854,0.8093359266462908,0.9058179442984067,-0.03749917515092127,59,0.8102784817858146,0.8176939360273061,0.11675925616885922,0.8768645071483894,87.68022323505575,41.11642004179811,0.06727083333333334,0.8683187691474854,0.8683187691474854,87.68022323505575,87.68022323505575
GGUE,Garriguella,gauge,hg,bypass25,VWC_005,total,60,0.8947610403116272,0.8479577660461242,0.9058179442984067,-0.011056903986779498,59,0.8147690832176055,0.8176939360273061,0.23627796998829736,0.878231440589651,40.17629445345434,41.11642004179811,0.06727083333333334,0.8947610403116272,0.8947610403116272,40.17629445345434,40.17629445345434
GGUE,Garriguella,gauge,hg,bypass25,VWC_020,lower,60,0.6649266440297037,0.7167368260878698,0.6334398720413758,0.031486771988327944,59,0.08867476488179171,0.06424504898468787,-0.3256018344488316,0.3790258243375028,16.424330062653645,41.11642004179811,0.03912499999999998,0.6649266440297037,0.6649266440297037,16.424330062653645,16.424330062653645
GGUE,Garriguella,gauge,hg,bypass25,VWC_020,total,60,0.6013643805648721,0.6210978202574978,0.6334398720413758,-0.03207549147650368,59,0.04755860918545585,0.06424504898468787,-0.5165057047609842,0.35516627636639164,40.17629445345434,41.11642004179811,0.03912499999999998,0.6013643805648721,0.6013643805648721,40.17629445345434,40.17629445345434
GGUE,Garriguella,gauge,hg,bypass25,VWC_050,total,60,-0.28868790129698724,-0.28599061956145605,-0.27614981655358856,-0.01253808474339868,59,0.0028786677769837912,-0.00664860449539233,-0.4815360230093114,-0.5058025963107446,40.17629445345434,41.11642004179811,0.0020000000000000018,-0.28868790129698724,-0.28868790129698724,40.17629445345434,40.17629445345434
GGUE,Garriguella,gauge,pm,control,VWC_005,upper,60,0.9173755716829641,0.8854681856071132,0.9173755716829641,0.0,59,0.8178949083319703,0.8178949083319704,0.4130570314636489,0.8949197668356108,41.17386723317104,41.17386723317104,0.06727083333333334,0.9173755716829641,0.9173755716829641,41.17386723317104,41.17386723317104
GGUE,Garriguella,gauge,pm,control,VWC_005,total,60,0.9173755716829641,0.8854681856071132,0.9173755716829641,0.0,59,0.8178949083319704,0.8178949083319704,0.4130570314636488,0.894919766835611,41.17386723317104,41.17386723317104,0.06727083333333334,0.9173755716829641,0.9173755716829641,41.17386723317104,41.17386723317104
GGUE,Garriguella,gauge,pm,control,VWC_020,lower,60,0.6596976679176317,0.6767251560135713,0.6596976679176316,1.1102230246251565e-16,59,0.07594209320535707,0.07594209320535694,-0.39778603897624243,0.42479686138215544,41.17386723317104,41.17386723317104,0.03912499999999998,0.6596976679176317,0.6596976679176317,41.17386723317104,41.17386723317104
GGUE,Garriguella,gauge,pm,control,VWC_020,total,60,0.6596976679176318,0.6767251560135713,0.6596976679176316,2.220446049250313e-16,59,0.07594209320535707,0.07594209320535694,-0.3977860389762423,0.4247968613821553,41.17386723317104,41.17386723317104,0.03912499999999998,0.6596976679176318,0.6596976679176318,41.17386723317104,41.17386723317104
GGUE,Garriguella,gauge,pm,control,VWC_050,total,60,-0.2578483196557519,-0.2521200081210458,-0.2578483196557519,0.0,59,-0.011978443079101751,-0.011978443079101762,-0.4362582836060912,-0.5203295318149711,41.17386723317104,41.17386723317104,0.0020000000000000018,-0.2578483196557519,-0.2578483196557519,41.17386723317104,41.17386723317104
GGUE,Garriguella,gauge,pm,cascade,VWC_005,upper,60,0.8413425144420346,0.8542372881355935,0.9173755716829641,-0.07603305724092957,59,0.7425393764477883,0.8178949083319704,0.41365172513954174,0.7280222432807657,93.04959458248561,41.17386723317104,0.06727083333333334,0.8413425144420346,0.8413425144420346,93.04959458248561,93.04959458248561
GGUE,Garriguella,gauge,pm,cascade,VWC_005,total,60,0.9180422900782623,0.895359822172826,0.9173755716829641,0.0006667183952981937,59,0.822243341327933,0.8178949083319704,0.4134561721592981,0.883445027819529,42.20326997818326,41.17386723317104,0.06727083333333334,0.9180422900782623,0.9180422900782623,42.20326997818326,42.20326997818326
GGUE,Garriguella,gauge,pm,cascade,VWC_020,lower,60,0.85253241138272,0.7654732631089254,0.6596976679176316,0.19283474346508833,59,0.13154872599303175,0.07594209320535694,-0.6237342547231167,0.7434831930637887,16.784967298155916,41.17386723317104,0.03912499999999998,0.85253241138272,0.85253241138272,16.784967298155916,16.784967298155916
GGUE,Garriguella,gauge,pm,cascade,VWC_020,total,60,0.6777101736102857,0.695675127534871,0.6596976679176316,0.018012505692654113,59,0.09447014344681633,0.07594209320535694,-0.39817605966273834,0.4318769086854587,42.20326997818326,41.17386723317104,0.03912499999999998,0.6777101736102857,0.6777101736102857,42.20326997818326,42.20326997818326
GGUE,Garriguella,gauge,pm,cascade,VWC_050,total,60,-0.24876593069518932,-0.23285696902201405,-0.2578483196557519,0.00908238896056257,59,-0.02127888243817073,-0.011978443079101762,-0.43669293024105216,-0.5547648494704759,42.20326997818326,41.17386723317104,0.0020000000000000018,-0.24876593069518932,-0.24876593069518932,42.20326997818326,42.20326997818326
GGUE,Garriguella,gauge,pm,surface,VWC_005,upper,60,0.8211303232380935,0.7778271742150599,0.9173755716829641,-0.09624524844487059,59,0.7391915857768164,0.8178949083319704,0.18080058906361293,0.8056570859264442,86.69608169115935,41.17386723317104,0.06727083333333334,0.8211303232380935,0.8211303232380935,86.69608169115935,86.69608169115935
GGUE,Garriguella,gauge,pm,surface,VWC_005,total,60,0.9139332790442739,0.8657404834676301,0.9173755716829641,-0.0034422926386902253,59,0.8161974830769588,0.8178949083319704,0.17565484368847212,0.9107645811127087,39.34783404509616,41.17386723317104,0.06727083333333334,0.9139332790442739,0.9139332790442739,39.34783404509616,39.34783404509616
GGUE,Garriguella,gauge,pm,surface,VWC_020,lower,60,0.8752449746078772,0.7654732631089254,0.6596976679176316,0.21554730669024558,59,0.1580816287959625,0.07594209320535694,-0.6389018536946602,0.7792387817353486,15.79955407819296,41.17386723317104,0.03912499999999998,0.8752449746078772,0.8752449746078772,15.79955407819296,15.79955407819296
GGUE,Garriguella,gauge,pm,surface,VWC_020,total,60,0.6539656160057625,0.6644993679353134,0.6596976679176316,-0.005732051911869096,59,0.06368943633774729,0.07594209320535694,-0.550917190070963,0.43390675903404347,39.34783404509616,41.17386723317104,0.03912499999999998,0.6539656160057625,0.6539656160057625,39.34783404509616,39.34783404509616
GGUE,Garriguella,gauge,pm,surface,VWC_050,total,60,-0.25832604567752543,-0.23597919822475147,-0.2578483196557519,-0.00047772602177353907,59,-0.0017687356080959907,-0.011978443079101762,-0.5054501008674253,-0.46708970347202305,39.34783404509616,41.17386723317104,0.0020000000000000018,-0.25832604567752543,-0.25832604567752543,39.34783404509616,39.34783404509616
GGUE,Garriguella,gauge,pm,surface5,VWC_005,upper,60,0.5251719396742587,0.586218393998333,0.9173755716829641,-0.39220363200870545,59,0.5638475264991046,0.8178949083319704,-0.017415640032188595,0.5972823025372498,77.88209350201116,41.17386723317104,0.06727083333333334,0.5251719396742587,0.5251719396742587,77.88209350201116,77.88209350201116
GGUE,Garriguella,gauge,pm,surface5,VWC_005,total,60,0.916630778648859,0.9028063350930816,0.9173755716829641,-0.000744793034105129,59,0.8176063061729721,0.8178949083319704,-0.029694334351844383,0.9014792790994325,38.784484957563386,41.17386723317104,0.06727083333333334,0.916630778648859,0.916630778648859,38.784484957563386,38.784484957563386
GGUE,Garriguella,gauge,pm,surface5,VWC_020,lower,60,0.8107496622012655,0.736575945833043,0.6596976679176316,0.15105199428363392,59,0.13507770196700178,0.07594209320535694,-0.6389018536946602,0.6580145660446005,31.008872082074443,41.17386723317104,0.03912499999999998,0.8107496622012655,0.8107496622012655,31.008872082074443,31.008872082074443
GGUE,Garriguella,gauge,pm,surface5,VWC_020,total,60,0.6896812048171408,0.7334917129314824,0.6596976679176316,0.029983536899509167,59,0.061725625906296294,0.07594209320535694,-0.6058074528313281,0.42460326187522873,38.784484957563386,41.17386723317104,0.03912499999999998,0.6896812048171408,0.6896812048171408,38.784484957563386,38.784484957563386
GGUE,Garriguella,gauge,pm,surface5,VWC_050,total,60,-0.16191466175299596,-0.1721686388938057,-0.2578483196557519,0.09593365790275593,59,0.008455039587365838,-0.011978443079101762,-0.481482546273766,-0.4099581114478642,38.784484957563386,41.17386723317104,0.0020000000000000018,-0.16191466175299596,-0.16191466175299596,38.784484957563386,38.784484957563386
GGUE,Garriguella,gauge,pm,surface15,VWC_005,upper,60,0.9118275607160721,0.8571269797165881,0.9173755716829641,-0.0055480109668920585,59,0.8179171677144862,0.8178949083319704,0.2832708564774873,0.9121456556998754,80.45190724789255,41.17386723317104,0.06727083333333334,0.9118275607160721,0.9118275607160721,80.45190724789255,80.45190724789255
GGUE,Garriguella,gauge,pm,surface15,VWC_005,total,60,0.9113474628798183,0.8571269797165881,0.9173755716829641,-0.00602810880314586,59,0.8179176226907394,0.8178949083319704,0.2796490242743621,0.9121801184507685,40.16250618657869,41.17386723317104,0.06727083333333334,0.9113474628798183,0.9113474628798183,40.16250618657869,40.16250618657869
GGUE,Garriguella,gauge,pm,surface15,VWC_020,lower,60,-0.4518887772395098,-0.7332972117575102,0.6596976679176316,-1.1115864451571413,59,0.008037499831757375,0.07594209320535694,-0.6389018536946602,0.5825399557152879,0.18101221499822442,41.17386723317104,0.03912499999999998,-0.4518887772395098,-0.4518887772395098,0.18101221499822442,0.18101221499822442
GGUE,Garriguella,gauge,pm,surface15,VWC_020,total,60,0.6474104769761615,0.6290445825083656,0.6596976679176316,-0.012287190941470127,59,0.07259467759301681,0.07594209320535694,-0.4961935791090691,0.44584694485359727,40.16250618657869,41.17386723317104,0.03912499999999998,0.6474104769761615,0.6474104769761615,40.16250618657869,40.16250618657869
GGUE,Garriguella,gauge,pm,surface15,VWC_050,total,60,-0.29508561545194867,-0.2883044144170561,-0.2578483196557519,-0.03723729579619678,59,-0.009793074066053068,-0.011978443079101762,-0.48978804540817,-0.5093992939363733,40.16250618657869,41.17386723317104,0.0020000000000000018,-0.29508561545194867,-0.29508561545194867,40.16250618657869,40.16250618657869
GGUE,Garriguella,gauge,pm,bypass25,VWC_005,upper,60,0.8853379665981637,0.8178938594053905,0.9173755716829641,-0.03203760508480047,59,0.8108933343249274,0.8178949083319704,0.1807706620619552,0.897651896958471,86.69657420490923,41.17386723317104,0.06727083333333334,0.8853379665981637,0.8853379665981637,86.69657420490923,86.69657420490923
GGUE,Garriguella,gauge,pm,bypass25,VWC_005,total,60,0.9097346326908499,0.8642400666851905,0.9173755716829641,-0.007640938992114266,59,0.8155576210289966,0.8178949083319704,0.3001996698891847,0.8969936360240706,40.03390680668967,41.17386723317104,0.06727083333333334,0.9097346326908499,0.9097346326908499,40.03390680668967,40.03390680668967
GGUE,Garriguella,gauge,pm,bypass25,VWC_020,lower,60,0.6830163802207603,0.7356312258451776,0.6596976679176316,0.023318712303128653,59,0.0975814926966813,0.07594209320535694,-0.2532235392746707,0.40862951252716506,16.7025731075799,41.17386723317104,0.03912499999999998,0.6830163802207603,0.6830163802207603,16.7025731075799,16.7025731075799
GGUE,Garriguella,gauge,pm,bypass25,VWC_020,total,60,0.6352583946274128,0.647160977569784,0.6596976679176316,-0.024439273290218777,59,0.06214770826612599,0.07594209320535694,-0.46714790098887415,0.40643317576806015,40.03390680668967,41.17386723317104,0.03912499999999998,0.6352583946274128,0.6352583946274128,40.03390680668967,40.03390680668967
GGUE,Garriguella,gauge,pm,bypass25,VWC_050,total,60,-0.27838275485718744,-0.26792629345990393,-0.2578483196557519,-0.020534435201435552,59,-0.0054168047898778444,-0.011978443079101762,-0.46005223731873685,-0.5067554813401534,40.03390680668967,41.17386723317104,0.0020000000000000018,-0.27838275485718744,-0.27838275485718744,40.03390680668967,40.03390680668967
AGDS,Aguilar de Segarra,idw,hg,control,VWC_005,upper,60,-0.06266534995743842,-0.08778169925185976,-0.06266534995743851,9.71445146547012e-17,59,-0.09681914037999448,-0.09681914037999442,-0.6583397092079704,0.6364015542337329,59.70913036662242,59.709130366622446,0.018625000000000003,-0.06266534995743842,-0.06266534995743842,59.70913036662242,59.70913036662242
AGDS,Aguilar de Segarra,idw,hg,control,VWC_005,total,60,-0.06266534995743847,-0.08778169925185976,-0.06266534995743851,4.163336342344337e-17,59,-0.09681914037999446,-0.09681914037999442,-0.6583397092079704,0.6364015542337329,59.70913036662243,59.709130366622446,0.018625000000000003,-0.06266534995743847,-0.06266534995743847,59.70913036662243,59.70913036662243
AGDS,Aguilar de Segarra,idw,hg,control,VWC_020,lower,60,-0.05882282989313432,-0.3039195268149981,-0.05882282989313433,1.3877787807814457e-17,59,-0.019849317282605652,-0.01984931728260567,-0.6617107768980419,0.44316847801264486,59.70913036662244,59.709130366622446,0.008958333333333346,-0.05882282989313432,-0.05882282989313432,59.70913036662244,59.70913036662244
AGDS,Aguilar de Segarra,idw,hg,control,VWC_020,total,60,-0.058822829893134365,-0.3039195268149981,-0.05882282989313433,-3.469446951953614e-17,59,-0.01984931728260568,-0.01984931728260567,-0.6617107768980421,0.44316847801264486,59.70913036662243,59.709130366622446,0.008958333333333346,-0.058822829893134365,-0.058822829893134365,59.70913036662243,59.70913036662243
AGDS,Aguilar de Segarra,idw,hg,control,VWC_050,total,60,0.11816896600203669,-0.21558412933970747,0.11816896600203666,2.7755575615628914e-17,59,0.13581120798096594,0.13581120798096594,-0.6082124982528856,0.7806166200218649,59.70913036662243,59.709130366622446,0.013520833333333343,0.11816896600203669,0.11816896600203669,59.70913036662243,59.70913036662243
AGDS,Aguilar de Segarra,idw,hg,cascade,VWC_005,upper,60,0.1051117525608643,-0.04704476632902772,-0.06266534995743851,0.1677771025183028,59,-0.08381493257472639,-0.09681914037999442,-0.6570135508798566,0.642936668125319,89.50321483502104,59.709130366622446,0.018625000000000003,0.1051117525608643,0.1051117525608643,89.50321483502104,89.50321483502104
AGDS,Aguilar de Segarra,idw,hg,cascade,VWC_005,total,60,-0.02492441212847879,-0.07274849276396607,-0.06266534995743851,0.03774093782895972,59,-0.09370591374913649,-0.09681914037999442,-0.6592881950966916,0.6604050893594606,59.778996683587195,59.709130366622446,0.018625000000000003,-0.02492441212847879,-0.02492441212847879,59.778996683587195,59.778996683587195
AGDS,Aguilar de Segarra,idw,hg,cascade,VWC_020,lower,60,0.04683119055230861,-0.2470370845190942,-0.05882282989313433,0.10565402044544295,59,0.010536209858621522,-0.01984931728260567,-0.5669180577468039,0.5610894829121696,46.12229635239013,59.709130366622446,0.008958333333333346,0.04683119055230861,0.04683119055230861,46.12229635239013,46.12229635239013
AGDS,Aguilar de Segarra,idw,hg,cascade,VWC_020,total,60,-0.07111663806035548,-0.30722632243454506,-0.05882282989313433,-0.01229380816722115,59,-0.02812940902597937,-0.01984931728260567,-0.6840827268516214,0.4654582036944912,59.778996683587195,59.709130366622446,0.008958333333333346,-0.07111663806035548,-0.07111663806035548,59.778996683587195,59.778996683587195
AGDS,Aguilar de Segarra,idw,hg,cascade,VWC_050,total,60,0.10446095927606518,-0.2186992657719159,0.11816896600203666,-0.013708006725971486,59,0.12608722340155049,0.13581120798096594,-0.6366809053030678,0.7983673021606651,59.778996683587195,59.709130366622446,0.013520833333333343,0.10446095927606518,0.10446095927606518,59.778996683587195,59.778996683587195
AGDS,Aguilar de Segarra,idw,hg,surface,VWC_005,upper,60,-0.09810014042906344,-0.1675049329187118,-0.06266534995743851,-0.03543479047162493,59,-0.11610218542600834,-0.09681914037999442,-0.6374467032384548,0.3956737878033978,80.0941752887088,59.709130366622446,0.018625000000000003,-0.09810014042906344,-0.09810014042906344,80.0941752887088,80.0941752887088
AGDS,Aguilar de Segarra,idw,hg,surface,VWC_005,total,60,-0.12334499366850171,-0.10917831477067329,-0.06266534995743851,-0.0606796437110632,59,-0.10581612683847229,-0.09681914037999442,-0.6557278843580301,0.5803430898228712,57.77083150604657,59.709130366622446,0.018625000000000003,-0.12334499366850171,-0.12334499366850171,57.77083150604657,57.77083150604657
AGDS,Aguilar de Segarra,idw,hg,surface,VWC_020,lower,60,0.0035367188887637235,-0.23978436471487785,-0.05882282989313433,0.062359548781898054,59,0.013209156901455174,-0.01984931728260567,-0.6190554835539877,0.6514182901215269,48.7462331537404,59.709130366622446,0.008958333333333346,0.0035367188887637235,0.0035367188887637235,48.7462331537404,48.7462331537404
AGDS,Aguilar de Segarra,idw,hg,surface,VWC_020,total,60,-0.04305202932928519,-0.30878246154962596,-0.05882282989313433,0.015770800563849142,59,-0.01457273466142402,-0.01984931728260567,-0.6556025353828603,0.4056709821986617,57.77083150604657,59.709130366622446,0.008958333333333346,-0.04305202932928519,-0.04305202932928519,57.77083150604657,57.77083150604657
AGDS,Aguilar de Segarra,idw,hg,surface,VWC_050,total,60,0.13896992191064905,-0.21844894230861342,0.11816896600203666,0.02080095590861239,59,0.14376237864336563,0.13581120798096594,-0.5967270969347686,0.7492515156279025,57.77083150604657,59.709130366622446,0.013520833333333343,0.13896992191064905,0.13896992191064905,57.77083150604657,57.77083150604657
AGDS,Aguilar de Segarra,idw,hg,surface5,VWC_005,upper,60,-0.10115460107448543,-0.23691888819922644,-0.06266534995743851,-0.038489251117046916,59,-0.10048569837983579,-0.09681914037999442,-0.6086400182591298,0.10265941701630327,67.76540811988788,59.709130366622446,0.018625000000000003,-0.10115460107448543,-0.10115460107448543,67.76540811988788,67.76540811988788
AGDS,Aguilar de Segarra,idw,hg,surface5,VWC_005,total,60,-0.06485109323024205,-0.06571817623635591,-0.06266534995743851,-0.0021857432728035336,59,-0.10849835236930826,-0.09681914037999442,-0.6518585350979278,0.6592153950758946,57.82608100423144,59.709130366622446,0.018625000000000003,-0.06485109323024205,-0.06485109323024205,57.82608100423144,57.82608100423144
AGDS,Aguilar de Segarra,idw,hg,surface5,VWC_020,lower,60,-0.04944120219218936,-0.25159434907040257,-0.05882282989313433,0.009381627700944972,59,-0.011391588612843596,-0.01984931728260567,-0.7011695206696609,0.6514182901215269,57.086927504108374,59.709130366622446,0.008958333333333346,-0.04944120219218936,-0.04944120219218936,57.086927504108374,57.086927504108374
AGDS,Aguilar de Segarra,idw,hg,surface5,VWC_020,total,60,-0.07087840724333502,-0.2931932822003333,-0.05882282989313433,-0.012055577350200693,59,-0.00805229382782009,-0.01984931728260567,-0.6922161380033791,0.5120739639352601,57.82608100423144,59.709130366622446,0.008958333333333346,-0.07087840724333502,-0.07087840724333502,57.82608100423144,57.82608100423144
AGDS,Aguilar de Segarra,idw,hg,surface5,VWC_050,total,60,0.10473372226945588,-0.21271931637080152,0.11816896600203666,-0.013435243732580787,59,0.1410496246675733,0.13581120798096594,-0.638496542601876,0.826539613355994,57.82608100423144,59.709130366622446,0.013520833333333343,0.10473372226945588,0.10473372226945588,57.82608100423144,57.82608100423144
AGDS,Aguilar de Segarra,idw,hg,surface15,VWC_005,upper,60,-0.0906826841341034,-0.12915775185901995,-0.06266534995743851,-0.028017334176664882,59,-0.11422909809522946,-0.09681914037999442,-0.6551371006632313,0.5227425104767129,81.26709916448469,59.709130366622446,0.018625000000000003,-0.0906826841341034,-0.0906826841341034,81.26709916448469,81.26709916448469
AGDS,Aguilar de Segarra,idw,hg,surface15,VWC_005,total,60,-0.130131769165161,-0.12851863217469178,-0.06266534995743851,-0.06746641920772249,59,-0.10475569098429614,-0.09681914037999442,-0.6577860765316587,0.5658294278519296,58.554439888251665,59.709130366622446,0.018625000000000003,-0.130131769165161,-0.130131769165161,58.554439888251665,58.554439888251665
AGDS,Aguilar de Segarra,idw,hg,surface15,VWC_020,lower,60,0.056098535075398755,-0.23347644365910342,-0.05882282989313433,0.11492136496853309,59,0.034582411740280525,-0.01984931728260567,-0.5152119223485833,0.6514182901215269,35.84178463944035,59.709130366622446,0.008958333333333346,0.056098535075398755,0.056098535075398755,35.84178463944035,35.84178463944035
AGDS,Aguilar de Segarra,idw,hg,surface15,VWC_020,total,60,-0.03231901609026819,-0.29741708836983866,-0.05882282989313433,0.026503813802866143,59,-0.01929323747362518,-0.01984931728260567,-0.640947588606914,0.3776960368815426,58.554439888251665,59.709130366622446,0.008958333333333346,-0.03231901609026819,-0.03231901609026819,58.554439888251665,58.554439888251665
AGDS,Aguilar de Segarra,idw,hg,surface15,VWC_050,total,60,0.150037108876903,-0.20220573091209823,0.11816896600203666,0.031868142874866334,59,0.13890097285218503,0.13581120798096594,-0.5827223249160449,0.7288688389256164,58.554439888251665,59.709130366622446,0.013520833333333343,0.150037108876903,0.150037108876903,58.554439888251665,58.554439888251665
AGDS,Aguilar de Segarra,idw,hg,bypass25,VWC_005,upper,60,-0.13168346247733187,-0.16900547478626496,-0.06266534995743851,-0.06901811251989336,59,-0.11820456875700963,-0.09681914037999442,-0.6380057270875444,0.4121453039863223,75.82012279190755,59.709130366622446,0.018625000000000003,-0.13168346247733187,-0.13168346247733187,75.82012279190755,75.82012279190755
AGDS,Aguilar de Segarra,idw,hg,bypass25,VWC_005,total,60,-0.09084815444746352,-0.09283908110176115,-0.06266534995743851,-0.028182804490025012,59,-0.10117158784304109,-0.09681914037999442,-0.6558704980851151,0.6123219522554075,57.95294361781338,59.709130366622446,0.018625000000000003,-0.09084815444746352,-0.09084815444746352,57.95294361781338,57.95294361781338
AGDS,Aguilar de Segarra,idw,hg,bypass25,VWC_020,lower,60,-0.05913397086710364,-0.2692120669089972,-0.05882282989313433,-0.0003111409739693094,59,0.0010355367399030382,-0.01984931728260567,-0.6605492327692718,0.5933131379570186,49.019354030766294,59.709130366622446,0.008958333333333346,-0.05913397086710364,-0.05913397086710364,49.019354030766294,49.019354030766294
AGDS,Aguilar de Segarra,idw,hg,bypass25,VWC_020,total,60,-0.06276190655398056,-0.3121448335661401,-0.05882282989313433,-0.003939076660846232,59,-0.015148575876977653,-0.01984931728260567,-0.6620233410540604,0.4328740553623658,57.95294361781338,59.709130366622446,0.008958333333333346,-0.06276190655398056,-0.06276190655398056,57.95294361781338,57.95294361781338
AGDS,Aguilar de Segarra,idw,hg,bypass25,VWC_050,total,60,0.11581201896877862,-0.2245401465823066,0.11816896600203666,-0.0023569470332580472,59,0.14440033044576797,0.13581120798096594,-0.6046668691249966,0.7709317339116912,57.95294361781338,59.709130366622446,0.013520833333333343,0.11581201896877862,0.11581201896877862,57.95294361781338,57.95294361781338
AGDS,Aguilar de Segarra,idw,pm,control,VWC_005,upper,60,-0.04095607869753347,-0.08072359491188748,-0.0409560786975337,2.2898349882893854e-16,59,-0.09775237658101131,-0.09775237658101135,-0.6582143790106496,0.6622370936491462,60.85272526793979,60.85272526793981,0.018625000000000003,-0.04095607869753347,-0.04095607869753347,60.85272526793979,60.85272526793979
AGDS,Aguilar de Segarra,idw,pm,control,VWC_005,total,60,-0.04095607869753352,-0.08072359491188748,-0.0409560786975337,1.8041124150158794e-16,59,-0.09775237658101127,-0.09775237658101135,-0.6582143790106495,0.6622370936491462,60.8527252679398,60.85272526793981,0.018625000000000003,-0.04095607869753352,-0.04095607869753352,60.8527252679398,60.8527252679398
AGDS,Aguilar de Segarra,idw,pm,control,VWC_020,lower,60,-0.06789559454583222,-0.30275242247868744,-0.06789559454583213,-8.326672684688674e-17,59,-0.022262091510505812,-0.022262091510505764,-0.6834568722671481,0.47005167665952985,60.85272526793979,60.85272526793981,0.008958333333333346,-0.06789559454583222,-0.06789559454583222,60.85272526793979,60.85272526793979
AGDS,Aguilar de Segarra,idw,pm,control,VWC_020,total,60,-0.0678955945458322,-0.30275242247868744,-0.06789559454583213,-6.938893903907228e-17,59,-0.022262091510505802,-0.022262091510505764,-0.6834568722671481,0.4700516766595299,60.8527252679398,60.85272526793981,0.008958333333333346,-0.0678955945458322,-0.0678955945458322,60.8527252679398,60.8527252679398
AGDS,Aguilar de Segarra,idw,pm,control,VWC_050,total,60,0.10911936281490496,-0.21680793293807507,0.10911936281490503,-6.938893903907228e-17,59,0.13000007604903707,0.13000007604903702,-0.6312423659951385,0.7990459510921358,60.8527252679398,60.85272526793981,0.013520833333333343,0.10911936281490496,0.10911936281490496,60.8527252679398,60.8527252679398
AGDS,Aguilar de Segarra,idw,pm,cascade,VWC_005,upper,60,0.1353811923127427,-0.03195598421640985,-0.0409560786975337,0.1763372710102764,59,-0.07750374595303273,-0.09775237658101135,-0.6556966738074297,0.6723191500045516,90.37283062696733,60.85272526793981,0.018625000000000003,0.1353811923127427,0.1353811923127427,90.37283062696733,90.37283062696733
AGDS,Aguilar de Segarra,idw,pm,cascade,VWC_005,total,60,0.002446562785853257,-0.0638563928080955,-0.0409560786975337,0.043402641483386954,59,-0.09256810804611529,-0.09775237658101135,-0.6579353976887219,0.6878435763741996,60.88984648016713,60.85272526793981,0.018625000000000003,0.002446562785853257,0.002446562785853257,60.88984648016713,60.88984648016713
AGDS,Aguilar de Segarra,idw,pm,cascade,VWC_020,lower,60,0.030013883942866096,-0.24937129319171558,-0.06789559454583213,0.09790947848869823,59,0.004065113253872739,-0.022262091510505764,-0.6071123862435897,0.5746220926827099,47.156277787610705,60.85272526793981,0.008958333333333346,0.030013883942866096,0.030013883942866096,47.156277787610705,47.156277787610705
AGDS,Aguilar de Segarra,idw,pm,cascade,VWC_020,total,60,-0.08155502602563086,-0.3035582802347115,-0.06789559454583213,-0.013659431479798728,59,-0.029337257278469576,-0.022262091510505764,-0.7051879502426066,0.4928099940480459,60.88984648016713,60.85272526793981,0.008958333333333346,-0.08155502602563086,-0.08155502602563086,60.88984648016713,60.88984648016713
AGDS,Aguilar de Segarra,idw,pm,cascade,VWC_050,total,60,0.09302312375439678,-0.21780922679128487,0.10911936281490503,-0.01609623906050825,59,0.12032853194713504,0.13000007604903702,-0.6589128492561032,0.8164024667115803,60.88984648016713,60.85272526793981,0.013520833333333343,0.09302312375439678,0.09302312375439678,60.88984648016713,60.88984648016713
AGDS,Aguilar de Segarra,idw,pm,surface,VWC_005,upper,60,-0.07938447745835611,-0.15555617360301074,-0.0409560786975337,-0.038428398760822415,59,-0.1179090024956098,-0.09775237658101135,-0.644797100872839,0.43856298145860645,81.66474917038923,60.85272526793981,0.018625000000000003,-0.07938447745835611,-0.07938447745835611,81.66474917038923,81.66474917038923
AGDS,Aguilar de Segarra,idw,pm,surface,VWC_005,total,60,-0.09688549786357115,-0.09622919420993678,-0.0409560786975337,-0.05592941916603745,59,-0.10729813668731104,-0.09775237658101135,-0.6562520184124203,0.6140232341536924,59.037219561242225,60.85272526793981,0.018625000000000003,-0.09688549786357115,-0.09688549786357115,59.037219561242225,59.037219561242225
AGDS,Aguilar de Segarra,idw,pm,surface,VWC_020,lower,60,-0.017455417936306672,-0.24106262184512284,-0.06789559454583213,0.05044017660952546,59,0.010048682144811912,-0.022262091510505764,-0.6495295126621646,0.6618911845665656,49.530767394955475,60.85272526793981,0.008958333333333346,-0.017455417936306672,-0.017455417936306672,49.530767394955475,49.530767394955475
AGDS,Aguilar de Segarra,idw,pm,surface,VWC_020,total,60,-0.054543397312864436,-0.30625373548761947,-0.06789559454583213,0.013352197232967697,59,-0.017492607853553638,-0.022262091510505764,-0.6774267711671729,0.4377207432133726,59.037219561242225,60.85272526793981,0.008958333333333346,-0.054543397312864436,-0.054543397312864436,59.037219561242225,59.037219561242225
AGDS,Aguilar de Segarra,idw,pm,surface,VWC_050,total,60,0.1272742673670754,-0.22000651052471762,0.10911936281490503,0.018154904552170364,59,0.13632303360582426,0.13000007604903702,-0.6210397304034574,0.7731083234619043,59.037219561242225,60.85272526793981,0.013520833333333343,0.1272742673670754,0.1272742673670754,59.037219561242225,59.037219561242225
AGDS,Aguilar de Segarra,idw,pm,surface5,VWC_005,upper,60,-0.08786739195589013,-0.233890016651758,-0.0409560786975337,-0.04691131325835644,59,-0.10416031828332645,-0.09775237658101135,-0.6221446518244838,0.15466787033943577,70.11992007573554,60.85272526793981,0.018625000000000003,-0.08786739195589013,-0.08786739195589013,70.11992007573554,70.11992007573554
AGDS,Aguilar de Segarra,idw,pm,surface5,VWC_005,total,60,-0.03959201123239275,-0.05960485751669489,-0.0409560786975337,0.0013640674651409501,59,-0.10938729814258864,-0.09775237658101135,-0.6508753090495176,0.6811904374394329,59.01033858128739,60.85272526793981,0.018625000000000003,-0.03959201123239275,-0.03959201123239275,59.01033858128739,59.01033858128739
AGDS,Aguilar de Segarra,idw,pm,surface5,VWC_020,lower,60,-0.06720392051724397,-0.25203896024614,-0.06789559454583213,0.0006916740285881628,59,-0.012781628575770964,-0.022262091510505764,-0.7198560801151197,0.6618911845665654,57.86254684383987,60.85272526793981,0.008958333333333346,-0.06720392051724397,-0.06720392051724397,57.86254684383987,57.86254684383987
AGDS,Aguilar de Segarra,idw,pm,surface5,VWC_020,total,60,-0.08464433379549635,-0.2921651188564406,-0.06789559454583213,-0.01674873924966422,59,-0.010772653874124592,-0.022262091510505764,-0.7101673411838859,0.5320830002599647,59.01033858128739,60.85272526793981,0.008958333333333346,-0.08464433379549635,-0.08464433379549635,59.01033858128739,59.01033858128739
AGDS,Aguilar de Segarra,idw,pm,surface5,VWC_050,total,60,0.0898658375120302,-0.2121630420079072,0.10911936281490503,-0.01925352530287483,59,0.13512524795802866,0.13000007604903702,-0.6584646950091597,0.8397458819435131,59.01033858128739,60.85272526793981,0.013520833333333343,0.0898658375120302,0.0898658375120302,59.01033858128739,59.01033858128739
AGDS,Aguilar de Segarra,idw,pm,surface15,VWC_005,upper,60,-0.06862830456592078,-0.11604190442411087,-0.0409560786975337,-0.027672225868387086,59,-0.1165715924560084,-0.09775237658101135,-0.6572054017436889,0.5584077963534286,83.04892645405216,60.85272526793981,0.018625000000000003,-0.06862830456592078,-0.06862830456592078,83.04892645405216,83.04892645405216
AGDS,Aguilar de Segarra,idw,pm,surface15,VWC_005,total,60,-0.10750489938783914,-0.11267957912829733,-0.0409560786975337,-0.06654882069030543,59,-0.10670868330687139,-0.09775237658101135,-0.6589100787816615,0.5991757990339561,59.75696665493538,60.85272526793981,0.018625000000000003,-0.10750489938783914,-0.10750489938783914,59.75696665493538,59.75696665493538
AGDS,Aguilar de Segarra,idw,pm,surface15,VWC_020,lower,60,0.04141829777839473,-0.23347644365910342,-0.06789559454583213,0.10931389232422686,59,0.032824056233007784,-0.022262091510505764,-0.5435221827021576,0.6618911845665655,36.46501460869774,60.85272526793981,0.008958333333333346,0.04141829777839473,0.04141829777839473,36.46501460869774,36.46501460869774
AGDS,Aguilar de Segarra,idw,pm,surface15,VWC_020,total,60,-0.04095431812371472,-0.30025148461516454,-0.06789559454583213,0.02694127642211741,59,-0.022033310516676927,-0.022262091510505764,-0.6651028567220354,0.41016544638093466,59.75696665493538,60.85272526793981,0.008958333333333346,-0.04095431812371472,-0.04095431812371472,59.75696665493538,59.75696665493538
AGDS,Aguilar de Segarra,idw,pm,surface15,VWC_050,total,60,0.14219957444812065,-0.20882539583054105,0.10911936281490503,0.03308021163321562,59,0.13096197766058432,0.13000007604903702,-0.60904318207938,0.753321344067717,59.75696665493538,60.85272526793981,0.013520833333333343,0.14219957444812065,0.14219957444812065,59.75696665493538,59.75696665493538
AGDS,Aguilar de Segarra,idw,pm,bypass25,VWC_005,upper,60,-0.11439168040781639,-0.15466696360742369,-0.0409560786975337,-0.07343560171028268,59,-0.12151156918466427,-0.09775237658101135,-0.6441582343810439,0.45559662359883807,78.05031429660778,60.85272526793981,0.018625000000000003,-0.11439168040781639,-0.11439168040781639,78.05031429660778,78.05031429660778
AGDS,Aguilar de Segarra,idw,pm,bypass25,VWC_005,total,60,-0.06924768444266334,-0.08483619114147763,-0.0409560786975337,-0.028291605745129643,59,-0.10286658027574587,-0.09775237658101135,-0.6561662507581739,0.6385112263371262,59.2144996638438,60.85272526793981,0.018625000000000003,-0.06924768444266334,-0.06924768444266334,59.2144996638438,59.2144996638438
AGDS,Aguilar de Segarra,idw,pm,bypass25,VWC_020,lower,60,-0.07542172720364138,-0.26618315327428616,-0.06789559454583213,-0.0075261326578092425,59,0.0003113991107123971,-0.022262091510505764,-0.6813592442816134,0.6103107915369598,49.79659234746182,60.85272526793981,0.008958333333333346,-0.07542172720364138,-0.07542172720364138,49.79659234746182,49.79659234746182
AGDS,Aguilar de Segarra,idw,pm,bypass25,VWC_020,total,60,-0.07276598558366897,-0.31089436463437864,-0.06789559454583213,-0.004870391037836833,59,-0.018063541576549796,-0.022262091510505764,-0.6824014884299339,0.45860904254251966,59.2144996638438,60.85272526793981,0.008958333333333346,-0.07276598558366897,-0.07276598558366897,59.2144996638438,59.2144996638438
AGDS,Aguilar de Segarra,idw,pm,bypass25,VWC_050,total,60,0.10578993187097818,-0.22417856824642524,0.10911936281490503,-0.0033294309439268477,59,0.13719449669458136,0.13000007604903702,-0.6270362729296991,0.7891874504848903,59.2144996638438,60.85272526793981,0.013520833333333343,0.10578993187097818,0.10578993187097818,59.2144996638438,59.2144996638438
AGDS,Aguilar de Segarra,gauge,hg,control,VWC_005,upper,60,0.73434245056143,0.55097674351563,0.73434245056143,0.0,59,0.15074154132375717,0.15074154132375714,-0.39379544422883517,0.7001945047761651,24.68004399282224,24.68004399282224,0.018625000000000003,0.73434245056143,0.73434245056143,24.68004399282224,24.68004399282224
AGDS,Aguilar de Segarra,gauge,hg,control,VWC_005,total,60,0.73434245056143,0.55097674351563,0.73434245056143,0.0,59,0.15074154132375714,0.15074154132375714,-0.39379544422883506,0.7001945047761651,24.68004399282224,24.68004399282224,0.018625000000000003,0.73434245056143,0.73434245056143,24.68004399282224,24.68004399282224
AGDS,Aguilar de Segarra,gauge,hg,control,VWC_020,lower,60,-0.23426198497253006,-0.4904894914338056,-0.23426198497253012,5.551115123125783e-17,59,-0.045564409558973104,-0.04556440955897313,-0.7891002725869152,0.5434573603360613,24.68004399282224,24.68004399282224,0.008958333333333346,-0.23426198497253006,-0.23426198497253006,24.68004399282224,24.68004399282224
AGDS,Aguilar de Segarra,gauge,hg,control,VWC_020,total,60,-0.2342619849725301,-0.4904894914338056,-0.23426198497253012,2.7755575615628914e-17,59,-0.04556440955897315,-0.04556440955897313,-0.7891002725869153,0.5434573603360612,24.68004399282224,24.68004399282224,0.008958333333333346,-0.2342619849725301,-0.2342619849725301,24.68004399282224,24.68004399282224
AGDS,Aguilar de Segarra,gauge,hg,control,VWC_050,total,60,-0.20638524734865568,-0.46287589736439316,-0.20638524734865565,-2.7755575615628914e-17,59,0.09368949996667322,0.09368949996667332,-0.7495959370018905,0.8551223949920908,24.68004399282224,24.68004399282224,0.013520833333333343,-0.20638524734865568,-0.20638524734865568,24.68004399282224,24.68004399282224
AGDS,Aguilar de Segarra,gauge,hg,cascade,VWC_005,upper,60,0.7594070419015168,0.5668713721867485,0.73434245056143,0.02506459134008676,59,0.18076271384472076,0.15074154132375714,-0.3937956003398384,0.7245763451422884,76.4408008563935,24.68004399282224,0.018625000000000003,0.7594070419015168,0.7594070419015168,76.4408008563935,76.4408008563935
AGDS,Aguilar de Segarra,gauge,hg,cascade,VWC_005,total,60,0.7594070529401165,0.5668713721867485,0.73434245056143,0.025064602378686462,59,0.18076271926510123,0.15074154132375714,-0.3937950032283053,0.7245763451297225,25.48026667578887,24.68004399282224,0.018625000000000003,0.7594070529401165,0.7594070529401165,25.48026667578887,25.48026667578887
AGDS,Aguilar de Segarra,gauge,hg,cascade,VWC_020,lower,60,0.7038020756403742,0.9369624764696084,-0.23426198497253012,0.9380640606129044,59,0.13112131314084008,-0.04556440955897313,0.8375095564300078,0.5610894829121696,1.0710535202505265e-05,24.68004399282224,0.008958333333333346,0.7038020756403742,0.7038020756403742,1.0710535202505265e-05,1.0710535202505265e-05
AGDS,Aguilar de Segarra,gauge,hg,cascade,VWC_020,total,60,-0.23470491595779172,-0.4928792765033942,-0.23426198497253012,-0.00044293098526160257,59,-0.04942551985642432,-0.04556440955897313,-0.7890999766984066,0.5562718594642639,25.48026667578887,24.68004399282224,0.008958333333333346,-0.23470491595779172,-0.23470491595779172,25.48026667578887,25.48026667578887
AGDS,Aguilar de Segarra,gauge,hg,cascade,VWC_050,total,60,-0.21392247491301927,-0.47216567922472885,-0.20638524734865565,-0.007537227564363619,59,0.09637261082212559,0.09368949996667332,-0.74959566166305,0.8648179852367596,25.48026667578887,24.68004399282224,0.013520833333333343,-0.21392247491301927,-0.21392247491301927,25.48026667578887,25.48026667578887
AGDS,Aguilar de Segarra,gauge,hg,surface,VWC_005,upper,60,0.582398385016622,0.456720483983402,0.73434245056143,-0.151944065544808,59,0.09009802367884837,0.15074154132375714,-0.4126568213777625,0.5493365657037634,65.837085744084,24.68004399282224,0.018625000000000003,0.582398385016622,0.582398385016622,65.837085744084,65.837085744084
AGDS,Aguilar de Segarra,gauge,hg,surface,VWC_005,total,60,0.5823970389462048,0.456720483983402,0.73434245056143,-0.15194541161522523,59,0.09009818176803114,0.15074154132375714,-0.4126252486533867,0.549336629165304,21.945667918991383,24.68004399282224,0.018625000000000003,0.5823970389462048,0.5823970389462048,21.945667918991383,21.945667918991383
AGDS,Aguilar de Segarra,gauge,hg,surface,VWC_020,lower,60,0.786672889667565,0.9369624764696084,-0.23426198497253012,1.020934874640095,59,0.12395263817706448,-0.04556440955897313,0.900904941753073,0.6514182901215266,0.0004060215195917623,24.68004399282224,0.008958333333333346,0.786672889667565,0.786672889667565,0.0004060215195917623,0.0004060215195917623
AGDS,Aguilar de Segarra,gauge,hg,surface,VWC_020,total,60,-0.15865322054878606,-0.44358301239350967,-0.23426198497253012,0.07560876442374406,59,-0.035132949057502895,-0.04556440955897313,-0.706251022935877,0.41133079471019085,21.945667918991383,24.68004399282224,0.008958333333333346,-0.15865322054878606,-0.15865322054878606,21.945667918991383,21.945667918991383
AGDS,Aguilar de Segarra,gauge,hg,surface,VWC_050,total,60,-0.09211679935677652,-0.3911165045510213,-0.20638524734865565,0.11426844799187913,59,0.09757080203177121,0.09368949996667332,-0.6406615564616284,0.7526642989735272,21.945667918991383,24.68004399282224,0.013520833333333343,-0.09211679935677652,-0.09211679935677652,21.945667918991383,21.945667918991383
AGDS,Aguilar de Segarra,gauge,hg,surface5,VWC_005,upper,60,0.379471959459899,0.2780448504951278,0.73434245056143,-0.354870491101531,59,-0.0035812234908248752,0.15074154132375714,-0.42199349280934595,0.37099444339330395,73.79957561517513,24.68004399282224,0.018625000000000003,0.379471959459899,0.379471959459899,73.79957561517513,73.79957561517513
AGDS,Aguilar de Segarra,gauge,hg,surface5,VWC_005,total,60,0.6696952593965426,0.6255314440831323,0.73434245056143,-0.06464719116488737,59,0.07912076284291861,0.15074154132375714,-0.42179037932942504,0.5697276085538078,20.50305558054355,24.68004399282224,0.018625000000000003,0.6696952593965426,0.6696952593965426,20.50305558054355,20.50305558054355
AGDS,Aguilar de Segarra,gauge,hg,surface5,VWC_020,lower,60,-0.2749579005653023,-0.4002056345606293,-0.23426198497253012,-0.040695915592772164,59,0.026456465131177945,-0.04556440955897313,0.9009049417530731,0.6514182901215269,9.843892481963614,24.68004399282224,0.008958333333333346,-0.2749579005653023,-0.2749579005653023,9.843892481963614,9.843892481963614
AGDS,Aguilar de Segarra,gauge,hg,surface5,VWC_020,total,60,-0.2177900277938931,-0.5614049739639213,-0.23426198497253012,0.01647195717863703,59,-0.007468799502374116,-0.04556440955897313,-0.5912891178355089,0.46685150138015813,20.50305558054355,24.68004399282224,0.008958333333333346,-0.2177900277938931,-0.2177900277938931,20.50305558054355,20.50305558054355
AGDS,Aguilar de Segarra,gauge,hg,surface5,VWC_050,total,60,-0.19610260954771014,-0.5632277924305349,-0.20638524734865565,0.010282637800945515,59,0.10876581293843887,0.09368949996667332,-0.510002416246047,0.7880749624183521,20.50305558054355,24.68004399282224,0.013520833333333343,-0.19610260954771014,-0.19610260954771014,20.50305558054355,20.50305558054355
AGDS,Aguilar de Segarra,gauge,hg,surface15,VWC_005,upper,60,0.6489090207590642,0.5037652503124297,0.73434245056143,-0.08543342980236579,59,0.11278972313638255,0.15074154132375714,-0.4050703785805565,0.6184984027519389,45.71787628811851,24.68004399282224,0.018625000000000003,0.6489090207590642,0.6489090207590642,45.71787628811851,45.71787628811851
AGDS,Aguilar de Segarra,gauge,hg,surface15,VWC_005,total,60,0.6489089338242809,0.5037652503124297,0.73434245056143,-0.08543351673714905,59,0.11278974243848505,0.15074154132375714,-0.4050670826098699,0.618498407872794,22.858934781190122,24.68004399282224,0.018625000000000003,0.6489089338242809,0.6489089338242809,22.858934781190122,22.858934781190122
AGDS,Aguilar de Segarra,gauge,hg,surface15,VWC_020,lower,60,0.7866728896675651,0.9369624764696084,-0.23426198497253012,1.0209348746400952,59,0.12395263817706446,-0.04556440955897313,0.9009049417530729,0.6514182901215269,6.661521475658625e-05,24.68004399282224,0.008958333333333346,0.7866728896675651,0.7866728896675651,6.661521475658625e-05,6.661521475658625e-05
AGDS,Aguilar de Segarra,gauge,hg,surface15,VWC_020,total,60,-0.1852703871326801,-0.46070054265939964,-0.23426198497253012,0.04899159783985002,59,-0.040251750306067154,-0.04556440955897313,-0.7488729083675829,0.4683878396793987,22.858934781190122,24.68004399282224,0.008958333333333346,-0.1852703871326801,-0.1852703871326801,22.858934781190122,22.858934781190122
AGDS,Aguilar de Segarra,gauge,hg,surface15,VWC_050,total,60,-0.13222315675879864,-0.4204599771936986,-0.20638524734865565,0.07416209058985701,59,0.09445117046849383,0.09368949996667332,-0.6941547968379216,0.7997397785578826,22.858934781190122,24.68004399282224,0.013520833333333343,-0.13222315675879864,-0.13222315675879864,22.858934781190122,22.858934781190122
AGDS,Aguilar de Segarra,gauge,hg,bypass25,VWC_005,upper,60,0.5746203138971142,0.4539139149348303,0.73434245056143,-0.15972213666431578,59,0.07789006024792933,0.15074154132375714,-0.4126568213775228,0.543021854841546,48.39315081809504,24.68004399282224,0.018625000000000003,0.5746203138971142,0.5746203138971142,48.39315081809504,48.39315081809504
AGDS,Aguilar de Segarra,gauge,hg,bypass25,VWC_005,total,60,0.6746586440176603,0.5342206926612862,0.73434245056143,-0.0596838065437697,59,0.10866937540389253,0.15074154132375714,-0.40485393716599205,0.6232370519090229,22.944190170765324,24.68004399282224,0.018625000000000003,0.6746586440176603,0.6746586440176603,22.944190170765324,22.944190170765324
AGDS,Aguilar de Segarra,gauge,hg,bypass25,VWC_020,lower,60,-0.3355360644139467,-0.5305322854486554,-0.23426198497253012,-0.10127407944141656,59,-0.04545647954953033,-0.04556440955897313,-0.8205693628807563,0.6336026124825301,10.219709847100464,24.68004399282224,0.008958333333333346,-0.3355360644139467,-0.3355360644139467,10.219709847100464,10.219709847100464
AGDS,Aguilar de Segarra,gauge,hg,bypass25,VWC_020,total,60,-0.2250389104687514,-0.4897947864717159,-0.23426198497253012,0.009223074503778711,59,-0.03563903675526223,-0.04556440955897313,-0.7588754770904642,0.4835886170444187,22.944190170765324,24.68004399282224,0.008958333333333346,-0.2250389104687514,-0.2250389104687514,22.944190170765324,22.944190170765324
AGDS,Aguilar de Segarra,gauge,hg,bypass25,VWC_050,total,60,-0.18399582228421568,-0.45817537899793587,-0.20638524734865565,0.02238942506443997,59,0.09539257859185553,0.09368949996667332,-0.7097132547145488,0.809349724361949,22.944190170765324,24.68004399282224,0.013520833333333343,-0.18399582228421568,-0.18399582228421568,22.944190170765324,22.944190170765324
AGDS,Aguilar de Segarra,gauge,pm,control,VWC_005,upper,60,0.7488107298218339,0.5567288206745837,0.748810729821834,-1.1102230246251565e-16,59,0.1549319999302954,0.15493199993029544,-0.3902520065094951,0.7171386874284249,25.251925833482716,25.251925833482716,0.018625000000000003,0.7488107298218339,0.7488107298218339,25.251925833482716,25.251925833482716
AGDS,Aguilar de Segarra,gauge,pm,control,VWC_005,total,60,0.748810729821834,0.5567288206745837,0.748810729821834,0.0,59,0.15493199993029555,0.15493199993029544,-0.3902520065094951,0.7171386874284249,25.251925833482712,25.251925833482716,0.018625000000000003,0.748810729821834,0.748810729821834,25.251925833482712,25.251925833482712
AGDS,Aguilar de Segarra,gauge,pm,control,VWC_020,lower,60,-0.24243481610286943,-0.49051727963228925,-0.2424348161028694,-2.7755575615628914e-17,59,-0.04099035914999894,-0.04099035914999892,-0.7980040815102617,0.5578681468289209,25.251925833482716,25.251925833482716,0.008958333333333346,-0.24243481610286943,-0.24243481610286943,25.251925833482716,25.251925833482716
AGDS,Aguilar de Segarra,gauge,pm,control,VWC_020,total,60,-0.24243481610286943,-0.49051727963228925,-0.2424348161028694,-2.7755575615628914e-17,59,-0.04099035914999903,-0.04099035914999892,-0.7980040815102617,0.5578681468289209,25.251925833482712,25.251925833482716,0.008958333333333346,-0.24243481610286943,-0.24243481610286943,25.251925833482712,25.251925833482712
AGDS,Aguilar de Segarra,gauge,pm,control,VWC_050,total,60,-0.21932039601975645,-0.4656572691788649,-0.21932039601975645,0.0,59,0.08811546142014869,0.08811546142014862,-0.7625698129107706,0.8634365842285086,25.251925833482712,25.251925833482716,0.013520833333333343,-0.21932039601975645,-0.21932039601975645,25.251925833482712,25.251925833482712
AGDS,Aguilar de Segarra,gauge,pm,cascade,VWC_005,upper,60,0.7749787438022262,0.5711506952905113,0.748810729821834,0.026168013980392146,59,0.18684681015579324,0.15493199993029544,-0.39025243028503187,0.7429067385739673,78.04122977995414,25.251925833482716,0.018625000000000003,0.7749787438022262,0.7749787438022262,78.04122977995414,78.04122977995414
AGDS,Aguilar de Segarra,gauge,pm,cascade,VWC_005,total,60,0.7749787727723512,0.5711506952905113,0.748810729821834,0.026168042950517112,59,0.18684682202359493,0.15493199993029544,-0.3902511183183196,0.742906738524653,26.01374248389327,25.251925833482716,0.018625000000000003,0.7749787727723512,0.7749787727723512,26.01374248389327,26.01374248389327
AGDS,Aguilar de Segarra,gauge,pm,cascade,VWC_020,lower,60,0.7133809697373205,0.9369624764696084,-0.2424348161028694,0.9558157858401899,59,0.12661512631076619,-0.04099035914999892,0.8438917752454389,0.5746220926827099,2.4790099202497e-05,25.251925833482716,0.008958333333333346,0.7133809697373205,0.7133809697373205,2.4790099202497e-05,2.4790099202497e-05
AGDS,Aguilar de Segarra,gauge,pm,cascade,VWC_020,total,60,-0.2432708749508812,-0.49474108580179454,-0.2424348161028694,-0.0008360588480118003,59,-0.04461088121448771,-0.04099035914999892,-0.7980034923259812,0.5722344738715246,26.01374248389327,25.251925833482716,0.008958333333333346,-0.2432708749508812,-0.2432708749508812,26.01374248389327,26.01374248389327
AGDS,Aguilar de Segarra,gauge,pm,cascade,VWC_050,total,60,-0.22801331050216989,-0.47444640411259575,-0.21932039601975645,-0.008692914482413439,59,0.09010157020957713,0.08811546142014862,-0.7625692669224802,0.8735156226484626,26.01374248389327,25.251925833482716,0.013520833333333343,-0.22801331050216989,-0.22801331050216989,26.01374248389327,26.01374248389327
AGDS,Aguilar de Segarra,gauge,pm,surface,VWC_005,upper,60,0.6045590387149906,0.46675188424611846,0.748810729821834,-0.14425169110684344,59,0.09598358766757448,0.15493199993029544,-0.4099268006155801,0.576402385877437,67.56009185371998,25.251925833482716,0.018625000000000003,0.6045590387149906,0.6045590387149906,67.56009185371998,67.56009185371998
AGDS,Aguilar de Segarra,gauge,pm,surface,VWC_005,total,60,0.6045560689368178,0.46675188424611846,0.748810729821834,-0.14425466088501626,59,0.09598392984895021,0.15493199993029544,-0.40985812670206245,0.5764025657564558,22.51995873962667,25.251925833482716,0.018625000000000003,0.6045560689368178,0.6045560689368178,22.51995873962667,22.51995873962667
AGDS,Aguilar de Segarra,gauge,pm,surface,VWC_020,lower,60,0.7977035034792301,0.9369624764696084,-0.2424348161028694,1.0401383195820995,59,0.12039617574661697,-0.04099035914999892,0.9062758018770981,0.6618911845665656,0.0009569273374445765,25.251925833482716,0.008958333333333346,0.7977035034792301,0.7977035034792301,0.0009569273374445765,0.0009569273374445765
AGDS,Aguilar de Segarra,gauge,pm,surface,VWC_020,total,60,-0.1620775657477365,-0.44047073416334787,-0.2424348161028694,0.08035725035513291,59,-0.03282632017820852,-0.04099035914999892,-0.7236505433212221,0.42854182550574416,22.51995873962667,25.251925833482716,0.008958333333333346,-0.1620775657477365,-0.1620775657477365,22.51995873962667,22.51995873962667
AGDS,Aguilar de Segarra,gauge,pm,surface,VWC_050,total,60,-0.09875779025103093,-0.3921456121223759,-0.21932039601975645,0.12056260576872552,59,0.0912238987342806,0.08811546142014862,-0.6615344924549683,0.7666146885164871,22.51995873962667,25.251925833482716,0.013520833333333343,-0.09875779025103093,-0.09875779025103093,22.51995873962667,22.51995873962667
AGDS,Aguilar de Segarra,gauge,pm,surface5,VWC_005,upper,60,0.40269785477357034,0.28821518981965477,0.748810729821834,-0.3461128750482637,59,-0.00015119515294112484,0.15493199993029544,-0.42140863068887,0.4041115909526825,75.94909459927038,25.251925833482716,0.018625000000000003,0.40269785477357034,0.40269785477357034,75.94909459927038,75.94909459927038
AGDS,Aguilar de Segarra,gauge,pm,surface5,VWC_005,total,60,0.6851108944357966,0.6227526628469227,0.748810729821834,-0.0636998353860374,59,0.08264264573003915,0.15493199993029544,-0.4210750812892889,0.5898325053822189,21.019683070255084,25.251925833482716,0.018625000000000003,0.6851108944357966,0.6851108944357966,21.019683070255084,21.019683070255084
AGDS,Aguilar de Segarra,gauge,pm,surface5,VWC_020,lower,60,-0.28618364582972855,-0.4002056345606293,-0.2424348161028694,-0.043748829726859145,59,0.03141661154927432,-0.04099035914999892,0.906275801877098,0.6618911845665655,10.034082862878694,25.251925833482716,0.008958333333333346,-0.28618364582972855,-0.28618364582972855,10.034082862878694,10.034082862878694
AGDS,Aguilar de Segarra,gauge,pm,surface5,VWC_020,total,60,-0.22425653815769017,-0.5596543174594554,-0.2424348161028694,0.018178277945179233,59,-0.006001365118361284,-0.04099035914999892,-0.6133246047488368,0.4780020436924006,21.019683070255084,25.251925833482716,0.008958333333333346,-0.22425653815769017,-0.22425653815769017,21.019683070255084,21.019683070255084
AGDS,Aguilar de Segarra,gauge,pm,surface5,VWC_050,total,60,-0.20439154316136257,-0.559278244453985,-0.21932039601975645,0.014928852858393876,59,0.1030222527506406,0.08811546142014862,-0.533494932638032,0.7972472796841198,21.019683070255084,25.251925833482716,0.013520833333333343,-0.20439154316136257,-0.20439154316136257,21.019683070255084,21.019683070255084
AGDS,Aguilar de Segarra,gauge,pm,surface15,VWC_005,upper,60,0.6674042768619293,0.5062661534250182,0.748810729821834,-0.08140645295990478,59,0.1170609028096232,0.15493199993029544,-0.4017947508002734,0.64062647492086,46.90308363179002,25.251925833482716,0.018625000000000003,0.6674042768619293,0.6674042768619293,46.90308363179002,46.90308363179002
AGDS,Aguilar de Segarra,gauge,pm,surface15,VWC_005,total,60,0.667404130324442,0.5062661534250182,0.748810729821834,-0.08140659949739204,59,0.11706093609238953,0.15493199993029544,-0.4017890195500441,0.6406264864968986,23.451534782310606,25.251925833482716,0.018625000000000003,0.667404130324442,0.667404130324442,23.451534782310606,23.451534782310606
AGDS,Aguilar de Segarra,gauge,pm,surface15,VWC_020,lower,60,0.7977035034792302,0.9369624764696084,-0.2424348161028694,1.0401383195820997,59,0.1203961757466169,-0.04099035914999892,0.9062758018770981,0.6618911845665655,0.00012485235125624932,25.251925833482716,0.008958333333333346,0.7977035034792302,0.7977035034792302,0.00012485235125624932,0.00012485235125624932
AGDS,Aguilar de Segarra,gauge,pm,surface15,VWC_020,total,60,-0.1903550113296697,-0.462701292950218,-0.2424348161028694,0.052079804773199706,59,-0.036626876542102095,-0.04099035914999892,-0.7625330186666923,0.48460921509918947,23.451534782310606,25.251925833482716,0.008958333333333346,-0.1903550113296697,-0.1903550113296697,23.451534782310606,23.451534782310606
AGDS,Aguilar de Segarra,gauge,pm,surface15,VWC_050,total,60,-0.14131300900752472,-0.4241313879888013,-0.21932039601975645,0.07800738701223173,59,0.08817605204528049,0.08811546142014862,-0.7117996924119656,0.8110345586031973,23.451534782310606,25.251925833482716,0.013520833333333343,-0.14131300900752472,-0.14131300900752472,23.451534782310606,23.451534782310606
AGDS,Aguilar de Segarra,gauge,pm,bypass25,VWC_005,upper,60,0.5959838052947598,0.457581906166627,0.748810729821834,-0.15282692452707425,59,0.08218480573727163,0.15493199993029544,-0.4099268005961828,0.5691881691452192,49.76181509379135,25.251925833482716,0.018625000000000003,0.5959838052947598,0.5959838052947598,49.76181509379135,49.76181509379135
AGDS,Aguilar de Segarra,gauge,pm,bypass25,VWC_005,total,60,0.6909128974761537,0.5363325664008057,0.748810729821834,-0.057897832345680356,59,0.11258796187409831,0.15493199993029544,-0.40135989445717013,0.6431746540765659,23.534541816307733,25.251925833482716,0.018625000000000003,0.6909128974761537,0.6909128974761537,23.534541816307733,23.534541816307733
AGDS,Aguilar de Segarra,gauge,pm,bypass25,VWC_020,lower,60,-0.34747777348368897,-0.5368957829013971,-0.2424348161028694,-0.10504295738081956,59,-0.03997241108376135,-0.04099035914999892,-0.8242751091817503,0.6447376829717866,10.420905177565926,25.251925833482716,0.008958333333333346,-0.34747777348368897,-0.34747777348368897,10.420905177565926,10.420905177565926
AGDS,Aguilar de Segarra,gauge,pm,bypass25,VWC_020,total,60,-0.23088730903805177,-0.4899059392656503,-0.2424348161028694,0.011547507064817636,59,-0.03212213126703471,-0.04099035914999892,-0.7699548662133162,0.4972574115970622,23.534541816307733,25.251925833482716,0.008958333333333346,-0.23088730903805177,-0.23088730903805177,23.534541816307733,23.534541816307733
AGDS,Aguilar de Segarra,gauge,pm,bypass25,VWC_050,total,60,-0.1934167623525359,-0.4588429082334091,-0.21932039601975645,0.025903633667220538,59,0.08937607871780985,0.08811546142014862,-0.7241582315869296,0.818832612154099,23.534541816307733,25.251925833482716,0.013520833333333343,-0.1934167623525359,-0.1934167623525359,23.534541816307733,23.534541816307733
TDLL,Torre del Lluvià,idw,hg,control,VWC_005,upper,60,0.843958861188151,0.907292404816717,0.843958861188151,0.0,59,0.3167583493092204,0.31675834930922037,0.8646903245297781,0.8372944223303321,63.52414103106521,63.52414103106519,0.1612708333333333,0.843958861188151,0.843958861188151,63.52414103106521,63.52414103106521
TDLL,Torre del Lluvià,idw,hg,control,VWC_005,total,60,0.843958861188151,0.907292404816717,0.843958861188151,0.0,59,0.3167583493092203,0.31675834930922037,0.864690324529778,0.8372944223303321,63.5241410310652,63.52414103106519,0.1612708333333333,0.843958861188151,0.843958861188151,63.5241410310652,63.5241410310652
TDLL,Torre del Lluvià,idw,hg,control,VWC_020,lower,60,0.4381261569705319,0.7558698494123594,0.4381261569705319,0.0,59,0.023205809224625486,0.023205809224625396,0.4898491291821071,0.8532347895032084,63.5241410310652,63.52414103106519,0.06462499999999999,0.4381261569705319,0.4381261569705319,63.5241410310652,63.5241410310652
TDLL,Torre del Lluvià,idw,hg,control,VWC_020,total,60,0.4381261569705318,0.7558698494123594,0.4381261569705319,-1.1102230246251565e-16,59,0.023205809224625437,0.023205809224625396,0.48984912918210716,0.8532347895032085,63.5241410310652,63.52414103106519,0.06462499999999999,0.4381261569705318,0.4381261569705318,63.5241410310652,63.5241410310652
TDLL,Torre del Lluvià,idw,hg,control,VWC_050,total,60,0.1302204477414572,0.3312980084003197,0.1302204477414572,0.0,59,0.033575306285336885,0.03357530628533684,0.11288176748673351,0.6832941971780349,63.5241410310652,63.52414103106519,0.017520833333333333,0.1302204477414572,0.1302204477414572,63.5241410310652,63.5241410310652
TDLL,Torre del Lluvià,idw,hg,cascade,VWC_005,upper,60,0.8427966954833519,0.8878422874194886,0.843958861188151,-0.0011621657047991008,59,0.30204212034948275,0.31675834930922037,0.8473324845073698,0.8603547230463144,89.08620914520905,63.52414103106519,0.1612708333333333,0.8427966954833519,0.8427966954833519,89.08620914520905,89.08620914520905
TDLL,Torre del Lluvià,idw,hg,cascade,VWC_005,total,60,0.8671394619259042,0.9152947388315769,0.843958861188151,0.023180600737753188,59,0.3262775333704398,0.31675834930922037,0.8756907574070705,0.8771649212315245,63.52413770476227,63.52414103106519,0.1612708333333333,0.8671394619259042,0.8671394619259042,63.52413770476227,63.52413770476227
TDLL,Torre del Lluvià,idw,hg,cascade,VWC_020,lower,60,0.1563143453153746,0.8365611717920047,0.4381261569705319,-0.28181181165515734,59,-0.08056030332969291,0.023205809224625396,0.3549768204983107,0.9786409397870374,51.414409274026724,63.52414103106519,0.06462499999999999,0.1563143453153746,0.1563143453153746,51.414409274026724,51.414409274026724
TDLL,Torre del Lluvià,idw,hg,cascade,VWC_020,total,60,0.49414696825496984,0.7652616080088884,0.4381261569705319,0.05602081128443792,59,0.03675474769725051,0.023205809224625396,0.515534434371143,0.8929982117394246,63.52413770476227,63.52414103106519,0.06462499999999999,0.49414696825496984,0.49414696825496984,63.52413770476227,63.52413770476227
TDLL,Torre del Lluvià,idw,hg,cascade,VWC_050,total,60,0.19245483363691082,0.35756147161243784,0.1302204477414572,0.06223438589545363,59,0.04556471046437724,0.03357530628533684,0.1509895230982085,0.743979480007525,63.52413770476227,63.52414103106519,0.017520833333333333,0.19245483363691082,0.19245483363691082,63.52413770476227,63.52413770476227
TDLL,Torre del Lluvià,idw,hg,surface,VWC_005,upper,60,0.7172418405671238,0.8322705234274071,0.843958861188151,-0.1267170206210272,59,0.21066053372846882,0.31675834930922037,0.7368080574104826,0.6524351108878341,76.98332954025688,63.52414103106519,0.1612708333333333,0.7172418405671238,0.7172418405671238,76.98332954025688,76.98332954025688
TDLL,Torre del Lluvià,idw,hg,surface,VWC_005,total,60,0.8189534754179049,0.8972339155341502,0.843958861188151,-0.025005385770246136,59,0.2978328907083422,0.31675834930922037,0.8567526996310001,0.7970686871252892,62.28707706298959,63.52414103106519,0.1612708333333333,0.8189534754179049,0.8189534754179049,62.28707706298959,62.28707706298959
TDLL,Torre del Lluvià,idw,hg,surface,VWC_020,lower,60,0.29455485366940093,0.8365611717920047,0.4381261569705319,-0.143571303301131,59,-0.05724725658434125,0.023205809224625396,0.5192778033379634,0.9711245896303264,54.94007062734756,63.52414103106519,0.06462499999999999,0.29455485366940093,0.29455485366940093,54.94007062734756,54.94007062734756
TDLL,Torre del Lluvià,idw,hg,surface,VWC_020,total,60,0.38275609612171924,0.7455055714345331,0.4381261569705319,-0.055370060848812686,59,0.014495347536593012,0.023205809224625396,0.4925198060934636,0.8131236410578441,62.28707706298959,63.52414103106519,0.06462499999999999,0.38275609612171924,0.38275609612171924,62.28707706298959,62.28707706298959
TDLL,Torre del Lluvià,idw,hg,surface,VWC_050,total,60,0.050642184511953785,0.3027531850363016,0.1302204477414572,-0.0795782632295034,59,0.020747882881078657,0.03357530628533684,0.10470111174842005,0.6019275819984976,62.28707706298959,63.52414103106519,0.017520833333333333,0.050642184511953785,0.050642184511953785,62.28707706298959,62.28707706298959
TDLL,Torre del Lluvià,idw,hg,surface5,VWC_005,upper,60,0.47742970871584844,0.7184039790076323,0.843958861188151,-0.36652915247230256,59,0.09193317346978214,0.31675834930922037,0.5652069784859497,0.4281290401440695,66.69012942464794,63.52414103106519,0.1612708333333333,0.47742970871584844,0.47742970871584844,66.69012942464794,66.69012942464794
TDLL,Torre del Lluvià,idw,hg,surface5,VWC_005,total,60,0.8446618824538692,0.9115714306441074,0.843958861188151,0.0007030212657181956,59,0.30312612790631116,0.31675834930922037,0.8795234877787167,0.8560680556278792,62.76195512226411,63.52414103106519,0.1612708333333333,0.8446618824538692,0.8446618824538692,62.76195512226411,62.76195512226411
TDLL,Torre del Lluvià,idw,hg,surface5,VWC_020,lower,60,0.3973088127505395,0.83461613302941,0.4381261569705319,-0.040817344219992446,59,-0.06687979151674006,0.023205809224625396,0.5889303580121026,0.9711245896303264,62.67488260059765,63.52414103106519,0.06462499999999999,0.3973088127505395,0.3973088127505395,62.67488260059765,62.67488260059765
TDLL,Torre del Lluvià,idw,hg,surface5,VWC_020,total,60,0.42799735573805964,0.7651782492047772,0.4381261569705319,-0.010128801232472284,59,0.013101581190876704,0.023205809224625396,0.5570949632424631,0.8803487488238863,62.76195512226411,63.52414103106519,0.06462499999999999,0.42799735573805964,0.42799735573805964,62.76195512226411,62.76195512226411
TDLL,Torre del Lluvià,idw,hg,surface5,VWC_050,total,60,0.08092353250263853,0.3452922054296581,0.1302204477414572,-0.049296915238818656,59,0.009901848375505451,0.03357530628533684,0.1576510395595021,0.6976067035235504,62.76195512226411,63.52414103106519,0.017520833333333333,0.08092353250263853,0.08092353250263853,62.76195512226411,62.76195512226411
TDLL,Torre del Lluvià,idw,hg,surface15,VWC_005,upper,60,0.7987438881909366,0.8720043346817453,0.843958861188151,-0.04521497299721444,59,0.2775417175740451,0.31675834930922037,0.8201346505471547,0.7374982413371223,82.19650635052757,63.52414103106519,0.1612708333333333,0.7987438881909366,0.7987438881909366,82.19650635052757,82.19650635052757
TDLL,Torre del Lluvià,idw,hg,surface15,VWC_005,total,60,0.8220920744049307,0.8994567860938336,0.843958861188151,-0.021866786783220293,59,0.3058984047097856,0.31675834930922037,0.8532652772425131,0.8019352410180132,62.406797466369454,63.52414103106519,0.1612708333333333,0.8220920744049307,0.8220920744049307,62.406797466369454,62.406797466369454
TDLL,Torre del Lluvià,idw,hg,surface15,VWC_020,lower,60,0.29392249800861614,0.8365611717920047,0.4381261569705319,-0.14420365896191578,59,-0.057243616672957354,0.023205809224625396,0.5181821386598515,0.9711245896303264,42.61779893780547,63.52414103106519,0.06462499999999999,0.29392249800861614,0.29392249800861614,42.61779893780547,42.61779893780547
TDLL,Torre del Lluvià,idw,hg,surface15,VWC_020,total,60,0.3892624561526433,0.7459779379911632,0.4381261569705319,-0.0488637008178886,59,0.01583735080717913,0.023205809224625396,0.4683019539080122,0.8165399194135826,62.406797466369454,63.52414103106519,0.06462499999999999,0.3892624561526433,0.3892624561526433,62.406797466369454,62.406797466369454
TDLL,Torre del Lluvià,idw,hg,surface15,VWC_050,total,60,0.07264476481654879,0.30564661742407734,0.1302204477414572,-0.0575756829249084,59,0.02623474581593037,0.03357530628533684,0.08785318973718909,0.6161332626477096,62.406797466369454,63.52414103106519,0.017520833333333333,0.07264476481654879,0.07264476481654879,62.406797466369454,62.406797466369454
TDLL,Torre del Lluvià,idw,hg,bypass25,VWC_005,upper,60,0.7300711051718061,0.8424401562379582,0.843958861188151,-0.11388775601634493,59,0.22900200303231227,0.31675834930922037,0.754099874291563,0.646212398611913,76.98423060119988,63.52414103106519,0.1612708333333333,0.7300711051718061,0.7300711051718061,76.98423060119988,76.98423060119988
TDLL,Torre del Lluvià,idw,hg,bypass25,VWC_005,total,60,0.8361835275337896,0.9083482683325668,0.843958861188151,-0.007775333654361449,59,0.300597187333639,0.31675834930922037,0.8618466427012549,0.830753296332756,62.292573297712984,63.52414103106519,0.1612708333333333,0.8361835275337896,0.8361835275337896,62.292573297712984,62.292573297712984
TDLL,Torre del Lluvià,idw,hg,bypass25,VWC_020,lower,60,0.4462265331969768,0.7846564230987618,0.4381261569705319,0.008100376226444883,59,-0.00802503632028441,0.023205809224625396,0.5810613702079146,0.9521456547234122,54.94674464596953,63.52414103106519,0.06462499999999999,0.4462265331969768,0.4462265331969768,54.94674464596953,54.94674464596953
TDLL,Torre del Lluvià,idw,hg,bypass25,VWC_020,total,60,0.4267349278376015,0.7575925980306576,0.4381261569705319,-0.011391229132930447,59,0.018923877785472873,0.023205809224625396,0.5024854168120906,0.8482399818529811,62.292573297712984,63.52414103106519,0.06462499999999999,0.4267349278376015,0.4267349278376015,62.292573297712984,62.292573297712984
TDLL,Torre del Lluvià,idw,hg,bypass25,VWC_050,total,60,0.10950244593570874,0.3349426203503065,0.1302204477414572,-0.020718001805748454,59,0.027621675167560165,0.03357530628533684,0.12381054608582787,0.6680138217690177,62.292573297712984,63.52414103106519,0.017520833333333333,0.10950244593570874,0.10950244593570874,62.292573297712984,62.292573297712984
TDLL,Torre del Lluvià,idw,pm,control,VWC_005,upper,60,0.877368549950291,0.91885133172707,0.8773685499502911,-1.1102230246251565e-16,59,0.3354400721329033,0.3354400721329036,0.8918277065897402,0.8789236981807166,65.10062845971113,65.1006284597111,0.1612708333333333,0.877368549950291,0.877368549950291,65.10062845971113,65.10062845971113
TDLL,Torre del Lluvià,idw,pm,control,VWC_005,total,60,0.877368549950291,0.91885133172707,0.8773685499502911,-1.1102230246251565e-16,59,0.3354400721329032,0.3354400721329036,0.8918277065897402,0.8789236981807166,65.10062845971113,65.1006284597111,0.1612708333333333,0.877368549950291,0.877368549950291,65.10062845971113,65.10062845971113
TDLL,Torre del Lluvià,idw,pm,control,VWC_020,lower,60,0.5114840055196965,0.7705687852039683,0.5114840055196964,1.1102230246251565e-16,59,0.03215437870428717,0.03215437870428717,0.5637694344507547,0.8981828363518582,65.10062845971113,65.1006284597111,0.06462499999999999,0.5114840055196965,0.5114840055196965,65.10062845971113,65.10062845971113
TDLL,Torre del Lluvià,idw,pm,control,VWC_020,total,60,0.5114840055196965,0.7705687852039683,0.5114840055196964,1.1102230246251565e-16,59,0.03215437870428715,0.03215437870428717,0.5637694344507546,0.8981828363518585,65.10062845971113,65.1006284597111,0.06462499999999999,0.5114840055196965,0.5114840055196965,65.10062845971113,65.10062845971113
TDLL,Torre del Lluvià,idw,pm,control,VWC_050,total,60,0.19366991315444332,0.36312576466585267,0.1936699131544432,1.1102230246251565e-16,59,0.03370406213636014,0.03370406213636021,0.1865556743701215,0.7559840513862436,65.10062845971113,65.1006284597111,0.017520833333333333,0.19366991315444332,0.19366991315444332,65.10062845971113,65.10062845971113
TDLL,Torre del Lluvià,idw,pm,cascade,VWC_005,upper,60,0.8518505842738259,0.8948999014464829,0.8773685499502911,-0.02551796567646525,59,0.3204937389879561,0.3354400721329036,0.8688511780567809,0.8860751991468145,91.02297151957457,65.1006284597111,0.1612708333333333,0.8518505842738259,0.8518505842738259,91.02297151957457,91.02297151957457
TDLL,Torre del Lluvià,idw,pm,cascade,VWC_005,total,60,0.8944235379299073,0.9241862210703098,0.8773685499502911,0.017054987979616132,59,0.3416538030221432,0.3354400721329036,0.8982906146637915,0.9069511285162383,65.10061637403305,65.1006284597111,0.1612708333333333,0.8944235379299073,0.8944235379299073,65.10061637403305,65.10061637403305
TDLL,Torre del Lluvià,idw,pm,cascade,VWC_020,lower,60,0.26098285230432866,0.8360054464312634,0.5114840055196964,-0.25050115321536776,59,-0.07628785029959428,0.03215437870428717,0.46428229436050766,0.9782374025528313,52.88195528636886,65.1006284597111,0.06462499999999999,0.26098285230432866,0.26098285230432866,52.88195528636886,52.88195528636886
TDLL,Torre del Lluvià,idw,pm,cascade,VWC_020,total,60,0.5717737935309246,0.7767651229762345,0.5114840055196964,0.060289788011228196,59,0.04678317357335752,0.03215437870428717,0.5871900195611858,0.9266330833313987,65.10061637403305,65.1006284597111,0.06462499999999999,0.5717737935309246,0.5717737935309246,65.10061637403305,65.10061637403305
TDLL,Torre del Lluvià,idw,pm,cascade,VWC_050,total,60,0.27019642192044574,0.3838249348245559,0.1936699131544432,0.07652650876600253,59,0.048156858872684075,0.03370406213636021,0.2223186600016361,0.8138345006388336,65.10061637403305,65.1006284597111,0.017520833333333333,0.27019642192044574,0.27019642192044574,65.10061637403305,65.10061637403305
TDLL,Torre del Lluvià,idw,pm,surface,VWC_005,upper,60,0.7707368358057411,0.851887356116612,0.8773685499502911,-0.10663171414454997,59,0.24147841898716393,0.3354400721329036,0.7809880564423983,0.7369296315730085,80.1911684771265,65.1006284597111,0.1612708333333333,0.7707368358057411,0.7707368358057411,80.1911684771265,80.1911684771265
TDLL,Torre del Lluvià,idw,pm,surface,VWC_005,total,60,0.8596903585817381,0.9091262730284557,0.8773685499502911,-0.017678191368552976,59,0.3207856114881697,0.3354400721329036,0.88504776543413,0.8585009188168994,63.997934801051834,65.1006284597111,0.1612708333333333,0.8596903585817381,0.8596903585817381,63.997934801051834,63.997934801051834
TDLL,Torre del Lluvià,idw,pm,surface,VWC_020,lower,60,0.36689239580332944,0.8365611717920047,0.5114840055196964,-0.14459160971636698,59,-0.0491497979598044,0.03215437870428717,0.5864733858701352,0.9656432304006971,55.90435839481301,65.1006284597111,0.06462499999999999,0.36689239580332944,0.36689239580332944,55.90435839481301,55.90435839481301
TDLL,Torre del Lluvià,idw,pm,surface,VWC_020,total,60,0.46380652636043324,0.75937091918503,0.5114840055196964,-0.04767747915926318,59,0.02503629276028463,0.03215437870428717,0.5617906087418721,0.8774168238185627,63.997934801051834,65.1006284597111,0.06462499999999999,0.46380652636043324,0.46380652636043324,63.997934801051834,63.997934801051834
TDLL,Torre del Lluvià,idw,pm,surface,VWC_050,total,60,0.1222620088706286,0.3346644056976357,0.1936699131544432,-0.0714079042838146,59,0.022998334314829373,0.03370406213636021,0.17957998042392043,0.696948524077436,63.997934801051834,65.1006284597111,0.017520833333333333,0.1222620088706286,0.1222620088706286,63.997934801051834,63.997934801051834
TDLL,Torre del Lluvià,idw,pm,surface5,VWC_005,upper,60,0.5457237213460043,0.7526361856267546,0.8773685499502911,-0.3316448286042868,59,0.13061054108528358,0.3354400721329036,0.6304543764071726,0.501831340125279,74.18921829630133,65.1006284597111,0.1612708333333333,0.5457237213460043,0.5457237213460043,74.18921829630133,74.18921829630133
TDLL,Torre del Lluvià,idw,pm,surface5,VWC_005,total,60,0.8752176054683592,0.9234637881384128,0.8773685499502911,-0.0021509444819318713,59,0.32119673208252764,0.3354400721329036,0.8980654916357196,0.8921435181637616,64.34732127395445,65.1006284597111,0.1612708333333333,0.8752176054683592,0.8752176054683592,64.34732127395445,64.34732127395445
TDLL,Torre del Lluvià,idw,pm,surface5,VWC_020,lower,60,0.47193802388264766,0.8343938428851134,0.5114840055196964,-0.039545981637048755,59,-0.05771822968984848,0.03215437870428717,0.6499347874295842,0.9656432304006972,63.63556948181247,65.1006284597111,0.06462499999999999,0.47193802388264766,0.47193802388264766,63.63556948181247,63.63556948181247
TDLL,Torre del Lluvià,idw,pm,surface5,VWC_020,total,60,0.5026368436276576,0.7772652758009017,0.5114840055196964,-0.008847161892038824,59,0.023674677183316978,0.03215437870428717,0.6160605831093425,0.9172773568034318,64.34732127395445,65.1006284597111,0.06462499999999999,0.5026368436276576,0.5026368436276576,64.34732127395445,64.34732127395445
TDLL,Torre del Lluvià,idw,pm,surface5,VWC_050,total,60,0.1520671158156774,0.3727519916482603,0.1936699131544432,-0.04160279733876582,59,0.013350409204239043,0.03370406213636021,0.22890355898749723,0.7610952600546622,64.34732127395445,65.1006284597111,0.017520833333333333,0.1520671158156774,0.1520671158156774,64.34732127395445,64.34732127395445
TDLL,Torre del Lluvià,idw,pm,surface15,VWC_005,upper,60,0.8433617643142592,0.8907320191470768,0.8773685499502911,-0.03400678563603188,59,0.30089394213965115,0.3354400721329036,0.8576049776882761,0.8055394548788348,84.7462254652455,65.1006284597111,0.1612708333333333,0.8433617643142592,0.8433617643142592,84.7462254652455,84.7462254652455
TDLL,Torre del Lluvià,idw,pm,surface15,VWC_005,total,60,0.8622942027858097,0.9119048612280599,0.8773685499502911,-0.015074347164481416,59,0.32623646573801274,0.3354400721329036,0.8842417950190344,0.8585660202875169,64.09859380367828,65.1006284597111,0.1612708333333333,0.8622942027858097,0.8622942027858097,64.09859380367828,64.09859380367828
TDLL,Torre del Lluvià,idw,pm,surface15,VWC_020,lower,60,0.36595971094904506,0.8365611717920047,0.5114840055196964,-0.14552429457065136,59,-0.049218863211723946,0.03215437870428717,0.5849564093400075,0.9656432304006969,43.452807013657626,65.1006284597111,0.06462499999999999,0.36595971094904506,0.36595971094904506,43.452807013657626,43.452807013657626
TDLL,Torre del Lluvià,idw,pm,surface15,VWC_020,total,60,0.46810256174273607,0.7626496988134039,0.5114840055196964,-0.04338144377696035,59,0.025317578044001116,0.03215437870428717,0.5446979731389935,0.8766534957110561,64.09859380367828,65.1006284597111,0.06462499999999999,0.46810256174273607,0.46810256174273607,64.09859380367828,64.09859380367828
TDLL,Torre del Lluvià,idw,pm,surface15,VWC_050,total,60,0.1386654455604881,0.34287173795142256,0.1936699131544432,-0.05500446759395511,59,0.026123672395809795,0.03370406213636021,0.16482436005994808,0.7059309512743925,64.09859380367828,65.1006284597111,0.017520833333333333,0.1386654455604881,0.1386654455604881,64.09859380367828,64.09859380367828
TDLL,Torre del Lluvià,idw,pm,bypass25,VWC_005,upper,60,0.7863925942949411,0.8633351394989807,0.8773685499502911,-0.09097595565535,59,0.2594378570313894,0.3354400721329036,0.8042252037090503,0.7267009550764999,80.1926594149574,65.1006284597111,0.1612708333333333,0.7863925942949411,0.7863925942949411,80.1926594149574,80.1926594149574
TDLL,Torre del Lluvià,idw,pm,bypass25,VWC_005,total,60,0.8687689308220699,0.9139054447317749,0.8773685499502911,-0.00859961912822127,59,0.32157443289104515,0.3354400721329036,0.8873898008599617,0.8727209914172599,64.00111958336772,65.1006284597111,0.1612708333333333,0.8687689308220699,0.8687689308220699,64.00111958336772,64.00111958336772
TDLL,Torre del Lluvià,idw,pm,bypass25,VWC_020,lower,60,0.5140740492387377,0.7942704718395873,0.5114840055196964,0.0025900437190412573,59,-4.7937100502670055e-05,0.03215437870428717,0.6405107707003503,0.960040993250485,55.905349667572864,65.1006284597111,0.06462499999999999,0.5140740492387377,0.5140740492387377,55.905349667572864,55.905349667572864
TDLL,Torre del Lluvià,idw,pm,bypass25,VWC_020,total,60,0.49678677604156835,0.7647614551842212,0.5114840055196964,-0.014697229478128071,59,0.02636239592026003,0.03215437870428717,0.5682945319662307,0.8928280608121955,64.00111958336772,65.1006284597111,0.06462499999999999,0.49678677604156835,0.49678677604156835,64.00111958336772,64.00111958336772
TDLL,Torre del Lluvià,idw,pm,bypass25,VWC_050,total,60,0.1715890506341638,0.35074521262200464,0.1936699131544432,-0.02208086252027941,59,0.02746496376151321,0.03370406213636021,0.19318026870573504,0.7376310247775668,64.00111958336772,65.1006284597111,0.017520833333333333,0.1715890506341638,0.1715890506341638,64.00111958336772,64.00111958336772
TDLL,Torre del Lluvià,gauge,hg,control,VWC_005,upper,60,0.8940949179798596,0.9609747288330676,0.8940949179798596,0.0,59,0.32914742244854117,0.329147422448541,0.880483321164065,0.954190629187103,87.75911509033892,87.75911509033892,0.1612708333333333,0.8940949179798596,0.8940949179798596,87.75911509033892,87.75911509033892
TDLL,Torre del Lluvià,gauge,hg,control,VWC_005,total,60,0.8940949179798594,0.9609747288330676,0.8940949179798596,-2.220446049250313e-16,59,0.3291474224485411,0.329147422448541,0.8804833211640651,0.9541906291871031,87.75911509033892,87.75911509033892,0.1612708333333333,0.8940949179798594,0.8940949179798594,87.75911509033892,87.75911509033892
TDLL,Torre del Lluvià,gauge,hg,control,VWC_020,lower,60,0.7129720937428714,0.8432020898528639,0.7129720937428712,2.220446049250313e-16,59,0.25498696387669817,0.2549869638766981,0.5298547078180154,0.9784349425224346,87.75911509033894,87.75911509033892,0.06462499999999999,0.7129720937428714,0.7129720937428714,87.75911509033894,87.75911509033894
TDLL,Torre del Lluvià,gauge,hg,control,VWC_020,total,60,0.7129720937428714,0.8432020898528639,0.7129720937428712,2.220446049250313e-16,59,0.2549869638766983,0.2549869638766981,0.5298547078180154,0.9784349425224347,87.75911509033892,87.75911509033892,0.06462499999999999,0.7129720937428714,0.7129720937428714,87.75911509033892,87.75911509033892
TDLL,Torre del Lluvià,gauge,hg,control,VWC_050,total,60,0.4867796587870653,0.5361752786270542,0.48677965878706486,4.440892098500626e-16,59,0.18833086964893486,0.18833086964893464,0.1671572558386941,0.8715965756765125,87.75911509033892,87.75911509033892,0.017520833333333333,0.4867796587870653,0.4867796587870653,87.75911509033892,87.75911509033892
TDLL,Torre del Lluvià,gauge,hg,cascade,VWC_005,upper,60,0.85583458160434,0.9284652468976999,0.8940949179798596,-0.03826033637551962,59,0.30581883704274415,0.329147422448541,0.8429702923372198,0.9385955711708283,91.02616825805254,87.75911509033892,0.1612708333333333,0.85583458160434,0.85583458160434,91.02616825805254,91.02616825805254
TDLL,Torre del Lluvià,gauge,hg,cascade,VWC_005,total,60,0.893839741785821,0.9595298629692736,0.8940949179798596,-0.0002551761940385866,59,0.33161213639478476,0.329147422448541,0.882810110587002,0.9544135916857139,87.75911474907973,87.75911509033892,0.1612708333333333,0.893839741785821,0.893839741785821,87.75911474907973,87.75911474907973
TDLL,Torre del Lluvià,gauge,hg,cascade,VWC_020,lower,60,0.6901148153851457,0.8669037764884828,0.7129720937428712,-0.02285727835772544,59,0.2861440576869129,0.2549869638766981,0.4793212389020667,0.9811903673330223,87.75961325392205,87.75911509033892,0.06462499999999999,0.6901148153851457,0.6901148153851457,87.75961325392205,87.75961325392205
TDLL,Torre del Lluvià,gauge,hg,cascade,VWC_020,total,60,0.7229215681839681,0.8451471286154586,0.7129720937428712,0.00994947444109695,59,0.25466023176313485,0.2549869638766981,0.5361268611948402,0.978922435521365,87.75911474907973,87.75911509033892,0.06462499999999999,0.7229215681839681,0.7229215681839681,87.75911474907973,87.75911474907973
TDLL,Torre del Lluvià,gauge,hg,cascade,VWC_050,total,60,0.5015498614357898,0.5414613570277983,0.48677965878706486,0.014770202648724973,59,0.18848878063177202,0.18833086964893464,0.18242154242238084,0.8757207600992903,87.75911474907973,87.75911509033892,0.017520833333333333,0.5015498614357898,0.5015498614357898,87.75911474907973,87.75911474907973
TDLL,Torre del Lluvià,gauge,hg,surface,VWC_005,upper,60,0.7603121925688041,0.8911210214950214,0.8940949179798596,-0.13378272541105551,59,0.20761660438386986,0.329147422448541,0.7138194214712459,0.8817629050338962,82.84825025806774,87.75911509033892,0.1612708333333333,0.7603121925688041,0.7603121925688041,82.84825025806774,82.84825025806774
TDLL,Torre del Lluvià,gauge,hg,surface,VWC_005,total,60,0.9017255561448394,0.9690882063759115,0.8940949179798596,0.007630638164979775,59,0.3254187594576545,0.329147422448541,0.8965086541385594,0.9523226725429055,88.11843639797709,87.75911509033892,0.1612708333333333,0.9017255561448394,0.9017255561448394,88.11843639797709,88.11843639797709
TDLL,Torre del Lluvià,gauge,hg,surface,VWC_020,lower,60,0.7431360565915555,0.8669593490245571,0.7129720937428712,0.030163962848684278,59,0.26575379590850473,0.2549869638766981,0.6637725737405789,0.9662626629884705,93.68422246607368,87.75911509033892,0.06462499999999999,0.7431360565915555,0.7431360565915555,93.68422246607368,93.68422246607368
TDLL,Torre del Lluvià,gauge,hg,surface,VWC_020,total,60,0.742031239961494,0.8560671319540263,0.7129720937428712,0.029059146218622822,59,0.2639214790203123,0.2549869638766981,0.6158059220789946,0.9793375552970621,88.11843639797709,87.75911509033892,0.06462499999999999,0.742031239961494,0.742031239961494,88.11843639797709,88.11843639797709
TDLL,Torre del Lluvià,gauge,hg,surface,VWC_050,total,60,0.49929150997261695,0.5519500494334854,0.48677965878706486,0.012511851185552092,59,0.188092307712568,0.18833086964893464,0.2376905146499909,0.8924785126924273,88.11843639797709,87.75911509033892,0.017520833333333333,0.49929150997261695,0.49929150997261695,88.11843639797709,88.11843639797709
TDLL,Torre del Lluvià,gauge,hg,surface5,VWC_005,upper,60,0.5725450781181481,0.7876463969417657,0.8940949179798596,-0.3215498398617115,59,0.09500290794460653,0.329147422448541,0.557229508897456,0.6591877809242574,71.91511489580299,87.75911509033892,0.1612708333333333,0.5725450781181481,0.5725450781181481,71.91511489580299,71.91511489580299
TDLL,Torre del Lluvià,gauge,hg,surface5,VWC_005,total,60,0.8841940621791371,0.9677544840401016,0.8940949179798596,-0.00990085580072253,59,0.33074167159773704,0.329147422448541,0.9067404329153458,0.9372097765888614,88.60383381229603,87.75911509033892,0.1612708333333333,0.8841940621791371,0.8841940621791371,88.60383381229603,88.60383381229603
TDLL,Torre del Lluvià,gauge,hg,surface5,VWC_020,lower,60,0.792239268338016,0.8680152272099657,0.7129720937428712,0.07926717459514476,59,0.26723444102112826,0.2549869638766981,0.6956404878341356,0.9541106413026272,93.68407252377793,87.75911509033892,0.06462499999999999,0.792239268338016,0.792239268338016,93.68407252377793,93.68407252377793
TDLL,Torre del Lluvià,gauge,hg,surface5,VWC_020,total,60,0.7857066595166644,0.8642085084888874,0.7129720937428712,0.07273456577379322,59,0.27124605664213525,0.2549869638766981,0.6670050573330362,0.968217953055694,88.60383381229603,87.75911509033892,0.06462499999999999,0.7857066595166644,0.7857066595166644,88.60383381229603,88.60383381229603
TDLL,Torre del Lluvià,gauge,hg,surface5,VWC_050,total,60,0.58348459810878,0.5874502391142721,0.48677965878706486,0.09670493932171509,59,0.1964966848674086,0.18833086964893464,0.29808513152452615,0.9333592740261981,88.60383381229603,87.75911509033892,0.017520833333333333,0.58348459810878,0.58348459810878,88.60383381229603,88.60383381229603
TDLL,Torre del Lluvià,gauge,hg,surface15,VWC_005,upper,60,0.8198245510249719,0.9269092375059218,0.8940949179798596,-0.07427036695488776,59,0.25438262261096617,0.329147422448541,0.7772721220550004,0.9340208386702955,86.84318055646932,87.75911509033892,0.1612708333333333,0.8198245510249719,0.8198245510249719,86.84318055646932,86.84318055646932
TDLL,Torre del Lluvià,gauge,hg,surface15,VWC_005,total,60,0.9036061891131382,0.9656427570084026,0.8940949179798596,0.009511271133278543,59,0.32723746998522774,0.329147422448541,0.8906289544180128,0.9533975034144315,87.94269973011747,87.75911509033892,0.1612708333333333,0.9036061891131382,0.9036061891131382,87.94269973011747,87.94269973011747
TDLL,Torre del Lluvià,gauge,hg,surface15,VWC_020,lower,60,0.6721930481501384,0.8660146159112968,0.7129720937428712,-0.04077904559273282,59,0.2736595827784215,0.2549869638766981,0.606763048055261,0.9710314175875898,93.68432877487155,87.75911509033892,0.06462499999999999,0.6721930481501384,0.6721930481501384,93.68432877487155,93.68432877487155
TDLL,Torre del Lluvià,gauge,hg,surface15,VWC_020,total,60,0.7193683541827571,0.8468698772337568,0.7129720937428712,0.006396260439885948,59,0.25865368022608115,0.2549869638766981,0.5835159580206604,0.9784485308032667,87.94269973011747,87.75911509033892,0.06462499999999999,0.7193683541827571,0.7193683541827571,87.94269973011747,87.94269973011747
TDLL,Torre del Lluvià,gauge,hg,surface15,VWC_050,total,60,0.46678526021827693,0.5313899866011175,0.48677965878706486,-0.01999439856878793,59,0.1848028052434064,0.18833086964893464,0.2096656783595126,0.8700466452917308,87.94269973011747,87.75911509033892,0.017520833333333333,0.46678526021827693,0.46678526021827693,87.94269973011747,87.94269973011747
TDLL,Torre del Lluvià,gauge,hg,bypass25,VWC_005,upper,60,0.7674908300797432,0.9046249601450973,0.8940949179798596,-0.12660408790011646,59,0.2072090088063449,0.329147422448541,0.712671212146639,0.89852390613947,82.84826763871915,87.75911509033892,0.1612708333333333,0.7674908300797432,0.7674908300797432,82.84826763871915,82.84826763871915
TDLL,Torre del Lluvià,gauge,hg,bypass25,VWC_005,total,60,0.9012858858844224,0.9685324887359907,0.8940949179798596,0.007190967904562751,59,0.3253690499830754,0.329147422448541,0.8965888303641728,0.9522026844469337,88.11711490068772,87.75911509033892,0.1612708333333333,0.9012858858844224,0.9012858858844224,88.11711490068772,88.11711490068772
TDLL,Torre del Lluvià,gauge,hg,bypass25,VWC_020,lower,60,0.7430420475733905,0.8654588905505554,0.7129720937428712,0.030069953830519358,59,0.2656669655491054,0.2549869638766981,0.6647860080312558,0.9689643679153086,93.6822315298139,87.75911509033892,0.06462499999999999,0.7430420475733905,0.7430420475733905,93.6822315298139,93.6822315298139
TDLL,Torre del Lluvià,gauge,hg,bypass25,VWC_020,total,60,0.7422060313883243,0.8553446889850626,0.7129720937428712,0.029233937645453123,59,0.2639106292574003,0.2549869638766981,0.616433235191933,0.9790896760407477,88.11711490068772,87.75911509033892,0.06462499999999999,0.7422060313883243,0.7422060313883243,88.11711490068772,88.11711490068772
TDLL,Torre del Lluvià,gauge,hg,bypass25,VWC_050,total,60,0.49927053090471185,0.5505867976353988,0.48677965878706486,0.01249087211764699,59,0.18810500139745298,0.18833086964893464,0.23839043463103474,0.8912413852641906,88.11711490068772,87.75911509033892,0.017520833333333333,0.49927053090471185,0.49927053090471185,88.11711490068772,88.11711490068772
TDLL,Torre del Lluvià,gauge,pm,control,VWC_005,upper,60,0.8954559414653871,0.9631420276287588,0.8954559414653873,-2.220446049250313e-16,59,0.3432815550609705,0.34328155506097063,0.9016395721840161,0.9538921227551076,89.56228451455205,89.56228451455206,0.1612708333333333,0.8954559414653871,0.8954559414653871,89.56228451455205,89.56228451455205
TDLL,Torre del Lluvià,gauge,pm,control,VWC_005,total,60,0.895455941465387,0.9631420276287588,0.8954559414653873,-3.3306690738754696e-16,59,0.3432815550609703,0.34328155506097063,0.901639572184016,0.9538921227551075,89.56228451455206,89.56228451455206,0.1612708333333333,0.895455941465387,0.895455941465387,89.56228451455206,89.56228451455206
TDLL,Torre del Lluvià,gauge,pm,control,VWC_020,lower,60,0.768000625733823,0.853010642469949,0.768000625733823,0.0,59,0.26600206695622136,0.26600206695622153,0.6064182083420584,0.9795384139430842,89.56228451455205,89.56228451455206,0.06462499999999999,0.768000625733823,0.768000625733823,89.56228451455205,89.56228451455205
TDLL,Torre del Lluvià,gauge,pm,control,VWC_020,total,60,0.768000625733823,0.853010642469949,0.768000625733823,0.0,59,0.2660020669562215,0.26600206695622153,0.6064182083420582,0.9795384139430843,89.56228451455206,89.56228451455206,0.06462499999999999,0.768000625733823,0.768000625733823,89.56228451455206,89.56228451455206
TDLL,Torre del Lluvià,gauge,pm,control,VWC_050,total,60,0.5566156576711635,0.5658886035322895,0.5566156576711632,3.3306690738754696e-16,59,0.19564536052947662,0.19564536052947665,0.2521820819207484,0.9048987231136483,89.56228451455206,89.56228451455206,0.017520833333333333,0.5566156576711635,0.5566156576711635,89.56228451455206,89.56228451455206
TDLL,Torre del Lluvià,gauge,pm,cascade,VWC_005,upper,60,0.8658975304230829,0.9387460232362351,0.8954559414653873,-0.02955841104230439,59,0.32467804095450964,0.34328155506097063,0.8647763994014696,0.9389426522911752,92.62074569743736,89.56228451455206,0.1612708333333333,0.8658975304230829,0.8658975304230829,92.62074569743736,92.62074569743736
TDLL,Torre del Lluvià,gauge,pm,cascade,VWC_005,total,60,0.8935764471430345,0.9635310299767035,0.8954559414653873,-0.0018794943223527927,59,0.34332102365166045,0.34328155506097063,0.9021538530881856,0.9536076242778216,89.56228264602382,89.56228451455206,0.1612708333333333,0.8935764471430345,0.8935764471430345,89.56228264602382,89.56228264602382
TDLL,Torre del Lluvià,gauge,pm,cascade,VWC_020,lower,60,0.768731213290825,0.8708494265497466,0.768000625733823,0.0007305875570020604,59,0.31709537395396664,0.26600206695622153,0.5720420549065862,0.9790939229467239,89.56342086149378,89.56228451455206,0.06462499999999999,0.768731213290825,0.768731213290825,89.56342086149378,89.56342086149378
TDLL,Torre del Lluvià,gauge,pm,cascade,VWC_020,total,60,0.7732742458613003,0.8551779713768404,0.768000625733823,0.005273620127477341,59,0.2664549795044132,0.26600206695622153,0.6086995720009445,0.9793889530618871,89.56228264602382,89.56228451455206,0.06462499999999999,0.7732742458613003,0.7732742458613003,89.56228264602382,89.56228264602382
TDLL,Torre del Lluvià,gauge,pm,cascade,VWC_050,total,60,0.5658393945154503,0.5708964672803628,0.5566156576711632,0.009223736844287123,59,0.19598145106737327,0.19564536052947665,0.25801762201284173,0.9064910392297499,89.56228264602382,89.56228451455206,0.017520833333333333,0.5658393945154503,0.5658393945154503,89.56228264602382,89.56228264602382
TDLL,Torre del Lluvià,gauge,pm,surface,VWC_005,upper,60,0.7988395832499365,0.90523624954901,0.8954559414653873,-0.09661635821545078,59,0.23954589307277116,0.34328155506097063,0.7618217541429123,0.9034794538253866,85.78546693131719,89.56228451455206,0.1612708333333333,0.7988395832499365,0.7988395832499365,85.78546693131719,85.78546693131719
TDLL,Torre del Lluvià,gauge,pm,surface,VWC_005,total,60,0.8708931509706024,0.9648091805485213,0.8954559414653873,-0.024562790494784936,59,0.33728515911138035,0.34328155506097063,0.9053668681141118,0.9395563495191157,92.750266793849,89.56228451455206,0.1612708333333333,0.8708931509706024,0.8708931509706024,92.750266793849,92.750266793849
TDLL,Torre del Lluvià,gauge,pm,surface,VWC_020,lower,60,0.798495916950047,0.8751840843635291,0.768000625733823,0.030495291216223963,59,0.2913473539826517,0.26600206695622153,0.7275427786866355,0.9345905652869974,96.23266672511488,89.56228451455206,0.06462499999999999,0.798495916950047,0.798495916950047,96.23266672511488,96.23266672511488
TDLL,Torre del Lluvià,gauge,pm,surface,VWC_020,total,60,0.7921545680289006,0.8666537000761494,0.768000625733823,0.024153942295077613,59,0.2701810233632287,0.26600206695622153,0.6749812744646739,0.9696968355661361,92.750266793849,89.56228451455206,0.06462499999999999,0.7921545680289006,0.7921545680289006,92.750266793849,92.750266793849
TDLL,Torre del Lluvià,gauge,pm,surface,VWC_050,total,60,0.599623806785891,0.6017782937268152,0.5566156576711632,0.043008149114727834,59,0.19802677241953956,0.19564536052947665,0.32575269372249405,0.9310219735253591,92.750266793849,89.56228451455206,0.017520833333333333,0.599623806785891,0.599623806785891,92.750266793849,92.750266793849
TDLL,Torre del Lluvià,gauge,pm,surface5,VWC_005,upper,60,0.6302320081275883,0.8052070743632636,0.8954559414653873,-0.26522393333779903,59,0.13494750646291312,0.34328155506097063,0.6218334106730152,0.6998095685577623,76.45085966581513,89.56228451455206,0.1612708333333333,0.6302320081275883,0.6302320081275883,76.45085966581513,76.45085966581513
TDLL,Torre del Lluvià,gauge,pm,surface5,VWC_005,total,60,0.8650876824147067,0.9677544840401016,0.8954559414653873,-0.030368259050680635,59,0.34232668771063834,0.34328155506097063,0.9057442812274976,0.9242776672387505,92.94249421532382,89.56228451455206,0.1612708333333333,0.8650876824147067,0.8650876824147067,92.94249421532382,92.94249421532382
TDLL,Torre del Lluvià,gauge,pm,surface5,VWC_020,lower,60,0.7945916222831623,0.8713495793744137,0.768000625733823,0.026590996549339274,59,0.21406224551117514,0.26600206695622153,0.7447156576510282,0.9345787374322378,96.24082112522554,89.56228451455206,0.06462499999999999,0.7945916222831623,0.7945916222831623,96.24082112522554,96.24082112522554
TDLL,Torre del Lluvià,gauge,pm,surface5,VWC_020,total,60,0.7902014125763095,0.8650420965299994,0.768000625733823,0.022200786842486497,59,0.22372230706700696,0.26600206695622153,0.7151781981210865,0.9568836332751949,92.94249421532382,89.56228451455206,0.06462499999999999,0.7902014125763095,0.7902014125763095,92.94249421532382,92.94249421532382
TDLL,Torre del Lluvià,gauge,pm,surface5,VWC_050,total,60,0.5952725397066456,0.5996638623665177,0.5566156576711632,0.038656882035482454,59,0.16473778373251474,0.19564536052947665,0.37940204057934895,0.9449009757249611,92.94249421532382,89.56228451455206,0.017520833333333333,0.5952725397066456,0.5952725397066456,92.94249421532382,92.94249421532382
TDLL,Torre del Lluvià,gauge,pm,surface15,VWC_005,upper,60,0.8459607787657505,0.938523736180267,0.8954559414653873,-0.04949516269963683,59,0.28075793058483045,0.34328155506097063,0.8136854559895382,0.9438628481345662,89.13975377219417,89.56228451455206,0.1612708333333333,0.8459607787657505,0.8459607787657505,89.13975377219417,89.13975377219417
TDLL,Torre del Lluvià,gauge,pm,surface15,VWC_005,total,60,0.8901429971605288,0.9661429028843312,0.8954559414653873,-0.005312944304858513,59,0.3390257921166188,0.34328155506097063,0.9042561640652026,0.949973077986758,89.69653254671509,89.56228451455206,0.1612708333333333,0.8901429971605288,0.8901429971605288,89.69653254671509,89.69653254671509
TDLL,Torre del Lluvià,gauge,pm,surface15,VWC_020,lower,60,0.7758335876478977,0.8684598074985587,0.768000625733823,0.007832961914074676,59,0.32821035635785456,0.26600206695622153,0.6877263053211623,0.9459698718492411,94.63997383485808,89.56228451455206,0.06462499999999999,0.7758335876478977,0.7758335876478977,94.63997383485808,94.63997383485808
TDLL,Torre del Lluvià,gauge,pm,surface15,VWC_020,total,60,0.7788799483063324,0.8598182781390307,0.768000625733823,0.010879322572509453,59,0.26851113778285784,0.26600206695622153,0.6471824244777058,0.9774726920620486,89.69653254671509,89.56228451455206,0.06462499999999999,0.7788799483063324,0.7788799483063324,89.69653254671509,89.69653254671509
TDLL,Torre del Lluvià,gauge,pm,surface15,VWC_050,total,60,0.565106048831769,0.5787421204856779,0.5566156576711632,0.008490391160605792,59,0.1957352149556052,0.19564536052947665,0.2912826425197643,0.9142332076135473,89.69653254671509,89.56228451455206,0.017520833333333333,0.565106048831769,0.565106048831769,89.69653254671509,89.69653254671509
TDLL,Torre del Lluvià,gauge,pm,bypass25,VWC_005,upper,60,0.8053987349636228,0.9179621835031968,0.8954559414653873,-0.09005720650176452,59,0.23940870862562086,0.34328155506097063,0.7607836857050023,0.9187010289877552,85.78551979927832,89.56228451455206,0.1612708333333333,0.8053987349636228,0.8053987349636228,85.78551979927832,85.78551979927832
TDLL,Torre del Lluvià,gauge,pm,bypass25,VWC_005,total,60,0.8702966063489395,0.9648091805485213,0.8954559414653873,-0.025159335116447856,59,0.3372706149111619,0.34328155506097063,0.9053471080662921,0.9396964941908614,92.75288172017761,89.56228451455206,0.1612708333333333,0.8702966063489395,0.8702966063489395,92.75288172017761,92.75288172017761
TDLL,Torre del Lluvià,gauge,pm,bypass25,VWC_020,lower,60,0.7974196090039802,0.8747395040749361,0.768000625733823,0.02941898327015724,59,0.29041966143682674,0.26600206695622153,0.7283921900673764,0.9382995951503397,96.23656268062727,89.56228451455206,0.06462499999999999,0.7974196090039802,0.7974196090039802,96.23656268062727,96.23656268062727
TDLL,Torre del Lluvià,gauge,pm,bypass25,VWC_020,total,60,0.7917974957663316,0.8666537000761494,0.768000625733823,0.023796870032508632,59,0.2696145098554297,0.26600206695622153,0.6754947839488228,0.9697616683086152,92.75288172017761,89.56228451455206,0.06462499999999999,0.7917974957663316,0.7917974957663316,92.75288172017761,92.75288172017761
TDLL,Torre del Lluvià,gauge,pm,bypass25,VWC_050,total,60,0.5990009466539347,0.6017782937268152,0.5566156576711632,0.042385288982771496,59,0.19763000477955184,0.19564536052947665,0.326501856137385,0.9303404253860976,92.75288172017761,89.56228451455206,0.017520833333333333,0.5990009466539347,0.5990009466539347,92.75288172017761,92.75288172017761
PDCE,Pobla de Cérvoles,idw,hg,control,VWC_005,upper,60,0.05244550056955449,0.04773680848768273,0.05244550056955444,5.551115123125783e-17,59,-0.20626719601521937,-0.20626719601521942,-0.5222484282841647,0.46180942721600754,8.419773533909058,8.419773533909058,0.010520833333333347,0.05244550056955449,0.05244550056955449,8.419773533909058,8.419773533909058
PDCE,Pobla de Cérvoles,idw,hg,control,VWC_005,total,60,0.052445500569554486,0.04773680848768273,0.05244550056955444,4.85722573273506e-17,59,-0.20626719601521937,-0.20626719601521942,-0.5222484282841647,0.4618094272160076,8.419773533909058,8.419773533909058,0.010520833333333347,0.052445500569554486,0.052445500569554486,8.419773533909058,8.419773533909058
PDCE,Pobla de Cérvoles,idw,hg,control,VWC_020,lower,60,-0.4742561485395822,-0.4419189467139331,-0.474256148539582,-2.220446049250313e-16,59,-0.060790911909895676,-0.06079091190989566,-0.8548126329477217,0.08406331231937408,8.419773533909058,8.419773533909058,0.0165,-0.4742561485395822,-0.4742561485395822,8.419773533909058,8.419773533909058
PDCE,Pobla de Cérvoles,idw,hg,control,VWC_020,total,60,-0.4742561485395822,-0.4419189467139331,-0.474256148539582,-2.220446049250313e-16,59,-0.06079091190989567,-0.06079091190989566,-0.8548126329477216,0.08406331231937411,8.419773533909058,8.419773533909058,0.0165,-0.4742561485395822,-0.4742561485395822,8.419773533909058,8.419773533909058
PDCE,Pobla de Cérvoles,idw,hg,control,VWC_050,total,60,-0.34739081507351555,-0.3825960395385197,-0.3473908150735155,-5.551115123125783e-17,59,-0.01569521260650232,-0.01569521260650235,-0.8670504632962238,0.3932173074416271,8.419773533909058,8.419773533909058,0.013520833333333315,-0.34739081507351555,-0.34739081507351555,8.419773533909058,8.419773533909058
PDCE,Pobla de Cérvoles,idw,hg,cascade,VWC_005,upper,60,0.052451483513851115,0.04773680848768273,0.05244550056955444,5.982944296677173e-06,59,-0.20626698023635293,-0.20626719601521942,-0.5222344266571031,0.4618094366823101,25.25929253986028,8.419773533909058,0.010520833333333347,0.052451483513851115,0.052451483513851115,25.25929253986028,25.25929253986028
PDCE,Pobla de Cérvoles,idw,hg,cascade,VWC_005,total,60,0.052451791533421006,0.04773680848768273,0.05244550056955444,6.290963866568966e-06,59,-0.20626696912740697,-0.20626719601521942,-0.5222337057984594,0.4618094371696609,8.419763698386534,8.419773533909058,0.010520833333333347,0.052451791533421006,0.052451791533421006,8.419763698386534,8.419763698386534
PDCE,Pobla de Cérvoles,idw,hg,cascade,VWC_020,lower,60,0.78858267957381,0.9626130577848833,-0.474256148539582,1.262838828113392,59,0.18108738215637807,-0.06079091190989566,0.8923866585699782,0.7213893843627428,8.104208392630294e-06,8.419773533909058,0.0165,0.78858267957381,0.78858267957381,8.104208392630294e-06,8.104208392630294e-06
PDCE,Pobla de Cérvoles,idw,hg,cascade,VWC_020,total,60,-0.4742485500728326,-0.4419189467139331,-0.474256148539582,7.598466749358934e-06,59,-0.060790252672678,-0.06079091190989566,-0.8548032096774683,0.08406335366381706,8.419763698386534,8.419773533909058,0.0165,-0.4742485500728326,-0.4742485500728326,8.419763698386534,8.419763698386534
PDCE,Pobla de Cérvoles,idw,hg,cascade,VWC_050,total,60,-0.3473838916373696,-0.3825960395385197,-0.3473908150735155,6.923436145889195e-06,59,-0.0156952296777757,-0.01569521260650235,-0.8670429252984293,0.3932173514019338,8.419763698386534,8.419773533909058,0.013520833333333315,-0.3473838916373696,-0.3473838916373696,8.419763698386534,8.419763698386534
PDCE,Pobla de Cérvoles,idw,hg,surface,VWC_005,upper,60,0.03693358180656511,-0.006724276864970443,0.05244550056955444,-0.015511918762989324,59,-0.248073333946066,-0.20626719601521942,-0.501572612988394,0.296151294973914,21.69590244525395,8.419773533909058,0.010520833333333347,0.03693358180656511,0.03693358180656511,21.69590244525395,21.69590244525395
PDCE,Pobla de Cérvoles,idw,hg,surface,VWC_005,total,60,0.03694057558291674,-0.006724276864970443,0.05244550056955444,-0.015504924986637698,59,-0.24807324057904595,-0.20626719601521942,-0.5015572428064587,0.29615139210526154,7.23195290538336,8.419773533909058,0.010520833333333347,0.03694057558291674,0.03694057558291674,7.23195290538336,7.23195290538336
PDCE,Pobla de Cérvoles,idw,hg,surface,VWC_020,lower,60,0.8745880376767974,0.9626130577848833,-0.474256148539582,1.3488441862163794,59,0.19119812900091204,-0.06079091190989566,0.9478013689159484,0.725118886196498,0.00011783675176547821,8.419773533909058,0.0165,0.8745880376767974,0.8745880376767974,0.00011783675176547821,0.00011783675176547821
PDCE,Pobla de Cérvoles,idw,hg,surface,VWC_020,total,60,-0.331374406336425,-0.4131319730723565,-0.474256148539582,0.14288174220315697,59,-0.017756790741089948,-0.06079091190989566,-0.7845081047032356,0.0712853800897996,7.23195290538336,8.419773533909058,0.0165,-0.331374406336425,-0.331374406336425,7.23195290538336,7.23195290538336
PDCE,Pobla de Cérvoles,idw,hg,surface,VWC_050,total,60,-0.20031365297353734,-0.33220249271553526,-0.3473908150735155,0.14707716209997815,59,0.029262567589523593,-0.01569521260650235,-0.7738575377127135,0.3694575492734069,7.23195290538336,8.419773533909058,0.013520833333333315,-0.20031365297353734,-0.20031365297353734,7.23195290538336,7.23195290538336
PDCE,Pobla de Cérvoles,idw,hg,surface5,VWC_005,upper,60,-0.03312115356011888,-0.11100614080808643,0.05244550056955444,-0.08556665412967332,59,-0.2783178199645987,-0.20626719601521942,-0.4625659221851592,0.13432940428366227,37.37582567416759,8.419773533909058,0.010520833333333347,-0.03312115356011888,-0.03312115356011888,37.37582567416759,37.37582567416759
PDCE,Pobla de Cérvoles,idw,hg,surface5,VWC_005,total,60,-0.03161898527153398,-0.10892217070530634,0.05244550056955444,-0.08406448584108842,59,-0.2782998586591885,-0.20626719601521942,-0.45812051117270325,0.13435511475301387,6.226811054227718,8.419773533909058,0.010520833333333347,-0.03161898527153398,-0.03161898527153398,6.226811054227718,6.226811054227718
PDCE,Pobla de Cérvoles,idw,hg,surface5,VWC_020,lower,60,0.8745880376767976,0.9626130577848833,-0.474256148539582,1.3488441862163796,59,0.1911981290009121,-0.06079091190989566,0.9478013689159481,0.7251188861964979,0.016124374071810242,8.419773533909058,0.0165,0.8745880376767976,0.8745880376767976,0.016124374071810242,0.016124374071810242
PDCE,Pobla de Cérvoles,idw,hg,surface5,VWC_020,total,60,-0.2321907744808382,-0.4315823113908959,-0.474256148539582,0.2420653740587438,59,0.041371985003143874,-0.06079091190989566,-0.666032207982995,0.08816467641767135,6.226811054227718,8.419773533909058,0.0165,-0.2321907744808382,-0.2321907744808382,6.226811054227718,6.226811054227718
PDCE,Pobla de Cérvoles,idw,hg,surface5,VWC_050,total,60,-0.11395351989789515,-0.34135231440690494,-0.3473908150735155,0.23343729517562034,59,0.07591672212589251,-0.01569521260650235,-0.6341161416385754,0.3469777167633355,6.226811054227718,8.419773533909058,0.013520833333333315,-0.11395351989789515,-0.11395351989789515,6.226811054227718,6.226811054227718
PDCE,Pobla de Cérvoles,idw,hg,surface15,VWC_005,upper,60,0.05560015641032848,0.030509322304700603,0.05244550056955444,0.00315465584077404,59,-0.2298930587887144,-0.20626719601521942,-0.5134012875816039,0.3735691478661759,15.441509456968866,8.419773533909058,0.010520833333333347,0.05560015641032848,0.05560015641032848,15.441509456968866,15.441509456968866
PDCE,Pobla de Cérvoles,idw,hg,surface15,VWC_005,total,60,0.055604897189010016,0.030509322304700603,0.05244550056955444,0.003159396619455579,59,-0.22989299129299876,-0.20626719601521942,-0.5133920534387625,0.3735692067416839,7.720743796208468,8.419773533909058,0.010520833333333347,0.055604897189010016,0.055604897189010016,7.720743796208468,7.720743796208468
PDCE,Pobla de Cérvoles,idw,hg,surface15,VWC_020,lower,60,0.8745880376767975,0.9626130577848833,-0.474256148539582,1.3488441862163794,59,0.1911981290009119,-0.06079091190989566,0.9478013689159484,0.725118886196498,0.00011783675176547832,8.419773533909058,0.0165,0.8745880376767975,0.8745880376767975,0.00011783675176547832,0.00011783675176547832
PDCE,Pobla de Cérvoles,idw,hg,surface15,VWC_020,total,60,-0.3883014929851646,-0.4207733029482576,-0.474256148539582,0.08595465555441739,59,-0.039573248280331,-0.06079091190989566,-0.8225492834855809,0.07539970862767402,7.720743796208468,8.419773533909058,0.0165,-0.3883014929851646,-0.3883014929851646,7.720743796208468,7.720743796208468
PDCE,Pobla de Cérvoles,idw,hg,surface15,VWC_050,total,60,-0.2564207754890454,-0.34733168116570284,-0.3473908150735155,0.09097003958447009,59,0.00790087514578483,-0.01569521260650235,-0.822425259404314,0.38196461087877537,7.720743796208468,8.419773533909058,0.013520833333333315,-0.2564207754890454,-0.2564207754890454,7.720743796208468,7.720743796208468
PDCE,Pobla de Cérvoles,idw,hg,bypass25,VWC_005,upper,60,0.03693357813791269,-0.006724276864970443,0.05244550056955444,-0.015511922431641748,59,-0.24807333415363902,-0.20626719601521942,-0.5015726263896195,0.2961512949737962,16.271926836698537,8.419773533909058,0.010520833333333347,0.03693357813791269,0.03693357813791269,16.271926836698537,16.271926836698537
PDCE,Pobla de Cérvoles,idw,hg,bypass25,VWC_005,total,60,0.021016140550082836,0.020283975667059605,0.05244550056955444,-0.0314293600194716,59,-0.2293123035470318,-0.20626719601521942,-0.5170811571818976,0.3774726396177932,7.815667454810232,8.419773533909058,0.010520833333333347,0.021016140550082836,0.021016140550082836,7.815667454810232,7.815667454810232
PDCE,Pobla de Cérvoles,idw,hg,bypass25,VWC_020,lower,60,-0.6097228738573801,-0.6135848957078138,-0.474256148539582,-0.13546672531779813,59,-0.07838456207122525,-0.06079091190989566,-0.873160400216862,0.07962206733275848,3.5875377638660795,8.419773533909058,0.0165,-0.6097228738573801,-0.6097228738573801,3.5875377638660795,3.5875377638660795
PDCE,Pobla de Cérvoles,idw,hg,bypass25,VWC_020,total,60,-0.43913448676061806,-0.4515609156846156,-0.474256148539582,0.03512166177896392,59,-0.03413944474971618,-0.06079091190989566,-0.8310452599878553,0.07464448642549593,7.815667454810232,8.419773533909058,0.0165,-0.43913448676061806,-0.43913448676061806,7.815667454810232,7.815667454810232
PDCE,Pobla de Cérvoles,idw,hg,bypass25,VWC_050,total,60,-0.31331662830430873,-0.384014400955723,-0.3473908150735155,0.03407418676920676,59,0.010771021618684984,-0.01569521260650235,-0.8350499050098039,0.37733387184102096,7.815667454810232,8.419773533909058,0.013520833333333315,-0.31331662830430873,-0.31331662830430873,7.815667454810232,7.815667454810232
PDCE,Pobla de Cérvoles,idw,pm,control,VWC_005,upper,60,0.05269346213593554,0.04309650172549239,0.052693462135935544,-6.938893903907228e-18,59,-0.23123516548298262,-0.23123516548298267,-0.526342802485515,0.41366810886216543,8.191145948982019,8.191145948982019,0.010520833333333347,0.05269346213593554,0.05269346213593554,8.191145948982019,8.191145948982019
PDCE,Pobla de Cérvoles,idw,pm,control,VWC_005,total,60,0.05269346213593558,0.04309650172549239,0.052693462135935544,3.469446951953614e-17,59,-0.23123516548298267,-0.23123516548298267,-0.526342802485515,0.4136681088621655,8.191145948982017,8.191145948982019,0.010520833333333347,0.05269346213593558,0.05269346213593558,8.191145948982017,8.191145948982017
PDCE,Pobla de Cérvoles,idw,pm,control,VWC_020,lower,60,-0.42845472122570993,-0.41599399844405766,-0.42845472122571,5.551115123125783e-17,59,-0.05652640233319335,-0.056526402333193365,-0.850040293827921,0.0985578199021287,8.191145948982017,8.191145948982019,0.0165,-0.42845472122570993,-0.42845472122570993,8.191145948982017,8.191145948982017
PDCE,Pobla de Cérvoles,idw,pm,control,VWC_020,total,60,-0.42845472122571004,-0.41599399844405766,-0.42845472122571,-5.551115123125783e-17,59,-0.056526402333193414,-0.056526402333193365,-0.850040293827921,0.09855781990212867,8.191145948982017,8.191145948982019,0.0165,-0.42845472122571004,-0.42845472122571004,8.191145948982017,8.191145948982017
PDCE,Pobla de Cérvoles,idw,pm,control,VWC_050,total,60,-0.29621386416479917,-0.34880566459926693,-0.29621386416479917,0.0,59,-0.0028431007755782417,-0.0028431007755782,-0.8602655720809218,0.40403607357139576,8.191145948982017,8.191145948982019,0.013520833333333315,-0.29621386416479917,-0.29621386416479917,8.191145948982017,8.191145948982017
PDCE,Pobla de Cérvoles,idw,pm,cascade,VWC_005,upper,60,0.05269608630142098,0.04309650172549239,0.052693462135935544,2.624165485437535e-06,59,-0.23123503250746538,-0.23123516548298267,-0.5263361590846801,0.41366811074597926,24.573429678046327,8.191145948982019,0.010520833333333347,0.05269608630142098,0.05269608630142098,24.573429678046327,24.573429678046327
PDCE,Pobla de Cérvoles,idw,pm,cascade,VWC_005,total,60,0.05269623887607839,0.04309650172549239,0.052693462135935544,2.7767401428457905e-06,59,-0.231235024775973,-0.23123516548298267,-0.5263357728196383,0.4136681108555082,8.191143067696567,8.191145948982019,0.010520833333333347,0.05269623887607839,0.05269623887607839,8.191143067696567,8.191143067696567
PDCE,Pobla de Cérvoles,idw,pm,cascade,VWC_020,lower,60,0.7493025501625747,0.9626130577848833,-0.42845472122571,1.1777572713882847,59,0.1674648862368983,-0.056526402333193365,0.8595599714522414,0.7234884143769766,4.159025275142166e-06,8.191145948982019,0.0165,0.7493025501625747,0.7493025501625747,4.159025275142166e-06,4.159025275142166e-06
PDCE,Pobla de Cérvoles,idw,pm,cascade,VWC_020,total,60,-0.4284512427262265,-0.41599399844405766,-0.42845472122571,3.4784994835113103e-06,59,-0.05652608749367524,-0.056526402333193365,-0.8500358451854337,0.09855782944712364,8.191143067696567,8.191145948982019,0.0165,-0.4284512427262265,-0.4284512427262265,8.191143067696567,8.191143067696567
PDCE,Pobla de Cérvoles,idw,pm,cascade,VWC_050,total,60,-0.2962107380902109,-0.34880566459926693,-0.29621386416479917,3.126074588244432e-06,59,-0.0028431546283090026,-0.0028431007755782,-0.8602620506941783,0.404036083611239,8.191143067696567,8.191145948982019,0.013520833333333315,-0.2962107380902109,-0.2962107380902109,8.191143067696567,8.191143067696567
PDCE,Pobla de Cérvoles,idw,pm,surface,VWC_005,upper,60,0.011152184567605729,-0.027730695500993812,0.052693462135935544,-0.041541277568329815,59,-0.2754264970879526,-0.23123516548298267,-0.5060039136991434,0.2298509920119314,21.088258443943655,8.191145948982019,0.010520833333333347,0.011152184567605729,0.011152184567605729,21.088258443943655,21.088258443943655
PDCE,Pobla de Cérvoles,idw,pm,surface,VWC_005,total,60,0.011155667889194282,-0.027730695500993812,0.052693462135935544,-0.04153779424674126,59,-0.2754264185423327,-0.23123516548298267,-0.5059953303148449,0.2298510247276401,7.029413835453497,8.191145948982019,0.010520833333333347,0.011155667889194282,0.011155667889194282,7.029413835453497,7.029413835453497
PDCE,Pobla de Cérvoles,idw,pm,surface,VWC_020,lower,60,0.8429505224465887,0.9626130577848833,-0.42845472122571,1.2714052436722987,59,0.1736926249193227,-0.056526402333193365,0.9258399324136986,0.7289143387468137,6.063803785879261e-05,8.191145948982019,0.0165,0.8429505224465887,0.8429505224465887,6.063803785879261e-05,6.063803785879261e-05
PDCE,Pobla de Cérvoles,idw,pm,surface,VWC_020,total,60,-0.29237280696695445,-0.3959320341880554,-0.42845472122571,0.13608191425875554,59,-0.00903574115971277,-0.056526402333193365,-0.7717123391738158,0.08478312898723254,7.029413835453497,8.191145948982019,0.0165,-0.29237280696695445,-0.29237280696695445,7.029413835453497,7.029413835453497
PDCE,Pobla de Cérvoles,idw,pm,surface,VWC_050,total,60,-0.161391281601061,-0.3139862823573372,-0.29621386416479917,0.13482258256373816,59,0.04410631616976752,-0.0028431007755782,-0.7582548963120757,0.3693947056396065,7.029413835453497,8.191145948982019,0.013520833333333315,-0.161391281601061,-0.161391281601061,7.029413835453497,7.029413835453497
PDCE,Pobla de Cérvoles,idw,pm,surface5,VWC_005,upper,60,-0.06237064809180315,-0.14715607552431184,0.052693462135935544,-0.11506411022773869,59,-0.3009896891706112,-0.23123516548298267,-0.4671719419367316,0.0730720201078852,36.00414047851277,8.191145948982019,0.010520833333333347,-0.06237064809180315,-0.06237064809180315,36.00414047851277,36.00414047851277
PDCE,Pobla de Cérvoles,idw,pm,surface5,VWC_005,total,60,-0.061490431392930416,-0.14268248637034392,0.052693462135935544,-0.11418389352886596,59,-0.3009719891422954,-0.23123516548298267,-0.46431641761266607,0.07308204380818516,5.999560733803935,8.191145948982019,0.010520833333333347,-0.061490431392930416,-0.061490431392930416,5.999560733803935,5.999560733803935
PDCE,Pobla de Cérvoles,idw,pm,surface5,VWC_020,lower,60,0.8429505224465886,0.9626130577848833,-0.42845472122571,1.2714052436722987,59,0.17369262491932283,-0.056526402333193365,0.9258399324136983,0.7289143387468137,0.00970357884889798,8.191145948982019,0.0165,0.8429505224465886,0.8429505224465886,0.00970357884889798,0.00970357884889798
PDCE,Pobla de Cérvoles,idw,pm,surface5,VWC_020,total,60,-0.1984155099564156,-0.406629896014317,-0.42845472122571,0.23003921126929439,59,0.051905601786948447,-0.056526402333193365,-0.6465385695400597,0.1063273507762715,5.999560733803935,8.191145948982019,0.0165,-0.1984155099564156,-0.1984155099564156,5.999560733803935,5.999560733803935
PDCE,Pobla de Cérvoles,idw,pm,surface5,VWC_050,total,60,-0.08427569383716964,-0.3195484839934283,-0.29621386416479917,0.21193817032762952,59,0.08735318588972257,-0.0028431007755782,-0.6112596504363309,0.3420261157266947,5.999560733803935,8.191145948982019,0.013520833333333315,-0.08427569383716964,-0.08427569383716964,5.999560733803935,5.999560733803935
PDCE,Pobla de Cérvoles,idw,pm,surface15,VWC_005,upper,60,0.03891486267885932,0.015087943544127895,0.052693462135935544,-0.013778599457076227,59,-0.25694920773874047,-0.23123516548298267,-0.5177435110105622,0.31279408487939475,15.02542811260856,8.191145948982019,0.010520833333333347,0.03891486267885932,0.03891486267885932,15.02542811260856,15.02542811260856
PDCE,Pobla de Cérvoles,idw,pm,surface15,VWC_005,total,60,0.038917229274504125,0.015087943544127895,0.052693462135935544,-0.013776232861431419,59,-0.25694915102871163,-0.23123516548298267,-0.5177383360691451,0.3127941044943322,7.512709821908491,8.191145948982019,0.010520833333333347,0.038917229274504125,0.038917229274504125,7.512709821908491,7.512709821908491
PDCE,Pobla de Cérvoles,idw,pm,surface15,VWC_020,lower,60,0.8429505224465885,0.9626130577848833,-0.42845472122571,1.2714052436722985,59,0.17369262491932266,-0.056526402333193365,0.9258399324136982,0.7289143387468136,6.063803785879264e-05,8.191145948982019,0.0165,0.8429505224465885,0.8429505224465885,6.063803785879264e-05,6.063803785879264e-05
PDCE,Pobla de Cérvoles,idw,pm,surface15,VWC_020,total,60,-0.34659435830678,-0.39834947309424956,-0.42845472122571,0.08186036291893001,59,-0.03266421353118831,-0.056526402333193365,-0.8136445576585231,0.08760948894206805,7.512709821908491,8.191145948982019,0.0165,-0.34659435830678,-0.34659435830678,7.512709821908491,7.512709821908491
PDCE,Pobla de Cérvoles,idw,pm,surface15,VWC_050,total,60,-0.2124332309734051,-0.3219958527133083,-0.29621386416479917,0.08378063319139406,59,0.02240678817656007,-0.0028431007755782,-0.8110457272397715,0.3855167728410777,7.512709821908491,8.191145948982019,0.013520833333333315,-0.2124332309734051,-0.2124332309734051,7.512709821908491,7.512709821908491
PDCE,Pobla de Cérvoles,idw,pm,bypass25,VWC_005,upper,60,0.011152183610124301,-0.027730695500993812,0.052693462135935544,-0.04154127852581124,59,-0.27542649716092676,-0.23123516548298267,-0.5060039173773601,0.22985099201192294,15.81619383331899,8.191145948982019,0.010520833333333347,0.011152183610124301,0.011152183610124301,15.81619383331899,15.81619383331899
PDCE,Pobla de Cérvoles,idw,pm,bypass25,VWC_005,total,60,0.012573205870332477,0.01681069216242611,0.052693462135935544,-0.04012025626560307,59,-0.25477383906315,-0.23123516548298267,-0.522251769422378,0.3259486091226145,7.598850915443911,8.191145948982019,0.010520833333333347,0.012573205870332477,0.012573205870332477,7.598850915443911,7.598850915443911
PDCE,Pobla de Cérvoles,idw,pm,bypass25,VWC_020,lower,60,-0.5627096230368488,-0.523500563134463,-0.42845472122571,-0.1342549018111388,59,-0.07758756690821074,-0.056526402333193365,-0.872756582979921,0.10535650989219356,3.490179456506371,8.191145948982019,0.0165,-0.5627096230368488,-0.5627096230368488,3.490179456506371,3.490179456506371
PDCE,Pobla de Cérvoles,idw,pm,bypass25,VWC_020,total,60,-0.39688946874334186,-0.41793906423065064,-0.42845472122571,0.031565252482368134,59,-0.02764303622665923,-0.056526402333193365,-0.8241023796716231,0.09244609112601837,7.598850915443911,8.191145948982019,0.0165,-0.39688946874334186,-0.39688946874334186,7.598850915443911,7.598850915443911
PDCE,Pobla de Cérvoles,idw,pm,bypass25,VWC_050,total,60,-0.2677601961014307,-0.34727605914934184,-0.29621386416479917,0.028453668063368465,59,0.02413857920842176,-0.0028431007755782,-0.8258540576022231,0.3865848021655644,7.598850915443911,8.191145948982019,0.013520833333333315,-0.2677601961014307,-0.2677601961014307,7.598850915443911,7.598850915443911
PDCE,Pobla de Cérvoles,gauge,hg,control,VWC_005,upper,60,0.030567709167704085,0.010530995586048753,0.030567709167704057,2.7755575615628914e-17,59,-0.21027470291078243,-0.21027470291078243,-0.4697172323879815,0.43150702835278176,9.590022320105481,9.590022320105481,0.010520833333333347,0.030567709167704085,0.030567709167704085,9.590022320105481,9.590022320105481
PDCE,Pobla de Cérvoles,gauge,hg,control,VWC_005,total,60,0.03056770916770405,0.010530995586048753,0.030567709167704057,-6.938893903907228e-18,59,-0.2102747029107824,-0.21027470291078243,-0.46971723238798135,0.4315070283527819,9.590022320105481,9.590022320105481,0.010520833333333347,0.03056770916770405,0.03056770916770405,9.590022320105481,9.590022320105481
PDCE,Pobla de Cérvoles,gauge,hg,control,VWC_020,lower,60,-0.4893429941841534,-0.5495088713666211,-0.4893429941841535,1.1102230246251565e-16,59,-0.05726951610414537,-0.057269516104145296,-0.839293585672953,0.013774715986543555,9.59002232010548,9.590022320105481,0.0165,-0.4893429941841534,-0.4893429941841534,9.59002232010548,9.59002232010548
PDCE,Pobla de Cérvoles,gauge,hg,control,VWC_020,total,60,-0.4893429941841534,-0.5495088713666211,-0.4893429941841535,1.1102230246251565e-16,59,-0.05726951610414538,-0.057269516104145296,-0.8392935856729529,0.013774715986543534,9.590022320105481,9.590022320105481,0.0165,-0.4893429941841534,-0.4893429941841534,9.590022320105481,9.590022320105481
PDCE,Pobla de Cérvoles,gauge,hg,control,VWC_050,total,60,-0.3793055811592734,-0.4953696777102648,-0.3793055811592734,0.0,59,-0.010669815091518785,-0.010669815091518764,-0.8395462649184031,0.3150283738305367,9.590022320105481,9.590022320105481,0.013520833333333315,-0.3793055811592734,-0.3793055811592734,9.590022320105481,9.590022320105481
PDCE,Pobla de Cérvoles,gauge,hg,cascade,VWC_005,upper,60,0.030572901664300788,0.010530995586048753,0.030567709167704057,5.192496596730101e-06,59,-0.2102745123207506,-0.21027470291078243,-0.46970033974569153,0.4315070385616062,28.770038898449545,9.590022320105481,0.010520833333333347,0.030572901664300788,0.030572901664300788,28.770038898449545,28.770038898449545
PDCE,Pobla de Cérvoles,gauge,hg,cascade,VWC_005,total,60,0.030573168989131073,0.010530995586048753,0.030567709167704057,5.4598214270160095e-06,59,-0.21027450250860955,-0.21027470291078243,-0.4696994700441294,0.431507039087184,9.590012484582958,9.590022320105481,0.010520833333333347,0.030573168989131073,0.030573168989131073,9.590012484582958,9.590012484582958
PDCE,Pobla de Cérvoles,gauge,hg,cascade,VWC_020,lower,60,0.78858267957381,0.9626130577848833,-0.4893429941841535,1.2779256737579634,59,0.18108738215637807,-0.057269516104145296,0.8923866585699782,0.7213893843627428,8.104208392630294e-06,9.590022320105481,0.0165,0.78858267957381,0.78858267957381,8.104208392630294e-06,8.104208392630294e-06
PDCE,Pobla de Cérvoles,gauge,hg,cascade,VWC_020,total,60,-0.4893361972943332,-0.5495088713666211,-0.4893429941841535,6.796889820304131e-06,59,-0.05726894244393621,-0.057269516104145296,-0.8392827065496169,0.013774753048716934,9.590012484582958,9.590022320105481,0.0165,-0.4893361972943332,-0.4893361972943332,9.590012484582958,9.590012484582958
PDCE,Pobla de Cérvoles,gauge,hg,cascade,VWC_050,total,60,-0.37929949160524895,-0.4953696777102648,-0.3793055811592734,6.0895540244243485e-06,59,-0.01066982967212593,-0.010669815091518764,-0.8395373276140639,0.3150284144078155,9.590012484582958,9.590022320105481,0.013520833333333315,-0.37929949160524895,-0.37929949160524895,9.590012484582958,9.590012484582958
PDCE,Pobla de Cérvoles,gauge,hg,surface,VWC_005,upper,60,0.008105735987291654,-0.018589013316798457,0.030567709167704057,-0.022461973180412403,59,-0.2531997181352834,-0.21027470291078243,-0.4296017353297072,0.2687066144232063,25.332536754945426,9.590022320105481,0.010520833333333347,0.008105735987291654,0.008105735987291654,25.332536754945426,25.332536754945426
PDCE,Pobla de Cérvoles,gauge,hg,surface,VWC_005,total,60,0.008111684411866934,-0.018589013316798457,0.030567709167704057,-0.022456024755837124,59,-0.2531996340716582,-0.21027470291078243,-0.4295822672172831,0.2687067033152124,8.444164341947186,9.590022320105481,0.010520833333333347,0.008111684411866934,0.008111684411866934,8.444164341947186,8.444164341947186
PDCE,Pobla de Cérvoles,gauge,hg,surface,VWC_020,lower,60,0.8745880376767974,0.9626130577848833,-0.4893429941841535,1.3639310318609508,59,0.19119812900091204,-0.057269516104145296,0.9478013689159484,0.725118886196498,0.00011783675176547821,9.590022320105481,0.0165,0.8745880376767974,0.8745880376767974,0.00011783675176547821,0.00011783675176547821
PDCE,Pobla de Cérvoles,gauge,hg,surface,VWC_020,total,60,-0.3507667018581506,-0.4930741769013294,-0.4893429941841535,0.13857629232600288,59,-0.014228256686070806,-0.057269516104145296,-0.7435518755235719,0.02291661282124035,8.444164341947186,9.590022320105481,0.0165,-0.3507667018581506,-0.3507667018581506,8.444164341947186,8.444164341947186
PDCE,Pobla de Cérvoles,gauge,hg,surface,VWC_050,total,60,-0.2360754488303526,-0.4213089629257131,-0.3793055811592734,0.14323013232892076,59,0.034074330973043195,-0.010669815091518764,-0.7179639767859176,0.3142790928942517,8.444164341947186,9.590022320105481,0.013520833333333315,-0.2360754488303526,-0.2360754488303526,8.444164341947186,8.444164341947186
PDCE,Pobla de Cérvoles,gauge,hg,surface5,VWC_005,upper,60,-0.06761779799056272,-0.12192614414665416,0.030567709167704057,-0.09818550715826678,59,-0.28407508889804,-0.21027470291078243,-0.3845935007051343,0.1054063974884405,44.33128503790279,9.590022320105481,0.010520833333333347,-0.06761779799056272,-0.06761779799056272,44.33128503790279,44.33128503790279
PDCE,Pobla de Cérvoles,gauge,hg,surface5,VWC_005,total,60,-0.06635539342205872,-0.12192614414665416,0.030567709167704057,-0.09692310258976278,59,-0.2840591126584011,-0.21027470291078243,-0.37900874170706056,0.10542883357122505,7.386054281516917,9.590022320105481,0.010520833333333347,-0.06635539342205872,-0.06635539342205872,7.386054281516917,7.386054281516917
PDCE,Pobla de Cérvoles,gauge,hg,surface5,VWC_020,lower,60,0.8745880376767976,0.9626130577848833,-0.4893429941841535,1.3639310318609512,59,0.1911981290009121,-0.057269516104145296,0.9478013689159481,0.7251188861964979,0.016124374071810242,9.590022320105481,0.0165,0.8745880376767976,0.8745880376767976,0.016124374071810242,0.016124374071810242
PDCE,Pobla de Cérvoles,gauge,hg,surface5,VWC_020,total,60,-0.25481684830138734,-0.4967698018958561,-0.4893429941841535,0.23452614588276616,59,0.044091075971140634,-0.057269516104145296,-0.6102728518574194,0.05261199830411587,7.386054281516917,9.590022320105481,0.0165,-0.25481684830138734,-0.25481684830138734,7.386054281516917,7.386054281516917
PDCE,Pobla de Cérvoles,gauge,hg,surface5,VWC_050,total,60,-0.1516230038367316,-0.41457869894604304,-0.3793055811592734,0.22768257732254177,59,0.07974155470774588,-0.010669815091518764,-0.5620773785021234,0.30422761624108063,7.386054281516917,9.590022320105481,0.013520833333333315,-0.1516230038367316,-0.1516230038367316,7.386054281516917,7.386054281516917
PDCE,Pobla de Cérvoles,gauge,hg,surface15,VWC_005,upper,60,0.029943170236429097,0.002083970102780096,0.030567709167704057,-0.0006245389312749608,59,-0.2344566709421212,-0.21027470291078243,-0.4492311372516522,0.3457047094355176,17.863289151119716,9.590022320105481,0.010520833333333347,0.029943170236429097,0.029943170236429097,17.863289151119716,17.863289151119716
PDCE,Pobla de Cérvoles,gauge,hg,surface15,VWC_005,total,60,0.029947231168979495,0.002083970102780096,0.030567709167704057,-0.0006204779987245626,59,-0.23445661007506385,-0.21027470291078243,-0.44921953082220756,0.34570476558186525,8.931633643283892,9.590022320105481,0.010520833333333347,0.029947231168979495,0.029947231168979495,8.931633643283892,8.931633643283892
PDCE,Pobla de Cérvoles,gauge,hg,surface15,VWC_020,lower,60,0.8745880376767975,0.9626130577848833,-0.4893429941841535,1.363931031860951,59,0.1911981290009119,-0.057269516104145296,0.9478013689159484,0.725118886196498,0.00011783675176547832,9.590022320105481,0.0165,0.8745880376767975,0.8745880376767975,0.00011783675176547832,0.00011783675176547832
PDCE,Pobla de Cérvoles,gauge,hg,surface15,VWC_020,total,60,-0.40592800398820217,-0.5022715594065049,-0.4893429941841535,0.08341499019595133,59,-0.0360119043223223,-0.057269516104145296,-0.7925250107868477,0.018209921012722077,8.931633643283892,9.590022320105481,0.0165,-0.40592800398820217,-0.40592800398820217,8.931633643283892,8.931633643283892
PDCE,Pobla de Cérvoles,gauge,hg,surface15,VWC_050,total,60,-0.2907969936139877,-0.4371612375885725,-0.3793055811592734,0.08850858754528568,59,0.012856043888854196,-0.010669815091518764,-0.778595900685022,0.3176979155469367,8.931633643283892,9.590022320105481,0.013520833333333315,-0.2907969936139877,-0.2907969936139877,8.931633643283892,8.931633643283892
PDCE,Pobla de Cérvoles,gauge,hg,bypass25,VWC_005,upper,60,0.008105732861547199,-0.018589013316798457,0.030567709167704057,-0.02246197630615686,59,-0.2531997183169675,-0.21027470291078243,-0.4296017515222399,0.26870661442309207,18.99940256896715,9.590022320105481,0.010520833333333347,0.008105732861547199,0.008105732861547199,18.99940256896715,18.99940256896715
PDCE,Pobla de Cérvoles,gauge,hg,bypass25,VWC_005,total,60,-0.004093429583459176,-0.024007335584026707,0.030567709167704057,-0.03466113875116324,59,-0.2341829531248464,-0.21027470291078243,-0.459450622071982,0.34524700298810695,8.990278539214657,9.590022320105481,0.010520833333333347,-0.004093429583459176,-0.004093429583459176,8.990278539214657,8.990278539214657
PDCE,Pobla de Cérvoles,gauge,hg,bypass25,VWC_020,lower,60,-0.6203055140742307,-0.6951387254742496,-0.4893429941841535,-0.13096251989007723,59,-0.07500001932623414,-0.057269516104145296,-0.8735640822899371,-0.009956533305805468,3.9857165243384105,9.590022320105481,0.0165,-0.6203055140742307,-0.6203055140742307,3.9857165243384105,3.9857165243384105
PDCE,Pobla de Cérvoles,gauge,hg,bypass25,VWC_020,total,60,-0.4527771829904254,-0.5572335612048047,-0.4893429941841535,0.03656581119372809,59,-0.03060099840002803,-0.057269516104145296,-0.8095871076591894,0.013283444083999278,8.990278539214657,9.590022320105481,0.0165,-0.4527771829904254,-0.4527771829904254,8.990278539214657,8.990278539214657
PDCE,Pobla de Cérvoles,gauge,hg,bypass25,VWC_050,total,60,-0.3435167675279766,-0.4976779913892427,-0.3793055811592734,0.03578881363129677,59,0.015710391451999997,-0.010669815091518764,-0.8006566938679489,0.3082951104552409,8.990278539214657,9.590022320105481,0.013520833333333315,-0.3435167675279766,-0.3435167675279766,8.990278539214657,8.990278539214657
PDCE,Pobla de Cérvoles,gauge,pm,control,VWC_005,upper,60,0.028460668213504563,0.02953680292340323,0.028460668213504507,5.551115123125783e-17,59,-0.235702857135207,-0.23570285713520706,-0.47229550728031844,0.38349668433176337,9.372924906507844,9.372924906507844,0.010520833333333347,0.028460668213504563,0.028460668213504563,9.372924906507844,9.372924906507844
PDCE,Pobla de Cérvoles,gauge,pm,control,VWC_005,total,60,0.028460668213504577,0.02953680292340323,0.028460668213504507,6.938893903907228e-17,59,-0.235702857135207,-0.23570285713520706,-0.47229550728031844,0.38349668433176337,9.372924906507844,9.372924906507844,0.010520833333333347,0.028460668213504577,0.028460668213504577,9.372924906507844,9.372924906507844
PDCE,Pobla de Cérvoles,gauge,pm,control,VWC_020,lower,60,-0.44693297499750595,-0.5048557182372643,-0.44693297499750584,-1.1102230246251565e-16,59,-0.05209543558397374,-0.05209543558397374,-0.8341399567763564,0.029530031462250896,9.372924906507844,9.372924906507844,0.0165,-0.44693297499750595,-0.44693297499750595,9.372924906507844,9.372924906507844
PDCE,Pobla de Cérvoles,gauge,pm,control,VWC_020,total,60,-0.44693297499750595,-0.5048557182372643,-0.44693297499750584,-1.1102230246251565e-16,59,-0.052095435583973754,-0.05209543558397374,-0.8341399567763566,0.029530031462250902,9.372924906507844,9.372924906507844,0.0165,-0.44693297499750595,-0.44693297499750595,9.372924906507844,9.372924906507844
PDCE,Pobla de Cérvoles,gauge,pm,control,VWC_050,total,60,-0.3318324543613164,-0.44514299693636306,-0.33183245436131636,-5.551115123125783e-17,59,0.002813246644615991,0.0028132466446160326,-0.8315868241309852,0.3275156166733789,9.372924906507844,9.372924906507844,0.013520833333333315,-0.3318324543613164,-0.3318324543613164,9.372924906507844,9.372924906507844
PDCE,Pobla de Cérvoles,gauge,pm,cascade,VWC_005,upper,60,0.028462947241787127,0.02953680292340323,0.028460668213504507,2.2790282826201658e-06,59,-0.23570274021172372,-0.23570285713520706,-0.47228746664943494,0.38349668636344164,28.118766550623803,9.372924906507844,0.010520833333333347,0.028462947241787127,0.028462947241787127,28.118766550623803,28.118766550623803
PDCE,Pobla de Cérvoles,gauge,pm,cascade,VWC_005,total,60,0.02846307974939151,0.02953680292340323,0.028460668213504507,2.411535887002214e-06,59,-0.23570273341353476,-0.23570285713520706,-0.4722869991451587,0.38349668648156754,9.372922025222396,9.372924906507844,0.010520833333333347,0.02846307974939151,0.02846307974939151,9.372922025222396,9.372922025222396
PDCE,Pobla de Cérvoles,gauge,pm,cascade,VWC_020,lower,60,0.7493025501625747,0.9626130577848833,-0.44693297499750584,1.1962355251600805,59,0.1674648862368983,-0.05209543558397374,0.8595599714522414,0.7234884143769766,4.159025275142166e-06,9.372924906507844,0.0165,0.7493025501625747,0.7493025501625747,4.159025275142166e-06,4.159025275142166e-06
PDCE,Pobla de Cérvoles,gauge,pm,cascade,VWC_020,total,60,-0.44692987283775176,-0.5048557182372643,-0.44693297499750584,3.102159754075906e-06,59,-0.05209516165870125,-0.05209543558397374,-0.8341348067415507,0.029530039991280024,9.372922025222396,9.372924906507844,0.0165,-0.44692987283775176,-0.44692987283775176,9.372922025222396,9.372922025222396
PDCE,Pobla de Cérvoles,gauge,pm,cascade,VWC_050,total,60,-0.33182971096885583,-0.44514299693636306,-0.33183245436131636,2.7433924605357873e-06,59,0.002813199840387831,0.0028132466446160326,-0.8315826466478271,0.327515625902769,9.372922025222396,9.372924906507844,0.013520833333333315,-0.33182971096885583,-0.33182971096885583,9.372922025222396,9.372922025222396
PDCE,Pobla de Cérvoles,gauge,pm,surface,VWC_005,upper,60,-0.02108494686588226,-0.044847036611827665,0.028460668213504507,-0.04954561507938676,59,-0.2812751311779604,-0.23570285713520706,-0.43270321262407974,0.20066304962545584,24.687829709687392,9.372924906507844,0.010520833333333347,-0.02108494686588226,-0.02108494686588226,24.687829709687392,24.687829709687392
PDCE,Pobla de Cérvoles,gauge,pm,surface,VWC_005,total,60,-0.021081977653517672,-0.044847036611827665,0.028460668213504507,-0.04954264586702218,59,-0.28127506148742604,-0.23570285713520706,-0.4326923449060996,0.2006630792524156,8.229270924034745,9.372924906507844,0.010520833333333347,-0.021081977653517672,-0.021081977653517672,8.229270924034745,8.229270924034745
PDCE,Pobla de Cérvoles,gauge,pm,surface,VWC_020,lower,60,0.8429505224465887,0.9626130577848833,-0.44693297499750584,1.2898834974440945,59,0.1736926249193227,-0.05209543558397374,0.9258399324136986,0.7289143387468137,6.063803785879261e-05,9.372924906507844,0.0165,0.8429505224465887,0.8429505224465887,6.063803785879261e-05,6.063803785879261e-05
PDCE,Pobla de Cérvoles,gauge,pm,surface,VWC_020,total,60,-0.31461054609139094,-0.4789585566214829,-0.44693297499750584,0.1323224289061149,59,-0.004138253221715876,-0.05209543558397374,-0.7299935972049638,0.036920406117303864,8.229270924034745,9.372924906507844,0.0165,-0.31461054609139094,-0.31461054609139094,8.229270924034745,8.229270924034745
PDCE,Pobla de Cérvoles,gauge,pm,surface,VWC_050,total,60,-0.2003097155480842,-0.4018412571993947,-0.33183245436131636,0.13152273881323218,59,0.04996612970040233,0.0028132466446160326,-0.7006161867424682,0.31460424145970567,8.229270924034745,9.372924906507844,0.013520833333333315,-0.2003097155480842,-0.2003097155480842,8.229270924034745,8.229270924034745
PDCE,Pobla de Cérvoles,gauge,pm,surface5,VWC_005,upper,60,-0.10024093017138164,-0.15660340665691497,0.028460668213504507,-0.12870159838488615,59,-0.30702376445207435,-0.23570285713520706,-0.3891428737782554,0.04175783925142426,42.7375876013633,9.372924906507844,0.010520833333333347,-0.10024093017138164,-0.10024093017138164,42.7375876013633,42.7375876013633
PDCE,Pobla de Cérvoles,gauge,pm,surface5,VWC_005,total,60,-0.099498661657145,-0.15421378760572713,0.028460668213504507,-0.1279593298706495,59,-0.3070082234339099,-0.23570285713520706,-0.38555354760681276,0.04176655397434664,7.12180192094569,9.372924906507844,0.010520833333333347,-0.099498661657145,-0.099498661657145,7.12180192094569,7.12180192094569
PDCE,Pobla de Cérvoles,gauge,pm,surface5,VWC_020,lower,60,0.8429505224465886,0.9626130577848833,-0.44693297499750584,1.2898834974440945,59,0.17369262491932283,-0.05209543558397374,0.9258399324136983,0.7289143387468137,0.00970357884889798,9.372924906507844,0.0165,0.8429505224465886,0.8429505224465886,0.00970357884889798,0.00970357884889798
PDCE,Pobla de Cérvoles,gauge,pm,surface5,VWC_020,total,60,-0.2230656917380489,-0.4769857041807957,-0.44693297499750584,0.22386728325945693,59,0.05631148723591093,-0.05209543558397374,-0.5912831414785982,0.07041853547885066,7.12180192094569,9.372924906507844,0.0165,-0.2230656917380489,-0.2230656917380489,7.12180192094569,7.12180192094569
PDCE,Pobla de Cérvoles,gauge,pm,surface5,VWC_050,total,60,-0.12434553353357584,-0.3926636244998445,-0.33183245436131636,0.2074869208277405,59,0.09223495873778559,0.0028132466446160326,-0.5388199545170393,0.29847740965811265,7.12180192094569,9.372924906507844,0.013520833333333315,-0.12434553353357584,-0.12434553353357584,7.12180192094569,7.12180192094569
PDCE,Pobla de Cérvoles,gauge,pm,surface15,VWC_005,upper,60,0.010252400678815565,0.0009447331132603103,0.028460668213504507,-0.018208267534688943,59,-0.2622168626705194,-0.23570285713520706,-0.4519882081688792,0.2839012812345515,17.44541612484138,9.372924906507844,0.010520833333333347,0.010252400678815565,0.010252400678815565,17.44541612484138,17.44541612484138
PDCE,Pobla de Cérvoles,gauge,pm,surface15,VWC_005,total,60,0.01025443064529074,0.0009447331132603103,0.028460668213504507,-0.018206237568213768,59,-0.2622168122910172,-0.23570285713520706,-0.451981705057661,0.28390129968100575,8.722703828024901,9.372924906507844,0.010520833333333347,0.01025443064529074,0.01025443064529074,8.722703828024901,8.722703828024901
PDCE,Pobla de Cérvoles,gauge,pm,surface15,VWC_020,lower,60,0.8429505224465885,0.9626130577848833,-0.44693297499750584,1.2898834974440945,59,0.17369262491932266,-0.05209543558397374,0.9258399324136982,0.7289143387468136,6.063803785879264e-05,9.372924906507844,0.0165,0.8429505224465885,0.8429505224465885,6.063803785879264e-05,6.063803785879264e-05
PDCE,Pobla de Cérvoles,gauge,pm,surface15,VWC_020,total,60,-0.36731441347134486,-0.4780415970363748,-0.44693297499750584,0.07961856152616098,59,-0.027931470543950496,-0.05209543558397374,-0.7828924185619466,0.03130553407952941,8.722703828024901,9.372924906507844,0.0165,-0.36731441347134486,-0.36731441347134486,8.722703828024901,8.722703828024901
PDCE,Pobla de Cérvoles,gauge,pm,surface15,VWC_050,total,60,-0.2501973219113533,-0.408098734039997,-0.33183245436131636,0.08163513244996307,59,0.028269760505078817,0.0028132466446160326,-0.7655600124967715,0.3222222310667618,8.722703828024901,9.372924906507844,0.013520833333333315,-0.2501973219113533,-0.2501973219113533,8.722703828024901,8.722703828024901
PDCE,Pobla de Cérvoles,gauge,pm,bypass25,VWC_005,upper,60,-0.02108494768403925,-0.044847036611827665,0.028460668213504507,-0.049545615897543756,59,-0.2812751312417516,-0.23570285713520706,-0.4327032170984918,0.20066304962544768,18.51587228262679,9.372924906507844,0.010520833333333347,-0.02108494768403925,-0.02108494768403925,18.51587228262679,18.51587228262679
PDCE,Pobla de Cérvoles,gauge,pm,bypass25,VWC_005,total,60,-0.015905413400700535,-0.012726110760977119,0.028460668213504507,-0.04436608161420504,59,-0.26017791261555345,-0.23570285713520706,-0.4638299440991713,0.2925592430510271,8.76964520428431,9.372924906507844,0.010520833333333347,-0.015905413400700535,-0.015905413400700535,8.76964520428431,8.76964520428431
PDCE,Pobla de Cérvoles,gauge,pm,bypass25,VWC_020,lower,60,-0.577067233600221,-0.632896620303273,-0.44693297499750584,-0.1301342586027152,59,-0.07354161556486012,-0.05209543558397374,-0.8734103987124232,0.017359090467700636,3.8965316651130704,9.372924906507844,0.0165,-0.577067233600221,-0.577067233600221,3.8965316651130704,3.8965316651130704
PDCE,Pobla de Cérvoles,gauge,pm,bypass25,VWC_020,total,60,-0.41408736493924847,-0.5211942708446455,-0.44693297499750584,0.03284561005825737,59,-0.022923299115901977,-0.05209543558397374,-0.8029295247535556,0.03138990512903594,8.76964520428431,9.372924906507844,0.0165,-0.41408736493924847,-0.41408736493924847,8.76964520428431,8.76964520428431
PDCE,Pobla de Cérvoles,gauge,pm,bypass25,VWC_050,total,60,-0.30196073650145727,-0.45763013960938737,-0.33183245436131636,0.029871717859859093,59,0.029915538420283223,0.0028132466446160326,-0.7909544448230919,0.3179049492684533,8.76964520428431,9.372924906507844,0.013520833333333315,-0.30196073650145727,-0.30196073650145727,8.76964520428431,8.76964520428431
VIL,Vilosell,idw,hg,control,VWC_005,upper,60,-0.33303684817959656,-0.4362191397953589,-0.33303684817959656,0.0,59,-0.18383099076813073,-0.18383099076813078,-0.49783372278789817,0.29247364176763263,7.657947759445128,7.657947759445129,0.008854166666666656,-0.33303684817959656,-0.33303684817959656,7.657947759445128,7.657947759445128
VIL,Vilosell,idw,hg,control,VWC_005,total,60,-0.33303684817959656,-0.4362191397953589,-0.33303684817959656,0.0,59,-0.18383099076813075,-0.18383099076813078,-0.4978337227878983,0.2924736417676326,7.657947759445129,7.657947759445129,0.008854166666666656,-0.33303684817959656,-0.33303684817959656,7.657947759445129,7.657947759445129
VIL,Vilosell,idw,hg,control,VWC_020,lower,60,-0.5402290123034403,-0.6184197735202022,-0.5402290123034406,2.220446049250313e-16,59,-0.21093068554719535,-0.21093068554719546,-0.8771965432706605,0.23467832933975033,7.657947759445127,7.657947759445129,0.017979166666666685,-0.5402290123034403,-0.5402290123034403,7.657947759445127,7.657947759445127
VIL,Vilosell,idw,hg,control,VWC_020,total,60,-0.5402290123034403,-0.6184197735202022,-0.5402290123034406,2.220446049250313e-16,59,-0.2109306855471954,-0.21093068554719546,-0.8771965432706608,0.2346783293397503,7.657947759445129,7.657947759445129,0.017979166666666685,-0.5402290123034403,-0.5402290123034403,7.657947759445129,7.657947759445129
VIL,Vilosell,idw,hg,control,VWC_050,total,60,-0.147629311190703,-0.2241706793067778,-0.1476293111907031,1.1102230246251565e-16,59,0.08442343748359632,0.08442343748359622,0.3603713997852691,0.3426426594596241,7.657947759445129,7.657947759445129,0.0063541666666666885,-0.147629311190703,-0.147629311190703,7.657947759445129,7.657947759445129
VIL,Vilosell,idw,hg,cascade,VWC_005,upper,60,-0.3330175914987332,-0.4362191397953589,-0.33303684817959656,1.925668086333321e-05,59,-0.1838290553693711,-0.18383099076813078,-0.497796268231383,0.292473729555234,22.973779734394203,7.657947759445129,0.008854166666666656,-0.3330175914987332,-0.3330175914987332,22.973779734394203,22.973779734394203
VIL,Vilosell,idw,hg,cascade,VWC_005,total,60,-0.3330175836440877,-0.4362191397953589,-0.33303684817959656,1.92645355088783e-05,59,-0.183829054579951,-0.18383099076813078,-0.4977962529534983,0.2924737295910411,7.657926569491905,7.657947759445129,0.008854166666666656,-0.3330175836440877,-0.3330175836440877,7.657926569491905,7.657926569491905
VIL,Vilosell,idw,hg,cascade,VWC_020,lower,60,0.7408157323630252,0.9651972166156425,-0.5402290123034406,1.281044744666466,59,0.14057861936682184,-0.21093068554719546,0.8768023812056327,0.7295650169019469,1.6059126393233214e-07,7.657947759445129,0.017979166666666685,0.7408157323630252,0.7408157323630252,1.6059126393233214e-07,1.6059126393233214e-07
VIL,Vilosell,idw,hg,cascade,VWC_020,total,60,-0.5402131171984901,-0.6184197735202022,-0.5402290123034406,1.5895104950480743e-05,59,-0.2109292383611963,-0.21093068554719546,-0.8771738691564451,0.23467843915944467,7.657926569491905,7.657947759445129,0.017979166666666685,-0.5402131171984901,-0.5402131171984901,7.657926569491905,7.657926569491905
VIL,Vilosell,idw,hg,cascade,VWC_050,total,60,-0.1476247711108185,-0.2241706793067778,-0.1476293111907031,4.54007988459626e-06,59,0.08442340239868738,0.08442343748359622,0.3603639922496139,0.34264276923740355,7.657926569491905,7.657947759445129,0.0063541666666666885,-0.1476247711108185,-0.1476247711108185,7.657926569491905,7.657926569491905
VIL,Vilosell,idw,hg,surface,VWC_005,upper,60,-0.2597201806045375,-0.39717672092591827,-0.33303684817959656,0.07331666757505906,59,-0.20481115049667287,-0.18383099076813078,-0.5273048897808061,0.18556123042798853,19.120137021156992,7.657947759445129,0.008854166666666656,-0.2597201806045375,-0.2597201806045375,19.120137021156992,19.120137021156992
VIL,Vilosell,idw,hg,surface,VWC_005,total,60,-0.2597113884577633,-0.39717672092591827,-0.33303684817959656,0.07332545972183324,59,-0.2048107590032864,-0.18383099076813078,-0.5272918386654198,0.18556142848719537,6.373366942917098,7.657947759445129,0.008854166666666656,-0.2597113884577633,-0.2597113884577633,6.373366942917098,6.373366942917098
VIL,Vilosell,idw,hg,surface,VWC_020,lower,60,0.831624475372976,0.9651972166156425,-0.5402290123034406,1.3718534876764166,59,0.14113350160545282,-0.21093068554719546,0.9344610663279467,0.762168877659703,0.00010503077761285267,7.657947759445129,0.017979166666666685,0.831624475372976,0.831624475372976,0.00010503077761285267,0.00010503077761285267
VIL,Vilosell,idw,hg,surface,VWC_020,total,60,-0.3944163380189196,-0.4932131101718003,-0.5402290123034406,0.14581267428452094,59,-0.1896069334908249,-0.21093068554719546,-0.8387990875629247,0.17421785346562563,6.373366942917098,7.657947759445129,0.017979166666666685,-0.3944163380189196,-0.3944163380189196,6.373366942917098,6.373366942917098
VIL,Vilosell,idw,hg,surface,VWC_050,total,60,-0.029075984397501357,-0.008294343061431793,-0.1476293111907031,0.11855332679320174,59,0.10491115665162143,0.08442343748359622,0.3601940836543369,0.31034871937813346,6.373366942917098,7.657947759445129,0.0063541666666666885,-0.029075984397501357,-0.029075984397501357,6.373366942917098,6.373366942917098
VIL,Vilosell,idw,hg,surface5,VWC_005,upper,60,-0.23099412503166855,-0.4356911640241708,-0.33303684817959656,0.102042723147928,59,-0.2193351913650259,-0.18383099076813078,-0.5430402249580031,0.07877913278485549,32.27182646620504,7.657947759445129,0.008854166666666656,-0.23099412503166855,-0.23099412503166855,32.27182646620504,32.27182646620504
VIL,Vilosell,idw,hg,surface5,VWC_005,total,60,-0.22753702802131276,-0.42621538834126743,-0.33303684817959656,0.1054998201582838,59,-0.21921323917974783,-0.18383099076813078,-0.5373801368338822,0.07885481970159619,5.3752154769435,7.657947759445129,0.008854166666666656,-0.22753702802131276,-0.22753702802131276,5.3752154769435,5.3752154769435
VIL,Vilosell,idw,hg,surface5,VWC_020,lower,60,0.8316244753729759,0.9651972166156425,-0.5402290123034406,1.3718534876764163,59,0.14113350160545274,-0.21093068554719546,0.9344610663279468,0.7621688776597026,0.02383550262113631,7.657947759445129,0.017979166666666685,0.8316244753729759,0.8316244753729759,0.02383550262113631,0.02383550262113631
VIL,Vilosell,idw,hg,surface5,VWC_020,total,60,-0.28940373168411143,-0.46739930851830164,-0.5402290123034406,0.2508252806193291,59,-0.15299173693532422,-0.21093068554719546,-0.7593503084037594,0.122590021341965,5.3752154769435,7.657947759445129,0.017979166666666685,-0.28940373168411143,-0.28940373168411143,5.3752154769435,5.3752154769435
VIL,Vilosell,idw,hg,surface5,VWC_050,total,60,0.029679466627947817,0.046303100322740445,-0.1476293111907031,0.17730877781865093,59,0.1318768576745691,0.08442343748359622,0.3405278920971925,0.27703754876322817,5.3752154769435,7.657947759445129,0.0063541666666666885,0.029679466627947817,0.029679466627947817,5.3752154769435,5.3752154769435
VIL,Vilosell,idw,hg,surface15,VWC_005,upper,60,-0.2850228679156086,-0.40395704135591365,-0.33303684817959656,0.048013980263987954,59,-0.19598189729781434,-0.18383099076813078,-0.5154456513338848,0.23747896429904117,13.802678333508865,7.657947759445129,0.008854166666666656,-0.2850228679156086,-0.2850228679156086,13.802678333508865,13.802678333508865
VIL,Vilosell,idw,hg,surface15,VWC_005,total,60,-0.28501729133461895,-0.40395704135591365,-0.33303684817959656,0.04801955684497761,59,-0.19598161235071962,-0.18383099076813078,-0.5154373825743455,0.23747909455459593,6.901330118653007,7.657947759445129,0.008854166666666656,-0.28501729133461895,-0.28501729133461895,6.901330118653007,6.901330118653007
VIL,Vilosell,idw,hg,surface15,VWC_020,lower,60,0.8316244753729759,0.9651972166156425,-0.5402290123034406,1.3718534876764163,59,0.14113350160545285,-0.21093068554719546,0.9344610663279468,0.7621688776597029,0.00010503077761285264,7.657947759445129,0.017979166666666685,0.8316244753729759,0.8316244753729759,0.00010503077761285264,0.00010503077761285264
VIL,Vilosell,idw,hg,surface15,VWC_020,total,60,-0.4536974514384313,-0.5330869587969572,-0.5402290123034406,0.08653156086500924,59,-0.20120385189246534,-0.21093068554719546,-0.8604343044210792,0.20397199778936845,6.901330118653007,7.657947759445129,0.017979166666666685,-0.4536974514384313,-0.4536974514384313,6.901330118653007,6.901330118653007
VIL,Vilosell,idw,hg,surface15,VWC_050,total,60,-0.07255169256888405,-0.0785588788949752,-0.1476293111907031,0.07507761862181905,59,0.09470389319606046,0.08442343748359622,0.3627438850591091,0.32785711759543845,6.901330118653007,7.657947759445129,0.0063541666666666885,-0.07255169256888405,-0.07255169256888405,6.901330118653007,6.901330118653007
VIL,Vilosell,idw,hg,bypass25,VWC_005,upper,60,-0.2597201904266425,-0.39717672092591827,-0.33303684817959656,0.07331665775295404,59,-0.20481115160572794,-0.18383099076813078,-0.5273049120602201,0.1855612304269394,14.340102769859648,7.657947759445129,0.008854166666666656,-0.2597201904266425,-0.2597201904266425,14.340102769859648,14.340102769859648
VIL,Vilosell,idw,hg,bypass25,VWC_005,total,60,-0.32691199435332285,-0.4399427583921597,-0.33303684817959656,0.006124853826273702,59,-0.1949211570334556,-0.18383099076813078,-0.5085828668391148,0.22973637977454858,6.9916696717677524,7.657947759445129,0.008854166666666656,-0.32691199435332285,-0.32691199435332285,6.9916696717677524,6.9916696717677524
VIL,Vilosell,idw,hg,bypass25,VWC_020,lower,60,-0.6673762544473997,-0.7355960938353843,-0.5402290123034406,-0.12714724214395912,59,-0.21601429806253475,-0.21093068554719546,-0.8834557908580674,0.23957590243302163,3.3174531227218034,7.657947759445129,0.017979166666666685,-0.6673762544473997,-0.6673762544473997,3.3174531227218034,3.3174531227218034
VIL,Vilosell,idw,hg,bypass25,VWC_020,total,60,-0.5060316969598242,-0.5932172782567754,-0.5402290123034406,0.034197315343616363,59,-0.19704006110978667,-0.21093068554719546,-0.8619249210327369,0.19558358148945482,6.9916696717677524,7.657947759445129,0.017979166666666685,-0.5060316969598242,-0.5060316969598242,6.9916696717677524,6.9916696717677524
VIL,Vilosell,idw,hg,bypass25,VWC_050,total,60,-0.12407177029212438,-0.1732037564545454,-0.1476293111907031,0.023557540898578727,59,0.09700178143545451,0.08442343748359622,0.35823038386548517,0.3190380994526604,6.9916696717677524,7.657947759445129,0.0063541666666666885,-0.12407177029212438,-0.12407177029212438,6.9916696717677524,6.9916696717677524
VIL,Vilosell,idw,pm,control,VWC_005,upper,60,-0.31127989774812537,-0.39150792843526644,-0.31127989774812526,-1.1102230246251565e-16,59,-0.18312833077229793,-0.1831283307722979,-0.49652822232697,0.2839840329320724,7.60911999740585,7.609119997405851,0.008854166666666656,-0.31127989774812537,-0.31127989774812537,7.60911999740585,7.60911999740585
VIL,Vilosell,idw,pm,control,VWC_005,total,60,-0.3112798977481253,-0.39150792843526644,-0.31127989774812526,-5.551115123125783e-17,59,-0.1831283307722979,-0.1831283307722979,-0.49652822232697,0.2839840329320724,7.609119997405852,7.609119997405851,0.008854166666666656,-0.3112798977481253,-0.3112798977481253,7.609119997405852,7.609119997405852
VIL,Vilosell,idw,pm,control,VWC_020,lower,60,-0.5098362824981567,-0.5624574521745117,-0.5098362824981567,0.0,59,-0.21508663376579226,-0.2150866337657923,-0.8750339763350785,0.2360406696796465,7.609119997405851,7.609119997405851,0.017979166666666685,-0.5098362824981567,-0.5098362824981567,7.609119997405851,7.609119997405851
VIL,Vilosell,idw,pm,control,VWC_020,total,60,-0.5098362824981566,-0.5624574521745117,-0.5098362824981567,1.1102230246251565e-16,59,-0.21508663376579223,-0.2150866337657923,-0.8750339763350787,0.2360406696796464,7.609119997405852,7.609119997405851,0.017979166666666685,-0.5098362824981566,-0.5098362824981566,7.609119997405852,7.609119997405852
VIL,Vilosell,idw,pm,control,VWC_050,total,60,-0.11422096478361099,-0.1461144878700712,-0.11422096478361093,-5.551115123125783e-17,59,0.08023956652473167,0.08023956652473158,0.3574159212654119,0.34479466073716447,7.609119997405852,7.609119997405851,0.0063541666666666885,-0.11422096478361099,-0.11422096478361099,7.609119997405852,7.609119997405852
VIL,Vilosell,idw,pm,cascade,VWC_005,upper,60,-0.3112675893347834,-0.39150792843526644,-0.31127989774812526,1.2308413341877156e-05,59,-0.18312701118504277,-0.1831283307722979,-0.49650410187710237,0.2839840684394832,22.82733051202697,7.609119997405851,0.008854166666666656,-0.3112675893347834,-0.3112675893347834,22.82733051202697,22.82733051202697
VIL,Vilosell,idw,pm,cascade,VWC_005,total,60,-0.3112675374175642,-0.39150792843526644,-0.31127989774812526,1.2360330561067556e-05,59,-0.18312700561904133,-0.1831283307722979,-0.496504000134439,0.2839840685892524,7.609110129226784,7.609119997405851,0.008854166666666656,-0.3112675374175642,-0.3112675374175642,7.609110129226784,7.609110129226784
VIL,Vilosell,idw,pm,cascade,VWC_020,lower,60,0.7125931469964841,0.9651972166156425,-0.5098362824981567,1.2224294294946407,59,0.12707520683703377,-0.2150866337657923,0.8525630191984609,0.721796986277748,1.0578945184778406e-06,7.609119997405851,0.017979166666666685,0.7125931469964841,0.7125931469964841,1.0578945184778406e-06,1.0578945184778406e-06
VIL,Vilosell,idw,pm,cascade,VWC_020,total,60,-0.5098261577531421,-0.5624574521745117,-0.5098362824981567,1.0124745014605807e-05,59,-0.21508572129489037,-0.2150866337657923,-0.8750194235407257,0.23604071464796916,7.609110129226784,7.609119997405851,0.017979166666666685,-0.5098261577531421,-0.5098261577531421,7.609110129226784,7.609110129226784
VIL,Vilosell,idw,pm,cascade,VWC_050,total,60,-0.11421794408249925,-0.1461144878700712,-0.11422096478361093,3.0207011116889504e-06,59,0.08023955562776716,0.08023956652473158,0.35741184051339,0.34479470564686443,7.609110129226784,7.609119997405851,0.0063541666666666885,-0.11421794408249925,-0.11421794408249925,7.609110129226784,7.609110129226784
VIL,Vilosell,idw,pm,surface,VWC_005,upper,60,-0.24603395893770647,-0.3790310273161356,-0.31127989774812526,0.06524593881041879,59,-0.20482406348447738,-0.1831283307722979,-0.5246835168879005,0.1637861116028449,19.101647598979074,7.609119997405851,0.008854166666666656,-0.24603395893770647,-0.24603395893770647,19.101647598979074,19.101647598979074
VIL,Vilosell,idw,pm,surface,VWC_005,total,60,-0.24602765391664774,-0.3790310273161356,-0.31127989774812526,0.06525224383147751,59,-0.20482375488288163,-0.1831283307722979,-0.5246736785816345,0.16378622141176463,6.367208805119933,7.609119997405851,0.008854166666666656,-0.24602765391664774,-0.24602765391664774,6.367208805119933,6.367208805119933
VIL,Vilosell,idw,pm,surface,VWC_020,lower,60,0.808286233915459,0.9651972166156425,-0.5098362824981567,1.3181225164136157,59,0.12546951711029,-0.2150866337657923,0.9177400355774513,0.7563436080181403,7.550220543128671e-05,7.609119997405851,0.017979166666666685,0.808286233915459,0.808286233915459,7.550220543128671e-05,7.550220543128671e-05
VIL,Vilosell,idw,pm,surface,VWC_020,total,60,-0.36663200832106335,-0.46864970795253996,-0.5098362824981567,0.14320427417709336,59,-0.19231461187033638,-0.2150866337657923,-0.8339626555956561,0.16722131351534641,6.367208805119933,7.609119997405851,0.017979166666666685,-0.36663200832106335,-0.36663200832106335,6.367208805119933,6.367208805119933
VIL,Vilosell,idw,pm,surface,VWC_050,total,60,-0.0029382201445668013,0.026028039505907177,-0.11422096478361093,0.11128274463904414,59,0.10300131609251456,0.08023956652473158,0.3550831307048379,0.30528716319811844,6.367208805119933,7.609119997405851,0.0063541666666666885,-0.0029382201445668013,-0.0029382201445668013,6.367208805119933,6.367208805119933
VIL,Vilosell,idw,pm,surface5,VWC_005,upper,60,-0.21955824000206542,-0.41704528284168346,-0.31127989774812526,0.09172165774605984,59,-0.21901871631750303,-0.1831283307722979,-0.5406212918857392,0.05840789538803695,32.45593629432249,7.609119997405851,0.008854166666666656,-0.21955824000206542,-0.21955824000206542,32.45593629432249,32.45593629432249
VIL,Vilosell,idw,pm,surface5,VWC_005,total,60,-0.21704478841142572,-0.4110986083661957,-0.31127989774812526,0.09423510933669954,59,-0.21891985929845964,-0.1831283307722979,-0.5362474541978288,0.058450744053326294,5.407256242416196,7.609119997405851,0.008854166666666656,-0.21704478841142572,-0.21704478841142572,5.407256242416196,5.407256242416196
VIL,Vilosell,idw,pm,surface5,VWC_020,lower,60,0.8082862339154588,0.9651972166156425,-0.5098362824981567,1.3181225164136157,59,0.12546951711028995,-0.2150866337657923,0.9177400355774513,0.7563436080181402,0.017676672519384415,7.609119997405851,0.017979166666666685,0.8082862339154588,0.8082862339154588,0.017676672519384415,0.017676672519384415
VIL,Vilosell,idw,pm,surface5,VWC_020,total,60,-0.2643367524734125,-0.44933798335708075,-0.5098362824981567,0.24549953002474423,59,-0.15489247681473134,-0.2150866337657923,-0.7543208250604776,0.11742982103955486,5.407256242416196,7.609119997405851,0.017979166666666685,-0.2643367524734125,-0.2643367524734125,5.407256242416196,5.407256242416196
VIL,Vilosell,idw,pm,surface5,VWC_050,total,60,0.04959947212868943,0.06722048400291693,-0.11422096478361093,0.16382043691230036,59,0.13033824035726332,0.08023956652473158,0.3362462638676764,0.27043895475619417,5.407256242416196,7.609119997405851,0.0063541666666666885,0.04959947212868943,0.04959947212868943,5.407256242416196,5.407256242416196
VIL,Vilosell,idw,pm,surface15,VWC_005,upper,60,-0.2681712042021747,-0.37158379012253406,-0.31127989774812526,0.04310869354595054,59,-0.1957646786222662,-0.1831283307722979,-0.51331803608479,0.2198478502892518,13.752055191678007,7.609119997405851,0.008854166666666656,-0.2681712042021747,-0.2681712042021747,13.752055191678007,13.752055191678007
VIL,Vilosell,idw,pm,surface15,VWC_005,total,60,-0.2681671676161162,-0.37158379012253406,-0.31127989774812526,0.04311273013200906,59,-0.19576445375944135,-0.1831283307722979,-0.5133118037508005,0.2198479221917842,6.876022299934186,7.609119997405851,0.008854166666666656,-0.2681671676161162,-0.2681671676161162,6.876022299934186,6.876022299934186
VIL,Vilosell,idw,pm,surface15,VWC_020,lower,60,0.8082862339154588,0.9651972166156425,-0.5098362824981567,1.3181225164136157,59,0.12546951711028997,-0.2150866337657923,0.9177400355774512,0.7563436080181404,7.550220543128685e-05,7.609119997405851,0.017979166666666685,0.8082862339154588,0.8082862339154588,7.550220543128685e-05,7.550220543128685e-05
VIL,Vilosell,idw,pm,surface15,VWC_020,total,60,-0.42468860930301633,-0.4885727389380713,-0.5098362824981567,0.08514767319514038,59,-0.20456177759219674,-0.2150866337657923,-0.8567658605107586,0.1991273901933635,6.876022299934186,7.609119997405851,0.017979166666666685,-0.42468860930301633,-0.42468860930301633,6.876022299934186,6.876022299934186
VIL,Vilosell,idw,pm,surface15,VWC_050,total,60,-0.04320386634875113,-0.01904626925217671,-0.11422096478361093,0.0710170984348598,59,0.09191219833324471,0.08023956652473158,0.35845463017827617,0.3250168510908987,6.876022299934186,7.609119997405851,0.0063541666666666885,-0.04320386634875113,-0.04320386634875113,6.876022299934186,6.876022299934186
VIL,Vilosell,idw,pm,bypass25,VWC_005,upper,60,-0.24603396334244215,-0.3790310273161356,-0.31127989774812526,0.0652459344056831,59,-0.2048240640286112,-0.1831283307722979,-0.5246835269780311,0.16378611160261447,14.32623570032523,7.609119997405851,0.008854166666666656,-0.24603396334244215,-0.24603396334244215,14.32623570032523,14.32623570032523
VIL,Vilosell,idw,pm,bypass25,VWC_005,total,60,-0.3085584876085626,-0.4197407380945915,-0.31127989774812526,0.0027214101395626744,59,-0.19460811880984866,-0.1831283307722979,-0.5073476274755049,0.2178041152653976,6.969255273991072,7.609119997405851,0.008854166666666656,-0.3085584876085626,-0.3085584876085626,6.969255273991072,6.969255273991072
VIL,Vilosell,idw,pm,bypass25,VWC_020,lower,60,-0.6391249442615828,-0.7143948767615204,-0.5098362824981567,-0.12928866176342613,59,-0.22087713313530272,-0.2150866337657923,-0.8833561725852943,0.25465209786074344,3.2907650608239933,7.609119997405851,0.017979166666666685,-0.6391249442615828,-0.6391249442615828,3.2907650608239933,3.2907650608239933
VIL,Vilosell,idw,pm,bypass25,VWC_020,total,60,-0.4772495642901975,-0.5622907322499465,-0.5098362824981567,0.03258671820795922,59,-0.20035438498122615,-0.2150866337657923,-0.859305472732775,0.1957952162948135,6.969255273991072,7.609119997405851,0.017979166666666685,-0.4772495642901975,-0.4772495642901975,6.969255273991072,6.969255273991072
VIL,Vilosell,idw,pm,bypass25,VWC_050,total,60,-0.09342162417338505,-0.12854835391168531,-0.11422096478361093,0.020799340610225883,59,0.09409682016499533,0.08023956652473158,0.35480898726543186,0.3200545524118014,6.969255273991072,7.609119997405851,0.0063541666666666885,-0.09342162417338505,-0.09342162417338505,6.969255273991072,6.969255273991072
VIL,Vilosell,gauge,hg,control,VWC_005,upper,60,-0.3959335728163207,-0.6001972990470097,-0.39593357281632063,-5.551115123125783e-17,59,-0.12282577801345257,-0.12282577801345262,-0.2859008007669742,0.1526253567481312,7.469631416355485,7.469631416355484,0.008854166666666656,-0.3959335728163207,-0.3959335728163207,7.469631416355485,7.469631416355485
VIL,Vilosell,gauge,hg,control,VWC_005,total,60,-0.39593357281632074,-0.6001972990470097,-0.39593357281632063,-1.1102230246251565e-16,59,-0.12282577801345254,-0.12282577801345262,-0.28590080076697416,0.15262535674813119,7.469631416355486,7.469631416355484,0.008854166666666656,-0.39593357281632074,-0.39593357281632074,7.469631416355486,7.469631416355486
VIL,Vilosell,gauge,hg,control,VWC_020,lower,60,-0.594949418354959,-0.8235408540434827,-0.5949494183549588,-1.1102230246251565e-16,59,-0.1371902197911269,-0.13719021979112697,-0.7156020892587943,0.08904448755933439,7.469631416355484,7.469631416355484,0.017979166666666685,-0.594949418354959,-0.594949418354959,7.469631416355484,7.469631416355484
VIL,Vilosell,gauge,hg,control,VWC_020,total,60,-0.594949418354959,-0.8235408540434827,-0.5949494183549588,-1.1102230246251565e-16,59,-0.1371902197911269,-0.13719021979112697,-0.7156020892587942,0.08904448755933438,7.469631416355486,7.469631416355484,0.017979166666666685,-0.594949418354959,-0.594949418354959,7.469631416355486,7.469631416355486
VIL,Vilosell,gauge,hg,control,VWC_050,total,60,-0.38414147508569085,-0.5877812741210604,-0.3841414750856907,-1.6653345369377348e-16,59,0.11250400920042997,0.1125040092004299,0.09537145965237673,0.21778033932855498,7.469631416355486,7.469631416355484,0.0063541666666666885,-0.38414147508569085,-0.38414147508569085,7.469631416355486,7.469631416355486
VIL,Vilosell,gauge,hg,cascade,VWC_005,upper,60,-0.39591469886513786,-0.6001972990470097,-0.39593357281632063,1.8873951182774018e-05,59,-0.12282387737960596,-0.12282577801345262,-0.28579897459236425,0.1526254587732655,22.408851492168395,7.469631416355484,0.008854166666666656,-0.39591469886513786,-0.39591469886513786,22.408851492168395,22.408851492168395
VIL,Vilosell,gauge,hg,cascade,VWC_005,total,60,-0.3959146911666154,-0.6001972990470097,-0.39593357281632063,1.8881649705260184e-05,59,-0.12282387660436739,-0.12282577801345262,-0.285798933056161,0.1526254588148798,7.469617158242863,7.469631416355484,0.008854166666666656,-0.3959146911666154,-0.3959146911666154,7.469617158242863,7.469617158242863
VIL,Vilosell,gauge,hg,cascade,VWC_020,lower,60,0.7408157323630252,0.9651972166156425,-0.5949494183549588,1.3357651507179842,59,0.14057861936682184,-0.13719021979112697,0.8768023812056327,0.7295650169019469,1.6059126393233214e-07,7.469631416355484,0.017979166666666685,0.7408157323630252,0.7408157323630252,1.6059126393233214e-07,1.6059126393233214e-07
VIL,Vilosell,gauge,hg,cascade,VWC_020,total,60,-0.5949331479219363,-0.8235408540434827,-0.5949494183549588,1.627043302254716e-05,59,-0.13718879541586135,-0.13719021979112697,-0.7155253581403838,0.08904460968467563,7.469617158242863,7.469631416355484,0.017979166666666685,-0.5949331479219363,-0.5949331479219363,7.469617158242863,7.469617158242863
VIL,Vilosell,gauge,hg,cascade,VWC_050,total,60,-0.3841394669935636,-0.5877812741210604,-0.3841414750856907,2.008092127081529e-06,59,0.1125039658198199,0.1125040092004299,0.09533339084945115,0.21778046445935123,7.469617158242863,7.469631416355484,0.0063541666666666885,-0.3841394669935636,-0.3841394669935636,7.469617158242863,7.469617158242863
VIL,Vilosell,gauge,hg,surface,VWC_005,upper,60,-0.30595586271321235,-0.5685187527757196,-0.39593357281632063,0.08997771010310829,59,-0.13797152373169516,-0.12282577801345262,-0.30819819568111284,0.1165379168651191,19.746888535741775,7.469631416355484,0.008854166666666656,-0.30595586271321235,-0.30595586271321235,19.746888535741775,19.746888535741775
VIL,Vilosell,gauge,hg,surface,VWC_005,total,60,-0.3059475886889651,-0.5685187527757196,-0.39593357281632063,0.08998598412735553,59,-0.137971137533477,-0.12282577801345262,-0.3081641986372381,0.11653811807274998,6.582287117782096,7.469631416355484,0.008854166666666656,-0.3059475886889651,-0.3059475886889651,6.582287117782096,6.582287117782096
VIL,Vilosell,gauge,hg,surface,VWC_020,lower,60,0.831624475372976,0.9651972166156425,-0.5949494183549588,1.4265738937279349,59,0.14113350160545282,-0.13719021979112697,0.9344610663279467,0.762168877659703,0.00010503077761285267,7.469631416355484,0.017979166666666685,0.831624475372976,0.831624475372976,0.00010503077761285267,0.00010503077761285267
VIL,Vilosell,gauge,hg,surface,VWC_020,total,60,-0.4531322802973998,-0.7835558588019492,-0.5949494183549588,0.14181713805755902,59,-0.11925982020203754,-0.13719021979112697,-0.6804901942271474,0.11198302361396187,6.582287117782096,7.469631416355484,0.017979166666666685,-0.4531322802973998,-0.4531322802973998,6.582287117782096,6.582287117782096
VIL,Vilosell,gauge,hg,surface,VWC_050,total,60,-0.23323725529667033,-0.5069323745828617,-0.3841414750856907,0.15090421978902036,59,0.13504675808083452,0.1125040092004299,0.09176183371726937,0.26702195207671753,6.582287117782096,7.469631416355484,0.0063541666666666885,-0.23323725529667033,-0.23323725529667033,6.582287117782096,6.582287117782096
VIL,Vilosell,gauge,hg,surface5,VWC_005,upper,60,-0.2540597014856862,-0.5326719767318916,-0.39593357281632063,0.14187387133063445,59,-0.1475856975969405,-0.12282577801345262,-0.33492389749361834,0.05350651373142136,34.22531676165541,7.469631416355484,0.008854166666666656,-0.2540597014856862,-0.2540597014856862,34.22531676165541,34.22531676165541
VIL,Vilosell,gauge,hg,surface5,VWC_005,total,60,-0.25081861439675035,-0.5276145246078787,-0.39593357281632063,0.14511495841957028,59,-0.14746601496039596,-0.12282577801345262,-0.3218772305228845,0.053577770509457154,5.701649157894005,7.469631416355484,0.008854166666666656,-0.25081861439675035,-0.25081861439675035,5.701649157894005,5.701649157894005
VIL,Vilosell,gauge,hg,surface5,VWC_020,lower,60,0.8316244753729759,0.9651972166156425,-0.5949494183549588,1.4265738937279346,59,0.14113350160545274,-0.13719021979112697,0.9344610663279468,0.7621688776597026,0.02383550262113631,7.469631416355484,0.017979166666666685,0.8316244753729759,0.8316244753729759,0.02383550262113631,0.02383550262113631
VIL,Vilosell,gauge,hg,surface5,VWC_020,total,60,-0.33677750075507473,-0.7021687489600785,-0.5949494183549588,0.2581719175998841,59,-0.08693593739959629,-0.13719021979112697,-0.6162144039004751,0.11190229441757406,5.701649157894005,7.469631416355484,0.017979166666666685,-0.33677750075507473,-0.33677750075507473,5.701649157894005,5.701649157894005
VIL,Vilosell,gauge,hg,surface5,VWC_050,total,60,-0.12346497334313922,-0.3792776872636538,-0.3841414750856907,0.26067650174255147,59,0.1629015106809697,0.1125040092004299,0.08673188763784254,0.2829043948809229,5.701649157894005,7.469631416355484,0.0063541666666666885,-0.12346497334313922,-0.12346497334313922,5.701649157894005,5.701649157894005
VIL,Vilosell,gauge,hg,surface15,VWC_005,upper,60,-0.3406755547710869,-0.5781334694510412,-0.39593357281632063,0.055258018045233726,59,-0.13165241450471213,-0.12282577801345262,-0.2977750145934314,0.1406387377926535,13.952795906053021,7.469631416355484,0.008854166666666656,-0.3406755547710869,-0.3406755547710869,13.952795906053021,13.952795906053021
VIL,Vilosell,gauge,hg,surface15,VWC_005,total,60,-0.3406702693229364,-0.5781334694510412,-0.39593357281632063,0.05526330349338421,59,-0.131652132805255,-0.12282577801345262,-0.297752361534778,0.14063887799996894,6.9763911574276385,7.469631416355484,0.008854166666666656,-0.3406702693229364,-0.3406702693229364,6.9763911574276385,6.9763911574276385
VIL,Vilosell,gauge,hg,surface15,VWC_020,lower,60,0.8316244753729759,0.9651972166156425,-0.5949494183549588,1.4265738937279346,59,0.14113350160545285,-0.13719021979112697,0.9344610663279468,0.7621688776597029,0.00010503077761285264,7.469631416355484,0.017979166666666685,0.8316244753729759,0.8316244753729759,0.00010503077761285264,0.00010503077761285264
VIL,Vilosell,gauge,hg,surface15,VWC_020,total,60,-0.5136588490243386,-0.8043958493725887,-0.5949494183549588,0.08129056933062029,59,-0.12925034986759526,-0.13719021979112697,-0.6985729860234271,0.10869402692953228,6.9763911574276385,7.469631416355484,0.017979166666666685,-0.5136588490243386,-0.5136588490243386,6.9763911574276385,6.9763911574276385
VIL,Vilosell,gauge,hg,surface15,VWC_050,total,60,-0.2956223637241893,-0.5509733813433934,-0.3841414750856907,0.08851911136150137,59,0.12400331794352826,0.1125040092004299,0.09335906291702885,0.2524271709656477,6.9763911574276385,7.469631416355484,0.0063541666666666885,-0.2956223637241893,-0.2956223637241893,6.9763911574276385,6.9763911574276385
VIL,Vilosell,gauge,hg,bypass25,VWC_005,upper,60,-0.3059558720890979,-0.5685187527757196,-0.39593357281632063,0.08997770072722272,59,-0.137971524813087,-0.12282577801345262,-0.30819824707711485,0.1165379168640627,14.810166403914907,7.469631416355484,0.008854166666666656,-0.3059558720890979,-0.3059558720890979,14.810166403914907,14.810166403914907
VIL,Vilosell,gauge,hg,bypass25,VWC_005,total,60,-0.37626653652350867,-0.6058660915376616,-0.39593357281632063,0.019667036292811968,59,-0.13084380751706187,-0.12282577801345262,-0.29312409011560897,0.1166540195125644,6.967191572689771,7.469631416355484,0.008854166666666656,-0.37626653652350867,-0.37626653652350867,6.967191572689771,6.967191572689771
VIL,Vilosell,gauge,hg,bypass25,VWC_020,lower,60,-0.70046226086669,-0.8437973248781442,-0.5949494183549588,-0.1055128425117311,59,-0.14052849275265264,-0.13719021979112697,-0.7195804326091314,0.0099820806322354,3.0457041570772017,7.469631416355484,0.017979166666666685,-0.70046226086669,-0.70046226086669,3.0457041570772017,3.0457041570772017
VIL,Vilosell,gauge,hg,bypass25,VWC_020,total,60,-0.5523448883659243,-0.8228739743452224,-0.5949494183549588,0.04260452998903452,59,-0.1251597672841407,-0.13719021979112697,-0.6971516603929245,0.08433101606362944,6.967191572689771,7.469631416355484,0.017979166666666685,-0.5523448883659243,-0.5523448883659243,6.967191572689771,6.967191572689771
VIL,Vilosell,gauge,hg,bypass25,VWC_050,total,60,-0.3384997059329027,-0.578621191548166,-0.3841414750856907,0.045641769152788,59,0.12619525889062114,0.1125040092004299,0.09162780044777638,0.22857441646230542,6.967191572689771,7.469631416355484,0.0063541666666666885,-0.3384997059329027,-0.3384997059329027,6.967191572689771,6.967191572689771
VIL,Vilosell,gauge,pm,control,VWC_005,upper,60,-0.37730978615097766,-0.5921942978837365,-0.37730978615097766,0.0,59,-0.1232545631865303,-0.12325456318653022,-0.28214785842626533,0.15387222429548686,7.459747643074562,7.459747643074563,0.008854166666666656,-0.37730978615097766,-0.37730978615097766,7.459747643074562,7.459747643074562
VIL,Vilosell,gauge,pm,control,VWC_005,total,60,-0.37730978615097766,-0.5921942978837365,-0.37730978615097766,0.0,59,-0.12325456318653026,-0.12325456318653022,-0.2821478584262653,0.1538722242954869,7.459747643074563,7.459747643074563,0.008854166666666656,-0.37730978615097766,-0.37730978615097766,7.459747643074563,7.459747643074563
VIL,Vilosell,gauge,pm,control,VWC_020,lower,60,-0.5714944734200477,-0.8190394160802246,-0.5714944734200477,0.0,59,-0.14038384234946386,-0.14038384234946377,-0.7120466102961545,0.09991233293584531,7.459747643074561,7.459747643074563,0.017979166666666685,-0.5714944734200477,-0.5714944734200477,7.459747643074561,7.459747643074561
VIL,Vilosell,gauge,pm,control,VWC_020,total,60,-0.5714944734200477,-0.8190394160802246,-0.5714944734200477,0.0,59,-0.14038384234946386,-0.14038384234946377,-0.7120466102961545,0.09991233293584528,7.459747643074563,7.459747643074563,0.017979166666666685,-0.5714944734200477,-0.5714944734200477,7.459747643074563,7.459747643074563
VIL,Vilosell,gauge,pm,control,VWC_050,total,60,-0.3574370118307744,-0.5800175455989122,-0.3574370118307745,5.551115123125783e-17,59,0.10895004914814427,0.10895004914814432,0.09015485498064693,0.22902537090154618,7.459747643074563,7.459747643074563,0.0063541666666666885,-0.3574370118307744,-0.3574370118307744,7.459747643074563,7.459747643074563
VIL,Vilosell,gauge,pm,cascade,VWC_005,upper,60,-0.3772977000154488,-0.5921942978837365,-0.37730978615097766,1.2086135528832642e-05,59,-0.12325327018535888,-0.12325456318653022,-0.28208390914120607,0.15387226545519866,22.37922286654505,7.459747643074563,0.008854166666666656,-0.3772977000154488,-0.3772977000154488,22.37922286654505,22.37922286654505
VIL,Vilosell,gauge,pm,cascade,VWC_005,total,60,-0.37729764903583823,-0.5921942978837365,-0.37730978615097766,1.2137115139421173e-05,59,-0.12325326473150396,-0.12325456318653022,-0.28208363939325787,0.1538722656288092,7.459740927307078,7.459747643074563,0.008854166666666656,-0.37729764903583823,-0.37729764903583823,7.459740927307078,7.459740927307078
VIL,Vilosell,gauge,pm,cascade,VWC_020,lower,60,0.7125931469964841,0.9651972166156425,-0.5714944734200477,1.284087620416532,59,0.12707520683703377,-0.14038384234946377,0.8525630191984609,0.721796986277748,1.0578945184778406e-06,7.459747643074563,0.017979166666666685,0.7125931469964841,0.7125931469964841,1.0578945184778406e-06,1.0578945184778406e-06
VIL,Vilosell,gauge,pm,cascade,VWC_020,total,60,-0.5714841633785379,-0.8190394160802246,-0.5714944734200477,1.0310041509753454e-05,59,-0.14038294746403154,-0.14038384234946377,-0.7119988904442472,0.09991238296704087,7.459740927307078,7.459747643074563,0.017979166666666685,-0.5714841633785379,-0.5714841633785379,7.459740927307078,7.459740927307078
VIL,Vilosell,gauge,pm,cascade,VWC_050,total,60,-0.3574355463555785,-0.5800175455989122,-0.3574370118307745,1.4654751959719547e-06,59,0.1089500342533842,0.10895004914814432,0.09013310731600753,0.2290254220583145,7.459740927307078,7.459747643074563,0.0063541666666666885,-0.3574355463555785,-0.3574355463555785,7.459740927307078,7.459740927307078
VIL,Vilosell,gauge,pm,surface,VWC_005,upper,60,-0.29133966860306393,-0.5546802299308932,-0.37730978615097766,0.08597011754791373,59,-0.13894170075988413,-0.12325456318653022,-0.303470036925661,0.10319648800716608,19.787858259611426,7.459747643074563,0.008854166666666656,-0.29133966860306393,-0.29133966860306393,19.787858259611426,19.787858259611426
VIL,Vilosell,gauge,pm,surface,VWC_005,total,60,-0.2913336845053963,-0.5546802299308932,-0.37730978615097766,0.08597610164558134,59,-0.13894139777757286,-0.12325456318653022,-0.30344515351644863,0.10319659839231479,6.595947397231298,7.459747643074563,0.008854166666666656,-0.2913336845053963,-0.2913336845053963,6.595947397231298,6.595947397231298
VIL,Vilosell,gauge,pm,surface,VWC_020,lower,60,0.808286233915459,0.9651972166156425,-0.5714944734200477,1.3797807073355066,59,0.12546951711029,-0.14038384234946377,0.9177400355774513,0.7563436080181403,7.550220543128671e-05,7.459747643074563,0.017979166666666685,0.808286233915459,0.808286233915459,7.550220543128671e-05,7.550220543128671e-05
VIL,Vilosell,gauge,pm,surface,VWC_020,total,60,-0.42779641059831375,-0.7657724001816701,-0.5714944734200477,0.14369806282173392,59,-0.12106495472325607,-0.14038384234946377,-0.6767709946209355,0.11288477643985019,6.595947397231298,7.459747643074563,0.017979166666666685,-0.42779641059831375,-0.42779641059831375,6.595947397231298,6.595947397231298
VIL,Vilosell,gauge,pm,surface,VWC_050,total,60,-0.20760223759487273,-0.47663149168167146,-0.3574370118307745,0.14983477423590175,59,0.13303341474057415,0.10895004914814432,0.08496296818252773,0.26870634480050243,6.595947397231298,7.459747643074563,0.0063541666666666885,-0.20760223759487273,-0.20760223759487273,6.595947397231298,6.595947397231298
VIL,Vilosell,gauge,pm,surface5,VWC_005,upper,60,-0.23943974120676265,-0.5220290967126777,-0.37730978615097766,0.137870044944215,59,-0.147957717205364,-0.12325456318653022,-0.3310219365869982,0.04077403462602096,34.46303159056969,7.459747643074563,0.008854166666666656,-0.23943974120676265,-0.23943974120676265,34.46303159056969,34.46303159056969
VIL,Vilosell,gauge,pm,surface5,VWC_005,total,60,-0.23706187828856962,-0.5136092725721506,-0.37730978615097766,0.14024790786240804,59,-0.14786108608104515,-0.12325456318653022,-0.3211547139566565,0.0408142018074728,5.742271164544261,7.459747643074563,0.008854166666666656,-0.23706187828856962,-0.23706187828856962,5.742271164544261,5.742271164544261
VIL,Vilosell,gauge,pm,surface5,VWC_020,lower,60,0.8082862339154588,0.9651972166156425,-0.5714944734200477,1.3797807073355064,59,0.12546951711028995,-0.14038384234946377,0.9177400355774513,0.7563436080181402,0.017676672519384415,7.459747643074563,0.017979166666666685,0.8082862339154588,0.8082862339154588,0.017676672519384415,0.017676672519384415
VIL,Vilosell,gauge,pm,surface5,VWC_020,total,60,-0.3111499609081783,-0.682968170980996,-0.5714944734200477,0.26034451251186935,59,-0.0882689191745161,-0.14038384234946377,-0.6182564699500153,0.11285210921119085,5.742271164544261,7.459747643074563,0.017979166666666685,-0.3111499609081783,-0.3111499609081783,5.742271164544261,5.742271164544261
VIL,Vilosell,gauge,pm,surface5,VWC_050,total,60,-0.10029714149375979,-0.3539478247831197,-0.3574370118307745,0.2571398703370147,59,0.16027633535219232,0.10895004914814432,0.08269767465654158,0.28074408020589603,5.742271164544261,7.459747643074563,0.0063541666666666885,-0.10029714149375979,-0.10029714149375979,5.742271164544261,5.742271164544261
VIL,Vilosell,gauge,pm,surface15,VWC_005,upper,60,-0.3244839527177936,-0.5695191279211288,-0.37730978615097766,0.05282583343318403,59,-0.1324997328273578,-0.12325456318653022,-0.29323326493574847,0.13180528293114338,13.95735139174301,7.459747643074563,0.008854166666666656,-0.3244839527177936,-0.3244839527177936,13.95735139174301,13.95735139174301
VIL,Vilosell,gauge,pm,surface15,VWC_005,total,60,-0.3244800991007054,-0.5695191279211288,-0.37730978615097766,0.052829687050272245,59,-0.13249951162892415,-0.12325456318653022,-0.2932167032330565,0.1318053594982923,6.978671678892124,7.459747643074563,0.008854166666666656,-0.3244800991007054,-0.3244800991007054,6.978671678892124,6.978671678892124
VIL,Vilosell,gauge,pm,surface15,VWC_020,lower,60,0.8082862339154588,0.9651972166156425,-0.5714944734200477,1.3797807073355064,59,0.12546951711028997,-0.14038384234946377,0.9177400355774512,0.7563436080181404,7.550220543128685e-05,7.459747643074563,0.017979166666666685,0.8082862339154588,0.8082862339154588,7.550220543128685e-05,7.550220543128685e-05
VIL,Vilosell,gauge,pm,surface15,VWC_020,total,60,-0.4889705933721003,-0.7954485467542607,-0.5714944734200477,0.08252388004794736,59,-0.13167563813679378,-0.14038384234946377,-0.6945682703954468,0.11237785470601701,6.978671678892124,7.459747643074563,0.017979166666666685,-0.4889705933721003,-0.4889705933721003,6.978671678892124,6.978671678892124
VIL,Vilosell,gauge,pm,surface15,VWC_050,total,60,-0.26928264967802606,-0.5344684764635745,-0.3574370118307745,0.08815436215274841,59,0.12145032666533238,0.10895004914814432,0.08701133290780885,0.25726217938889345,6.978671678892124,7.459747643074563,0.0063541666666666885,-0.26928264967802606,-0.26928264967802606,6.978671678892124,6.978671678892124
VIL,Vilosell,gauge,pm,bypass25,VWC_005,upper,60,-0.2913396728320023,-0.5546802299308932,-0.37730978615097766,0.08597011331897536,59,-0.13894170129011205,-0.12325456318653022,-0.30347005979290376,0.10319648800693601,14.84089369529392,7.459747643074563,0.008854166666666656,-0.2913396728320023,-0.2913396728320023,14.84089369529392,14.84089369529392
VIL,Vilosell,gauge,pm,bypass25,VWC_005,total,60,-0.35995525208852985,-0.5932224612276291,-0.37730978615097766,0.0173545340624478,59,-0.13152853386514596,-0.12325456318653022,-0.2901888326064126,0.1127448291313841,6.972820217910258,7.459747643074563,0.008854166666666656,-0.35995525208852985,-0.35995525208852985,6.972820217910258,6.972820217910258
VIL,Vilosell,gauge,pm,bypass25,VWC_020,lower,60,-0.6817373805809945,-0.841352099317856,-0.5714944734200477,-0.11024290716094687,59,-0.1443371397268963,-0.14038384234946377,-0.7198808989508227,0.03566069575324536,3.038783479218427,7.459747643074563,0.017979166666666685,-0.6817373805809945,-0.6817373805809945,3.038783479218427,3.038783479218427
VIL,Vilosell,gauge,pm,bypass25,VWC_020,total,60,-0.5290466037128336,-0.8139822450350827,-0.5714944734200477,0.042447869707214037,59,-0.12751947682257544,-0.14038384234946377,-0.6948486369684282,0.09221165727235305,6.972820217910258,7.459747643074563,0.017979166666666685,-0.5290466037128336,-0.5290466037128336,6.972820217910258,6.972820217910258
VIL,Vilosell,gauge,pm,bypass25,VWC_050,total,60,-0.3127533458840016,-0.5652999739040483,-0.3574370118307745,0.044683665946772866,59,0.12354088413296724,0.10895004914814432,0.08659947425094294,0.23656593491657035,6.972820217910258,7.459747643074563,0.0063541666666666885,-0.3127533458840016,-0.3127533458840016,6.972820217910258,6.972820217910258
MDF,Mas dels Frares,idw,hg,control,VWC_005,upper,60,0.9385136077405283,0.9687530415872835,0.9385136077405283,0.0,59,0.33179697633227045,0.3317969763322702,0.9255272084084202,0.9092443542407709,91.78683415991848,91.78683415991851,0.055208333333333345,0.9385136077405283,0.9385136077405283,91.78683415991848,91.78683415991848
MDF,Mas dels Frares,idw,hg,control,VWC_005,total,60,0.9385136077405283,0.9687530415872835,0.9385136077405283,0.0,59,0.3317969763322702,0.3317969763322702,0.9255272084084204,0.9092443542407709,91.7868341599185,91.78683415991851,0.055208333333333345,0.9385136077405283,0.9385136077405283,91.7868341599185,91.7868341599185
MDF,Mas dels Frares,idw,hg,control,VWC_020,lower,60,0.2644641714739811,0.5790299949154921,0.2644641714739807,3.885780586188048e-16,59,-0.012594632018678067,-0.012594632018678276,0.8623251452953661,-0.12781055663704202,91.78683415991848,91.78683415991851,0.012645833333333342,0.2644641714739811,0.2644641714739811,91.78683415991848,91.78683415991848
MDF,Mas dels Frares,idw,hg,control,VWC_020,total,60,0.264464171473981,0.5790299949154921,0.2644641714739807,2.7755575615628914e-16,59,-0.012594632018678081,-0.012594632018678276,0.8623251452953661,-0.12781055663704213,91.7868341599185,91.78683415991851,0.012645833333333342,0.264464171473981,0.264464171473981,91.7868341599185,91.7868341599185
MDF,Mas dels Frares,idw,hg,control,VWC_050,total,60,-0.586535961871679,-0.6940823914119892,-0.5865359618716792,2.220446049250313e-16,59,-0.10662050003488535,-0.10662050003488532,-0.47133598005425326,-0.27217471461475834,91.7868341599185,91.78683415991851,0.002124999999999988,-0.586535961871679,-0.586535961871679,91.7868341599185,91.7868341599185
MDF,Mas dels Frares,idw,hg,cascade,VWC_005,upper,60,0.9131108931772025,0.9583049693147647,0.9385136077405283,-0.025402714563325768,59,0.48014528325228334,0.3317969763322702,0.9255275894701369,0.8451925946028793,91.32326512958252,91.78683415991851,0.055208333333333345,0.9131108931772025,0.9131108931772025,91.32326512958252,91.32326512958252
MDF,Mas dels Frares,idw,hg,cascade,VWC_005,total,60,0.9387250484244405,0.9687530415872835,0.9385136077405283,0.00021144068391221182,59,0.33412847401480406,0.3317969763322702,0.9255281870617127,0.9093665898772219,91.78683068529122,91.78683415991851,0.055208333333333345,0.9387250484244405,0.9387250484244405,91.78683068529122,91.78683068529122
MDF,Mas dels Frares,idw,hg,cascade,VWC_020,lower,60,0.3057814348664806,0.71540310375206,0.2644641714739807,0.04131726339249986,59,0.06263174378547726,-0.012594632018678276,0.9083071084243872,-0.03318651684407618,92.01861406279487,91.78683415991851,0.012645833333333342,0.3057814348664806,0.3057814348664806,92.01861406279487,92.01861406279487
MDF,Mas dels Frares,idw,hg,cascade,VWC_020,total,60,0.2635662796820855,0.5790299949154921,0.2644641714739807,-0.0008978917918952001,59,-0.014274587227378129,-0.012594632018678276,0.8623298068062044,-0.12977134532426415,91.78683068529122,91.78683415991851,0.012645833333333342,0.2635662796820855,0.2635662796820855,91.78683068529122,91.78683068529122
MDF,Mas dels Frares,idw,hg,cascade,VWC_050,total,60,-0.5863754774695225,-0.6940823914119892,-0.5865359618716792,0.00016048440215676862,59,-0.10615814583527539,-0.10662050003488532,-0.4713419243067675,-0.27141080473309387,91.78683068529122,91.78683415991851,0.002124999999999988,-0.5863754774695225,-0.5863754774695225,91.78683068529122,91.78683068529122
MDF,Mas dels Frares,idw,hg,surface,VWC_005,upper,60,0.7840293723842854,0.8955331734008826,0.9385136077405283,-0.1544842353562429,59,0.4076654898112697,0.3317969763322702,0.9090629619938367,0.7191144681282728,84.5429579210603,91.78683415991851,0.055208333333333345,0.7840293723842854,0.7840293723842854,84.5429579210603,84.5429579210603
MDF,Mas dels Frares,idw,hg,surface,VWC_005,total,60,0.9635569422963713,0.9274887135960859,0.9385136077405283,0.025043334555843066,59,0.3200013226534091,0.3317969763322702,0.9091122489603789,0.9223713330085916,92.13244069709455,91.78683415991851,0.055208333333333345,0.9635569422963713,0.9635569422963713,92.13244069709455,92.13244069709455
MDF,Mas dels Frares,idw,hg,surface,VWC_020,lower,60,0.5163019118960039,0.71540310375206,0.2644641714739807,0.2518377404220232,59,0.11784952366268947,-0.012594632018678276,0.9493130094741347,0.2377029347498401,95.92740863252853,91.78683415991851,0.012645833333333342,0.5163019118960039,0.5163019118960039,95.92740863252853,95.92740863252853
MDF,Mas dels Frares,idw,hg,surface,VWC_020,total,60,0.38942863218662377,0.5739451785102169,0.2644641714739807,0.12496446071264306,59,0.018087391603649125,-0.012594632018678276,0.746744425435273,0.012247247833038946,92.13244069709455,91.78683415991851,0.012645833333333342,0.38942863218662377,0.38942863218662377,92.13244069709455,92.13244069709455
MDF,Mas dels Frares,idw,hg,surface,VWC_050,total,60,-0.6256903181609833,-0.6611533113844693,-0.5865359618716792,-0.03915435628930408,59,-0.10041423004457997,-0.10662050003488532,-0.31857957545875815,-0.27708826561442607,92.13244069709455,91.78683415991851,0.002124999999999988,-0.6256903181609833,-0.6256903181609833,92.13244069709455,92.13244069709455
MDF,Mas dels Frares,idw,hg,surface5,VWC_005,upper,60,0.5587117117421577,0.6952969797951125,0.9385136077405283,-0.37980189599837055,59,0.3187175375866166,0.3317969763322702,0.85118284931689,0.451720260613834,79.1316274651508,91.78683415991851,0.055208333333333345,0.5587117117421577,0.5587117117421577,79.1316274651508,79.1316274651508
MDF,Mas dels Frares,idw,hg,surface5,VWC_005,total,60,0.9669790300666725,0.8924765565126458,0.9385136077405283,0.02846542232614424,59,0.3149518213927463,0.3317969763322702,0.8527611665559538,0.9211493023051069,92.38611740613054,91.78683415991851,0.055208333333333345,0.9669790300666725,0.9669790300666725,92.38611740613054,92.38611740613054
MDF,Mas dels Frares,idw,hg,surface5,VWC_020,lower,60,0.5078713128370876,0.6447158199541325,0.2644641714739807,0.24340714136310693,59,0.10114211860943856,-0.012594632018678276,0.9493130094741349,0.2162200561646153,95.92677333332337,91.78683415991851,0.012645833333333342,0.5078713128370876,0.5078713128370876,95.92677333332337,95.92677333332337
MDF,Mas dels Frares,idw,hg,surface5,VWC_020,total,60,0.44685499660745454,0.5421859153887422,0.2644641714739807,0.18239082513347382,59,0.03979127612950882,-0.012594632018678276,0.610367947480256,0.09731675418434073,92.38611740613054,91.78683415991851,0.012645833333333342,0.44685499660745454,0.44685499660745454,92.38611740613054,92.38611740613054
MDF,Mas dels Frares,idw,hg,surface5,VWC_050,total,60,-0.6363830472615519,-0.608489146043342,-0.5865359618716792,-0.0498470853898727,59,-0.100715422303323,-0.10662050003488532,-0.17877684559653156,-0.2750931628835385,92.38611740613054,91.78683415991851,0.002124999999999988,-0.6363830472615519,-0.6363830472615519,92.38611740613054,92.38611740613054
MDF,Mas dels Frares,idw,hg,surface15,VWC_005,upper,60,0.8762421814455622,0.9382702349836849,0.9385136077405283,-0.06227142629496607,59,0.3960281162753835,0.3317969763322702,0.9215179359804144,0.8378259487852754,88.06821004950973,91.78683415991851,0.055208333333333345,0.8762421814455622,0.8762421814455622,88.06821004950973,88.06821004950973
MDF,Mas dels Frares,idw,hg,surface15,VWC_005,total,60,0.9574813326847781,0.9466064628606946,0.9385136077405283,0.01896772494424981,59,0.32450497715128845,0.3317969763322702,0.9215346808607179,0.9197852148502168,91.99769606731068,91.78683415991851,0.055208333333333345,0.9574813326847781,0.9574813326847781,91.99769606731068,91.99769606731068
MDF,Mas dels Frares,idw,hg,surface15,VWC_020,lower,60,0.5163019118960037,0.71540310375206,0.2644641714739807,0.251837740422023,59,0.11784952366268943,-0.012594632018678276,0.9493130094741348,0.2377029347498399,95.92740863252851,91.78683415991851,0.012645833333333342,0.5163019118960037,0.5163019118960037,95.92740863252851,95.92740863252851
MDF,Mas dels Frares,idw,hg,surface15,VWC_020,total,60,0.3452665879185659,0.575473402019999,0.2644641714739807,0.08080241644458519,59,0.005854511980770333,-0.012594632018678276,0.8035214448403115,-0.043461085728902255,91.99769606731068,91.78683415991851,0.012645833333333342,0.3452665879185659,0.3452665879185659,91.99769606731068,91.99769606731068
MDF,Mas dels Frares,idw,hg,surface15,VWC_050,total,60,-0.6139430514985227,-0.6779253385631722,-0.5865359618716792,-0.02740708962684346,59,-0.10188692380659034,-0.10662050003488532,-0.3888491666107067,-0.2760716072816328,91.99769606731068,91.78683415991851,0.002124999999999988,-0.6139430514985227,-0.6139430514985227,91.99769606731068,91.99769606731068
MDF,Mas dels Frares,idw,hg,bypass25,VWC_005,upper,60,0.8121043625479679,0.9065925690510487,0.9385136077405283,-0.12640924519256036,59,0.37654513921698907,0.3317969763322702,0.9090629613714769,0.7698407043436195,84.57366449154328,91.78683415991851,0.055208333333333345,0.8121043625479679,0.8121043625479679,84.57366449154328,84.57366449154328
MDF,Mas dels Frares,idw,hg,bypass25,VWC_005,total,60,0.9637418770515366,0.9587217807086151,0.9385136077405283,0.0252282693110083,59,0.32270423154680394,0.3317969763322702,0.9244893761509518,0.9229478244358984,91.98727994323492,91.78683415991851,0.055208333333333345,0.9637418770515366,0.9637418770515366,91.98727994323492,91.98727994323492
MDF,Mas dels Frares,idw,hg,bypass25,VWC_020,lower,60,0.5062340323802031,0.6394920741388768,0.2644641714739807,0.24176986090622243,59,0.09690887204649218,-0.012594632018678276,0.9175829085555921,0.21028406348525516,95.75381491858631,91.78683415991851,0.012645833333333342,0.5062340323802031,0.5062340323802031,95.75381491858631,95.75381491858631
MDF,Mas dels Frares,idw,hg,bypass25,VWC_020,total,60,0.38794886827839203,0.5997860487665346,0.2644641714739807,0.12348469680441132,59,0.01650074589733666,-0.012594632018678276,0.8126621987315679,0.009303940746268655,91.98727994323492,91.78683415991851,0.012645833333333342,0.38794886827839203,0.38794886827839203,91.98727994323492,91.98727994323492
MDF,Mas dels Frares,idw,hg,bypass25,VWC_050,total,60,-0.6252781509813187,-0.691287053548872,-0.5865359618716792,-0.03874218910963945,59,-0.10012301629874305,-0.10662050003488532,-0.4017860387743011,-0.27613477106677403,91.98727994323492,91.78683415991851,0.002124999999999988,-0.6252781509813187,-0.6252781509813187,91.98727994323492,91.98727994323492
MDF,Mas dels Frares,idw,pm,control,VWC_005,upper,60,0.9534981321471865,0.973949290297286,0.9534981321471866,-1.1102230246251565e-16,59,0.3377293660601246,0.3377293660601247,0.9285617281792744,0.9200184006885954,93.38111571426478,93.3811157142648,0.055208333333333345,0.9534981321471865,0.9534981321471865,93.38111571426478,93.38111571426478
MDF,Mas dels Frares,idw,pm,control,VWC_005,total,60,0.9534981321471866,0.973949290297286,0.9534981321471866,0.0,59,0.33772936606012466,0.3377293660601247,0.9285617281792744,0.9200184006885954,93.3811157142648,93.3811157142648,0.055208333333333345,0.9534981321471866,0.9534981321471866,93.3811157142648,93.3811157142648
MDF,Mas dels Frares,idw,pm,control,VWC_020,lower,60,0.3244977983979689,0.594701232361259,0.3244977983979692,-3.3306690738754696e-16,59,0.005035991308546706,0.005035991308546851,0.8724109233640815,-0.06354193670809148,93.38111571426478,93.3811157142648,0.012645833333333342,0.3244977983979689,0.3244977983979689,93.38111571426478,93.38111571426478
MDF,Mas dels Frares,idw,pm,control,VWC_020,total,60,0.3244977983979689,0.594701232361259,0.3244977983979692,-3.3306690738754696e-16,59,0.005035991308546803,0.005035991308546851,0.8724109233640815,-0.06354193670809148,93.3811157142648,93.3811157142648,0.012645833333333342,0.3244977983979689,0.3244977983979689,93.3811157142648,93.3811157142648
MDF,Mas dels Frares,idw,pm,control,VWC_050,total,60,-0.6019842421674664,-0.7002600880894781,-0.6019842421674665,1.1102230246251565e-16,59,-0.10900462734870661,-0.10900462734870668,-0.48635052782141536,-0.26780963280594405,93.3811157142648,93.3811157142648,0.002124999999999988,-0.6019842421674664,-0.6019842421674664,93.3811157142648,93.3811157142648
MDF,Mas dels Frares,idw,pm,cascade,VWC_005,upper,60,0.9331117001577767,0.9649461641901156,0.9534981321471866,-0.020386431989409926,59,0.489221177268177,0.3377293660601247,0.928562158591864,0.864947301622732,92.81273974189196,93.3811157142648,0.055208333333333345,0.9331117001577767,0.9331117001577767,92.81273974189196,92.81273974189196
MDF,Mas dels Frares,idw,pm,cascade,VWC_005,total,60,0.953712690606042,0.973949290297286,0.9534981321471866,0.00021455845885542946,59,0.3398963061767467,0.3377293660601247,0.9285633512033697,0.9202467420057175,93.3811038110327,93.3811157142648,0.055208333333333345,0.953712690606042,0.953712690606042,93.3811038110327,93.3811038110327
MDF,Mas dels Frares,idw,pm,cascade,VWC_020,lower,60,0.3634189413057264,0.71540310375206,0.3244977983979692,0.03892114290775717,59,0.07773888019801534,0.005035991308546851,0.9170807395997438,0.02982871037195957,93.66528796749274,93.3811157142648,0.012645833333333342,0.3634189413057264,0.3634189413057264,93.66528796749274,93.66528796749274
MDF,Mas dels Frares,idw,pm,cascade,VWC_020,total,60,0.3237191925380854,0.594701232361259,0.3244977983979692,-0.0007786058598838186,59,0.0035917563365507957,0.005035991308546851,0.8724202685120332,-0.065313284447261,93.3811038110327,93.3811157142648,0.012645833333333342,0.3237191925380854,0.3237191925380854,93.3811038110327,93.3811038110327
MDF,Mas dels Frares,idw,pm,cascade,VWC_050,total,60,-0.601861701673239,-0.7002600880894781,-0.6019842421674665,0.00012254049422744107,59,-0.10860787984513454,-0.10900462734870668,-0.48636260541889187,-0.26714040164475494,93.3811038110327,93.3811157142648,0.002124999999999988,-0.601861701673239,-0.601861701673239,93.3811038110327,93.3811038110327
MDF,Mas dels Frares,idw,pm,surface,VWC_005,upper,60,0.8160182906858171,0.9102327218906762,0.9534981321471866,-0.1374798414613695,59,0.42597508036375087,0.3377293660601247,0.9170034217846832,0.7486331311077941,87.52404366703782,93.3811157142648,0.055208333333333345,0.8160182906858171,0.8160182906858171,87.52404366703782,87.52404366703782
MDF,Mas dels Frares,idw,pm,surface,VWC_005,total,60,0.968864972533761,0.9321847886334681,0.9534981321471866,0.015366840386574432,59,0.3264711220076195,0.3377293660601247,0.917066999376593,0.9251416695313477,93.6951943078503,93.3811157142648,0.055208333333333345,0.968864972533761,0.968864972533761,93.6951943078503,93.6951943078503
MDF,Mas dels Frares,idw,pm,surface,VWC_020,lower,60,0.5580674997020861,0.71540310375206,0.3244977983979692,0.23356970130411692,59,0.12984458828354814,0.005035991308546851,0.9527889782595367,0.3056437207395689,96.78119548057226,93.3811157142648,0.012645833333333342,0.5580674997020861,0.5580674997020861,96.78119548057226,96.78119548057226
MDF,Mas dels Frares,idw,pm,surface,VWC_020,total,60,0.4346381733726483,0.5910334959377818,0.3244977983979692,0.1101403749746791,59,0.030478191144180086,0.005035991308546851,0.766162040653377,0.07105477341918585,93.6951943078503,93.3811157142648,0.012645833333333342,0.4346381733726483,0.4346381733726483,93.6951943078503,93.6951943078503
MDF,Mas dels Frares,idw,pm,surface,VWC_050,total,60,-0.6381880277166532,-0.6723346628369378,-0.6019842421674665,-0.036203785549186684,59,-0.1014831940269558,-0.10900462734870668,-0.3421512517035674,-0.2771772649801859,93.6951943078503,93.3811157142648,0.002124999999999988,-0.6381880277166532,-0.6381880277166532,93.6951943078503,93.6951943078503
MDF,Mas dels Frares,idw,pm,surface5,VWC_005,upper,60,0.5946125139143883,0.7365613077863099,0.9534981321471866,-0.3588856182327983,59,0.34152894084909036,0.3377293660601247,0.8673314401859306,0.4914320796525606,81.76325810765415,93.3811157142648,0.055208333333333345,0.5946125139143883,0.5946125139143883,81.76325810765415,81.76325810765415
MDF,Mas dels Frares,idw,pm,surface5,VWC_005,total,60,0.9684637782836407,0.8965335207461237,0.9534981321471866,0.014965646136454125,59,0.3208559714551599,0.3377293660601247,0.8695099023551809,0.9184592892545562,93.89247220274667,93.3811157142648,0.055208333333333345,0.9684637782836407,0.9684637782836407,93.89247220274667,93.89247220274667
MDF,Mas dels Frares,idw,pm,surface5,VWC_020,lower,60,0.5501881473435741,0.6447158199541325,0.3244977983979692,0.2256903489456049,59,0.11381787772594737,0.005035991308546851,0.9527889782595367,0.2859533659483783,96.77958524658675,93.3811157142648,0.012645833333333342,0.5501881473435741,0.5501881473435741,96.77958524658675,96.77958524658675
MDF,Mas dels Frares,idw,pm,surface5,VWC_020,total,60,0.48801488288470585,0.552244404671309,0.3244977983979692,0.16351708448673663,59,0.049954710760867445,0.005035991308546851,0.6377202702464528,0.15759143921952495,93.89247220274667,93.3811157142648,0.012645833333333342,0.48801488288470585,0.48801488288470585,93.89247220274667,93.89247220274667
MDF,Mas dels Frares,idw,pm,surface5,VWC_050,total,60,-0.6480635574261733,-0.6198102643889665,-0.6019842421674665,-0.04607931525870679,59,-0.10007958398283606,-0.10900462734870668,-0.20392766143713298,-0.276238903219314,93.89247220274667,93.3811157142648,0.002124999999999988,-0.6480635574261733,-0.6480635574261733,93.89247220274667,93.89247220274667
MDF,Mas dels Frares,idw,pm,surface15,VWC_005,upper,60,0.9020515385941648,0.9478291096159892,0.9534981321471866,-0.051446593553021835,59,0.4090631378574405,0.3377293660601247,0.9267684329500996,0.8603532461731269,90.350424730826,93.3811157142648,0.055208333333333345,0.9020515385941648,0.9020515385941648,90.350424730826,90.350424730826
MDF,Mas dels Frares,idw,pm,surface15,VWC_005,total,60,0.9659022078245485,0.9535533194248692,0.9534981321471866,0.012404075677361903,59,0.33072503545671683,0.3377293660601247,0.9267894540581703,0.9257412638500714,93.56559717954126,93.3811157142648,0.055208333333333345,0.9659022078245485,0.9659022078245485,93.56559717954126,93.56559717954126
MDF,Mas dels Frares,idw,pm,surface15,VWC_020,lower,60,0.5580674997020861,0.71540310375206,0.3244977983979692,0.23356970130411692,59,0.1298445882835481,0.005035991308546851,0.9527889782595369,0.3056437207395689,96.78119548057225,93.3811157142648,0.012645833333333342,0.5580674997020861,0.5580674997020861,96.78119548057225,96.78119548057225
MDF,Mas dels Frares,idw,pm,surface15,VWC_020,total,60,0.3950957445796234,0.5982856111387485,0.3244977983979692,0.07059794618165416,59,0.01992067467819808,0.005035991308546851,0.8189456040930682,0.01663337343021705,93.56559717954126,93.3811157142648,0.012645833333333342,0.3950957445796234,0.3950957445796234,93.56559717954126,93.56559717954126
MDF,Mas dels Frares,idw,pm,surface15,VWC_050,total,60,-0.6273021719627259,-0.6893582704233212,-0.6019842421674665,-0.025317929795259375,59,-0.10358077361405846,-0.10900462734870668,-0.4096188764640476,-0.27481668827074934,93.56559717954126,93.3811157142648,0.002124999999999988,-0.6273021719627259,-0.6273021719627259,93.56559717954126,93.56559717954126
MDF,Mas dels Frares,idw,pm,bypass25,VWC_005,upper,60,0.8425410155540646,0.9188468240302525,0.9534981321471866,-0.11095711659312202,59,0.3941156016421441,0.3377293660601247,0.9170034196563044,0.7975232307220234,87.57494416444116,93.3811157142648,0.055208333333333345,0.8425410155540646,0.8425410155540646,87.57494416444116,87.57494416444116
MDF,Mas dels Frares,idw,pm,bypass25,VWC_005,total,60,0.9690793761324732,0.9611948616454613,0.9534981321471866,0.015581243985286597,59,0.32869204939001256,0.3377293660601247,0.9288863133354184,0.9257557105724923,93.52582867196867,93.3811157142648,0.055208333333333345,0.9690793761324732,0.9690793761324732,93.52582867196867,93.52582867196867
MDF,Mas dels Frares,idw,pm,bypass25,VWC_020,lower,60,0.5488871844581817,0.6405479376547263,0.3244977983979692,0.22438938606021253,59,0.10979352893064198,0.005035991308546851,0.9223100232326062,0.2804017127754097,96.56517781501059,93.3811157142648,0.012645833333333342,0.5488871844581817,0.5488871844581817,96.56517781501059,96.56517781501059
MDF,Mas dels Frares,idw,pm,bypass25,VWC_020,total,60,0.43339655690726187,0.6158740744422422,0.3244977983979692,0.10889875850929265,59,0.029221494572682194,0.005035991308546851,0.8239807948228715,0.06846512526838468,93.52582867196867,93.3811157142648,0.012645833333333342,0.43339655690726187,0.43339655690726187,93.52582867196867,93.52582867196867
MDF,Mas dels Frares,idw,pm,bypass25,VWC_050,total,60,-0.637833091036152,-0.6984710718570832,-0.6019842421674665,-0.03584884886868556,59,-0.10123408372743342,-0.10900462734870668,-0.41663161789358494,-0.27634771288274085,93.52582867196867,93.3811157142648,0.002124999999999988,-0.637833091036152,-0.637833091036152,93.52582867196867,93.52582867196867
MDF,Mas dels Frares,gauge,hg,control,VWC_005,upper,60,0.9355989147719648,0.9240152853139988,0.9355989147719648,0.0,59,0.3101242102463543,0.31012421024635434,0.8262400140259081,0.9068487213335517,91.92708465267728,91.92708465267731,0.055208333333333345,0.9355989147719648,0.9355989147719648,91.92708465267728,91.92708465267728
MDF,Mas dels Frares,gauge,hg,control,VWC_005,total,60,0.9355989147719648,0.9240152853139988,0.9355989147719648,0.0,59,0.3101242102463545,0.31012421024635434,0.8262400140259079,0.9068487213335517,91.9270846526773,91.92708465267731,0.055208333333333345,0.9355989147719648,0.9355989147719648,91.9270846526773,91.9270846526773
MDF,Mas dels Frares,gauge,hg,control,VWC_020,lower,60,0.2690880928245223,0.5274038261668487,0.2690880928245219,3.885780586188048e-16,59,0.004280877286339413,0.004280877286339302,0.6397753173091254,-0.11341018184040537,91.92708465267728,91.92708465267731,0.012645833333333342,0.2690880928245223,0.2690880928245223,91.92708465267728,91.92708465267728
MDF,Mas dels Frares,gauge,hg,control,VWC_020,total,60,0.2690880928245222,0.5274038261668487,0.2690880928245219,2.7755575615628914e-16,59,0.004280877286339323,0.004280877286339302,0.6397753173091253,-0.11341018184040554,91.9270846526773,91.92708465267731,0.012645833333333342,0.2690880928245222,0.2690880928245222,91.9270846526773,91.9270846526773
MDF,Mas dels Frares,gauge,hg,control,VWC_050,total,60,-0.5864314011214966,-0.6821183453578478,-0.5864314011214966,0.0,59,-0.1150699902648044,-0.11506999026480431,-0.4253522092590085,-0.277262958897888,91.9270846526773,91.92708465267731,0.002124999999999988,-0.5864314011214966,-0.5864314011214966,91.9270846526773,91.9270846526773
MDF,Mas dels Frares,gauge,hg,cascade,VWC_005,upper,60,0.9237436390727702,0.9164571053721766,0.9355989147719648,-0.011855275699194534,59,0.45875405627365007,0.31012421024635434,0.8262474914173635,0.8718195885409135,91.74401205472135,91.92708465267731,0.055208333333333345,0.9237436390727702,0.9237436390727702,91.74401205472135,91.74401205472135
MDF,Mas dels Frares,gauge,hg,cascade,VWC_005,total,60,0.9356310315922474,0.9240152853139988,0.9355989147719648,3.211682028259055e-05,59,0.31041123625867584,0.31012421024635434,0.8262592180880419,0.9068689714706919,91.92707727986483,91.92708465267731,0.055208333333333345,0.9356310315922474,0.9356310315922474,91.92707727986483,91.92707727986483
MDF,Mas dels Frares,gauge,hg,cascade,VWC_020,lower,60,0.3057814348664806,0.71540310375206,0.2690880928245219,0.036693342041958676,59,0.06263174378547726,0.004280877286339302,0.9083071084243872,-0.03318651684407618,92.01861406279487,91.92708465267731,0.012645833333333342,0.3057814348664806,0.3057814348664806,92.01861406279487,92.01861406279487
MDF,Mas dels Frares,gauge,hg,cascade,VWC_020,total,60,0.2689729048602606,0.5274038261668487,0.2690880928245219,-0.00011518796426129851,59,0.004054445584397132,0.004280877286339302,0.6398059330463441,-0.1136660606311213,91.92707727986483,91.92708465267731,0.012645833333333342,0.2689729048602606,0.2689729048602606,91.92707727986483,91.92707727986483
MDF,Mas dels Frares,gauge,hg,cascade,VWC_050,total,60,-0.5864141941674864,-0.6821183453578478,-0.5864314011214966,1.7206954010196007e-05,59,-0.11499388776563652,-0.11506999026480431,-0.42536686670732615,-0.27716527964892523,91.92707727986483,91.92708465267731,0.002124999999999988,-0.5864141941674864,-0.5864141941674864,91.92707727986483,91.92707727986483
MDF,Mas dels Frares,gauge,hg,surface,VWC_005,upper,60,0.7993063625831495,0.8365682548841681,0.9355989147719648,-0.1362925521888153,59,0.38465319005825105,0.31012421024635434,0.7670936833711739,0.7544218645171848,84.641628336496,91.92708465267731,0.055208333333333345,0.7993063625831495,0.7993063625831495,84.641628336496,84.641628336496
MDF,Mas dels Frares,gauge,hg,surface,VWC_005,total,60,0.960594353213363,0.9105383835794998,0.9355989147719648,0.024995438441398177,59,0.2992874125477528,0.31012421024635434,0.7672802910150702,0.9178031137645541,92.16542942473397,91.92708465267731,0.055208333333333345,0.960594353213363,0.960594353213363,92.16542942473397,92.16542942473397
MDF,Mas dels Frares,gauge,hg,surface,VWC_020,lower,60,0.5163019118960039,0.71540310375206,0.2690880928245219,0.24721381907148204,59,0.11784952366268947,0.004280877286339302,0.9493130094741347,0.2377029347498401,95.92740863252853,91.92708465267731,0.012645833333333342,0.5163019118960039,0.5163019118960039,95.92740863252853,95.92740863252853
MDF,Mas dels Frares,gauge,hg,surface,VWC_020,total,60,0.3944619973886553,0.5432417789045918,0.2690880928245219,0.1253739045641334,59,0.033726423935645476,0.004280877286339302,0.4826413712172514,0.02775319707306534,92.16542942473397,91.92708465267731,0.012645833333333342,0.3944619973886553,0.3944619973886553,92.16542942473397,92.16542942473397
MDF,Mas dels Frares,gauge,hg,surface,VWC_050,total,60,-0.6257935847725806,-0.6856404710653754,-0.5864314011214966,-0.039362183651084015,59,-0.10877717725143513,-0.11506999026480431,-0.2668955836538093,-0.28259258010171584,92.16542942473397,91.92708465267731,0.002124999999999988,-0.6257935847725806,-0.6257935847725806,92.16542942473397,92.16542942473397
MDF,Mas dels Frares,gauge,hg,surface5,VWC_005,upper,60,0.5477041721172937,0.6331642946851344,0.9355989147719648,-0.38789474265467105,59,0.3186292837339668,0.31012421024635434,0.6609584448203196,0.4467901887988889,79.14807390924311,91.92708465267731,0.055208333333333345,0.5477041721172937,0.5477041721172937,79.14807390924311,79.14807390924311
MDF,Mas dels Frares,gauge,hg,surface5,VWC_005,total,60,0.9635471229002148,0.9040361258354325,0.9355989147719648,0.02794820812825005,59,0.2926344774668701,0.31012421024635434,0.6642407120109877,0.9145851197130004,92.3897431999979,91.92708465267731,0.055208333333333345,0.9635471229002148,0.9635471229002148,92.3897431999979,92.3897431999979
MDF,Mas dels Frares,gauge,hg,surface5,VWC_020,lower,60,0.5146119297428086,0.6447158199541325,0.2690880928245219,0.24552383691828666,59,0.11458054235685408,0.004280877286339302,0.9493130094741349,0.23335746539756094,95.92677333332337,91.92708465267731,0.012645833333333342,0.5146119297428086,0.5146119297428086,95.92677333332337,95.92677333332337
MDF,Mas dels Frares,gauge,hg,surface5,VWC_020,total,60,0.45289535390537444,0.5359618778216292,0.2690880928245219,0.18380726108085255,59,0.05548940695491348,0.004280877286339302,0.302335127844352,0.1147844835757709,92.3897431999979,91.92708465267731,0.012645833333333342,0.45289535390537444,0.45289535390537444,92.3897431999979,92.3897431999979
MDF,Mas dels Frares,gauge,hg,surface5,VWC_050,total,60,-0.6366016015818068,-0.6817549514356426,-0.5864314011214966,-0.05017020046031018,59,-0.10901735519075278,-0.11506999026480431,-0.1353631256369015,-0.2814282316034292,92.3897431999979,91.92708465267731,0.002124999999999988,-0.6366016015818068,-0.6366016015818068,92.3897431999979,92.3897431999979
MDF,Mas dels Frares,gauge,hg,surface15,VWC_005,upper,60,0.8780326833417904,0.9105939584320133,0.9355989147719648,-0.057566231430174364,59,0.3624781088543586,0.31012421024635434,0.7997308164350099,0.8483906096416813,88.21262231949726,91.92708465267731,0.055208333333333345,0.8780326833417904,0.8780326833417904,88.21262231949726,88.21262231949726
MDF,Mas dels Frares,gauge,hg,surface15,VWC_005,total,60,0.9546372717398612,0.9167627670610002,0.9355989147719648,0.019038356967896464,59,0.3039936947457803,0.31012421024635434,0.7998348498330158,0.9161707131501353,92.0699761441751,91.92708465267731,0.055208333333333345,0.9546372717398612,0.9546372717398612,92.0699761441751,92.0699761441751
MDF,Mas dels Frares,gauge,hg,surface15,VWC_020,lower,60,0.5163019118960037,0.71540310375206,0.2690880928245219,0.24721381907148182,59,0.11784952366268943,0.004280877286339302,0.9493130094741348,0.2377029347498399,95.92740863252851,91.92708465267731,0.012645833333333342,0.5163019118960037,0.5163019118960037,95.92740863252851,95.92740863252851
MDF,Mas dels Frares,gauge,hg,surface15,VWC_020,total,60,0.3499080632166056,0.5398241154190787,0.2690880928245219,0.08081997039208372,59,0.021543692275897607,0.004280877286339302,0.5590433696941921,-0.028828551200180505,92.0699761441751,91.92708465267731,0.012645833333333342,0.3499080632166056,0.3499080632166056,92.0699761441751,92.0699761441751
MDF,Mas dels Frares,gauge,hg,surface15,VWC_050,total,60,-0.6139486399135652,-0.6845502892987597,-0.5864314011214966,-0.027517238792068577,59,-0.11016111478449123,-0.11506999026480431,-0.33822263423724586,-0.28120928347065577,92.0699761441751,91.92708465267731,0.002124999999999988,-0.6139486399135652,-0.6139486399135652,92.0699761441751,92.0699761441751
MDF,Mas dels Frares,gauge,hg,bypass25,VWC_005,upper,60,0.8173588584363398,0.8650225793710274,0.9355989147719648,-0.11824005633562495,59,0.3450907256653587,0.31012421024635434,0.7670936774821233,0.7881344730822807,84.6476673016528,91.92708465267731,0.055208333333333345,0.8173588584363398,0.8173588584363398,84.6476673016528,84.6476673016528
MDF,Mas dels Frares,gauge,hg,bypass25,VWC_005,total,60,0.9609160602423816,0.9153733957481653,0.9355989147719648,0.025317145470416857,59,0.3024151928758304,0.31012421024635434,0.803171026766746,0.9185787259158531,92.08634262789343,91.92708465267731,0.055208333333333345,0.9609160602423816,0.9609160602423816,92.08634262789343,92.08634262789343
MDF,Mas dels Frares,gauge,hg,bypass25,VWC_020,lower,60,0.5073119478803783,0.5775851290516981,0.2690880928245219,0.23822385505585636,59,0.10137419187832608,0.004280877286339302,0.7253923761736546,0.21410305279524355,95.80568029101374,91.92708465267731,0.012645833333333342,0.5073119478803783,0.5073119478803783,95.80568029101374,95.80568029101374
MDF,Mas dels Frares,gauge,hg,bypass25,VWC_020,total,60,0.3924410093248142,0.5482988094278711,0.2690880928245219,0.12335291650029229,59,0.03175803698425151,0.004280877286339302,0.5648848230218666,0.023612548422521237,92.08634262789343,91.92708465267731,0.012645833333333342,0.3924410093248142,0.3924410093248142,92.08634262789343,92.08634262789343
MDF,Mas dels Frares,gauge,hg,bypass25,VWC_050,total,60,-0.6252320770625766,-0.6886314825789107,-0.5864314011214966,-0.03880067594107994,59,-0.10838167420242303,-0.11506999026480431,-0.35171270284601863,-0.2810530854159973,92.08634262789343,91.92708465267731,0.002124999999999988,-0.6252320770625766,-0.6252320770625766,92.08634262789343,92.08634262789343
MDF,Mas dels Frares,gauge,pm,control,VWC_005,upper,60,0.9505997600301807,0.9267106656608984,0.9505997600301805,1.1102230246251565e-16,59,0.31561926592120093,0.3156192659212005,0.8362609185175779,0.9166790192709929,93.5216267136737,93.52162671367371,0.055208333333333345,0.9505997600301807,0.9505997600301807,93.5216267136737,93.5216267136737
MDF,Mas dels Frares,gauge,pm,control,VWC_005,total,60,0.9505997600301805,0.9267106656608984,0.9505997600301805,0.0,59,0.3156192659212007,0.3156192659212005,0.8362609185175779,0.9166790192709929,93.52162671367371,93.52162671367371,0.055208333333333345,0.9505997600301805,0.9505997600301805,93.52162671367371,93.52162671367371
MDF,Mas dels Frares,gauge,pm,control,VWC_020,lower,60,0.328963244590138,0.5414079106928531,0.3289632445901376,3.885780586188048e-16,59,0.02151819208029307,0.021518192080293007,0.6584847393347586,-0.04941682590122165,93.5216267136737,93.52162671367371,0.012645833333333342,0.328963244590138,0.328963244590138,93.5216267136737,93.5216267136737
MDF,Mas dels Frares,gauge,pm,control,VWC_020,total,60,0.3289632445901379,0.5414079106928531,0.3289632445901376,3.3306690738754696e-16,59,0.021518192080293097,0.021518192080293007,0.6584847393347586,-0.049416825901221706,93.52162671367371,93.52162671367371,0.012645833333333342,0.3289632445901379,0.3289632445901379,93.52162671367371,93.52162671367371
MDF,Mas dels Frares,gauge,pm,control,VWC_050,total,60,-0.6018015526832998,-0.6884637623071238,-0.6018015526832998,0.0,59,-0.11733682665872758,-0.11733682665872741,-0.4437479428777751,-0.2725958741678565,93.52162671367371,93.52162671367371,0.002124999999999988,-0.6018015526832998,-0.6018015526832998,93.52162671367371,93.52162671367371
MDF,Mas dels Frares,gauge,pm,cascade,VWC_005,upper,60,0.9429032677601009,0.9207641564419649,0.9505997600301805,-0.0076964922700796246,59,0.4685889738989837,0.3156192659212005,0.8362709339360392,0.8901133439579952,93.23426353977479,93.52162671367371,0.055208333333333345,0.9429032677601009,0.9429032677601009,93.23426353977479,93.23426353977479
MDF,Mas dels Frares,gauge,pm,cascade,VWC_005,total,60,0.9506378585572042,0.9267106656608984,0.9505997600301805,3.8098527023633366e-05,59,0.3159360158755447,0.3156192659212005,0.8362986880852025,0.9167196276711502,93.52160324316925,93.52162671367371,0.055208333333333345,0.9506378585572042,0.9506378585572042,93.52160324316925,93.52160324316925
MDF,Mas dels Frares,gauge,pm,cascade,VWC_020,lower,60,0.3634189413057264,0.71540310375206,0.3289632445901376,0.03445569671558879,59,0.07773888019801534,0.021518192080293007,0.9170807395997438,0.02982871037195957,93.66528796749274,93.52162671367371,0.012645833333333342,0.3634189413057264,0.3634189413057264,93.66528796749274,93.66528796749274
MDF,Mas dels Frares,gauge,pm,cascade,VWC_020,total,60,0.32884477424878755,0.5414079106928531,0.3289632445901376,-0.00011847034135004098,59,0.021283293402600947,0.021518192080293007,0.6585460984933024,-0.0496909041850509,93.52160324316925,93.52162671367371,0.012645833333333342,0.32884477424878755,0.32884477424878755,93.52160324316925,93.52160324316925
MDF,Mas dels Frares,gauge,pm,cascade,VWC_050,total,60,-0.6017863509068415,-0.6884637623071238,-0.6018015526832998,1.5201776458306782e-05,59,-0.11725862689611613,-0.11733682665872741,-0.44377766622551673,-0.27249411913876104,93.52160324316925,93.52162671367371,0.002124999999999988,-0.6017863509068415,-0.6017863509068415,93.52160324316925,93.52160324316925
MDF,Mas dels Frares,gauge,pm,surface,VWC_005,upper,60,0.8304735443109668,0.8727474838703897,0.9505997600301805,-0.12012621571921378,59,0.40277718625102776,0.3156192659212005,0.7884855474532078,0.7821467395737434,87.67681561257892,93.52162671367371,0.055208333333333345,0.8304735443109668,0.8304735443109668,87.67681561257892,87.67681561257892
MDF,Mas dels Frares,gauge,pm,surface,VWC_005,total,60,0.9659004661431083,0.9115943057772544,0.9505997600301805,0.015300706112927775,59,0.3050403669417537,0.3156192659212005,0.7887495820278294,0.9194578734738085,93.7462953643931,93.52162671367371,0.055208333333333345,0.9659004661431083,0.9659004661431083,93.7462953643931,93.7462953643931
MDF,Mas dels Frares,gauge,pm,surface,VWC_020,lower,60,0.5580674997020861,0.71540310375206,0.3289632445901376,0.22910425511194854,59,0.12984458828354814,0.021518192080293007,0.9527889782595367,0.3056437207395689,96.78119548057226,93.52162671367371,0.012645833333333342,0.5580674997020861,0.5580674997020861,96.78119548057226,96.78119548057226
MDF,Mas dels Frares,gauge,pm,surface,VWC_020,total,60,0.4394895101003897,0.5466316565081087,0.3289632445901376,0.11052626551025213,59,0.04599415877725044,0.021518192080293007,0.5185368603133099,0.08620146070948083,93.7462953643931,93.52162671367371,0.012645833333333342,0.4394895101003897,0.4394895101003897,93.7462953643931,93.7462953643931
MDF,Mas dels Frares,gauge,pm,surface,VWC_050,total,60,-0.6382161287026719,-0.6886314825789107,-0.6018015526832998,-0.036414576019372036,59,-0.10981082920159324,-0.11733682665872741,-0.2936167960703968,-0.28239810813269656,93.7462953643931,93.52162671367371,0.002124999999999988,-0.6382161287026719,-0.6382161287026719,93.7462953643931,93.7462953643931
MDF,Mas dels Frares,gauge,pm,surface5,VWC_005,upper,60,0.5838058405542088,0.6673428289808736,0.9505997600301805,-0.36679391947597173,59,0.34135778095865654,0.3156192659212005,0.697495575159216,0.4857779421237152,81.7984325329414,93.52162671367371,0.055208333333333345,0.5838058405542088,0.5838058405542088,81.7984325329414,81.7984325329414
MDF,Mas dels Frares,gauge,pm,surface5,VWC_005,total,60,0.9650987136704803,0.9052031977382137,0.9505997600301805,0.014498953640299739,59,0.29818490162242917,0.3156192659212005,0.7022995590116408,0.9106940996507601,93.90005139909613,93.52162671367371,0.055208333333333345,0.9650987136704803,0.9650987136704803,93.90005139909613,93.90005139909613
MDF,Mas dels Frares,gauge,pm,surface5,VWC_020,lower,60,0.5564415813094858,0.6447158199541325,0.3289632445901376,0.22747833671934825,59,0.12660740542520318,0.021518192080293007,0.9527889782595367,0.301541485562222,96.77958524658675,93.52162671367371,0.012645833333333342,0.5564415813094858,0.5564415813094858,96.77958524658675,96.77958524658675
MDF,Mas dels Frares,gauge,pm,surface5,VWC_020,total,60,0.4936685255439423,0.5374067436854232,0.3289632445901376,0.1647052809538047,59,0.06538677189367839,0.021518192080293007,0.35336842469306634,0.17417476769722112,93.90005139909613,93.52162671367371,0.012645833333333342,0.4936685255439423,0.4936685255439423,93.90005139909613,93.90005139909613
MDF,Mas dels Frares,gauge,pm,surface5,VWC_050,total,60,-0.6481968455354403,-0.6833762473962506,-0.6018015526832998,-0.0463952928521405,59,-0.1084136720920153,-0.11733682665872741,-0.16122460920490017,-0.2821919300074236,93.90005139909613,93.52162671367371,0.002124999999999988,-0.6481968455354403,-0.6481968455354403,93.90005139909613,93.90005139909613
MDF,Mas dels Frares,gauge,pm,surface15,VWC_005,upper,60,0.9034904878413561,0.9138172998777903,0.9505997600301805,-0.047109272188824436,59,0.3744697342109519,0.3156192659212005,0.8154538547032275,0.8694394208424931,90.55011201056807,93.52162671367371,0.055208333333333345,0.9034904878413561,0.9034904878413561,90.55011201056807,90.55011201056807
MDF,Mas dels Frares,gauge,pm,surface15,VWC_005,total,60,0.9630709250339795,0.9159847191258128,0.9505997600301805,0.012471165003798967,59,0.30963286723612904,0.3156192659212005,0.8156051454182254,0.9211358261140372,93.6655736254341,93.52162671367371,0.055208333333333345,0.9630709250339795,0.9630709250339795,93.6655736254341,93.6655736254341
MDF,Mas dels Frares,gauge,pm,surface15,VWC_020,lower,60,0.5580674997020861,0.71540310375206,0.3289632445901376,0.22910425511194854,59,0.1298445882835481,0.021518192080293007,0.9527889782595369,0.3056437207395689,96.78119548057225,93.52162671367371,0.012645833333333342,0.5580674997020861,0.5580674997020861,96.78119548057225,96.78119548057225
MDF,Mas dels Frares,gauge,pm,surface15,VWC_020,total,60,0.3995735325961506,0.5520776893793328,0.3289632445901376,0.07061028800601299,59,0.03542203605141506,0.021518192080293007,0.5875065102647674,0.030946958990492116,93.6655736254341,93.52162671367371,0.012645833333333342,0.3995735325961506,0.3995735325961506,93.6655736254341,93.6655736254341
MDF,Mas dels Frares,gauge,pm,surface15,VWC_050,total,60,-0.6272371156453159,-0.6910634265198228,-0.6018015526832998,-0.0254355629620161,59,-0.11180037740438512,-0.11733682665872741,-0.3625419854205979,-0.279668069725361,93.6655736254341,93.52162671367371,0.002124999999999988,-0.6272371156453159,-0.6272371156453159,93.6655736254341,93.6655736254341
MDF,Mas dels Frares,gauge,pm,bypass25,VWC_005,upper,60,0.8472788150307412,0.8923654068076189,0.9505997600301805,-0.10332094499943933,59,0.3615173580315295,0.3156192659212005,0.7884855267089184,0.8141874235366513,87.6895231151152,93.52162671367371,0.055208333333333345,0.8472788150307412,0.8472788150307412,87.6895231151152,87.6895231151152
MDF,Mas dels Frares,gauge,pm,bypass25,VWC_005,total,60,0.9662708151321949,0.916957279044797,0.9505997600301805,0.015671055102014386,59,0.30780334895981265,0.3156192659212005,0.818227717601599,0.9203823126321112,93.63788081353263,93.52162671367371,0.055208333333333345,0.9662708151321949,0.9662708151321949,93.63788081353263,93.63788081353263
MDF,Mas dels Frares,gauge,pm,bypass25,VWC_020,lower,60,0.5498952450046882,0.580919434891223,0.3289632445901376,0.22093200041455063,59,0.11410654041926574,0.021518192080293007,0.7377959339118105,0.28383071291187956,96.61205966274133,93.52162671367371,0.012645833333333342,0.5498952450046882,0.5498952450046882,96.61205966274133,96.61205966274133
MDF,Mas dels Frares,gauge,pm,bypass25,VWC_020,total,60,0.43772150581176084,0.5553008516908734,0.3289632445901376,0.10875826122162324,59,0.044351242698556274,0.021518192080293007,0.5902985125718083,0.08241594726743277,93.63788081353263,93.52162671367371,0.012645833333333342,0.43772150581176084,0.43772150581176084,93.63788081353263,93.63788081353263
MDF,Mas dels Frares,gauge,pm,bypass25,VWC_050,total,60,-0.6377137529366075,-0.6922654218009632,-0.6018015526832998,-0.03591220025330766,59,-0.10947372981641787,-0.11733682665872741,-0.37045146538934903,-0.2809802689853801,93.63788081353263,93.52162671367371,0.002124999999999988,-0.6377137529366075,-0.6377137529366075,93.63788081353263,93.63788081353263
