code,name,date,rain_idw,rain_gauge,VWC_005,VWC_020,VWC_050,idw_simple_hg,idw_simple_pm,idw_regulated_hg,idw_regulated_pm,gauge_recent_simple_hg,gauge_recent_simple_pm,gauge_recent_regulated_hg,gauge_recent_regulated_pm
RDS,Ribera de Sió,2026-07-21,0.0,0.0,0.06333333333333334,0.1626875,0.18900000000000003,0.0,0.0,0.15084837429337894,0.1841913130905065,0.0,0.0,0.15084837429337894,0.1841913130905065
RDS,Ribera de Sió,2026-07-22,0.0,0.0,0.06283333333333334,0.16195833333333334,0.18902083333333333,0.0,0.0,0.11957684869634005,0.15008475738211335,0.0,0.0,0.11957684869634005,0.15008475738211335
RDS,Ribera de Sió,2026-07-23,0.0,0.0,0.0623125,0.1611041666666667,0.18900000000000003,0.0,0.0,0.09196678463299904,0.1182311107117663,0.0,0.0,0.09196678463299904,0.1182311107117663
RDS,Ribera de Sió,2026-07-24,0.0,0.0,0.06183333333333333,0.16075000000000003,0.18900000000000003,0.0,0.0,0.0727625599634113,0.09352569595856247,0.0,0.0,0.0727625599634113,0.09352569595856247
RDS,Ribera de Sió,2026-07-25,0.0,0.0,0.061,0.15956250000000002,0.18900000000000003,0.0,0.0,0.059905721285647556,0.07527299932389013,0.0,0.0,0.059905721285647556,0.07527299932389013
RDS,Ribera de Sió,2026-07-26,0.0,0.0,0.05970833333333333,0.15770833333333334,0.18874999999999997,0.0,0.0,0.04912074754954228,0.06236094080175804,0.0,0.0,0.04912074754954228,0.06236094080175804
RDS,Ribera de Sió,2026-07-27,0.0,0.0,0.05937500000000001,0.15656250000000002,0.1880833333333333,0.0,0.0,0.03951283667112652,0.05205892482955962,0.0,0.0,0.03951283667112652,0.05205892482955962
RDS,Ribera de Sió,2026-07-28,0.0,0.0,0.06004166666666667,0.1564791666666667,0.18772916666666664,0.0,0.0,0.030817809869075046,0.04267039258422697,0.0,0.0,0.030817809869075046,0.04267039258422697
RDS,Ribera de Sió,2026-07-29,0.0,0.0,0.06029166666666667,0.15677083333333333,0.18772916666666664,0.0,0.0,0.023768801455119344,0.034387278117258474,0.0,0.0,0.023768801455119344,0.034387278117258474
RDS,Ribera de Sió,2026-07-30,0.0,0.0,0.060187500000000005,0.15656250000000002,0.18785416666666666,0.0,0.0,0.01843752431866298,0.02765616212090272,0.0,0.0,0.01843752431866298,0.02765616212090272
RDS,Ribera de Sió,2026-07-31,0.0,0.0,0.0598125,0.15641666666666668,0.18799999999999997,0.0,0.0,0.014633113837361517,0.022490511772231762,0.0,0.0,0.014633113837361517,0.022490511772231762
RDS,Ribera de Sió,2026-08-01,0.0,0.0,0.059729166666666667,0.156,0.18822916666666667,0.0,0.0,0.011675098333803062,0.018514430524089166,0.0,0.0,0.011675098333803062,0.018514430524089166
RDS,Ribera de Sió,2026-08-02,0.0,0.0,0.06020833333333333,0.15606250000000002,0.18860416666666668,0.0,0.0,0.009289802289145737,0.015155892407556137,0.0,0.0,0.009289802289145737,0.015155892407556137
RDS,Ribera de Sió,2026-08-03,0.0,0.0,0.05920833333333333,0.15508333333333332,0.18900000000000003,0.0,0.0,0.007610741839547479,0.012682094409361607,0.0,0.0,0.007610741839547479,0.012682094409361607
RDS,Ribera de Sió,2026-08-04,0.0,0.0,0.05920833333333334,0.15333333333333335,0.18839583333333332,0.0,0.0,0.006027350594882,0.010470740302063667,0.0,0.0,0.006027350594882,0.010470740302063667
RDS,Ribera de Sió,2026-08-05,0.0,0.0,0.05983333333333333,0.1536875,0.18799999999999997,0.0,0.0,0.0048015568334895805,0.008680660195407723,0.0,0.0,0.0048015568334895805,0.008680660195407723
RDS,Ribera de Sió,2026-08-06,1.245688707688051,0.4,0.059729166666666667,0.15360416666666668,0.18799999999999997,0.0,0.0,2.3211613968566334,2.380615765930702,0.0,0.0,0.7480073914760608,0.769368343241113
RDS,Ribera de Sió,2026-08-07,0.0,0.0,0.059395833333333335,0.15289583333333334,0.18799999999999997,0.0,0.0,1.8496162302402592,1.9762087723240624,0.0,0.0,0.5960492938954624,0.6386719313635665
RDS,Ribera de Sió,2026-08-08,0.15522377705068488,0.0,0.05952083333333333,0.1525,0.18799999999999997,0.0,0.0,1.7664023648036609,1.911061184989364,0.0,0.0,0.477965959188272,0.5239742550099417
RDS,Ribera de Sió,2026-08-09,0.7326534800048156,1.5,0.05860416666666668,0.15116666666666667,0.18777083333333336,0.0,0.0,2.743693130425807,2.9448508588994553,0.0,0.0,3.1093014393366785,3.240207335977171
RDS,Ribera de Sió,2026-08-10,0.0057641717140726875,0.0,0.059250000000000004,0.15039583333333334,0.18743749999999995,0.0,0.0,2.240222930082775,2.4725489619368655,0.0,0.0,2.526663920212747,2.7084729408316126
RDS,Ribera de Sió,2026-08-11,0.0,0.0,0.059979166666666674,0.15039583333333334,0.1875416666666667,0.0,0.0,1.7790479337956244,2.0382964751742265,0.0,0.0,2.006521835969401,2.2327852484980695
RDS,Ribera de Sió,2026-08-12,0.0,0.0,0.059958333333333336,0.15060416666666668,0.18772916666666664,0.0,0.0,1.405182506405218,1.6812701532620504,0.0,0.0,1.584852959306597,1.8416924341797347
RDS,Ribera de Sió,2026-08-13,0.0,0.0,0.059687500000000004,0.15066666666666667,0.18735416666666663,0.0,0.0,1.1045624016505549,1.3751410621749474,0.0,0.0,1.2457947512263332,1.5063533277050594
RDS,Ribera de Sió,2026-08-14,5.92384158001485,0.0,0.059125000000000004,0.15022916666666666,0.18714583333333334,0.0,0.0,11.452338468282246,12.037256053602768,0.0,0.0,0.9783385595848298,1.2207274452111063
RDS,Ribera de Sió,2026-08-15,0.0,0.0,0.05783333333333334,0.149125,0.18729166666666672,0.0,0.0,9.917498617379575,10.4975906547273,0.0,0.0,0.8472218437207083,1.064586228269339
RDS,Ribera de Sió,2026-08-16,0.0,0.0,0.05831250000000001,0.14858333333333332,0.18727083333333336,0.0,0.0,8.537058426438193,9.183278771325588,0.0,0.0,0.7292950227715219,0.9312986600319446
RDS,Ribera de Sió,2026-08-17,0.0,0.0,0.05816666666666667,0.14854166666666668,0.18737500000000004,0.0,0.0,7.347779864888813,7.965811709465703,0.0,0.0,0.6276985603482578,0.807832360948935
RDS,Ribera de Sió,2026-08-18,0.0,0.0,0.05822916666666667,0.14845833333333333,0.18731250000000002,0.0,0.0,6.3190569682508215,6.932152479068618,0.0,0.0,0.5398178816819641,0.703006461597575
RDS,Ribera de Sió,2026-08-19,0.0,0.0,0.05841666666666667,0.1484375,0.18731250000000002,0.0,0.0,5.322050087003984,5.987512258871787,0.0,0.0,0.45464660606898455,0.6072081968178377
RDS,Ribera de Sió,2026-08-20,1.1037229540850213,2.5,0.05781250000000001,0.14820833333333333,0.18752083333333333,0.0,0.0,6.846069891977735,7.486019338514269,0.0,0.0,5.368691350416816,5.545254752937096
RDS,Ribera de Sió,2026-08-21,0.6371479484447823,0.1,0.0551875,0.14554166666666665,0.1873125,0.0,0.0,7.386489427229513,7.907593635436832,0.0,0.0,4.9828268465665015,5.108574769656122
RDS,Ribera de Sió,2026-08-22,0.0,0.0,0.05639583333333334,0.143625,0.18572916666666664,0.0,0.0,6.553947864465756,7.107532749004832,0.0,0.0,4.421205457855241,4.591708192155337
RDS,Ribera de Sió,2026-08-23,0.0,0.0,0.05831250000000001,0.1440625,0.18479166666666666,0.0,0.0,5.703504850509436,6.282133356886803,0.0,0.0,3.8475079899085634,4.058472077116815
RDS,Ribera de Sió,2026-08-24,0.965404941198916,2.1,0.0576875,0.14360416666666667,0.18485416666666668,0.0,0.0,7.04087391205044,7.627558729815346,0.0,0.0,7.6875223809429105,7.949527142926374
RDS,Ribera de Sió,2026-08-25,0.0,0.0,0.05725,0.14189583333333333,0.18418749999999998,0.0,0.0,6.150983727160278,6.728187318770309,0.0,0.0,6.715902835077149,7.012192184661476
RDS,Ribera de Sió,2026-08-26,0.0,0.0,0.058375,0.14214583333333333,0.18318750000000003,0.0,0.0,5.412648945198908,5.84286385963826,0.0,0.0,5.9097578548010175,6.08949815922851
RDS,Ribera de Sió,2026-08-27,0.0,0.0,0.059750000000000004,0.1429375,0.18300000000000002,0.0,0.0,4.715475399166199,5.1115955975724425,0.0,0.0,5.148554443764931,5.327362185718473
RDS,Ribera de Sió,2026-08-28,0.0,0.0,0.05791666666666667,0.14245833333333333,0.18300000000000002,0.0,0.0,4.267060277172427,4.4965932541988645,0.0,0.0,4.658955946569791,4.6863998549400705
RDS,Ribera de Sió,2026-08-29,0.0,0.0,0.05685416666666667,0.14110416666666667,0.18304166666666669,0.0,0.0,3.734247752188019,3.9669366784684144,0.0,0.0,4.077208813780772,4.134385839139687
RDS,Ribera de Sió,2026-08-30,0.0,0.0,0.0571875,0.14172916666666668,0.1826458333333333,0.0,0.0,3.2525570727137523,3.5118854216431674,0.0,0.0,3.5512786628640898,3.6601263223411005
RDS,Ribera de Sió,2026-08-31,0.0,0.0,0.05704166666666668,0.14227083333333335,0.1829166666666667,0.0,0.0,2.8491100042505795,3.141731542038522,0.0,0.0,3.1107781785380997,3.2743478029998454
RDS,Ribera de Sió,2026-09-01,0.0,0.0,0.05727083333333333,0.14277083333333332,0.18300000000000002,0.0,0.0,2.5670716489722776,2.854996377303751,0.0,0.0,2.802836835521653,2.9755092026518004
RDS,Ribera de Sió,2026-09-02,0.0,0.0,0.05714583333333334,0.1425,0.18300000000000002,0.0,0.0,2.2448646567556834,2.54749751118521,0.0,0.0,2.4510376846063058,2.655030440151652
RDS,Ribera de Sió,2026-09-03,0.0,0.0,0.0574375,0.14275000000000002,0.18304166666666669,0.0,0.0,1.9555048057882254,2.262342251800711,0.0,0.0,2.1351024245455505,2.3578384348558545
RDS,Ribera de Sió,2026-09-04,0.0,0.0,0.05739583333333334,0.1428125,0.18302083333333333,0.0,0.0,1.6817461100224114,1.9729214101900971,0.0,0.0,1.836201162150332,2.0562007919860936
RDS,Ribera de Sió,2026-09-05,0.0,0.0,0.05770833333333334,0.1429375,0.18300000000000002,0.0,0.0,1.448979476113617,1.7354172089745448,0.0,0.0,1.5820567576257671,1.8086712532436517
RDS,Ribera de Sió,2026-09-06,0.0,0.0,0.05691666666666667,0.14272916666666666,0.18318750000000003,0.0,0.0,1.238233303294792,1.5189794003729544,0.0,0.0,1.3519552190269923,1.5830973448438008
RDS,Ribera de Sió,2026-09-07,0.0,0.0,0.05645833333333333,0.14212499999999997,0.18300000000000002,0.0,0.0,1.0718208002518217,1.3363465711140396,0.0,0.0,1.1702590464223324,1.3927553645574915
RDS,Ribera de Sió,2026-09-08,0.0,0.0,0.05610416666666667,0.14197916666666666,0.18300000000000002,0.0,0.0,0.9410562692090169,1.1884568391398143,0.0,0.0,1.0274848295307935,1.238623029411555
RDS,Ribera de Sió,2026-09-09,0.0,0.0,0.05472916666666666,0.141,0.18304166666666669,0.0,0.0,0.8598723007099006,1.074305066805012,0.0,0.0,0.9388447569195557,1.119652773693756
RDS,Ribera de Sió,2026-09-10,0.0,0.0,0.0529375,0.13814583333333333,0.18254166666666663,0.0,0.0,0.7772096785596525,0.973815659913957,0.0,0.0,0.8485902280378707,1.0149215882707687
RDS,Ribera de Sió,2026-09-11,0.0,0.0,0.052875000000000005,0.13679166666666667,0.18152083333333335,0.0,0.0,0.6683084115879645,0.8593911751286991,0.0,0.0,0.7296872427528966,0.895667108582509
RDS,Ribera de Sió,2026-09-12,0.0,0.0,0.05347916666666667,0.13693750000000002,0.18062499999999995,0.0,0.0,0.5732643351440138,0.7568772654885337,0.0,0.0,0.6259141211254226,0.7888259637183613
RDS,Ribera de Sió,2026-09-13,0.0,0.0,0.053812500000000006,0.13722916666666665,0.18037499999999998,0.0,0.0,0.48828331549923293,0.6614566373881485,0.0,0.0,0.5331282683129623,0.6893775163253566
RDS,Ribera de Sió,2026-09-14,0.0,0.0,0.05389583333333333,0.13735416666666667,0.18043749999999995,0.0,0.0,0.41282328682723957,0.5774605223523488,0.0,0.0,0.4507378340389297,0.6018358244118784
RDS,Ribera de Sió,2026-09-15,0.0,0.0,0.05416666666666667,0.13731250000000003,0.18037499999999995,0.0,0.0,0.345933060643685,0.498103282269145,0.0,0.0,0.37770427069499274,0.5191288199330777
RDS,Ribera de Sió,2026-09-16,0.011528343428145375,0.0,0.05316666666666667,0.1369166666666667,0.18041666666666667,0.0,0.0,0.3298582076306035,0.4704041649529191,0.0,0.0,0.33476900336261384,0.4657344735635525
RDS,Ribera de Sió,2026-09-17,0.0,0.0,0.052604166666666674,0.13531250000000003,0.17958333333333334,0.0,0.0,0.2927710013586936,0.4155243850859875,0.0,0.0,0.2971296577470129,0.4113994840164953
RDS,Ribera de Sió,2026-09-18,0.0,0.0,0.05245833333333333,0.13493750000000002,0.17900000000000002,0.0,0.0,0.2600169035468136,0.36644115275619005,0.0,0.0,0.26388793015961265,0.36280349981171317
CDLP,Clot de Les Peres,2026-07-21,0.0,0.0,,0.1215695625,0.07856557291666667,0.0,0.0,1.212749686452872,1.312268699823173,0.0,0.0,1.212749686452872,1.312268699823173
CDLP,Clot de Les Peres,2026-07-22,0.0,0.0,,0.12148243749999998,0.07909579374999999,0.0,0.0,0.9893027152927932,1.0873826788225054,0.0,0.0,0.9893027152927932,1.0873826788225054
CDLP,Clot de Les Peres,2026-07-23,0.0,0.0,,0.1209548125,0.0792244375,0.0,0.0,0.79700699573763,0.8834132332434208,0.0,0.0,0.79700699573763,0.8834132332434208
CDLP,Clot de Les Peres,2026-07-24,0.0,0.0,,0.12027639583333334,0.07911859375000001,0.0,0.0,0.6448846355141946,0.7163309246264086,0.0,0.0,0.6448846355141946,0.7163309246264086
CDLP,Clot de Les Peres,2026-07-25,0.0,0.0,,0.11941902083333333,0.07925036666666667,0.0,0.0,0.5476600299307164,0.6048113735848769,0.0,0.0,0.5476600299307164,0.6048113735848769
CDLP,Clot de Les Peres,2026-07-26,0.0,0.0,,0.11869600000000001,0.07922255625,0.0,0.0,0.4620413318115787,0.5110314802878465,0.0,0.0,0.4620413318115787,0.5110314802878465
CDLP,Clot de Les Peres,2026-07-27,0.0,0.0,,0.1186978125,0.07927217291666667,0.0,0.0,0.3834843996612763,0.42750082007589224,0.0,0.0,0.3834843996612763,0.42750082007589224
CDLP,Clot de Les Peres,2026-07-28,0.0,0.0,,0.11837289583333334,0.07907590625,0.0,0.0,0.3114006503828619,0.35248710738532396,0.0,0.0,0.3114006503828619,0.35248710738532396
CDLP,Clot de Les Peres,2026-07-29,0.0,0.0,,0.11791052083333335,0.07896695208333333,0.0,0.0,0.2512919677020691,0.2871841369467958,0.0,0.0,0.2512919677020691,0.2871841369467958
CDLP,Clot de Les Peres,2026-07-30,0.0,0.0,,0.11734539583333332,0.07889895208333332,0.0,0.0,0.20102177926068385,0.23363812913524168,0.0,0.0,0.20102177926068385,0.23363812913524168
CDLP,Clot de Les Peres,2026-07-31,0.5574107870830107,0.2,,0.11685639583333333,0.07893810416666668,0.0,0.0,1.024052917161312,1.0749446211713214,0.0,0.0,0.4721287237173497,0.5102021634789066
CDLP,Clot de Les Peres,2026-08-01,0.0,0.0,,0.11625952083333334,0.07896793125,0.0,0.0,0.8438095180910516,0.9019667028627864,0.0,0.0,0.38902941846131667,0.42810146134326926
CDLP,Clot de Les Peres,2026-08-02,1.5139636717721174,0.0,,0.11564760416666668,0.07888524583333334,0.0,0.0,3.037972130183031,3.131568228076932,0.0,0.0,0.3175279726205648,0.35464266400523403
CDLP,Clot de Les Peres,2026-08-03,4.15173358221451,1.6,,0.11503524999999999,0.07890811666666665,0.0,0.0,9.138288822627969,9.349565368041004,0.0,0.0,2.808410361650723,2.8804222847789362
CDLP,Clot de Les Peres,2026-08-04,0.0,0.0,,0.11466458333333333,0.07864907916666668,0.0,0.0,7.531673386201735,7.862507523291402,0.0,0.0,2.314659778097831,2.42228820194621
CDLP,Clot de Les Peres,2026-08-05,0.0,0.0,,0.11442452083333333,0.0782140625,0.0,0.0,6.291874464791068,6.6148522913240955,0.0,0.0,1.933640507987718,2.037909485673043
CDLP,Clot de Les Peres,2026-08-06,4.694144447443966,1.3,,0.11444395833333332,0.07817869791666666,0.0,0.0,12.749567826122044,13.050858020856449,0.0,0.0,3.6910513731489285,3.787317834023505
CDLP,Clot de Les Peres,2026-08-07,0.0037398121205965626,0.0,,0.1136970625,0.07843681875,0.0,0.0,10.51433160783357,10.98489254890852,0.0,0.0,3.0422449265191474,3.1860454611984723
CDLP,Clot de Les Peres,2026-08-08,5.423102350541604,6.8999999999999995,,0.11374727083333332,0.07766494583333333,0.0,0.0,17.16037741166041,17.539549454964295,0.2163460076045627,0.18368821292775664,13.3167592883382,13.42867837226619
CDLP,Clot de Les Peres,2026-08-09,1.4420609673580154,1.5000000000000002,,0.11359658333333333,0.07775242083333334,0.0,0.0,16.556044127718092,17.053041256510717,0.0,0.0,13.450243162697001,13.689100298296877
CDLP,Clot de Les Peres,2026-08-10,0.1397856062186215,1.1,,0.11396556249999999,0.0774312125,0.0,0.0,14.063396255990323,14.558543284372522,0.0,0.0,12.993038353293356,13.265299567058253
CDLP,Clot de Les Peres,2026-08-11,0.12907497842619664,0.1,,0.11398027083333334,0.07718839166666666,0.0,0.0,11.890730194847617,12.320584138567018,0.0,0.0,10.95531858014616,11.198277921869442
CDLP,Clot de Les Peres,2026-08-12,0.0,0.0,,0.11417339583333334,0.07705826875,0.0,0.0,9.770927296460373,10.238116112642686,0.0,0.0,9.002274847893933,9.30550600006511
CDLP,Clot de Les Peres,2026-08-13,0.0,0.0,,0.114357,0.07702062708333333,0.0,0.0,8.05891445690403,8.26273835143762,0.0,0.0,7.424941432426529,7.510069280355533
CDLP,Clot de Les Peres,2026-08-14,1.8574378490764074,5.8999999999999995,,0.11417608333333333,0.07686449375,0.0,0.0,9.44480792432127,9.694535746440215,0.0,0.0,15.191069721220522,15.3932333815375
CDLP,Clot de Les Peres,2026-08-15,0.0,0.0,,0.114140125,0.07618914375000001,0.0,0.0,8.435165028085645,8.630143940616756,0.0,0.0,13.56715574084674,13.703164676344175
CDLP,Clot de Les Peres,2026-08-16,0.44883310878532684,0.0,,0.11436291666666666,0.07609017083333333,0.0,0.0,8.276177763257271,8.361797730763133,0.0,0.0,12.08856944212159,12.082441129061888
CDLP,Clot de Les Peres,2026-08-17,0.0,0.0,,0.11471404166666667,0.07576534791666667,0.0,0.0,7.284920896837613,7.341968065055139,0.0,0.0,10.640693646377716,10.608830753119067
CDLP,Clot de Les Peres,2026-08-18,0.0,0.0,,0.11505575000000001,0.07485708125,0.0,0.0,6.435185753164855,6.366708355302203,0.0,0.0,9.39953104867434,9.1996220628294
CDLP,Clot de Les Peres,2026-08-19,0.0,0.0,,0.11508189583333334,0.075175475,0.0,0.0,5.559054053658114,5.412641791681734,0.0,0.0,8.119812416124955,7.821036564911759
CDLP,Clot de Les Peres,2026-08-20,2.7534151798599527,2.2,,0.11581029166666668,0.07508742708333334,0.0,0.0,9.667756163518098,9.469533153580088,0.0,0.0,11.019022994072873,10.675784723284382
CDLP,Clot de Les Peres,2026-08-21,1.088961042823815,0.2,,0.1151398125,0.07478958541666668,0.0,0.0,10.678176785392504,10.463467387608306,0.0,0.0,10.369992055443406,10.024802597001985
CDLP,Clot de Les Peres,2026-08-22,0.0,0.2,,0.11480597916666664,0.07457743333333333,0.0,0.0,9.787324431188162,9.583183181122672,0.0,0.0,9.853357445152328,9.529662762280065
CDLP,Clot de Les Peres,2026-08-23,0.0,0.0,,0.11489364583333335,0.07330309166666667,0.0,0.0,8.748118725225806,8.643632395707614,0.0,0.0,8.807140437441891,8.595359205328549
CDLP,Clot de Les Peres,2026-08-24,11.369556668344048,25.1,,0.159783375,0.075162275,15.68827186311787,16.464366920152088,27.780379931996862,28.00895536735512,41.79177566539924,42.567870722433454,51.95529925095287,52.33970687270015
CDLP,Clot de Les Peres,2026-08-25,0.0,0.0,0.04846076041666667,0.217437625,0.07840848541666667,8.61934980988593,10.012511406844107,24.98551314959307,25.42534384245947,34.7228536121673,36.11601520912547,46.75131919915763,47.54507067716397
CDLP,Clot de Les Peres,2026-08-26,0.0,0.0,0.04056815416666667,0.205967125,0.07790359791666666,1.5034790874524715,2.4973346007604564,22.456006354956468,22.71484805869279,27.606982889733843,28.600838403041823,42.01826533452568,42.476477921532
CDLP,Clot de Les Peres,2026-08-27,0.0,0.0,0.03801011458333333,0.1978495,0.07779039166666667,0.0,0.0,20.208046935297283,20.26984852455195,20.575167300380226,21.008549429657794,37.812025192647646,37.9043597870968
CDLP,Clot de Les Peres,2026-08-28,0.0,0.0,0.03783208541666667,0.19272697916666667,0.07817344999999999,0.0,0.0,18.606036988658147,18.379328977877833,15.068847908745246,14.481357414448668,34.814445037814146,34.36911220027454
CDLP,Clot de Les Peres,2026-08-29,0.0,0.0,0.038760616666666664,0.18811229166666665,0.0783381875,0.0,0.0,16.805759872251926,16.403069991282422,8.284553231939164,6.8974847908745245,31.44587983716638,30.67353294768851
CDLP,Clot de Les Peres,2026-08-30,0.0,0.0,0.035313047916666666,0.18486160416666664,0.07857278958333333,0.0,0.0,15.085895898017654,14.591162728863635,1.0871254752851711,0.0,28.227778645601788,27.28528933588316
CDLP,Clot de Les Peres,2026-08-31,0.0,0.0,0.03192755416666667,0.18178152083333332,0.07913397916666666,0.0,0.0,13.615900764521877,13.160887538580592,0.0,0.0,25.477216297900373,24.610692861154682
CDLP,Clot de Les Peres,2026-09-01,0.0,0.0,0.027362793750000003,0.179654375,0.07915172083333333,0.0,0.0,12.402076056540636,12.011555701183893,0.0,0.0,23.205983922767846,22.461456894902568
CDLP,Clot de Les Peres,2026-09-02,0.0,0.0,0.022444687500000005,0.177631375,0.0791304875,0.0,0.0,11.085307302108161,10.774537618878973,0.0,0.0,20.74212912893694,20.14824876224009
CDLP,Clot de Les Peres,2026-09-03,0.0,0.0,0.021719310416666665,0.17591366666666666,0.07960576875,0.0,0.0,9.864522906332462,9.538545911697225,0.0,0.0,18.45787422416266,17.836959938046935
CDLP,Clot de Les Peres,2026-09-04,0.0,0.0,0.017116916666666666,0.1744957083333333,0.0797429875,0.0,0.0,8.722146164135117,8.249064474742923,0.0,0.0,16.320330784474216,15.425645997249799
CDLP,Clot de Les Peres,2026-09-05,0.0,0.0,0.013901608333333334,0.17319074999999998,0.08011817291666666,0.0,0.0,7.729635118428532,7.190792603623348,0.0,0.0,14.463206601004169,13.446691013600397
CDLP,Clot de Les Peres,2026-09-06,0.0,0.0,0.010891833333333331,0.17173266666666667,0.08074957083333334,0.0,0.0,6.846541637696298,6.276333230146778,0.0,0.0,12.810817676541344,11.736663577482432
CDLP,Clot de Les Peres,2026-09-07,0.0,0.0,0.006302850000000001,0.17055537499999998,0.08099882083333333,0.0,0.0,6.088359639973677,5.509771419446332,0.0,0.0,11.39215525506682,10.303202708909891
CDLP,Clot de Les Peres,2026-09-08,0.03665882407665892,0.0,0.0030789333333333334,0.16911820833333333,0.08155590833333333,0.0,0.0,5.566513813096548,4.9903547412027525,0.0,0.0,10.297830711022783,9.21533453039362
CDLP,Clot de Les Peres,2026-09-09,0.5164662737690595,0.4,,0.16665831250000002,0.08148772083333333,0.0,0.0,6.08391588844274,5.406384685679713,0.0,0.0,10.27392986911387,9.030624165540434
CDLP,Clot de Les Peres,2026-09-10,0.0,0.0,,0.16402785416666665,0.08151393333333334,0.0,0.0,5.594271411896309,4.922812573795669,0.0,0.0,9.447065542735972,8.22288327153255
CDLP,Clot de Les Peres,2026-09-11,0.0,0.0,,0.16232447916666667,0.08140375,0.0,0.0,4.904638647071049,4.312547910140105,0.0,0.0,8.28248030007717,7.203519844882402
CDLP,Clot de Les Peres,2026-09-12,0.0,0.0,,0.1609465208333333,0.08084910833333335,0.0,0.0,4.312080030423318,3.7915612199028885,0.0,0.0,7.281824508246985,6.3332830289112465
CDLP,Clot de Les Peres,2026-09-13,0.0,0.0,,0.15940789583333334,0.08150405625,0.0,0.0,3.758778129359015,3.3319369069012335,0.0,0.0,6.347461668224704,5.56554364864537
CDLP,Clot de Les Peres,2026-09-14,0.0,0.0,,0.1576421875,0.08148151458333333,0.0,0.0,3.2505571436861938,2.8848769419989506,0.0,0.0,5.4892271264334,4.818791288757641
CDLP,Clot de Les Peres,2026-09-15,0.0,0.0,,0.15544997916666667,0.08112190625,0.0,0.0,2.8042262542159593,2.494259520893421,0.0,0.0,4.7355066048286645,4.166318457540084
CDLP,Clot de Les Peres,2026-09-16,0.15848466682160428,0.30000000000000004,,0.15345554166666667,0.08147647708333333,0.0,0.0,2.804792720440488,2.527502034956924,0.0,0.0,4.792037485186745,4.282474516285096
CDLP,Clot de Les Peres,2026-09-17,0.011219436361789688,0.0,,0.15087364583333332,0.08129023958333333,0.0,0.0,2.5556397401962565,2.295015920150411,0.0,0.0,4.333400856383994,3.8560203696071174
CDLP,Clot de Les Peres,2026-09-18,0.0,0.0,,0.148946375,0.08127470208333333,0.0,0.0,2.314918212250861,2.0558858517648098,0.0,0.0,3.9252279598126902,3.454240840940498
SCA,Serra de Costa Ampla,2026-07-21,0.0,0.0,0.1728333333333333,0.24939583333333334,0.2836666666666666,0.0,0.0,0.9960981211525104,0.8806955030476679,0.0,0.0,0.9960981211525104,0.8806955030476679
SCA,Serra de Costa Ampla,2026-07-22,0.0,0.0,0.17189583333333333,0.2488125,0.2834791666666666,0.0,0.0,0.820117856853639,0.7096760787085352,0.0,0.0,0.820117856853639,0.7096760787085352
SCA,Serra de Costa Ampla,2026-07-23,0.0,0.0,0.17195833333333332,0.24825,0.28291666666666665,0.0,0.0,0.6673132427916861,0.56614425208372,0.0,0.0,0.6673132427916861,0.56614425208372
SCA,Serra de Costa Ampla,2026-07-24,0.0,0.0,0.17104166666666668,0.24777083333333336,0.2825625,0.0,0.0,0.5466423997203755,0.44554358806413025,0.0,0.0,0.5466423997203755,0.44554358806413025
SCA,Serra de Costa Ampla,2026-07-25,0.0,0.0,0.16820833333333332,0.24558333333333335,0.28197916666666667,0.0,0.0,0.4678419889810792,0.37192437509958126,0.0,0.0,0.4678419889810792,0.37192437509958126
SCA,Serra de Costa Ampla,2026-07-26,0.0,0.0,0.16597916666666668,0.24252083333333332,0.28025000000000005,0.0,0.0,0.3985134256932436,0.31413119582978427,0.0,0.0,0.3985134256932436,0.31413119582978427
SCA,Serra de Costa Ampla,2026-07-27,0.0,0.0,0.16624999999999998,0.2416041666666667,0.2788125,0.0,0.0,0.3330121049128588,0.25923451736675407,0.0,0.0,0.3330121049128588,0.25923451736675407
SCA,Serra de Costa Ampla,2026-07-28,0.0,0.0,0.16745833333333335,0.24239583333333334,0.27837500000000004,0.0,0.0,0.27313754798564877,0.21345165006861933,0.0,0.0,0.27313754798564877,0.21345165006861933
SCA,Serra de Costa Ampla,2026-07-29,0.0,0.0,0.16852083333333331,0.2436458333333333,0.2779791666666667,0.0,0.0,0.22242929485940277,0.1718074757989111,0.0,0.0,0.22242929485940277,0.1718074757989111
SCA,Serra de Costa Ampla,2026-07-30,0.0,0.0,0.16889583333333333,0.24427083333333333,0.27808333333333335,0.0,0.0,0.1795919500225851,0.1376488290632803,0.0,0.0,0.1795919500225851,0.1376488290632803
SCA,Serra de Costa Ampla,2026-07-31,0.30565031407605964,0.0,0.167125,0.2434791666666667,0.2782291666666667,0.0,0.0,0.6331126793515416,0.5867706173696143,0.0,0.0,0.14762256965581158,0.11090318370037108
SCA,Serra de Costa Ampla,2026-08-01,0.0,0.0,0.16747916666666665,0.24302083333333332,0.27775000000000005,0.0,0.0,0.5248456460600369,0.4794618335960001,0.0,0.0,0.12237799916344162,0.09062117671635059
SCA,Serra de Costa Ampla,2026-08-02,3.9493888765809695,4.5,0.1672916666666667,0.24368749999999997,0.27777083333333336,0.0,0.0,6.704548324620813,6.551485347798946,0.0,0.0,7.248305142650646,7.096808075301303
SCA,Serra de Costa Ampla,2026-08-03,2.7492009169993787,1.0,0.16320833333333337,0.24108333333333332,0.2775625000000001,0.0,0.0,10.153079828848401,9.983035063875116,0.0,0.0,7.7566773007569765,7.597685941335014
SCA,Serra de Costa Ampla,2026-08-04,0.0,0.0,0.16272916666666667,0.2387083333333333,0.27618750000000003,0.0,0.0,8.430001221916983,8.389043006691795,0.0,0.0,6.440292032138357,6.384562781296706
SCA,Serra de Costa Ampla,2026-08-05,0.0,0.0,0.165625,0.2405833333333333,0.27558333333333335,0.0,0.0,7.077909106518017,7.0038205496630415,0.0,0.0,5.40733036958466,5.330325756178655
SCA,Serra de Costa Ampla,2026-08-06,1.199259157723583,0.5,0.16589583333333333,0.24125,0.27564583333333337,0.0,0.0,7.942303269830825,7.920362853072925,0.0,0.0,5.387830413531409,5.350221056322893
SCA,Serra de Costa Ampla,2026-08-07,0.0,0.0,0.16560416666666666,0.24,0.27537500000000004,0.0,0.0,6.586824181455601,6.68152530938627,0.0,0.0,4.468312333052795,4.5133838009408205
SCA,Serra de Costa Ampla,2026-08-08,3.762500694415885,2.1,0.16691666666666669,0.24158333333333334,0.27499999999999997,0.0,0.0,11.49380028927922,11.455102736614736,0.0,0.0,7.072012256156077,7.037366790998538
SCA,Serra de Costa Ampla,2026-08-09,1.36318536568049,1.5000000000000002,0.16422916666666668,0.23987499999999998,0.2749375,0.0,0.0,11.843636202055011,11.820024519086278,0.0,0.0,8.358432219424216,8.33561478595149
SCA,Serra de Costa Ampla,2026-08-10,0.04011742434021726,0.2,0.16397916666666668,0.23910416666666667,0.2744166666666667,0.0,0.0,10.101465643148892,9.858344560330728,0.0,0.0,7.410049047998159,7.227150044927769
SCA,Serra de Costa Ampla,2026-08-11,0.10494238579138519,0.0,0.16564583333333335,0.23964583333333334,0.2738958333333334,0.0,0.0,8.638156586430108,8.284329402486081,0.0,0.0,6.21191704498605,5.950830674621104
SCA,Serra de Costa Ampla,2026-08-12,0.0,0.0,0.1665625,0.2411875,0.274,0.0,0.0,7.168892036910105,6.893123621143637,0.0,0.0,5.155331718309429,4.951494501938447
SCA,Serra de Costa Ampla,2026-08-13,0.0,0.0,0.16572916666666668,0.24143749999999997,0.274,0.0,0.0,5.9661441885147095,5.750832142343794,0.0,0.0,4.290405297317638,4.130959387851785
SCA,Serra de Costa Ampla,2026-08-14,1.6320920757206956,0.6000000000000001,0.16416666666666668,0.23962499999999998,0.27381250000000007,0.0,0.0,7.507236991784351,7.311752442477608,0.0,0.0,4.486115968505521,4.344024669297764
SCA,Serra de Costa Ampla,2026-08-15,0.0,0.0,0.16189583333333335,0.23766666666666666,0.2732291666666667,0.0,0.0,6.546964561570424,6.289524733150674,0.0,0.0,3.9122838798139425,3.736703452955921
SCA,Serra de Costa Ampla,2026-08-16,0.6408578049372473,0.2,0.1623125,0.23735416666666667,0.2721875,0.0,0.0,6.784278205512057,6.590269261307525,0.0,0.0,3.746011898372226,3.6096196290098708
SCA,Serra de Costa Ampla,2026-08-17,0.0,0.0,0.16287500000000002,0.237375,0.27191666666666664,0.0,0.0,5.824832563307493,5.6494710192967155,0.0,0.0,3.21624370746585,3.0943259943114847
SCA,Serra de Costa Ampla,2026-08-18,0.0,0.0,0.1642916666666667,0.23906249999999998,0.2718125,0.0,0.0,5.018565949971304,4.813734641105526,0.0,0.0,2.7710549585192434,2.6365768014055164
SCA,Serra de Costa Ampla,2026-08-19,0.0,0.0,0.16441666666666668,0.23922916666666663,0.27227083333333335,0.0,0.0,4.241021532006455,4.046444097144087,0.0,0.0,2.3417254774783944,2.2163167332930076
SCA,Serra de Costa Ampla,2026-08-20,1.6368586758099293,11.6,0.16400000000000003,0.24106249999999999,0.27220833333333333,0.0,0.0,6.512797696441735,6.206547674137144,13.865072463768117,12.429545893719808,21.777121128374887,21.205246184812463
SCA,Serra de Costa Ampla,2026-08-21,1.950219741030963,0.6,0.15962500000000002,0.25356249999999997,0.2721875,0.0,0.0,9.169844653707068,8.868588010892298,7.397153623188406,5.750618357487922,20.456920724113743,19.88383543704074
SCA,Serra de Costa Ampla,2026-08-22,0.0,0.0,0.15835416666666668,0.24370833333333333,0.2714375,0.0,0.0,8.312738996364624,8.021382987897507,0.8550743961352656,0.0,18.544811724823834,17.984357725597494
SCA,Serra de Costa Ampla,2026-08-23,0.0,0.0,0.16270833333333334,0.24227083333333332,0.2697083333333334,0.0,0.0,7.290967960551145,7.050488894604387,0.0,0.0,16.2653522718895,15.807562687410469
SCA,Serra de Costa Ampla,2026-08-24,25.585621413739133,40.00000000000001,0.16227083333333334,0.26218749999999996,0.2735416666666666,41.98577584541063,42.63394009661835,50.99711986571147,51.254835589623944,69.83964830917874,70.48781256038647,86.47786602238426,86.6407159671581
SCA,Serra de Costa Ampla,2026-08-25,0.0,0.0,0.16629166666666664,0.2892708333333333,0.2889583333333334,33.809428019323676,35.09299130434783,45.116777971601174,45.7824613701579,61.66330048309179,62.9468618357488,79.00805629546284,79.73449153806068
SCA,Serra de Costa Ampla,2026-08-26,0.0,0.0,0.1714375,0.28639583333333335,0.29114583333333327,25.508941062801934,25.679806763285026,39.83503853065913,39.75371602029681,53.362813526570044,53.53367922705314,71.73084170004535,71.47110972667902
SCA,Serra de Costa Ampla,2026-08-27,0.0,0.0,0.17799999999999996,0.2875833333333333,0.29239583333333335,17.37935458937198,15.370643478260869,35.261901130013136,34.0580316229506,45.2332270531401,43.22451594202899,64.89030669610514,62.85642474684068
SCA,Serra de Costa Ampla,2026-08-28,0.0,0.0,0.17858333333333332,0.28775,0.2935833333333333,10.949667632850241,7.28032077294686,32.01990653601153,30.165866209302752,38.803540096618356,35.13419130434783,59.673644474407006,56.40008390183682
SCA,Serra de Costa Ampla,2026-08-29,0.0,0.0,0.17818749999999997,0.28470833333333334,0.2935208333333333,2.921240579710145,0.0,28.387002525066624,26.70243952299576,30.77511304347826,27.003785507246377,53.39094750938404,50.16960147809662
SCA,Serra de Costa Ampla,2026-08-30,0.0,0.0,0.17958333333333334,0.284,0.2934166666666666,0.0,0.0,25.00749876940056,23.480361093766547,22.32473623188406,18.431082125603865,47.10273633252524,44.1160015367208
SCA,Serra de Costa Ampla,2026-08-31,0.0,0.0,0.18018749999999997,0.28310416666666666,0.2934583333333333,0.0,0.0,22.093405712384882,20.518220136836202,14.064966183574878,9.441008695652174,41.613912432991285,38.55059244926795
SCA,Serra de Costa Ampla,2026-09-01,0.0,0.0,0.1804375,0.28197916666666667,0.2935208333333333,0.0,0.0,19.80290700109239,18.322273892434474,6.768270531400966,1.8946222222222222,37.29965622276953,34.42474585322471
SCA,Serra de Costa Ampla,2026-09-02,0.0,0.0,0.18000000000000002,0.27987500000000004,0.2932916666666666,0.0,0.0,17.352990108947107,16.09051578626481,0.0,0.0,32.68512877756495,30.231614254941594
SCA,Serra de Costa Ampla,2026-09-03,0.0,0.0,0.1798333333333333,0.27768750000000003,0.2933124999999999,0.0,0.0,15.12031288517622,13.998376055123696,0.0,0.0,28.479781911144393,26.300804195186657
SCA,Serra de Costa Ampla,2026-09-04,0.0,0.0,0.17908333333333334,0.2750208333333334,0.2932708333333333,0.0,0.0,13.085801136264019,11.96913029924985,0.0,0.0,24.64768853154994,22.488162280225616
SCA,Serra de Costa Ampla,2026-09-05,0.0,0.0,0.17816666666666667,0.2716666666666667,0.29270833333333335,0.0,0.0,11.350260409014522,10.296203752812463,0.0,0.0,21.37872037028702,19.344989575226393
SCA,Serra de Costa Ampla,2026-09-06,0.0,0.0,0.1769166666666666,0.2685208333333334,0.29210416666666666,0.0,0.0,9.86588142599052,8.907011867605197,0.0,0.0,18.582826526618238,16.734910833342237
SCA,Serra de Costa Ampla,2026-09-07,0.0,0.0,0.17502083333333332,0.26466666666666666,0.2913124999999999,0.0,0.0,8.626682535938953,7.704480788217658,0.0,0.0,16.24874029432864,14.475539151008999
SCA,Serra de Costa Ampla,2026-09-08,0.02247039065592719,0.0,0.17337499999999997,0.26116666666666666,0.2900416666666666,0.0,0.0,7.696115740036068,6.778822384285478,0.0,0.0,14.42337854112063,12.664991237237846
SCA,Serra de Costa Ampla,2026-09-09,0.5161008927858447,0.7000000000000001,0.16856250000000003,0.25608333333333333,0.28870833333333334,0.0,0.0,8.026920340157835,6.988817381794309,0.0,0.0,14.566545150298909,12.598416544661287
SCA,Serra de Costa Ampla,2026-09-10,0.0,0.0,0.16416666666666668,0.24870833333333334,0.28604166666666664,0.0,0.0,7.263417879333024,6.274622835351377,0.0,0.0,13.181008406857119,11.310971201840864
SCA,Serra de Costa Ampla,2026-09-11,0.0,0.0,0.1645416666666667,0.24733333333333332,0.28331249999999997,0.0,0.0,6.418064838625911,5.495214519854177,0.0,0.0,11.646936469728551,9.905968025969427
SCA,Serra de Costa Ampla,2026-09-12,0.0,0.0,0.16470833333333335,0.24679166666666666,0.2818125000000001,0.0,0.0,5.682035736270358,4.821509550359682,0.0,0.0,10.311255947553928,8.69151136324277
SCA,Serra de Costa Ampla,2026-09-13,0.0,0.0,0.16487500000000002,0.24604166666666663,0.28056250000000005,0.0,0.0,4.987579262118641,4.220392761243549,0.0,0.0,9.051017754452653,7.607906042405206
SCA,Serra de Costa Ampla,2026-09-14,0.0,0.0,0.16537500000000002,0.24595833333333336,0.28,0.0,0.0,4.353585701197886,3.682038181655741,0.0,0.0,7.900502309077079,6.637439242107744
SCA,Serra de Costa Ampla,2026-09-15,0.0,0.0,0.16579166666666667,0.24595833333333336,0.27952083333333333,0.0,0.0,3.7840871202399167,3.211214426330135,0.0,0.0,6.867026649545083,5.788707122684302
SCA,Serra de Costa Ampla,2026-09-16,0.04392865459266049,0.1,0.16375000000000003,0.2445833333333333,0.27908333333333335,0.0,0.0,3.5158347210564624,2.956940718037483,0.0,0.0,6.415841219551379,5.366417726241851
SCA,Serra de Costa Ampla,2026-09-17,0.0,0.0,0.16172916666666667,0.2416666666666666,0.27766666666666673,0.0,0.0,3.1943917087314286,2.674037613165811,0.0,0.0,5.8292586604053644,4.852989699926934
SCA,Serra de Costa Ampla,2026-09-18,0.0,0.0,0.1606041666666667,0.23979166666666665,0.27643750000000006,0.0,0.0,2.907307278302447,2.4082532979187463,0.0,0.0,5.305375068492878,4.370629789226547
CMN,Camí dels Nerets,2026-07-21,0.0,0.0,0.0849375,0.0734375,0.06808333333333334,0.0,0.0,1.0548412543358856,1.2201221263685034,,,,
CMN,Camí dels Nerets,2026-07-22,0.0,0.0,0.084625,0.07333333333333333,0.06802083333333334,0.0,0.0,0.8560233376110696,0.9960972808257177,,,,
CMN,Camí dels Nerets,2026-07-23,0.0,0.0,0.08429166666666667,0.07333333333333333,0.06802083333333334,0.0,0.0,0.6857236764603526,0.8010028327236197,,,,
CMN,Camí dels Nerets,2026-07-24,0.0,0.0,0.08395833333333332,0.07335416666666666,0.06847916666666667,0.0,0.0,0.5542104690869336,0.6503947528606338,,,,
CMN,Camí dels Nerets,2026-07-25,0.0,0.0,0.08293750000000001,0.07310416666666666,0.06875,0.0,0.0,0.4684277367111732,0.5428124869423973,,,,
CMN,Camí dels Nerets,2026-07-26,0.0,0.0,0.08193750000000001,0.0725,0.06852083333333335,0.0,0.0,0.3932428696361932,0.4588393107614748,,,,
CMN,Camí dels Nerets,2026-07-27,0.0,0.0,0.08143750000000001,0.0720625,0.06808333333333334,0.0,0.0,0.32488070403075026,0.3817788888655006,,,,
CMN,Camí dels Nerets,2026-07-28,0.0,0.0,0.08143750000000001,0.072125,0.0683125,0.0,0.0,0.2625213017451491,0.31273208469531666,,,,
CMN,Camí dels Nerets,2026-07-29,0.0,0.0,0.08168750000000001,0.07229166666666666,0.06839583333333334,0.0,0.0,0.2107193275103682,0.25380929741399494,,,,
CMN,Camí dels Nerets,2026-07-30,0.0,0.0,0.08158333333333334,0.0724375,0.06856250000000001,0.0,0.0,0.16779533474121583,0.20446292707427977,,,,
CMN,Camí dels Nerets,2026-07-31,1.873259921741288,1.9,0.08095833333333334,0.07235416666666666,0.069,0.0,0.0,3.021929564366634,3.0796001427295114,,,,
CMN,Camí dels Nerets,2026-08-01,0.0,0.0,0.08062500000000002,0.07179166666666666,0.06875,0.0,0.0,2.4719919296521207,2.528126446073611,,,,
CMN,Camí dels Nerets,2026-08-02,0.31982900765688604,0.0,0.08091666666666668,0.07191666666666667,0.06877083333333334,0.0,0.0,2.514941212259394,2.6196798483925052,,,,
CMN,Camí dels Nerets,2026-08-03,10.42198583980299,5.199999999999999,0.08045833333333334,0.07175,0.06891666666666667,7.858122370936902,9.024030592734226,18.72590259938835,19.145209699461823,,,,
CMN,Camí dels Nerets,2026-08-04,0.0,0.1,0.079,0.07104166666666667,0.06864583333333334,0.0,0.0,15.353298857228877,16.047427881726595,,,,
CMN,Camí dels Nerets,2026-08-05,0.0,0.0,0.07966666666666668,0.07075,0.06895833333333334,0.0,0.0,12.767260334308292,13.427533804071896,,,,
CMN,Camí dels Nerets,2026-08-06,3.2260395641378112,2.4000000000000004,0.08039583333333335,0.07108333333333333,0.069,0.0,0.0,15.796746283474373,16.589137072395385,,,,
CMN,Camí dels Nerets,2026-08-07,0.0,0.1,0.08029166666666666,0.0708125,0.06854166666666668,0.0,0.0,12.978855959296457,13.824129639278437,,,,
CMN,Camí dels Nerets,2026-08-08,6.6970894107640255,9.399999999999999,0.08066666666666668,0.07114583333333334,0.06802083333333334,0.0,0.4509598470363289,21.18595241185277,22.12478176725267,,,,
CMN,Camí dels Nerets,2026-08-09,1.2668298492553822,1.3000000000000003,0.07997916666666667,0.07054166666666667,0.068,0.0,0.0,19.513463553324524,20.90203510889431,,,,
CMN,Camí dels Nerets,2026-08-10,0.07805404785502712,0.3,0.08027083333333335,0.07058333333333335,0.068,0.0,0.0,16.364389827369173,17.813407244944656,,,,
CMN,Camí dels Nerets,2026-08-11,0.10706949548461991,0.0,0.08139583333333333,0.07091666666666667,0.068,0.0,0.0,13.71732041537619,15.127488670511244,,,,
CMN,Camí dels Nerets,2026-08-12,0.0,0.0,0.08220833333333334,0.07133333333333333,0.068,0.0,0.0,11.196289665357863,12.71875320227708,,,,
CMN,Camí dels Nerets,2026-08-13,0.0,0.0,0.08275,0.07154166666666666,0.06895833333333334,0.0,0.0,9.203348420751293,10.64317248018648,,,,
CMN,Camí dels Nerets,2026-08-14,1.5331410942873462,0.8999999999999999,0.08279166666666667,0.07137500000000001,0.06895833333333334,0.0,0.0,9.817321929935163,11.299872424795998,,,,
CMN,Camí dels Nerets,2026-08-15,0.0,0.0,0.082625,0.07110416666666666,0.06856250000000001,0.0,0.0,8.499143926118075,9.868220082800692,,,,
CMN,Camí dels Nerets,2026-08-16,0.7998455039698984,0.6,0.08285416666666667,0.0711875,0.068,0.0,0.0,8.656068270055822,9.890228295440114,,,,
CMN,Camí dels Nerets,2026-08-17,0.0,0.0,0.08318750000000001,0.0713125,0.068,0.0,0.0,7.4182353940943,8.532316737072199,,,,
CMN,Camí dels Nerets,2026-08-18,0.0,0.0,0.0844375,0.07172916666666666,0.068,0.0,0.0,6.366727975615048,7.330841628835002,,,,
CMN,Camí dels Nerets,2026-08-19,0.0,0.0,0.0850625,0.07216666666666667,0.067875,0.0,0.0,5.350096589357184,6.23018874856175,,,,
CMN,Camí dels Nerets,2026-08-20,1.4440447674445267,8.7,0.08554166666666667,0.07260416666666666,0.068,0.0,0.0,7.094035788048394,7.787815751806547,,,,
CMN,Camí dels Nerets,2026-08-21,1.8990259280478978,0.30000000000000004,0.08391666666666668,0.07197916666666666,0.068,0.0,0.0,9.532651318657866,10.20732470520969,,,,
CMN,Camí dels Nerets,2026-08-22,0.0,0.0,0.08218750000000001,0.07110416666666668,0.06747916666666667,0.0,0.0,8.523397003661254,9.266197089105587,,,,
CMN,Camí dels Nerets,2026-08-23,0.0,0.0,0.08277083333333334,0.07127083333333334,0.067,0.0,0.0,7.415844584796437,8.170113229513,,,,
CMN,Camí dels Nerets,2026-08-24,9.828767555860155,15.2,0.08275,0.07139583333333334,0.067,11.278,12.357137667304015,23.414914354296762,24.481874801110635,,,,
CMN,Camí dels Nerets,2026-08-25,0.0,0.0,0.08202083333333333,0.07077083333333334,0.06702083333333334,2.484885277246654,4.888717017208413,20.521568685848045,21.8873035309629,,,,
CMN,Camí dels Nerets,2026-08-26,0.0,0.0,0.08225,0.07066666666666667,0.06679166666666667,0.0,0.0,18.04204827885122,19.225737696356752,,,,
CMN,Camí dels Nerets,2026-08-27,0.0,0.0,0.08333333333333333,0.07091666666666667,0.06625,0.0,0.0,15.78375782949568,16.631343301210116,,,,
CMN,Camí dels Nerets,2026-08-28,0.0,0.0,0.08379166666666667,0.0710625,0.06691666666666667,0.0,0.0,14.257965018690543,14.789103880049097,,,,
CMN,Camí dels Nerets,2026-08-29,0.0,0.0,0.08370833333333334,0.07083333333333335,0.066625,0.0,0.0,12.544563706832452,13.138280087877208,,,,
CMN,Camí dels Nerets,2026-08-30,0.0,,0.08488636363636361,0.0713409090909091,0.06643181818181816,0.0,0.0,10.960637342911715,11.632844823379209,,,,
CMN,Camí dels Nerets,2026-08-31,0.0,0.0,0.08570833333333333,0.07170833333333333,0.06695833333333334,0.0,0.0,9.618804109255779,10.323594732031424,,,,
CMN,Camí dels Nerets,2026-09-01,0.0,0.0,0.08675,0.07208333333333333,0.067,0.0,0.0,8.526561694585089,9.257354062480964,,,,
CMN,Camí dels Nerets,2026-09-02,0.0,0.0,0.08749999999999998,0.07260416666666666,0.067,0.0,0.0,7.427128875326643,8.178851166788274,,,,
CMN,Camí dels Nerets,2026-09-03,0.0,0.0,0.08816666666666666,0.073,0.06702083333333334,0.0,0.0,6.418431773845128,7.160048258173305,,,,
CMN,Camí dels Nerets,2026-09-04,0.0,0.0,0.08854166666666667,0.0735625,0.06702083333333334,0.0,0.0,5.5165344625791635,6.271927020424787,,,,
CMN,Camí dels Nerets,2026-09-05,0.0,0.0,0.08868749999999997,0.07352083333333333,0.067,0.0,0.0,4.752369782548908,5.482060629238586,,,,
CMN,Camí dels Nerets,2026-09-06,0.0,0.0,0.08837499999999998,0.0738125,0.06781250000000001,0.0,0.0,4.100331764197875,4.810090068206432,,,,
CMN,Camí dels Nerets,2026-09-07,0.0,0.0,0.08779166666666664,0.07356249999999999,0.06775,0.0,0.0,3.5454381906481958,4.218519660705999,,,,
CMN,Camí dels Nerets,2026-09-08,0.17582857910236419,0.0,0.08691666666666664,0.07358333333333333,0.06777083333333334,0.0,0.0,3.4195029435372395,4.058751281293704,,,,
CMN,Camí dels Nerets,2026-09-09,0.29708530089429563,0.0,0.08585416666666663,0.07314583333333334,0.06735416666666667,0.0,0.0,3.6653782951714375,4.140550540203258,,,,
CMN,Camí dels Nerets,2026-09-10,0.0,0.0,0.08416666666666667,0.07216666666666667,0.067,0.0,0.0,3.2971155518694357,3.7466301650639493,,,,
CMN,Camí dels Nerets,2026-09-11,0.0,0.0,0.08377083333333334,0.072,0.067,0.0,0.0,2.8730547349793243,3.305817085393214,,,,
CMN,Camí dels Nerets,2026-09-12,0.0,0.0,0.08337500000000002,0.07195833333333333,0.067,0.0,0.0,2.5133425147477393,2.911899019563582,,,,
CMN,Camí dels Nerets,2026-09-13,0.0,0.0,0.08331250000000001,0.07202083333333333,0.067,0.0,0.0,2.180660766063169,2.567598383400676,,,,
CMN,Camí dels Nerets,2026-09-14,0.0,0.0,0.08327083333333334,0.07216666666666667,0.067,0.0,0.0,1.874169433189125,2.246057283959947,,,,
CMN,Camí dels Nerets,2026-09-15,0.0,0.0,0.08322916666666667,0.07225,0.067,0.0,0.0,1.6094450586793476,1.9694858119552554,,,,
CMN,Camí dels Nerets,2026-09-16,0.07782770586056144,0.1,0.08237500000000002,0.07210416666666668,0.067,0.0,0.0,1.5862298909765018,1.9221963325533178,,,,
CMN,Camí dels Nerets,2026-09-17,0.0,0.0,0.08135416666666667,0.07154166666666666,0.06656250000000001,0.0,0.0,1.4292183715392943,1.725554423022671,,,,
CMN,Camí dels Nerets,2026-09-18,0.0,0.0,0.08108333333333334,0.0714375,0.06604166666666667,0.0,0.0,1.2882567996265044,1.539506113437874,,,,
EBX,El Boixer,2026-07-21,0.0,0.0,0.07214583333333334,0.11397916666666667,0.45045833333333335,0.0,0.0,3.418551688386508,2.942679547899363,0.0,0.0,3.418551688386508,2.942679547899363
EBX,El Boixer,2026-07-22,0.0,0.0,0.07116666666666667,0.11329166666666668,0.45114583333333336,0.0,0.0,2.8329494565519098,2.3452296115594238,0.0,0.0,2.8329494565519098,2.3452296115594238
EBX,El Boixer,2026-07-23,0.0,0.0,0.07066666666666667,0.113,0.4502916666666667,0.0,0.0,2.342898246935742,1.8476821955838925,0.0,0.0,2.342898246935742,1.8476821955838925
EBX,El Boixer,2026-07-24,0.0,0.0,0.07002083333333335,0.11239583333333335,0.44802083333333337,0.0,0.0,1.9328961893791037,1.4957490273408955,0.0,0.0,1.9328961893791037,1.4957490273408955
EBX,El Boixer,2026-07-25,0.48162550840720963,0.2,0.069375,0.112,0.45002083333333337,0.0,0.0,2.5427303435606,2.1716016398125824,0.0,0.0,2.0282995706397435,1.6559904755067152
EBX,El Boixer,2026-07-26,0.0,0.0,0.06877083333333334,0.11135416666666668,0.45031250000000006,0.0,0.0,2.169215142468109,1.849373776407728,0.0,0.0,1.7303518453050761,1.4102703291600904
EBX,El Boixer,2026-07-27,0.0,0.0,0.06879166666666668,0.111,0.45064583333333336,0.0,0.0,1.826081225191312,1.5526890160779656,0.0,0.0,1.4566388348606114,1.1840284953325564
EBX,El Boixer,2026-07-28,0.0,0.0,0.0688125,0.111,0.45006250000000003,0.0,0.0,1.5077285852532323,1.2868232782134559,0.0,0.0,1.2026934943593302,0.9812882129549881
EBX,El Boixer,2026-07-29,0.0,0.0,0.0686875,0.11075000000000002,0.4500208333333333,0.0,0.0,1.2415601330280217,1.0663317270144768,0.0,0.0,0.9903747328620897,0.8131487613994426
EBX,El Boixer,2026-07-30,0.18825317684036538,0.0,0.06860416666666667,0.11029166666666668,0.4507291666666667,0.0,0.0,1.3448343828452214,1.2040409598855575,0.0,0.0,0.8115103035706599,0.6678383752135348
EBX,El Boixer,2026-07-31,1.260783902836099,0.4,0.06808333333333334,0.11,0.4507083333333333,0.0,0.0,3.3685036982601684,3.185436696139955,0.0,0.0,1.3910433282620933,1.2452408274124518
EBX,El Boixer,2026-08-01,2.2276625926109905,0.0,0.0681875,0.10972916666666667,0.45075000000000004,0.0,0.0,6.779442594163078,6.5942317937267045,0.0,0.0,1.1645252812373974,1.0374380727822576
EBX,El Boixer,2026-08-02,5.365215539950414,0.0,0.06814583333333334,0.1095,0.45064583333333336,0.0,0.0,15.251970808137148,15.150826204945655,0.0,0.0,0.97747714810539,0.8739360671590298
EBX,El Boixer,2026-08-03,24.602651660230478,17.200000000000003,0.09139583333333334,0.10968750000000001,0.45075000000000004,40.840900212314224,41.483297239915075,58.21185523009666,58.62499533668927,25.124016985138,25.766414012738853,31.604866635421917,31.82276209839767
EBX,El Boixer,2026-08-04,0.0,0.0,0.12281249999999999,0.11154166666666669,0.45012500000000005,29.919819532908704,30.389694267515925,49.80452708676998,50.065952677983425,14.202936305732484,14.6728110403397,26.82930890985846,26.944461850256488
EBX,El Boixer,2026-08-05,0.0,0.0,0.10383333333333333,0.11316666666666668,0.4497083333333334,19.31223142250531,20.39307430997877,42.47824504582591,43.09437581392738,3.595348195329087,4.676193205944799,22.88269811894001,23.192489712606587
EBX,El Boixer,2026-08-06,18.261269982676755,23.300000000000004,0.12689583333333335,0.11406250000000001,0.45060416666666664,47.78996815286624,49.39705307855626,72.15701763051965,73.1973578656238,42.771025477707006,44.37811040339703,63.70576556342684,64.43210149276489
EBX,El Boixer,2026-08-07,0.07948077512188446,0.0,0.15916666666666668,0.11595833333333334,0.4499166666666667,36.926197452229296,38.530760084925696,63.07726179197289,64.05969895522081,31.738507430997874,33.34307006369427,54.91988523200784,55.60527693955881
EBX,El Boixer,2026-08-08,26.259614647472432,6.7,0.14345833333333333,0.12054166666666666,0.449125,80.94701910828026,83.33318259023355,88.60539671213874,89.34390991486048,34.23148407643312,36.61764755838641,59.5082409595709,60.781693538805044
EBX,El Boixer,2026-08-09,0.889783190828322,0.6,0.14102083333333335,0.12445833333333334,0.4493125,71.81721019108281,74.68096815286624,80.28316829918306,81.41479076678826,24.486424628450106,27.350182590233548,52.1634803937916,53.735348156520004
EBX,El Boixer,2026-08-10,0.06851378284711818,0.0,0.12260416666666667,0.126875,0.4497708333333333,61.76086624203821,64.4451889596603,71.45593055422431,72.37655657607185,14.284615711252652,16.968938428874733,44.78872370563941,46.06697371346373
EBX,El Boixer,2026-08-11,30.907265113340724,3.9000000000000004,0.11108333333333335,0.128,0.45060416666666664,100.0,100.0,89.19355541030724,89.86371716022622,11.455515923566878,14.847027600849257,44.97661928586253,46.60458924372011
EBX,El Boixer,2026-08-12,0.8238799877928366,0.0,0.11191666666666665,0.12825,0.453,90.37750955414013,91.73572611464968,80.38892678560065,82.25556734912222,0.08381104033970277,4.833541401273885,37.923357308059444,40.10482716982263
EBX,El Boixer,2026-08-13,0.47418344725645906,4.4,0.11112499999999999,0.12839583333333335,0.45408333333333334,80.60570488322718,82.65102547770701,71.87851873758788,74.24481653936418,0.0,4.083906581740976,40.20918695029202,42.50078170538803
EBX,El Boixer,2026-08-14,3.000985807444583,0.0,0.10664583333333333,0.12791666666666668,0.4544791666666666,75.67932908704883,77.92857961783439,68.45990946255094,70.870380826652,0.0,0.0,33.941113295092954,35.985388377504066
EBX,El Boixer,2026-08-15,0.15687764736697116,0.0,0.0944375,0.127375,0.4580208333333333,68.13479193205946,70.13201061571124,62.27378737042693,64.38388033027296,0.0,0.0,30.158381839156494,31.854171079017785
EBX,El Boixer,2026-08-16,13.531165248616206,25.8,0.126875,0.138625,0.45727083333333335,89.70432908704883,91.92725265392782,84.28631592938932,86.53260176523571,47.61801910828025,47.843723991507424,78.43271810589792,80.27220700440344
EBX,El Boixer,2026-08-17,0.0,0.0,0.16533333333333333,0.1775,0.45375000000000004,81.2804373673036,83.33409766454352,76.68547145815685,78.68781897281352,39.19412738853503,39.250569002123136,71.07330385930871,72.69071028974341
EBX,El Boixer,2026-08-18,0.0,0.0,0.14129166666666668,0.1743958333333333,0.45387500000000003,72.04840976645436,73.2603439490446,68.71501950208553,69.91044257797333,29.962099787685773,29.1768152866242,63.35602219418929,64.20791961705636
EBX,El Boixer,2026-08-19,0.946990465405982,0.8,0.12137500000000001,0.16854166666666667,0.4561458333333334,64.44569639065817,64.51064543524416,62.71352301951727,62.91585170857522,22.047303609341828,20.11503609341826,57.30858574882571,57.21629075390144
EBX,El Boixer,2026-08-20,5.788226011779306,13.9,0.11656250000000001,0.16406250000000003,0.45529166666666665,69.36730148619958,69.14198513800423,68.67327824696275,68.6233826432032,44.19135881104034,41.96882377919321,80.0633771108425,79.71340671338965
EBX,El Boixer,2026-08-21,3.7682580565915,1.6,0.17808333333333334,0.16381250000000003,0.45477083333333335,70.71034607218682,70.04728237791932,70.88959871365661,70.46781903481451,40.93088322717622,38.270600849256894,77.45398753389868,76.72823997112542
EBX,El Boixer,2026-08-22,0.0,0.0,0.157125,0.16681250000000003,0.45458333333333334,65.09780467091295,64.38351167728237,66.16063803361286,65.70807976400067,35.31834182590233,32.60683227176221,72.5433731028185,71.79369954692613
EBX,El Boixer,2026-08-23,1.8774079484601625,0.0,0.14070833333333332,0.166,0.45427083333333335,61.662845010615705,61.70892356687898,63.949072603549865,64.13583412339057,27.897377919320594,25.94623779193206,66.2585029198116,66.16667784807298
EBX,El Boixer,2026-08-24,13.10599519376109,26.600000000000005,0.16191666666666668,0.19964583333333333,0.4525208333333333,83.04449469214437,83.94030573248408,85.69423362292733,86.66647489583225,77.92871974522293,76.82731422505307,93.65847244955788,94.48301339855111
EBX,El Boixer,2026-08-25,0.3425689142355909,0.1,0.18577083333333336,0.2405208333333333,0.45337500000000003,76.72156263269639,77.85730785562632,79.96443828831474,81.12015742848439,71.09077919320593,70.22930573248408,87.15564843130849,88.17724424786906
EBX,El Boixer,2026-08-26,0.0,0.0,0.16989583333333336,0.22795833333333335,0.4543333333333333,69.50500212314225,70.95528450106157,73.58657456123892,74.97630303668568,63.874218683651804,63.32728450106157,80.52293125228957,81.79400339315991
EBX,El Boixer,2026-08-27,0.0,0.0,0.1541875,0.21839583333333334,0.4536875,62.68663694267515,63.63064755838641,67.76843036369286,68.68403684959051,57.055853503184714,56.00264543524416,74.47229947016989,75.25656809069142
EBX,El Boixer,2026-08-28,0.0,0.0,0.13989583333333333,0.21014583333333337,0.4560625,56.17528450106157,55.68545010615711,62.39438883930836,62.11425749092606,50.544501061571125,48.057450106157106,68.88351628745227,68.43080671447267
EBX,El Boixer,2026-08-29,0.0,0.0,0.12862500000000002,0.20295833333333335,0.45491666666666664,48.85551592356688,48.15084713375796,56.55838895473716,56.120533549951325,43.22473248407643,40.52284501061571,62.814315321802994,62.203545927994824
EBX,El Boixer,2026-08-30,0.0,0.0,0.118625,0.19654166666666661,0.4537291666666667,41.524386411889594,40.53710828025477,50.92354516852615,50.288934014390115,35.89360297239915,32.909106157112525,56.954308463515126,56.144726491553236
EBX,El Boixer,2026-08-31,0.0,0.0,0.11025,0.19000000000000003,0.453625,34.35360721868365,33.46285987261146,45.73553609697086,45.22646464044718,28.722823779193206,25.834859872611467,51.42657259666601,50.71823105262807
EBX,El Boixer,2026-09-01,0.0,0.0,0.10381250000000002,0.18439583333333331,0.4522083333333334,27.139029723991506,26.19083651804671,41.04450346640284,40.552687273489425,21.50824628450106,18.56283439490446,46.16403238645182,45.48001406162098
EBX,El Boixer,2026-09-02,0.0,0.0,0.09891666666666665,0.17868749999999997,0.45127083333333334,19.288110403397027,17.212666666666667,36.484705253562154,35.443132441997705,13.65732696390658,9.584666666666665,41.035485209713116,39.74962623263035
EBX,El Boixer,2026-09-03,0.0,0.0,0.09452083333333333,0.17258333333333334,0.4507291666666667,10.82288110403397,7.367420382165604,32.134001269567186,30.577083189981305,5.192097664543524,0.0,36.142112829525544,34.29233096354661
EBX,El Boixer,2026-09-04,0.0,0.0,0.09072916666666665,0.1663541666666667,0.45058333333333334,2.1705520169851376,0.0,28.222788736571715,25.074705778409687,0.0,0.0,31.743050183018074,28.121390913065223
EBX,El Boixer,2026-09-05,0.0,0.0,0.08724999999999998,0.16033333333333336,0.45243750000000005,0.0,0.0,24.826251212187273,21.92503170581966,0.0,0.0,27.922858560872378,24.589017826545685
EBX,El Boixer,2026-09-06,0.0,0.0,0.0845625,0.15483333333333335,0.4533958333333334,0.0,0.0,22.07493188599482,18.995140050459298,0.0,0.0,24.82836395737971,21.303131670933848
EBX,El Boixer,2026-09-07,0.0,0.0,0.08235416666666667,0.14952083333333333,0.45314583333333336,0.0,0.0,19.694380272701114,16.598911003280964,0.0,0.0,22.150883357238783,18.615750437094402
EBX,El Boixer,2026-09-08,0.0,0.0,0.08075,0.145375,0.453,0.0,0.0,17.651328271252062,14.576024063646791,0.0,0.0,19.852999090243042,16.34707399059475
EBX,El Boixer,2026-09-09,2.699573342625581,14.500000000000002,0.16370833333333334,0.1444791666666667,0.453625,0.840864118895966,0.0022292993630573248,21.728930232002682,18.63525254363076,25.894849256900212,25.056214437367302,47.05920228251257,43.25122060998633
EBX,El Boixer,2026-09-10,0.0,0.0,0.1475625,0.14527083333333332,0.45108333333333334,0.0,0.0,19.747462006010952,16.699075499818203,19.520210191082803,17.74276645435244,42.76785829697288,38.757478426140814
EBX,El Boixer,2026-09-11,0.0,0.0,0.13110416666666666,0.1454375,0.45008333333333334,0.0,0.0,17.59573490220666,14.90487200707539,11.828980891719745,10.16508492569002,38.10777793620317,34.59324770792872
EBX,El Boixer,2026-09-12,0.0,0.0,0.11868749999999999,0.14477083333333332,0.45060416666666675,0.0,0.0,15.694630374408824,13.345995180251228,4.206454352441614,2.8002993630573245,33.99048078541779,30.975195020802047
EBX,El Boixer,2026-09-13,0.023400586828280393,0.0,0.10866666666666668,0.14441666666666667,0.4501458333333334,0.0,0.0,13.962044520959886,11.77177574460181,0.0,0.0,30.142731634199233,27.220201221590116
EBX,El Boixer,2026-09-14,0.0,0.0,0.10070833333333333,0.14339583333333333,0.4498541666666667,0.0,0.0,12.284885382118787,10.481326738636117,0.0,0.0,26.521903914158678,24.23626044912892
EBX,El Boixer,2026-09-15,0.0,0.0,0.09431249999999998,0.14189583333333333,0.45058333333333334,0.0,0.0,10.821296355637598,9.203194714063084,0.0,0.0,23.36215383731618,21.280800571923017
EBX,El Boixer,2026-09-16,1.6761718548144942,0.6,0.08970833333333332,0.1404375,0.4513958333333334,0.0,0.0,12.98923617901018,11.601773392157865,0.0,0.0,22.25328730059864,20.50426753401525
EBX,El Boixer,2026-09-17,0.0,0.0,0.08718749999999999,0.13947916666666668,0.45160416666666664,0.0,0.0,12.097978650252367,10.832442236097945,0.0,0.0,20.726376127921778,19.144598515072975
EBX,El Boixer,2026-09-18,0.0,0.0,0.08495833333333332,0.1385,0.45114583333333336,0.0,0.0,11.007120677525377,9.840565034530353,0.0,0.0,18.857507509575342,17.3916151724075
LCS,Los Coscolls,2026-07-21,0.0,0.0,0.07191666666666667,0.08733333333333332,0.08566666666666667,0.0,0.0,0.6386314515842415,0.6862949979408212,0.0,0.0,0.6386314515842415,0.6862949979408212
LCS,Los Coscolls,2026-07-22,0.0,0.0,0.07162500000000001,0.08706249999999999,0.08554166666666667,0.0,0.0,0.4968256019887651,0.5456958498586306,0.0,0.0,0.4968256019887651,0.5456958498586306
LCS,Los Coscolls,2026-07-23,0.0,0.0,0.0714375,0.08697916666666665,0.0855625,0.0,0.0,0.38077898267993165,0.4240054179125751,0.0,0.0,0.38077898267993165,0.4240054179125751
LCS,Los Coscolls,2026-07-24,0.0,0.0,0.07097916666666666,0.08691666666666666,0.0855,0.0,0.0,0.2952846670196199,0.3305184581869695,0.0,0.0,0.2952846670196199,0.3305184581869695
LCS,Los Coscolls,2026-07-25,0.0,0.0,0.06920833333333333,0.08610416666666665,0.0854375,0.0,0.0,0.24112449493058202,0.268920315283765,0.0,0.0,0.24112449493058202,0.268920315283765
LCS,Los Coscolls,2026-07-26,0.0,0.0,0.06856250000000001,0.08527083333333334,0.08510416666666666,0.0,0.0,0.19550408664557903,0.2194280643788819,0.0,0.0,0.19550408664557903,0.2194280643788819
LCS,Los Coscolls,2026-07-27,0.0,0.0,0.06875,0.08516666666666667,0.0839375,0.0,0.0,0.15554266724224683,0.17692007872936646,0.0,0.0,0.15554266724224683,0.17692007872936646
LCS,Los Coscolls,2026-07-28,0.0,0.0,0.06922916666666667,0.08535416666666668,0.0840625,0.0,0.0,0.12037244882808801,0.1398247728557028,0.0,0.0,0.12037244882808801,0.1398247728557028
LCS,Los Coscolls,2026-07-29,0.0,0.0,0.06981250000000001,0.08562499999999999,0.08468750000000001,0.0,0.0,0.09261945772065827,0.10915841558947952,0.0,0.0,0.09261945772065827,0.10915841558947952
LCS,Los Coscolls,2026-07-30,0.0,0.0,0.0699375,0.08585416666666668,0.0855625,0.0,0.0,0.07057576306510681,0.08505970054199076,0.0,0.0,0.07057576306510681,0.08505970054199076
LCS,Los Coscolls,2026-07-31,1.3424719312335776,1.7,0.06858333333333334,0.08552083333333334,0.08537499999999999,0.0,0.0,2.4307224344754834,2.5186801074944096,0.0,0.0,3.06353604374019,3.1713843370501835
LCS,Los Coscolls,2026-08-01,0.0,0.0,0.06975,0.08504166666666667,0.085125,0.0,0.0,1.9109612631675437,2.0303293823006987,0.0,0.0,2.4084603922160004,2.5564797938896264
LCS,Los Coscolls,2026-08-02,0.14265042124339333,0.0,0.07035416666666668,0.0855,0.08554166666666667,0.0,0.0,1.7540777156993435,1.8839382011332342,0.0,0.0,1.8881920939327723,2.0435890017126064
LCS,Los Coscolls,2026-08-03,8.260377461579722,13.1,0.07554166666666667,0.09377083333333334,0.09679166666666666,4.836581235697941,6.174093821510297,16.727329632586333,17.173603502203093,15.911233409610984,17.248743707093823,25.804003908408493,26.45531710370877
LCS,Los Coscolls,2026-08-04,0.0,0.0,0.09691666666666665,0.1410625,0.1190625,0.0,0.0,13.202862293180733,13.92397835382479,0.13721739130434782,3.264670480549199,20.36707099689878,21.44938670840727
LCS,Los Coscolls,2026-08-05,0.0,0.0,0.10183333333333333,0.14289583333333333,0.10085416666666665,0.0,0.0,10.548536203960944,11.2703031339014,0.0,0.0,16.27244009735645,17.361495694484574
LCS,Los Coscolls,2026-08-06,7.750848874332553,2.4000000000000004,0.1030625,0.12931250000000002,0.09277083333333332,3.418402745995423,3.8008123569794043,22.818266327483457,23.535149408424168,0.0,0.0,17.557928633453233,18.542556611508182
LCS,Los Coscolls,2026-08-07,0.0,0.0,0.10335416666666668,0.1186875,0.08979166666666664,0.0,0.0,18.123362267969974,19.19760303214159,0.0,0.0,13.94534960423218,15.125148978290733
LCS,Los Coscolls,2026-08-08,6.78320764761259,6.4,0.10629166666666667,0.11095833333333334,0.08766666666666666,0.07553775743707093,0.42604576659038895,26.687130167996244,27.68437330426327,0.0,0.0,22.677650486398978,23.737926447473654
LCS,Los Coscolls,2026-08-09,1.2160128559234482,1.3,0.11464583333333334,0.10827083333333336,0.08706249999999999,0.0,0.0,23.485415548160915,24.67721172811964,0.0,0.0,20.443293619998013,21.636395429392778
LCS,Los Coscolls,2026-08-10,0.02855703512989832,0.0,0.11737500000000001,0.10764583333333333,0.08629166666666666,0.0,0.0,18.96209226962168,20.14314531675097,0.0,0.0,16.460087192674457,17.614388474811186
LCS,Los Coscolls,2026-08-11,0.11503776498140561,0.0,0.1190625,0.10595833333333333,0.08599999999999998,0.0,0.0,15.331871573210357,16.38439244202062,0.0,0.0,13.126633275384549,14.142680730268294
LCS,Los Coscolls,2026-08-12,0.0,0.0,0.11952083333333334,0.10414583333333333,0.08599999999999998,0.0,0.0,12.047688567807828,13.09837067062289,0.0,0.0,10.314826137859566,11.306252284719083
LCS,Los Coscolls,2026-08-13,0.0,0.0,0.11822916666666666,0.10195833333333333,0.08599999999999998,0.0,0.0,9.541375427068932,10.15152168908811,0.0,0.0,8.169005041285645,8.762591025771425
LCS,Los Coscolls,2026-08-14,1.813773366836643,2.0,0.11575000000000002,0.09947916666666667,0.08587499999999999,0.0,0.0,10.6534305730666,11.28257519261854,0.0,0.0,9.917190501926386,10.52305596684603
LCS,Los Coscolls,2026-08-15,0.0,0.0,0.11260416666666667,0.096625,0.0854375,0.0,0.0,8.798439077938284,9.439694942535613,0.0,0.0,8.190394245033396,8.804234538161447
LCS,Los Coscolls,2026-08-16,0.5458080117509087,0.1,0.11256250000000001,0.09502083333333333,0.084625,0.0,0.0,8.309007537724924,8.822357237804322,0.0,0.0,6.962520615885436,7.455824484260254
LCS,Los Coscolls,2026-08-17,0.0,0.0,0.11214583333333333,0.09422916666666666,0.08416666666666667,0.0,0.0,6.797278655287786,7.280529047555005,0.0,0.0,5.695769627658511,6.15281667563013
LCS,Los Coscolls,2026-08-18,0.0,0.0,0.11162500000000002,0.09375,0.08427083333333334,0.0,0.0,5.5580125826538715,5.929829845769207,0.0,0.0,4.6573284492017715,5.011333066647224
LCS,Los Coscolls,2026-08-19,0.0,0.0,0.11035416666666668,0.09312499999999997,0.08460416666666666,0.0,0.0,4.450092158440675,4.740619837420863,0.0,0.0,3.728948163190254,4.006324897268492
LCS,Los Coscolls,2026-08-20,0.4893154769624265,3.3,0.10835416666666668,0.09291666666666665,0.08485416666666667,0.0,0.0,4.674392167078168,4.86013162668699,0.0,0.0,9.4669667599593,9.585201226013178
LCS,Los Coscolls,2026-08-21,1.4243415790645384,0.30000000000000004,0.10262500000000001,0.09099999999999997,0.08474999999999999,0.0,0.0,6.802914918240805,7.030309409486872,0.0,0.0,8.70623838139799,8.89380855755304
LCS,Los Coscolls,2026-08-22,0.0,0.5,0.10066666666666667,0.08914583333333333,0.0838125,0.0,0.0,5.898186877872876,6.170568672164701,0.0,0.0,8.540385885607392,8.81042356400988
LCS,Los Coscolls,2026-08-23,0.0,0.0,0.10181250000000001,0.08920833333333333,0.08295833333333334,0.0,0.0,4.9368260019971535,5.278719101429313,0.0,0.0,7.148366096253892,7.537028372898159
LCS,Los Coscolls,2026-08-24,7.156101773495969,5.4,0.09985416666666665,0.08877083333333331,0.083,6.419377574370708,7.767244851258581,18.35577705923146,19.031149394188866,2.400837528604119,3.7487048054919905,16.799454709727765,17.484144834744345
LCS,Los Coscolls,2026-08-25,0.0,0.0,0.10141666666666667,0.08741666666666666,0.08297916666666667,0.0,0.0,15.525372144756235,16.43036291280359,0.0,0.0,14.209029961296642,15.094771151477996
LCS,Los Coscolls,2026-08-26,0.0,0.0,0.10189583333333334,0.0874583333333333,0.08266666666666668,0.0,0.0,13.13920030985258,14.050175680963985,0.0,0.0,12.025173318195186,12.908064640309512
LCS,Los Coscolls,2026-08-27,0.0,0.0,0.10408333333333335,0.08791666666666664,0.08264583333333335,0.0,0.0,11.054317281588352,11.966362596348219,0.0,0.0,10.117060254096364,10.99364060709361
LCS,Los Coscolls,2026-08-28,0.0,0.0,0.1030625,0.08816666666666666,0.08297916666666667,0.0,0.0,9.669345033052927,10.358608243170913,0.0,0.0,8.849514974568173,9.51657743096058
LCS,Los Coscolls,2026-08-29,0.0,0.0,0.10164583333333332,0.08735416666666666,0.08252083333333333,0.0,0.0,8.176837863929924,8.732773422872135,0.0,0.0,7.483552285507508,8.02290351318059
LCS,Los Coscolls,2026-08-30,0.0,0.0,0.10166666666666667,0.08743749999999999,0.08243750000000001,0.0,0.0,6.8468776192981355,7.326161312957806,0.0,0.0,6.2663547338411405,6.730632124487849
LCS,Los Coscolls,2026-08-31,0.0,0.0,0.10099999999999999,0.08783333333333332,0.08266666666666668,0.0,0.0,5.7754553888233975,6.256842928300703,0.0,0.0,5.285774659362426,5.748236520073726
LCS,Los Coscolls,2026-09-01,0.0,0.0,0.09954166666666668,0.08814583333333333,0.083,0.0,0.0,4.942573671824882,5.420506799651596,0.0,0.0,4.523510079762946,4.979884504073297
LCS,Los Coscolls,2026-09-02,0.0,0.0,0.09812499999999998,0.08802083333333333,0.083,0.0,0.0,4.134925522162208,4.614631952980403,0.0,0.0,3.784339601287892,4.239517632581084
LCS,Los Coscolls,2026-09-03,0.0,0.0,0.09677083333333332,0.08841666666666666,0.08304166666666668,0.0,0.0,3.4237972154852505,3.845405044648567,0.0,0.0,3.1335053847752885,3.5328196608777493
LCS,Los Coscolls,2026-09-04,0.0,0.0,0.09479166666666666,0.08841666666666666,0.08304166666666668,0.0,0.0,2.8113771871850113,3.1243087890661934,0.0,0.0,2.573010315808111,2.8703398961902944
LCS,Los Coscolls,2026-09-05,0.0,0.0,0.09249999999999999,0.08835416666666666,0.0830625,0.0,0.0,2.314182758380645,2.564453010918655,0.0,0.0,2.117971269426403,2.3559936888777195
LCS,Los Coscolls,2026-09-06,0.0,0.0,0.08960416666666667,0.08818749999999997,0.08302083333333334,0.0,0.0,1.9109288469648993,2.1187286430086,0.0,0.0,1.748907851436022,1.9465013748037263
LCS,Los Coscolls,2026-09-07,0.0,0.0,0.08704166666666664,0.08770833333333332,0.08339583333333334,0.0,0.0,1.5824476155053706,1.7585497081258474,0.0,0.0,1.448277398522306,1.6156006744058344
LCS,Los Coscolls,2026-09-08,0.18885047701288854,0.0,0.08412499999999999,0.08722916666666665,0.08341666666666665,0.0,0.0,1.7040747323534016,1.866849338454131,0.0,0.0,1.2250438015843867,1.3767656600697535
LCS,Los Coscolls,2026-09-09,0.605353701662908,0.0,0.08095833333333334,0.08629166666666666,0.08345833333333334,0.0,0.0,2.7637656575194005,2.8651243172877976,0.0,0.0,1.0959467379670216,1.2129415135632142
LCS,Los Coscolls,2026-09-10,0.0,0.0,0.07854166666666668,0.08445833333333334,0.08316666666666668,0.0,0.0,2.4045376291337566,2.486582973182917,0.0,0.0,0.9534980521226042,1.0526872069370121
LCS,Los Coscolls,2026-09-11,0.0,0.0,0.07779166666666668,0.08420833333333333,0.0825,0.0,0.0,2.0447511090299613,2.1181435065127623,0.0,0.0,0.8108279013449986,0.8967094988624235
LCS,Los Coscolls,2026-09-12,0.0,0.0,0.07722916666666667,0.08422916666666667,0.08227083333333335,0.0,0.0,1.742411690440231,1.8076762435377292,0.0,0.0,0.6909378887237188,0.765274143826505
LCS,Los Coscolls,2026-09-13,0.0,0.0,0.07660416666666667,0.08429166666666667,0.082,0.0,0.0,1.472042802832799,1.5452309455191804,0.0,0.0,0.5837255063659871,0.6541687390503843
LCS,Los Coscolls,2026-09-14,0.0,0.0,0.07606249999999999,0.08452083333333334,0.082,0.0,0.0,1.2316762287644536,1.2970898046689312,0.0,0.0,0.48841027511626156,0.5491189549470822
LCS,Los Coscolls,2026-09-15,0.0,0.0,0.07554166666666667,0.08479166666666667,0.08252083333333333,0.0,0.0,1.0275547672838297,1.087428546323479,0.0,0.0,0.407467721520912,0.4603595100257412
LCS,Los Coscolls,2026-09-16,0.031236068301127105,0.2,0.07341666666666667,0.08443750000000001,0.08254166666666668,0.0,0.0,0.9691653577728901,1.0261622638171959,0.0,0.0,0.7629046615306079,0.8128720135997214
LCS,Los Coscolls,2026-09-17,0.0,0.0,0.07245833333333335,0.08322916666666667,0.082,0.0,0.0,0.8553256961481922,0.9040147481175123,0.0,0.0,0.673292700244533,0.7161131475372938
LCS,Los Coscolls,2026-09-18,0.0,0.0,0.07208333333333335,0.08287500000000002,0.082,0.0,0.0,0.7566683272099799,0.7927924696663344,0.0,0.0,0.5956318902974396,0.6280086823570545
PSN,Pessonada,2026-07-21,0.0,0.0,0.058625000000000003,0.07720833333333334,0.09158333333333331,0.0,0.0,0.445627003167597,0.40847796615267357,,,,
PSN,Pessonada,2026-07-22,0.0,0.0,0.05810416666666667,0.07710416666666668,0.09137499999999998,0.0,0.0,0.35839433185647745,0.3229721591145458,,,,
PSN,Pessonada,2026-07-23,0.0,0.0,0.05760416666666667,0.07706249999999999,0.09106249999999999,0.0,0.0,0.2845916306976914,0.2526444662630353,,,,
PSN,Pessonada,2026-07-24,0.0,0.0,0.0566875,0.0769375,0.09116666666666666,0.0,0.0,0.22803660324971253,0.1952662753464316,,,,
PSN,Pessonada,2026-07-25,0.0,0.0,0.05537500000000001,0.07656249999999999,0.09104166666666665,0.0,0.0,0.19138933070918684,0.16022814376905328,,,,
PSN,Pessonada,2026-07-26,0.0,0.0,0.0546875,0.07616666666666667,0.09110416666666665,0.0,0.0,0.15973605032198537,0.1331068484986048,,,,
PSN,Pessonada,2026-07-27,0.0,0.0,0.0545,0.0758125,0.09099999999999998,0.0,0.0,0.1314189455568179,0.10846254075576592,,,,
PSN,Pessonada,2026-07-28,0.0,0.0,0.054625,0.07585416666666667,0.09068749999999999,0.0,0.0,0.1051774054068646,0.0875690727572225,,,,
PSN,Pessonada,2026-07-29,0.0,0.0,0.05445833333333333,0.07614583333333334,0.09066666666666666,0.0,0.0,0.08375032471163302,0.06911718676973605,,,,
PSN,Pessonada,2026-07-30,0.0,0.0,0.05425,0.07627083333333334,0.09052083333333331,0.0,0.0,0.06625697680652808,0.054425471057731885,,,,
PSN,Pessonada,2026-07-31,0.7368129685363163,0.2,0.05335416666666667,0.07620833333333334,0.09054166666666665,0.0,0.0,1.2848919284909575,1.263287420813253,,,,
PSN,Pessonada,2026-08-01,0.0,0.0,0.05364583333333334,0.07577083333333334,0.09045833333333332,0.0,0.0,1.04004604793925,1.0114926446545267,,,,
PSN,Pessonada,2026-08-02,0.5832890952559113,0.0,0.05366666666666667,0.0759375,0.09022916666666665,0.0,0.0,1.8285540103933065,1.7776832759855499,,,,
PSN,Pessonada,2026-08-03,5.914223009316812,21.3,0.07814583333333334,0.08112499999999999,0.09060416666666665,0.0,0.0,11.74127749860642,11.732391693273035,,,,
PSN,Pessonada,2026-08-04,0.0,0.0,0.14583333333333334,0.09791666666666665,0.09106249999999999,0.0,0.0,9.562740190934978,9.707184935201807,,,,
PSN,Pessonada,2026-08-05,0.0,0.0,0.12612500000000001,0.09733333333333333,0.0918125,0.0,0.0,7.877455161147428,7.969320654904035,,,,
PSN,Pessonada,2026-08-06,1.408774685239086,0.2,0.1115,0.09641666666666665,0.09270833333333332,0.0,0.0,8.989222527861502,9.142441460518295,,,,
PSN,Pessonada,2026-08-07,0.0,0.0,0.1009375,0.09547916666666667,0.09295833333333332,0.0,0.0,7.323826383889478,7.604064100806015,,,,
PSN,Pessonada,2026-08-08,2.0057346252141888,1.0,0.09160416666666667,0.09466666666666668,0.09347916666666665,0.0,0.0,9.413920570760258,9.59252892300854,,,,
PSN,Pessonada,2026-08-09,0.3723966453823942,0.8,0.08439583333333334,0.093125,0.09399999999999999,0.0,0.0,8.35037675425922,8.518793173836947,,,,
PSN,Pessonada,2026-08-10,0.0201419554585959,0.0,0.07941666666666668,0.09135416666666667,0.09402083333333333,0.0,0.0,6.9372702733037235,6.96604455181085,,,,
PSN,Pessonada,2026-08-11,0.25287991435234725,0.30000000000000004,0.07579166666666666,0.09027083333333331,0.0940625,0.0,0.0,6.144899760534301,6.07989923931487,,,,
PSN,Pessonada,2026-08-12,0.0,0.0,0.07247916666666666,0.08895833333333332,0.09402083333333333,0.0,0.0,4.996415455451568,4.975385186259044,,,,
PSN,Pessonada,2026-08-13,0.0,0.0,0.06989583333333334,0.08822916666666665,0.09399999999999999,0.0,0.0,4.107994965401394,4.109323687967269,,,,
PSN,Pessonada,2026-08-14,6.076398634687481,3.4000000000000004,0.06760416666666667,0.08695833333333332,0.09399999999999999,0.0,0.0,13.55093586061259,13.577581200070252,,,,
PSN,Pessonada,2026-08-15,0.0,0.0,0.065875,0.0850625,0.09399999999999999,0.0,0.0,11.642652424635525,11.592851231327828,,,,
PSN,Pessonada,2026-08-16,5.9127291746601,3.0,0.06533333333333334,0.08358333333333334,0.09399999999999999,2.1420606694560673,2.879945606694561,20.59718670553293,20.78323455511009,,,,
PSN,Pessonada,2026-08-17,0.0,0.0,0.065125,0.08275,0.09420833333333334,0.0,0.0,17.497415621375872,17.708610382332868,,,,
PSN,Pessonada,2026-08-18,0.0,0.0,0.06591666666666667,0.08214583333333335,0.09416666666666666,0.0,0.0,14.846239661685892,14.936946558402468,,,,
PSN,Pessonada,2026-08-19,0.0,0.0,0.06581250000000001,0.08195833333333334,0.09399999999999999,0.0,0.0,12.356511878281106,12.41184190971614,,,,
PSN,Pessonada,2026-08-20,2.3965621019983123,7.0,0.0651875,0.08185416666666667,0.09399999999999999,0.0,0.0,15.037844557356383,14.839848259341577,,,,
PSN,Pessonada,2026-08-21,0.3401982866390218,0.9,0.064375,0.08068750000000001,0.09404166666666665,0.0,0.0,13.901263345201544,13.738049037399318,,,,
PSN,Pessonada,2026-08-22,0.0,0.0,0.06510416666666667,0.08,0.09424999999999999,0.0,0.0,12.37881578261475,12.288917415467504,,,,
PSN,Pessonada,2026-08-23,0.0,0.0,0.06685416666666667,0.07987500000000002,0.09412499999999997,0.0,0.0,10.682611751686238,10.672963050198815,,,,
PSN,Pessonada,2026-08-24,24.979698023099004,37.39999999999999,0.10960416666666667,0.10622916666666667,0.09479166666666666,43.83685983263598,44.75742887029289,56.222453982601856,56.93388527469505,,,,
PSN,Pessonada,2026-08-25,0.0,0.0,0.16908333333333334,0.1636875,0.10191666666666667,34.988937238493726,36.67530125523013,49.463806480459766,50.7185171864894,,,,
PSN,Pessonada,2026-08-26,0.0,0.0,0.14875000000000002,0.159,0.10795833333333334,25.89174058577406,26.80760251046025,43.154352009029374,43.74352282096006,,,,
PSN,Pessonada,2026-08-27,0.0,0.0,0.1353541666666667,0.1534791666666667,0.11252083333333333,16.524566945606693,15.602991631799165,37.497552550418426,36.976197114941186,,,,
PSN,Pessonada,2026-08-28,0.0,0.0,0.12358333333333334,0.14804166666666665,0.11579166666666668,9.139543933054394,6.915577405857741,33.56555258330811,32.45852615659557,,,,
PSN,Pessonada,2026-08-29,0.0,0.0,0.11358333333333336,0.14308333333333334,0.117875,0.20408786610878663,0.0,29.35516408949843,28.447923790840267,,,,
PSN,Pessonada,2026-08-30,0.0,0.0,0.10454166666666669,0.13837500000000003,0.11883333333333333,0.0,0.0,25.499276513703432,24.763278233042573,,,,
PSN,Pessonada,2026-08-31,0.0,0.0,0.0955625,0.1333125,0.11925000000000001,0.0,0.0,22.243884325131038,21.507384622380915,,,,
PSN,Pessonada,2026-09-01,0.0,0.0,0.08799999999999998,0.12847916666666667,0.1191875,0.0,0.0,19.541134008550713,18.898854019105418,,,,
PSN,Pessonada,2026-09-02,0.0,0.0,0.08252083333333333,0.12360416666666667,0.11854166666666666,0.0,0.0,16.9049316599503,16.444763193214328,,,,
PSN,Pessonada,2026-09-03,0.0,0.0,0.07829166666666668,0.11864583333333333,0.11747916666666665,0.0,0.0,14.507204730920334,14.131468827449686,,,,
PSN,Pessonada,2026-09-04,0.0,0.0,0.074875,0.11372916666666667,0.1161875,0.0,0.0,12.378461126249421,11.921435082301716,,,,
PSN,Pessonada,2026-09-05,0.0,0.0,0.07214583333333334,0.109,0.11458333333333333,0.0,0.0,10.58499711521407,10.142197983596336,,,,
PSN,Pessonada,2026-09-06,0.0,0.0,0.0703125,0.10445833333333332,0.11302083333333335,0.0,0.0,9.09422511235323,8.693428858764001,,,,
PSN,Pessonada,2026-09-07,0.0,0.0,0.06845833333333333,0.10027083333333335,0.11122916666666667,0.0,0.0,7.83199646776124,7.4408106564449215,,,,
PSN,Pessonada,2026-09-08,0.02450983649104481,0.0,0.06681250000000001,0.09683333333333333,0.10952083333333333,0.0,0.0,6.908935044897768,6.498754971217272,,,,
PSN,Pessonada,2026-09-09,3.7786111447520216,6.300000000000001,0.06483333333333334,0.09375,0.10812500000000001,2.1669728033472806,0.9948012552301256,13.592255935021239,12.985564958685229,,,,
PSN,Pessonada,2026-09-10,0.0,0.0,0.06402083333333335,0.09070833333333332,0.10714583333333334,0.0,0.0,12.164386921364812,11.597830750234605,,,,
PSN,Pessonada,2026-09-11,0.0,0.0,0.06497916666666666,0.08881249999999997,0.10560416666666667,0.0,0.0,10.563861629342757,10.011114016329639,,,,
PSN,Pessonada,2026-09-12,0.0,0.0,0.06529166666666668,0.08714583333333333,0.10441666666666667,0.0,0.0,9.18838986692222,8.63925339327823,,,,
PSN,Pessonada,2026-09-13,0.0,0.0,0.06525,0.08608333333333333,0.10341666666666667,0.0,0.0,7.955516525369086,7.479868999294993,,,,
PSN,Pessonada,2026-09-14,0.0,0.0,0.065,0.08508333333333333,0.1025,0.0,0.0,6.827547546345346,6.429954755308657,,,,
PSN,Pessonada,2026-09-15,0.0,0.0,0.0646875,0.08441666666666665,0.10139583333333334,0.0,0.0,5.8429629192433845,5.537607585560866,,,,
PSN,Pessonada,2026-09-16,0.020347666009547953,0.0,0.06370833333333334,0.08389583333333334,0.10049999999999999,0.0,0.0,5.286208265861036,4.96225245788612,,,,
PSN,Pessonada,2026-09-17,0.0,,,,,0.0,0.0,4.748004110788269,4.448660019033185,,,,
PSN,Pessonada,2026-09-18,0.0,,,,,0.0,0.0,4.263101366731261,3.9674162685117054,,,,
BDS,Batlliu de Sort,2026-07-21,0.0,0.0,0.09781250000000001,0.17604166666666665,0.21433333333333335,0.0,0.0,3.0687564034796124,3.74372409902511,0.0,0.0,3.0687564034796124,3.74372409902511
BDS,Batlliu de Sort,2026-07-22,0.0,0.0,0.09910416666666666,0.17600000000000002,0.214125,0.0,0.0,2.4972493327398717,3.1609894121262494,0.0,0.0,2.4972493327398717,3.1609894121262494
BDS,Batlliu de Sort,2026-07-23,0.07032253254362414,0.0,0.09979166666666665,0.17677083333333332,0.21485416666666668,0.0,0.0,2.127595762799759,2.7805122406789513,0.0,0.0,2.0141583769874942,2.662066262553526
BDS,Batlliu de Sort,2026-07-24,0.0,0.0,0.09937499999999999,0.1770208333333333,0.21543750000000003,0.0,0.0,1.7284401291927616,2.3385454546732385,0.0,0.0,1.6362845923107807,2.2389266507287164
BDS,Batlliu de Sort,2026-07-25,2.1037416095555006,6.1,0.0991875,0.17649999999999996,0.216,0.0,0.0,5.0165754656662,5.641715450819347,0.981662,2.288642,11.69333930863447,12.444234456976718
BDS,Batlliu de Sort,2026-07-26,0.0,0.0,0.09895833333333333,0.17416666666666666,0.21547916666666667,0.0,0.0,4.274621809067096,4.861946400330046,0.0,0.0,9.9638894244906,10.724256026449222
BDS,Batlliu de Sort,2026-07-27,0.0,0.0,0.0986875,0.17416666666666666,0.21485416666666668,0.0,0.0,3.582750970223371,4.191650747930741,0.0,0.0,8.351179612444577,9.245748943512648
BDS,Batlliu de Sort,2026-07-28,0.0,0.0,0.09895833333333333,0.1749791666666666,0.215,0.0,0.0,2.9289015137804,3.5633682715718074,0.0,0.0,6.8270953834159345,7.859912577042761
BDS,Batlliu de Sort,2026-07-29,0.0,0.0,0.09912499999999998,0.17600000000000002,0.21535416666666665,0.0,0.0,2.3685230915153817,2.9994921722907644,0.0,0.0,5.520886580692,6.616140811999258
BDS,Batlliu de Sort,2026-07-30,0.021522819011888857,0.0,0.09875,0.17668749999999997,0.216,0.0,0.0,1.9407729874640682,2.5449326139299058,0.0,0.0,4.443077823748133,5.534075032273437
BDS,Batlliu de Sort,2026-07-31,0.14374866442119313,0.7999999999999999,0.0970625,0.17643749999999994,0.21691666666666667,0.0,0.0,1.8224223935750923,2.3956388813051843,0.0,0.0,4.942416667996849,6.033924183393918
BDS,Batlliu de Sort,2026-08-01,0.3482998594401761,0.0,0.09670833333333333,0.17566666666666664,0.21647916666666667,0.0,0.0,2.0726904457425874,2.611681533441988,0.0,0.0,4.066697055172109,5.096207117721572
BDS,Batlliu de Sort,2026-08-02,0.6134003418388325,0.0,0.09654166666666668,0.17631249999999998,0.21675,0.0,0.0,2.7309648546712935,3.281171018997148,0.0,0.0,3.3659756297698222,4.356286197418579
BDS,Batlliu de Sort,2026-08-03,10.526041256130792,4.2,0.09904166666666665,0.17666666666666667,0.2168125,9.040778,10.777735999999999,19.86190293238422,20.857814576124593,0.0,0.0,9.82610269650337,10.934347593261226
BDS,Batlliu de Sort,2026-08-04,0.002633465680882835,0.0,0.10572916666666667,0.17537499999999998,0.21695833333333336,0.0,1.22308,16.677558841541572,18.075949704875164,0.0,0.0,8.248553116919204,9.473610937123064
BDS,Batlliu de Sort,2026-08-05,0.0,0.0,0.10129166666666667,0.17452083333333332,0.21643749999999998,0.0,0.0,13.977448980482261,15.614267548504394,0.0,0.0,6.913105895771436,8.18344254314789
BDS,Batlliu de Sort,2026-08-06,12.738953007591254,14.999999999999998,0.09981250000000001,0.1743958333333333,0.2160416666666667,14.093614,16.2621,33.26166056857298,35.786852792740675,18.615708,20.784194,31.118493268451026,33.253661680706244
BDS,Batlliu de Sort,2026-08-07,0.23204618111036496,0.0,0.10039583333333334,0.1745833333333333,0.21660416666666668,2.720136,7.220797999999999,28.238835542457505,31.43382525097655,6.778138,11.2788,26.055756725137662,28.834828602623453
BDS,Batlliu de Sort,2026-08-08,12.253047719377006,14.400000000000002,0.10077083333333332,0.17629166666666665,0.21716666666666665,14.62135,21.398482000000005,43.70017603898232,48.11545130110786,22.973256000000003,29.750388,45.53704355290078,49.70146306407915
BDS,Batlliu de Sort,2026-08-09,0.7902186826785121,1.2000000000000002,0.10045833333333332,0.1789375,0.2189791666666667,4.409914,13.240122,37.939806742172536,42.941565275323725,13.581381999999998,22.41159,40.16558150278661,45.045748910998654
BDS,Batlliu de Sort,2026-08-10,0.06751649032623551,0.0,0.10158333333333334,0.1816458333333333,0.2199791666666667,0.0,3.621498,32.01963534844302,37.21362816903813,2.034424,12.657934000000001,33.77787753381966,38.91476621734391
BDS,Batlliu de Sort,2026-08-11,34.50812075702192,49.3,0.10697916666666667,0.20020833333333332,0.22131250000000002,57.502262,63.123682,88.81117971454498,90.70868970362915,89.120444,100.0,88.81117971454498,90.70868970362915
BDS,Batlliu de Sort,2026-08-12,2.9391480183825047,3.8,0.11816666666666668,0.24668750000000003,0.22445833333333334,51.448882,59.4762,83.41429061326103,87.44324772162767,84.788768,98.074222,85.03628435403293,89.08487105324608
BDS,Batlliu de Sort,2026-08-13,0.050746319711608895,0.0,0.11750000000000001,0.23324999999999999,0.22658333333333336,39.62691,50.227412,72.89480674687087,78.97856108164024,72.865304,88.723942,74.32730884242144,80.44834570282504
BDS,Batlliu de Sort,2026-08-14,0.9415936823897656,1.2,0.11779166666666667,0.2284791666666667,0.22872916666666668,29.180226,42.23981,64.32845568213378,72.15220114623912,62.935432,81.253154,66.1612257684034,74.04313216630811
BDS,Batlliu de Sort,2026-08-15,0.01793568250990738,0.0,0.11777083333333334,0.22595833333333334,0.23068750000000002,24.804806,37.712174,60.778721709627234,68.3036488378471,58.524142000000005,76.689644,62.53642111213398,70.11685984719992
BDS,Batlliu de Sort,2026-08-16,1.7436538610590315,6.9,0.11739583333333332,0.2231875,0.23118750000000002,23.94567,37.05632,60.734675011197744,68.26877725349689,67.977698,86.346484,72.5455801065284,80.14606672260192
BDS,Batlliu de Sort,2026-08-17,0.0,0.0,0.11783333333333335,0.22075,0.2327916666666667,18.631304,32.268252,56.51990560757986,64.28820342575827,62.663332,81.558416,68.02110626968002,75.88452319640302
BDS,Batlliu de Sort,2026-08-18,0.0,0.0,0.11891666666666667,0.21964583333333332,0.23316666666666666,13.709362,27.69662,52.71500687910475,60.575472515155525,57.74139,76.986784,63.936620714179384,71.90972833985688
BDS,Batlliu de Sort,2026-08-19,0.27703759195845923,0.7,0.11941666666666667,0.21875,0.23399999999999999,8.441974,22.7439,48.88059131456484,56.753531314448026,53.319926,72.879988,60.593479723922776,68.60291806414983
BDS,Batlliu de Sort,2026-08-20,5.947093454809295,3.4,0.11879166666666667,0.21710416666666668,0.2350833333333333,13.567374,28.394638,55.42457451644984,63.46432700122897,53.35114000000001,73.436538,61.82302131146858,70.01190562989993
BDS,Batlliu de Sort,2026-08-21,0.5121085704399189,2.8,0.11822916666666665,0.2147916666666667,0.23572916666666666,10.814248,25.95618,53.521715576951294,61.66520379860637,55.173796,75.573864,64.29062306285275,72.59763992191307
BDS,Batlliu de Sort,2026-08-22,0.01415485115598626,0.0,0.117375,0.21222916666666666,0.2356458333333333,7.16129,22.460076,50.74958331425728,58.869098800447944,51.492528,72.04945,61.294294313017446,69.58275515067464
BDS,Batlliu de Sort,2026-08-23,0.2106859605342668,0.0,0.11797916666666668,0.2104166666666667,0.2351458333333333,2.717048,18.446198,47.57783321472837,55.796886262681795,46.626914,67.614202,57.41766211852209,65.86343863916449
BDS,Batlliu de Sort,2026-08-24,3.1604092770826884,37.699999999999996,0.1181875,0.2315,0.23702083333333332,5.38984,21.489125999999995,51.11696662545802,59.4823395404015,100.0,100.0,96.38504286884468,96.74882483757965
BDS,Batlliu de Sort,2026-08-25,0.03718738672948535,0.0,0.1211875,0.2641875,0.23933333333333331,1.645946,18.064054,48.35074797625209,56.78919557646074,96.181732,96.500554,92.67135171106128,93.33620718848286
BDS,Batlliu de Sort,2026-08-26,0.0,0.0,0.12191666666666666,0.25177083333333333,0.23981249999999998,0.0,13.997386,45.4503881988521,53.633340806007254,92.05771,92.433886,88.73912801469264,89.4447337389644
BDS,Batlliu de Sort,2026-08-27,0.0,0.0,0.12272916666666667,0.24191666666666664,0.2394791666666667,0.0,7.425610000000001,41.729181566400186,48.678967489392925,86.362998,85.862108,83.4408416243549,83.32095295618022
BDS,Batlliu de Sort,2026-08-28,0.0,0.0,0.12220833333333332,0.23416666666666666,0.24016666666666667,0.0,3.809364,39.66111480767084,46.10877944729636,82.974368,82.245864,80.35895806241547,80.03607194509635
BDS,Batlliu de Sort,2026-08-29,0.0,0.0,0.12141666666666666,0.22683333333333336,0.24008333333333334,0.0,0.22467800000000002,37.475141949093896,43.6949740975443,79.194808,78.661178,76.9825741412892,76.83795429810246
BDS,Batlliu de Sort,2026-08-30,0.0,0.0,0.12077083333333333,0.22085416666666668,0.23979166666666663,0.0,0.0,35.32905424427453,41.36693572176592,75.263332,75.011098,73.5375316162995,73.6398641261863
BDS,Batlliu de Sort,2026-08-31,0.0,0.0,0.11958333333333333,0.21545833333333334,0.23964583333333334,0.0,0.0,33.15836795632143,39.01589283978068,71.03596,71.110242,69.90798682485888,70.28595792124952
BDS,Batlliu de Sort,2026-09-01,0.0,0.0,0.11810416666666666,0.21027083333333332,0.23920833333333333,0.0,0.0,31.21521829669065,36.933710486820004,67.010002,67.453952,66.52196898096534,67.20116547104557
BDS,Batlliu de Sort,2026-09-02,0.0,0.0,0.11664583333333334,0.20591666666666666,0.23872916666666666,0.0,0.0,29.377437032037914,34.90880283077932,62.964748,63.694906,63.187684416452136,64.08793085245647
BDS,Batlliu de Sort,2026-09-03,0.0,0.0,0.114875,0.20177083333333332,0.23758333333333334,0.0,0.0,27.475003338932435,32.80973783787334,58.501394,59.560662,59.586198633328706,60.73084956729062
BDS,Batlliu de Sort,2026-09-04,0.0,0.0,0.11254166666666666,0.19787500000000002,0.2361875,0.0,0.0,25.731614750253648,30.780823766013317,54.130978,55.305098,56.13673449968664,57.34697558691176
BDS,Batlliu de Sort,2026-09-05,0.0,0.0,0.11022916666666667,0.19406250000000003,0.23491666666666666,0.0,0.0,24.086158558120193,28.903083378263297,49.725442,51.108856,52.735008093565824,54.08003865754807
BDS,Batlliu de Sort,2026-09-06,0.0,0.0,0.10822916666666667,0.19089583333333335,0.23333333333333336,0.0,0.0,22.61148316348683,27.155659494536167,45.51347799999999,46.951336,49.55340628354728,50.91014566411309
BDS,Batlliu de Sort,2026-09-07,0.0,0.0,0.10597916666666667,0.18810416666666663,0.23202083333333334,0.0,0.0,21.311435824650424,25.60174988432918,41.565874,43.023018,46.70433293867119,48.002166401607
BDS,Batlliu de Sort,2026-09-08,0.02547873208077527,0.0,0.10395833333333333,0.18560416666666665,0.23027083333333334,0.0,0.0,20.079247583329487,24.063956739456348,37.436192,38.760754,43.89900755085209,45.02924545141303
BDS,Batlliu de Sort,2026-09-09,0.6164381605328844,14.0,0.10547916666666668,0.18581249999999996,0.2297916666666667,0.0,0.0,20.345221491519684,23.49649179080615,62.340856,61.83888199999999,69.25906310116088,68.82307388030767
BDS,Batlliu de Sort,2026-09-10,0.0,0.0,0.10308333333333335,0.18345833333333336,0.22858333333333336,0.0,0.0,19.348886801321672,22.385057979091936,58.993444,58.608386,66.44973949618065,66.11806749585706
BDS,Batlliu de Sort,2026-09-11,0.0,0.0,0.102,0.18154166666666663,0.2265625,0.0,0.0,17.025040283544765,20.22193061030871,50.463466,51.83332,59.49993408463196,60.585009197849175
BDS,Batlliu de Sort,2026-09-12,0.0,0.0,0.10149999999999999,0.18029166666666666,0.22470833333333332,0.0,0.0,14.988803786655296,18.24242230514063,41.971352,44.965458,52.8692435933724,55.164237203012064
BDS,Batlliu de Sort,2026-09-13,0.0,0.0,0.10074999999999999,0.17939583333333334,0.22389583333333338,0.0,0.0,13.164305633351573,16.360358971575494,33.318388,37.706224,46.48229465723514,49.634247579936115
BDS,Batlliu de Sort,2026-09-14,0.0,0.0,0.0999375,0.17829166666666665,0.2226041666666667,0.0,0.0,11.443764747944964,14.633048810729916,23.980786,30.267646,40.40717830604107,44.393913897789986
BDS,Batlliu de Sort,2026-09-15,0.0,0.0,0.09947916666666667,0.17741666666666664,0.22147916666666667,0.0,0.0,9.938497856513466,13.082893285338248,14.578843999999998,22.802508,35.092180224559606,39.69103401181847
BDS,Batlliu de Sort,2026-09-16,0.2424262407475227,0.0,0.09841666666666667,0.17675000000000005,0.221,0.0,0.0,9.301267900046769,12.451614838217806,6.985658,17.079506,31.314477483802463,36.425908661547446
BDS,Batlliu de Sort,2026-09-17,0.0,0.0,0.09702083333333333,0.1755416666666667,0.22002083333333336,0.0,0.0,8.480861564286624,11.338201138408934,0.829746,10.834662000000002,28.55242439547019,33.16873228252298
BDS,Batlliu de Sort,2026-09-18,0.0,0.0,0.09627083333333335,0.17429166666666665,0.21858333333333335,0.0,0.0,7.665678013655132,10.216766832478395,0.0,3.891498,25.80795480103053,29.88809245158533
CDPA,Coll de Paller,2026-07-21,0.0,0.0,0.14908333333333335,0.10560416666666667,0.15708333333333335,0.0,0.0,3.071359293873469,3.0945468042593594,,,,
CDPA,Coll de Paller,2026-07-22,0.0,0.0,0.14822916666666666,0.10497916666666667,0.15570833333333334,0.0,0.0,2.5535037647730947,2.5879246006666814,,,,
CDPA,Coll de Paller,2026-07-23,0.0,0.0,0.14754166666666668,0.10418749999999999,0.15454166666666666,0.0,0.0,2.103456047571478,2.1270925531326403,,,,
CDPA,Coll de Paller,2026-07-24,0.0,0.0,0.14660416666666667,0.10385416666666665,0.15354166666666666,0.0,0.0,1.7373551118534405,1.7419024795265432,,,,
CDPA,Coll de Paller,2026-07-25,0.0,0.0,0.1451875,0.10304166666666666,0.15281250000000002,0.0,0.0,1.4927045492029583,1.4776984092516046,,,,
CDPA,Coll de Paller,2026-07-26,0.0,0.0,0.14354166666666665,0.10218749999999999,0.1523125,0.0,0.0,1.2919838571688145,1.2583046046283421,,,,
CDPA,Coll de Paller,2026-07-27,0.0,0.0,0.14302083333333335,0.10162500000000001,0.15154166666666666,0.0,0.0,1.1031880936117744,1.0727303647093576,,,,
CDPA,Coll de Paller,2026-07-28,0.0,0.0,0.14264583333333333,0.10164583333333332,0.15064583333333334,0.0,0.0,0.9184784138177755,0.8989004484438254,,,,
CDPA,Coll de Paller,2026-07-29,0.0,0.0,0.14204166666666665,0.10137499999999999,0.1501875,0.0,0.0,0.7575742844975019,0.7377589583753028,,,,
CDPA,Coll de Paller,2026-07-30,0.0,0.0,0.14110416666666667,0.10104166666666665,0.14952083333333333,0.0,0.0,0.622127389378022,0.6035941941085524,,,,
CDPA,Coll de Paller,2026-07-31,0.22964967622057658,0.6,0.13958333333333336,0.1009375,0.149,0.0,0.0,0.8747943885659504,0.8685972979771369,,,,
CDPA,Coll de Paller,2026-08-01,0.0,0.0,0.1389166666666667,0.10039583333333334,0.14860416666666668,0.0,0.0,0.7352897731250936,0.7316201801788444,,,,
CDPA,Coll de Paller,2026-08-02,0.0,0.0,0.1381666666666667,0.1000625,0.148375,0.0,0.0,0.6137247841527795,0.6022846619222305,,,,
CDPA,Coll de Paller,2026-08-03,7.078438010139995,13.2,0.13718750000000002,0.10010416666666666,0.17952083333333335,2.452205466540999,2.1067483506126297,11.853189996616512,11.782261747392832,,,,
CDPA,Coll de Paller,2026-08-04,0.0,0.0,0.137,0.101125,0.271,0.0,0.0,9.987948309529946,9.78950314962263,,,,
CDPA,Coll de Paller,2026-08-05,0.0,0.0,0.1379166666666667,0.10229166666666667,0.252875,0.0,0.0,8.46512647041421,8.238284064113172,,,,
CDPA,Coll de Paller,2026-08-06,1.5100747709380296,1.8000000000000003,0.13852083333333334,0.10283333333333333,0.24025,0.0,0.0,9.659371952168355,9.284859425292018,,,,
CDPA,Coll de Paller,2026-08-07,0.03221469942893674,0.0,0.13883333333333334,0.10322916666666666,0.2301041666666667,0.0,0.0,8.223234018023646,7.725108512064147,,,,
CDPA,Coll de Paller,2026-08-08,2.5905515199180376,0.30000000000000004,0.13920833333333335,0.10341666666666667,0.21981250000000005,0.0,0.0,10.986613183456624,10.108897501459609,,,,
CDPA,Coll de Paller,2026-08-09,0.0,0.0,0.13914583333333333,0.10341666666666667,0.20960416666666667,0.0,0.0,9.289698751916218,8.279120273941091,,,,
CDPA,Coll de Paller,2026-08-10,0.7460879213821645,0.4,0.13922916666666668,0.10339583333333334,0.19999999999999998,0.0,0.0,9.09528219185481,8.214356473630112,,,,
CDPA,Coll de Paller,2026-08-11,21.259107928596006,57.1,0.1388541666666667,0.13558333333333333,0.23987499999999998,28.874784165881245,28.08297643732328,41.56586773370889,40.3391920436135,,,,
CDPA,Coll de Paller,2026-08-12,1.7238208537194553,0.0,0.13864583333333333,0.18652083333333336,0.3212291666666667,20.515515551366637,19.50728557964185,37.65324129709289,36.50390818291856,,,,
CDPA,Coll de Paller,2026-08-13,0.11132122706673667,0.1,0.14112500000000003,0.18256249999999996,0.3025208333333333,9.005451460885956,6.316360037700283,31.7590586976502,30.02828657971899,,,,
CDPA,Coll de Paller,2026-08-14,4.414806076596666,9.299999999999999,0.14308333333333334,0.18089583333333334,0.30470833333333336,4.9629387370405285,0.5062695570216776,33.29595447808524,31.02459664945982,,,,
CDPA,Coll de Paller,2026-08-15,0.021476466285957826,0.1,0.14454166666666665,0.18199999999999997,0.30816666666666664,0.0,0.0,29.1387617234019,26.911688821392943,,,,
CDPA,Coll de Paller,2026-08-16,0.05354245803342942,0.8,0.1464791666666667,0.1812291666666667,0.30322916666666666,0.0,0.0,25.77374858707605,23.450923967321717,,,,
CDPA,Coll de Paller,2026-08-17,0.0376932976667765,2.6,0.14870833333333333,0.1802083333333333,0.3007916666666667,0.0,0.0,22.48093953398628,20.515428452725494,,,,
CDPA,Coll de Paller,2026-08-18,0.0,0.0,0.150625,0.17952083333333335,0.2989375,0.0,0.0,19.716456513870085,18.111210839655207,,,,
CDPA,Coll de Paller,2026-08-19,0.0,0.0,0.15220833333333336,0.17833333333333332,0.2971875,0.0,0.0,16.886316899411423,15.399131040364127,,,,
CDPA,Coll de Paller,2026-08-20,1.3243605087906571,4.8999999999999995,0.152875,0.17704166666666668,0.29568749999999994,0.0,0.0,17.225847867314755,15.815702282115804,,,,
CDPA,Coll de Paller,2026-08-21,0.1018252811617197,0.6,0.15385416666666665,0.17577083333333332,0.2949791666666666,0.0,0.0,15.766422784455393,14.466725119140728,,,,
CDPA,Coll de Paller,2026-08-22,0.1884664883338825,1.4,0.15456250000000002,0.17431249999999995,0.295,0.0,0.0,14.625489723866558,13.584927577220935,,,,
CDPA,Coll de Paller,2026-08-23,0.1940826033008834,0.0,0.15641666666666668,0.17339583333333333,0.2942708333333333,0.0,0.0,13.197624095010921,12.415535409411005,,,,
CDPA,Coll de Paller,2026-08-24,10.13432575139513,11.3,0.15720833333333334,0.17608333333333334,0.30085416666666664,12.051376060320454,12.638793590951934,29.058694375786217,28.606057842401302,,,,
CDPA,Coll de Paller,2026-08-25,0.021327758604492684,0.0,0.15841666666666668,0.1803958333333333,0.30424999999999996,4.292056550424128,5.0154288407163055,25.886133534531485,25.535494246517462,,,,
CDPA,Coll de Paller,2026-08-26,0.0,0.0,0.15952083333333333,0.1793125,0.30091666666666667,0.0,0.0,23.084037065992728,22.90476916781072,,,,
CDPA,Coll de Paller,2026-08-27,0.0,0.0,0.16085416666666666,0.17822916666666663,0.29889583333333336,0.0,0.0,20.342765181762875,20.011267313967164,,,,
CDPA,Coll de Paller,2026-08-28,0.0,0.0,0.16089583333333335,0.1764583333333333,0.2971875,0.0,0.0,18.455430200215083,18.03998936997916,,,,
CDPA,Coll de Paller,2026-08-29,0.0,0.0,0.16112500000000002,0.17389583333333336,0.2951875,0.0,0.0,16.38854700408704,16.085942382058857,,,,
CDPA,Coll de Paller,2026-08-30,0.0,0.0,0.1614791666666667,0.17108333333333334,0.2929583333333333,0.0,0.0,14.473642968290168,14.217465831028495,,,,
CDPA,Coll de Paller,2026-08-31,0.0,0.0,0.1614791666666667,0.16752083333333334,0.2906666666666667,0.0,0.0,12.896044733124027,12.650196654730323,,,,
CDPA,Coll de Paller,2026-09-01,0.0,0.0,0.1614791666666667,0.1632916666666667,0.288,0.0,0.0,11.639331549240094,11.370595626348388,,,,
CDPA,Coll de Paller,2026-09-02,0.0,0.0,0.16116666666666668,0.15887500000000002,0.2849583333333333,0.0,0.0,10.260471250171138,10.076219367401265,,,,
CDPA,Coll de Paller,2026-09-03,0.0,0.0,0.16066666666666668,0.15408333333333332,0.2813958333333333,0.0,0.0,9.026694251602917,8.868083221538198,,,,
CDPA,Coll de Paller,2026-09-04,0.0,0.0,0.16039583333333335,0.14929166666666668,0.2757291666666667,0.0,0.0,7.892585051741768,7.624873756387897,,,,
CDPA,Coll de Paller,2026-09-05,0.0,0.0,0.15960416666666669,0.14441666666666667,0.2684166666666667,0.0,0.0,6.856613824213458,6.481826106909554,,,,
CDPA,Coll de Paller,2026-09-06,0.0,0.0,0.15895833333333334,0.13997916666666668,0.2602708333333334,0.0,0.0,5.975364349032605,5.527445670805067,,,,
CDPA,Coll de Paller,2026-09-07,0.0,0.0,0.15820833333333337,0.13579166666666667,0.2518958333333334,0.0,0.0,5.24527710171989,4.777438353829646,,,,
CDPA,Coll de Paller,2026-09-08,0.30809657556052766,0.30000000000000004,0.15727083333333333,0.13227083333333334,0.2448125,0.0,0.0,5.1749502610430325,4.761454019383096,,,,
CDPA,Coll de Paller,2026-09-09,2.2076619205439396,3.8000000000000003,0.15589583333333334,0.13025,0.2417291666666667,0.0,0.0,8.756689891594473,8.180045058626492,,,,
CDPA,Coll de Paller,2026-09-10,0.0,0.0,0.15527083333333333,0.12889583333333332,0.23902083333333335,0.0,0.0,8.023260347868263,7.363993080415224,,,,
CDPA,Coll de Paller,2026-09-11,0.0,0.0,0.1553125,0.1269375,0.2343125,0.0,0.0,7.166725819853684,6.496345438196164,,,,
CDPA,Coll de Paller,2026-09-12,0.0,0.0,0.155,0.12489583333333332,0.22918750000000002,0.0,0.0,6.397729250487082,5.7895358878160295,,,,
CDPA,Coll de Paller,2026-09-13,0.0,0.0,0.154625,0.12293749999999999,0.22408333333333333,0.0,0.0,5.674497271579076,5.11467065945019,,,,
CDPA,Coll de Paller,2026-09-14,0.0,0.0,0.15435416666666668,0.12135416666666667,0.21887500000000001,0.0,0.0,4.9983376383011535,4.422243982092695,,,,
CDPA,Coll de Paller,2026-09-15,0.0,,,,,0.0,0.0,4.380581850889787,3.8162483834328307,,,,
CDPA,Coll de Paller,2026-09-16,0.0,,,,,0.0,0.0,3.9762995448955216,3.4700971059095207,,,,
CDPA,Coll de Paller,2026-09-17,0.0,,,,,0.0,0.0,3.64742653433377,3.17835487735503,,,,
CDPA,Coll de Paller,2026-09-18,0.0,,,,,0.0,0.0,3.3619444852072773,2.912626953140387,,,,
LCDA,La Cultia d'Àreu,2026-07-21,0.0,0.0,0.0556875,0.050333333333333334,0.032,0.0,0.0,8.38024639442925,9.158140775577793,0.0,0.0,8.38024639442925,9.158140775577793
LCDA,La Cultia d'Àreu,2026-07-22,0.0,0.0,0.053770833333333344,0.049999999999999996,0.031875,0.0,0.0,7.151049433602797,7.985449289136543,0.0,0.0,7.151049433602797,7.985449289136543
LCDA,La Cultia d'Àreu,2026-07-23,1.1466825105332255,0.0,0.0525,0.05029166666666667,0.031875,0.0,0.0,7.9691797702248035,8.871526395602977,0.0,0.0,6.153639422988034,7.017463554618178
LCDA,La Cultia d'Àreu,2026-07-24,0.0,0.2,0.05152083333333333,0.050604166666666665,0.03197916666666667,0.0,0.0,6.834361907467018,7.74111222789597,0.0,0.0,5.592939892691607,6.444391386250818
LCDA,La Cultia d'Àreu,2026-07-25,3.4689864500794094,0.9,0.050333333333333334,0.050583333333333334,0.032,0.0,0.0,11.614159167961285,12.55727370371179,0.0,0.0,6.369774306054674,7.201890261771799
LCDA,La Cultia d'Àreu,2026-07-26,0.05689076830434208,0.0,0.04920833333333333,0.050333333333333334,0.032,0.0,0.0,10.378831249893633,11.31711392695307,0.0,0.0,5.64141557535856,6.436972349572392
LCDA,La Cultia d'Àreu,2026-07-27,0.0,0.0,0.048687499999999995,0.05027083333333333,0.032,0.0,0.0,8.952633971386858,9.961095413305502,0.0,0.0,4.866205790481813,5.6656932289240345
LCDA,La Cultia d'Àreu,2026-07-28,0.0,0.0,0.0483125,0.05052083333333333,0.032,0.0,0.0,7.693721624305181,8.759249873894955,0.0,0.0,4.1819237598908865,4.982104943467458
LCDA,La Cultia d'Àreu,2026-07-29,0.0,0.0,0.047687499999999994,0.050374999999999996,0.032,0.0,0.0,6.5823726586942914,7.6568083231534105,0.0,0.0,3.577849831593792,4.3550558720392605
LCDA,La Cultia d'Àreu,2026-07-30,0.0,0.0,0.04654166666666667,0.050083333333333334,0.032,0.0,0.0,5.634305935446823,6.673550662268834,0.0,0.0,3.0625279952297757,3.7957964692912247
LCDA,La Cultia d'Àreu,2026-07-31,0.8517480989962398,0.9,0.04520833333333333,0.04979166666666667,0.03266666666666667,0.0,0.0,6.279740058942969,7.281417469272225,0.0,0.0,4.114542653882094,4.817103180109395
LCDA,La Cultia d'Àreu,2026-08-01,4.916950397907024,35.7,0.04668749999999999,0.06754166666666667,0.03797916666666667,0.0,0.0,13.154043402107455,14.22494206541489,55.49480404783808,56.49207359705612,61.36484706311003,62.842475127927216
LCDA,La Cultia d'Àreu,2026-08-02,0.9083161821868038,0.1,0.053562500000000006,0.09770833333333333,0.055875,0.0,0.0,12.848379365577891,14.04856621737262,46.13772769089237,48.438846366145356,54.02303435819214,56.44843508236436
LCDA,La Cultia d'Àreu,2026-08-03,9.983759784615435,54.800000000000004,0.0815,0.11997916666666668,0.07339583333333334,8.691251149954002,9.868614535418583,26.999416633536853,28.536978400880436,100.0,100.0,90.55230125855186,91.6773563829711
LCDA,La Cultia d'Àreu,2026-08-04,0.03057440044373021,0.0,0.124625,0.14264583333333333,0.09585416666666667,0.0,2.4337644894204233,23.728071198146147,25.554246569669935,91.2508095676173,92.50889420423184,82.39611024699926,84.63077100334631
LCDA,La Cultia d'Àreu,2026-08-05,0.0,0.0,0.12422916666666667,0.13745833333333335,0.09464583333333332,0.0,0.0,20.87098712527534,22.871761786339015,82.69755841766329,85.11553081876725,74.7601559173787,77.93017094649352
LCDA,La Cultia d'Àreu,2026-08-06,7.39191506034846,0.4,0.12302083333333332,0.134375,0.09499999999999999,5.365326586936522,6.543578656853726,30.46583948518073,32.808879288586034,75.19827598896043,78.79450045998159,68.41660582616764,72.47183150215142
LCDA,La Cultia d'Àreu,2026-08-07,5.289025256057883,5.6,0.1226875,0.13254166666666667,0.09499999999999999,6.481672493100276,8.974101195952162,35.324355708460836,38.127597399030165,76.88679300827967,81.79719227230912,71.18520915550826,76.22361171203701
LCDA,La Cultia d'Àreu,2026-08-08,14.65636947940969,22.000000000000004,0.1324375,0.1433125,0.09633333333333333,23.72901747930083,27.755902483900645,54.59279256599532,58.474270632594035,100.0,100.0,90.51308517823607,91.98037678355976
LCDA,La Cultia d'Àreu,2026-08-09,0.5344703643950758,1.2,0.15006250000000002,0.16187500000000002,0.10477083333333333,16.176042318307267,21.308391904323827,49.08130625424765,53.64180238357433,93.67155105795769,94.77701563937443,84.66838955512115,87.10571349572922
LCDA,La Cultia d'Àreu,2026-08-10,0.26549025208692967,0.4,0.1451875,0.15531250000000002,0.1085625,8.617501379944802,14.54858141674333,43.93345953497752,48.656599986384016,86.3604986200552,88.2646918123275,78.092673991524,81.15590805458943
LCDA,La Cultia d'Àreu,2026-08-11,15.885084850015838,5.1000000000000005,0.146,0.15289583333333334,0.11258333333333333,29.08552345906164,36.28291996320147,65.74062814306588,71.3428199338416,86.984758049678,90.15526954921803,79.44264027500579,83.53299468489737
LCDA,La Cultia d'Àreu,2026-08-12,0.03057440044373021,0.1,0.14945833333333333,0.15408333333333335,0.11539583333333332,20.925849126034958,29.289547378104874,59.124002958611484,65.4628116829466,78.95282060717571,83.28963569457221,72.39714273588227,77.35410387221444
LCDA,La Cultia d'Àreu,2026-08-13,0.0,0.0,0.1444791666666667,0.15160416666666668,0.11704166666666667,12.105482980680772,21.972621895124195,52.25883894251866,59.51880904083574,70.13245446182152,75.97271021159153,64.95932921446504,70.98292444353622
LCDA,La Cultia d'Àreu,2026-08-14,0.2125348312519277,1.7,0.14147916666666668,0.149125,0.117,3.312303587856486,14.571429622815087,45.915129106334604,53.799385834998596,64.07610303587856,71.30834406623734,60.54299449938835,67.45768162486507
LCDA,La Cultia d'Àreu,2026-08-15,0.0,12.4,0.15822916666666664,0.16185416666666666,0.11733333333333335,1.1308058877644893,11.945311867525296,44.436988965109975,51.79310958528921,84.7096927322907,91.4973137074517,81.36897353529196,87.7907062004971
LCDA,La Cultia d'Àreu,2026-08-16,0.0,0.4,0.1616666666666667,0.16870833333333335,0.12179166666666667,0.0,9.675138914443421,43.049142355148206,50.07986850571378,83.33033670653174,89.96311131554738,80.18903673187738,86.39883546435637
LCDA,La Cultia d'Àreu,2026-08-17,0.0,0.0,0.154875,0.16237500000000002,0.12477083333333334,0.0,5.916953081876724,41.23533741067217,47.33486609142233,80.46055565777368,86.20492364305429,77.62198257061172,82.92893085982163
LCDA,La Cultia d'Àreu,2026-08-18,0.0,0.0,0.1491875,0.15722916666666667,0.12458333333333334,0.0,1.873464581416743,39.256569403144006,44.5492278691416,77.18210303587857,82.16143514259429,74.73409050749329,79.2677106128079
LCDA,La Cultia d'Àreu,2026-08-19,1.9750971747288466,3.0,0.1439375,0.15216666666666667,0.12383333333333334,0.0,1.183841766329347,40.15729344220341,45.15752193406581,78.31197056117756,83.3575602575897,76.34048254882522,80.83557404967955
LCDA,La Cultia d'Àreu,2026-08-20,11.249227980307259,6.999999999999999,0.14939583333333334,0.15222916666666667,0.12237500000000001,16.80723091076357,18.29968169273229,57.75623329894523,62.91131890025574,87.30093468261269,92.65513155473779,85.57471613152862,90.27658912468034
LCDA,La Cultia d'Àreu,2026-08-21,0.0,2.7,0.164,0.17279166666666668,0.12316666666666666,14.431087396504138,15.669363385464582,55.89306584484464,60.782802931452736,89.89259245630173,94.99261453541858,88.29213016279343,92.69342706878079
LCDA,La Cultia d'Àreu,2026-08-22,0.0,0.0,0.153125,0.16164583333333335,0.12472916666666667,12.691148114075437,13.90006807727691,54.542725790165356,59.3667146510597,88.15265317387305,93.2233192272309,86.66115059380634,90.99628720801343
LCDA,La Cultia d'Àreu,2026-08-23,0.0,0.0,0.14608333333333332,0.154375,0.12397916666666668,10.32401839926403,11.4567506899724,52.724394191265766,57.43164181100424,85.78552345906164,90.78000367985281,84.46491737301714,88.67715972435477
LCDA,La Cultia d'Àreu,2026-08-24,0.0,10.0,0.152,0.1611875,0.12289583333333333,8.324099356025759,9.371210671573136,51.20482228375654,55.79852140397714,100.0,100.0,98.01004690107833,97.92529584492593
LCDA,La Cultia d'Àreu,2026-08-25,0.0,0.0,0.15658333333333332,0.1653541666666667,0.12462499999999999,6.231304507819687,7.0018767249310025,49.63177583092606,53.96371794989129,97.90720515179393,97.63066605335787,95.94887768884597,95.59437503005122
LCDA,La Cultia d'Àreu,2026-08-26,0.0,0.0,0.1474375,0.1556875,0.12385416666666667,4.321554737810488,4.5314553817847285,48.23018277897986,52.07363913343234,95.99745538178472,95.16024655013798,94.08671587517337,93.19323280131431
LCDA,La Cultia d'Àreu,2026-08-27,0.0,0.0,0.14010416666666667,0.14891666666666667,0.12210416666666667,1.8339797608095676,0.966029438822447,46.46370169987588,49.38912860674275,93.5098804047838,91.59481876724931,91.68764021587178,89.77966831176006
LCDA,La Cultia d'Àreu,2026-08-28,0.0,0.0,0.13379166666666667,0.14333333333333334,0.12002083333333334,0.0,0.0,44.979568947265086,47.08899330074451,91.34567801287949,88.41541490340387,89.6245683623272,86.78659157495531
LCDA,La Cultia d'Àreu,2026-08-29,0.0,0.0,0.1285625,0.1389375,0.11777083333333334,0.0,0.0,43.416993543675545,45.17233773767621,88.9885151793928,85.6451241950322,87.40280679036815,84.21716063594309
LCDA,La Cultia d'Àreu,2026-08-30,0.0,0.0,0.123,0.13375,0.11541666666666668,0.0,0.0,41.57303759235996,42.99861753814058,86.09524195032198,82.35732842686294,84.71128438401466,81.21357415009146
LCDA,La Cultia d'Àreu,2026-08-31,0.0,0.0,0.11604166666666667,0.12789583333333335,0.1125,0.0,0.0,40.04752312120388,41.23925479314495,83.60290892364306,79.57216927322905,82.42375701471603,78.70752149717046
LCDA,La Cultia d'Àreu,2026-09-01,0.0,0.0,0.11027083333333333,0.12333333333333334,0.10989583333333335,0.0,0.0,38.33110234651633,39.08320193975406,80.68256301747931,75.9923127874885,79.77940767513343,75.53724348019955
LCDA,La Cultia d'Àreu,2026-09-02,0.0,0.0,0.10510416666666667,0.11845833333333332,0.10739583333333332,0.0,0.0,36.897743801807685,37.383916713660106,78.1418141674333,73.02883532658694,77.5099816831522,72.95541436971313
LCDA,La Cultia d'Àreu,2026-09-03,0.0,0.0,0.09870833333333333,0.1120625,0.10458333333333332,0.0,0.0,35.41956992860074,35.32481095420266,75.41608647654094,69.25183440662373,75.1071730173407,69.71979978887704
LCDA,La Cultia d'Àreu,2026-09-04,0.0,0.0,0.091875,0.10506249999999999,0.10127083333333332,0.0,0.0,34.1294593118899,33.55994003524294,72.94251517939283,65.8350027598896,72.95481012559094,66.84490694284848
LCDA,La Cultia d'Àreu,2026-09-05,0.0,0.0,0.08560416666666666,0.09804166666666665,0.0985625,0.0,0.0,32.746121180494214,31.85418731717494,70.18408831646734,62.35738546458142,70.58576877594439,63.96887055726951
LCDA,La Cultia d'Àreu,2026-09-06,0.0,0.0,0.08068750000000001,0.09139583333333333,0.09577083333333332,0.0,0.0,31.576193293453652,30.172443197730708,67.75868445262189,58.74139834406624,68.52956487413886,61.03096226055486
LCDA,La Cultia d'Àreu,2026-09-07,0.0,0.0,0.07604166666666667,0.08443750000000001,0.09249999999999999,0.0,0.0,30.336729491627743,28.539741453697456,65.0890653173873,55.03263293468261,66.29496313529872,58.07234890323248
LCDA,La Cultia d'Àreu,2026-09-08,0.2523100506074455,0.0,0.0724375,0.07906250000000001,0.08952083333333331,0.0,0.0,29.487100484437214,27.507172596251195,62.18286476540939,51.500229990800364,63.89600243090457,55.30498346425271
LCDA,La Cultia d'Àreu,2026-09-09,0.0,2.9,0.08118750000000001,0.07877083333333335,0.08706249999999999,0.0,0.0,28.452558191668558,26.101398353809778,65.13766329346826,53.338824287028515,67.22903963048135,57.856226904247755
LCDA,La Cultia d'Àreu,2026-09-10,0.0,0.0,0.07804166666666668,0.07785416666666667,0.08566666666666667,0.0,0.0,27.514604197583235,24.481436119334575,62.90291996320146,49.06723827046918,65.37087038704709,54.520494735531614
LCDA,La Cultia d'Àreu,2026-09-11,0.0,0.0,0.0734375,0.07439583333333334,0.08283333333333334,0.0,0.0,25.071635009938614,22.549532945646156,56.70426678932842,43.58718859245631,60.324098978354925,50.3440724782688
LCDA,La Cultia d'Àreu,2026-09-12,0.0,0.0,0.069875,0.072125,0.08045833333333334,0.0,0.0,22.885892010258278,20.781738249372403,50.62316835326587,38.144539098436056,55.52272973540899,46.398023119801636
LCDA,La Cultia d'Àreu,2026-09-13,0.0,0.0,0.067375,0.06864583333333334,0.07754166666666668,0.0,0.0,20.73810275852802,18.950810039623434,44.05330634774609,31.996009199632017,50.496914578840176,42.31022986654981
LCDA,La Cultia d'Àreu,2026-09-14,0.0,0.0,0.06510416666666667,0.065625,0.07439583333333333,0.0,0.0,18.680215611721504,17.29690027773824,37.08612327506899,25.90805151793928,45.48748010538476,38.617654084428594
LCDA,La Cultia d'Àreu,2026-09-15,0.0,0.0,0.063125,0.06310416666666667,0.07102083333333332,0.0,0.0,16.911612451890623,15.8549127669546,30.45515915363385,20.104857405703772,41.18082204964758,35.39822320425066
LCDA,La Cultia d'Àreu,2026-09-16,1.337771330988485,1.3,0.06202083333333333,0.0618125,0.068625,0.0,0.0,17.80938692435437,17.115960827675927,27.23670653173873,17.97804967801288,40.05590320542457,35.313565708880276
LCDA,La Cultia d'Àreu,2026-09-17,0.0,0.0,0.06135416666666666,0.06152083333333333,0.0676875,0.0,0.0,16.67991246836485,16.05551687813344,22.868671573137075,13.714123275068996,37.515550768011515,33.1256629980841
LCDA,La Cultia d'Àreu,2026-09-18,0.0,0.0,0.06085416666666666,0.06089583333333334,0.06641666666666667,0.0,0.0,15.42314024076724,14.729650186686543,17.646261269549218,7.968119595216191,34.68888711508846,30.390141399207955
EML,El Miracle,2026-07-21,0.0,0.0,0.06868750000000001,0.12966666666666668,0.031208333333333334,0.0,0.0,0.20069713654488283,0.221894532334078,0.0,0.0,0.20069713654488283,0.221894532334078
EML,El Miracle,2026-07-22,0.0,0.0,0.06745833333333334,0.12972916666666667,0.03141666666666667,0.0,0.0,0.16023446668585736,0.18108677849382374,0.0,0.0,0.16023446668585736,0.18108677849382374
EML,El Miracle,2026-07-23,0.0,0.0,0.06635416666666667,0.1288541666666667,0.031125,0.0,0.0,0.12717872255687013,0.14458146877456823,0.0,0.0,0.12717872255687013,0.14458146877456823
EML,El Miracle,2026-07-24,0.0,0.0,0.06522916666666667,0.12820833333333334,0.03129166666666667,0.0,0.0,0.10248967650107933,0.11845342851431381,0.0,0.0,0.10248967650107933,0.11845342851431381
EML,El Miracle,2026-07-25,0.0,0.0,0.06439583333333333,0.12822916666666667,0.03102083333333333,0.0,0.0,0.08642010503232048,0.09709273233747862,0.0,0.0,0.08642010503232048,0.09709273233747862
EML,El Miracle,2026-07-26,0.0,0.0,0.0629375,0.12745833333333334,0.031,0.0,0.0,0.07259765759324607,0.0812293853001066,0.0,0.0,0.07259765759324607,0.0812293853001066
EML,El Miracle,2026-07-27,0.0,0.0,0.0620625,0.12670833333333334,0.030833333333333334,0.0,0.0,0.05983587780346153,0.06770087216564762,0.0,0.0,0.05983587780346153,0.06770087216564762
EML,El Miracle,2026-07-28,0.0,0.0,0.06145833333333334,0.1265625,0.030937499999999996,0.0,0.0,0.04782663631096123,0.055238609955006936,0.0,0.0,0.04782663631096123,0.055238609955006936
EML,El Miracle,2026-07-29,0.0,0.0,0.061,0.12664583333333335,0.030958333333333334,0.0,0.0,0.03801510178348308,0.04488867406369461,0.0,0.0,0.03801510178348308,0.04488867406369461
EML,El Miracle,2026-07-30,0.0,0.0,0.06029166666666667,0.1265625,0.030395833333333334,0.0,0.0,0.030100313572659236,0.03655574569100016,0.0,0.0,0.030100313572659236,0.03655574569100016
EML,El Miracle,2026-07-31,0.08251333962394333,0.0,0.05937499999999999,0.1265,0.030375,0.0,0.0,0.16075803198238103,0.16970706072048802,0.0,0.0,0.024060509331670404,0.02988790507462947
EML,El Miracle,2026-08-01,0.0,0.0,0.05858333333333334,0.12625,0.030229166666666668,0.0,0.0,0.1303991972412697,0.13976289237571937,0.0,0.0,0.019516729978442157,0.02461429738130428
EML,El Miracle,2026-08-02,0.0,0.0,0.058125,0.12645833333333334,0.030625,0.0,0.0,0.10569485253048452,0.11540610492934766,0.0,0.0,0.015819253036750094,0.020324709499518534
EML,El Miracle,2026-08-03,8.615192535612685,11.1,0.0574375,0.12920833333333334,0.03075,5.2091025906735755,6.63100932642487,14.857582567691527,15.186084274803639,10.358961658031088,11.780868393782383,19.043266481886008,19.457602757534058
EML,El Miracle,2026-08-04,0.048406745423120415,0.0,0.057229166666666664,0.13675,0.03052083333333333,0.0,0.0,12.187427695784809,12.68805506951381,0.0,0.0,15.516103067643611,16.150237319658842
EML,El Miracle,2026-08-05,0.0,0.0,0.058458333333333334,0.13383333333333333,0.030312500000000003,0.0,0.0,9.960133949321424,10.560894404540782,0.0,0.0,12.680482607388765,13.442639554032647
EML,El Miracle,2026-08-06,0.6980622339309026,0.1,0.05970833333333333,0.13245833333333334,0.030791666666666665,0.0,0.0,9.429524297298125,10.111518521114853,0.0,0.0,10.653663753895708,11.49442954973748
EML,El Miracle,2026-08-07,1.368734905792266,0.1,0.06095833333333334,0.1313125,0.030437499999999996,0.0,0.0,10.02592197328536,10.719285232030472,0.0,0.0,8.877239691122853,9.687289183730385
EML,El Miracle,2026-08-08,0.0,0.0,0.06235416666666666,0.13039583333333335,0.030645833333333334,0.0,0.0,8.204124827555942,8.859323469346027,0.0,0.0,7.26416809787326,8.006394695358598
EML,El Miracle,2026-08-09,0.021671429569962004,0.2,0.0635,0.12975,0.030687499999999996,0.0,0.0,6.794428439456912,7.385720092734583,0.0,0.0,6.324640874304964,6.984811739376273
EML,El Miracle,2026-08-10,0.8005537803609254,0.30000000000000004,0.06422916666666667,0.12916666666666668,0.030583333333333334,0.0,0.0,6.991001303876614,7.636914936814625,0.0,0.0,5.744566511524294,6.422487919538511
EML,El Miracle,2026-08-11,4.545724415415891,0.1,0.06516666666666666,0.128375,0.030416666666666665,0.0,0.0,13.563736083064242,14.270240648122934,0.0,0.0,4.918838510977762,5.546220320898552
EML,El Miracle,2026-08-12,0.14071141918730784,0.0,0.06616666666666667,0.12820833333333334,0.030458333333333334,0.0,0.0,11.309626792245506,12.225539297884842,0.0,0.0,4.015067371111911,4.656375315024137
EML,El Miracle,2026-08-13,0.21632188377267622,0.1,0.06664583333333333,0.12820833333333334,0.030354166666666665,0.0,0.0,9.552343916004084,10.625664313705055,0.0,0.0,3.430276754908341,4.077623616946581
EML,El Miracle,2026-08-14,3.0703341284089465,0.0,0.06683333333333334,0.12772916666666667,0.030437499999999996,0.0,0.0,12.835458651719012,13.789979727390369,0.0,0.0,2.766393592105764,3.3097991556476267
EML,El Miracle,2026-08-15,5.10234471501353,3.2,0.06627083333333333,0.12720833333333334,0.0305,0.6276145077720207,1.842163730569948,20.165369507771207,21.37344535478522,0.0,0.0,8.09578944261131,8.721322090610268
EML,El Miracle,2026-08-16,0.0,0.0,0.06585416666666667,0.12627083333333333,0.030333333333333334,0.0,0.0,17.352455555984317,18.672515761109526,0.0,0.0,6.966489081163713,7.619221959372745
EML,El Miracle,2026-08-17,0.0,0.0,0.06627083333333333,0.12610416666666666,0.030166666666666665,0.0,0.0,14.870649936179262,16.110401016958775,0.0,0.0,5.970118757888051,6.573764498213471
EML,El Miracle,2026-08-18,0.0,0.0,0.06675,0.12629166666666666,0.030145833333333334,0.0,0.0,12.841504606375066,14.10100003273757,0.0,0.0,5.155477928607828,5.753838983085473
EML,El Miracle,2026-08-19,0.0,0.1,0.06722916666666667,0.12639583333333335,0.03027083333333333,0.0,0.0,10.827995537490553,12.09507394089515,0.0,0.0,4.5218716916253845,5.113102535484461
EML,El Miracle,2026-08-20,0.23334084960405552,0.4,0.06704166666666668,0.12641666666666665,0.030104166666666664,0.0,0.0,10.080210931921817,11.218059105233934,0.0,0.0,4.768384246532332,5.299365406788975
EML,El Miracle,2026-08-21,0.38132376770873094,0.5,0.06635416666666667,0.125875,0.030333333333333334,0.0,0.0,9.743408434568066,10.73775361153232,0.0,0.0,5.202797607529154,5.665256849888777
EML,El Miracle,2026-08-22,0.037840735106582125,0.0,0.06572916666666667,0.12514583333333332,0.03002083333333333,0.0,0.0,8.821775220961037,9.853085665522574,0.0,0.0,4.673048550995868,5.160811028530822
EML,El Miracle,2026-08-23,0.0,0.0,0.06604166666666667,0.1245625,0.030041666666666664,0.0,0.0,7.654881246278217,8.722351607491312,0.0,0.0,4.054924413735962,4.568559525284234
EML,El Miracle,2026-08-24,0.0,0.0,0.06560416666666667,0.12502083333333333,0.03,0.0,0.0,6.797436579996996,7.8475873466793775,0.0,0.0,3.600720984724982,4.110378890525345
EML,El Miracle,2026-08-25,0.0,0.0,0.06541666666666666,0.124375,0.03002083333333333,0.0,0.0,5.966986237414707,6.862535273793034,0.0,0.0,3.1608169208742796,3.594432132930665
EML,El Miracle,2026-08-26,0.0,0.0,0.06491666666666666,0.1241875,0.03,0.0,0.0,5.278428262623442,6.134002349613641,0.0,0.0,2.79607572471122,3.2128439810170986
EML,El Miracle,2026-08-27,0.0,0.0,0.06520833333333333,0.12427083333333333,0.030041666666666664,0.0,0.0,4.609902023976767,5.2797969782011,0.0,0.0,2.441945689365541,2.765431601680772
EML,El Miracle,2026-08-28,0.0,0.0,0.06464583333333333,0.12420833333333332,0.030062500000000002,0.0,0.0,4.1602369588005255,4.562180104359719,0.0,0.0,2.203750243593756,2.3895610163128334
EML,El Miracle,2026-08-29,0.0,0.0,0.06404166666666668,0.12370833333333332,0.03002083333333333,0.0,0.0,3.6497392744406185,3.9898000967134815,0.0,0.0,1.9333306960046799,2.0897620339181553
EML,El Miracle,2026-08-30,0.0,0.0,0.06391666666666666,0.12366666666666666,0.03,0.0,0.0,3.1747874877534494,3.5153970356175326,0.0,0.0,1.6817404318027787,1.8412810369204593
EML,El Miracle,2026-08-31,0.0,0.0,0.06358333333333334,0.12370833333333332,0.030062500000000002,0.0,0.0,2.7733232613099235,3.1044478978398335,0.0,0.0,1.4690778129229678,1.6260356899902602
EML,El Miracle,2026-09-01,0.03950043126319766,0.0,0.06335416666666667,0.12408333333333334,0.03002083333333333,0.0,0.0,2.5693156334089466,2.893276382776214,0.0,0.0,1.3219874444874888,1.4764930720154186
EML,El Miracle,2026-09-02,0.0,0.0,0.06270833333333332,0.12397916666666668,0.03002083333333333,0.0,0.0,2.2399341410883356,2.559408450238901,0.0,0.0,1.1525111093761564,1.3061140192937275
EML,El Miracle,2026-09-03,0.0,0.0,0.06235416666666666,0.12402083333333332,0.030104166666666664,0.0,0.0,1.9434892515198194,2.2532717350798346,0.0,0.0,0.9999816120671421,1.149886725657784
EML,El Miracle,2026-09-04,0.0,0.0,0.06210416666666666,0.12410416666666667,0.030375,0.0,0.0,1.6952800283235328,1.9830096461170816,0.0,0.0,0.8722707647096594,1.0119669249925516
EML,El Miracle,2026-09-05,0.0,0.0,0.06160416666666666,0.1240625,0.030125,0.0,0.0,1.468487959477888,1.7317274915016148,0.0,0.0,0.7555796647043671,0.8837329399437955
EML,El Miracle,2026-09-06,0.0,0.0,0.061,0.1240625,0.0305,0.0,0.0,1.2676970457386734,1.499766955991819,0.0,0.0,0.6522669134491916,0.765359138636722
EML,El Miracle,2026-09-07,0.0,0.0,0.060125000000000005,0.12395833333333332,0.0305,0.0,0.0,1.0976220535991872,1.3210207004163415,0.0,0.0,0.564758395108299,0.6741415800318816
EML,El Miracle,2026-09-08,0.06562075878768185,0.0,0.059666666666666666,0.123625,0.030354166666666665,0.0,0.0,1.075694654082815,1.2872668932661182,0.0,0.0,0.4924578076781625,0.5955984018984999
EML,El Miracle,2026-09-09,1.4929815410470806,0.8,0.058395833333333334,0.1233125,0.030312500000000003,0.0,0.0,3.8622764390635664,4.004811694213004,0.0,0.0,1.991814966732775,2.059865726700463
EML,El Miracle,2026-09-10,0.021908788943099937,0.0,0.05712500000000001,0.12197916666666668,0.03,0.0,0.0,3.5346233426587452,3.64719874343036,0.0,0.0,1.8016597598371966,1.8548973765873242
EML,El Miracle,2026-09-11,0.0,0.0,0.05677083333333335,0.12133333333333333,0.029833333333333333,0.0,0.0,3.0763875907375424,3.2096548174529365,0.0,0.0,1.5680889278927197,1.6323706821210129
EML,El Miracle,2026-09-12,0.008173592989361184,0.0,0.05681250000000001,0.121,0.029854166666666664,0.0,0.0,2.6955145657080086,2.866582121407916,0.0,0.0,1.3664270271186403,1.4502361617751915
EML,El Miracle,2026-09-13,0.0,0.1,0.05689583333333334,0.12108333333333332,0.029979166666666668,0.0,0.0,2.3408469994490786,2.5429727592760796,0.0,0.0,1.3666207893856188,1.4703754721737072
EML,El Miracle,2026-09-14,0.0,0.0,0.056791666666666664,0.1211875,0.029916666666666664,0.0,0.0,2.01177928009609,2.2424753955081713,0.0,0.0,1.1745062314972365,1.296624514155984
EML,El Miracle,2026-09-15,0.0,0.0,0.05689583333333334,0.12125000000000001,0.029729166666666668,0.0,0.0,1.7207960536023794,1.9289410481759344,0.0,0.0,1.0046259587658708,1.1153354255019035
EML,El Miracle,2026-09-16,0.0,0.1,0.05647916666666667,0.12102083333333331,0.029666666666666664,0.0,0.0,1.523832999536073,1.7108517736185322,0.0,0.0,1.0731675581639795,1.1730551700941838
EML,El Miracle,2026-09-17,0.0,0.0,0.05564583333333334,0.12064583333333334,0.029875,0.0,0.0,1.3751859010132568,1.5388751633868902,0.0,0.0,0.9684820422324714,1.0551384371087105
EML,El Miracle,2026-09-18,0.0,0.0,0.05541666666666667,0.12008333333333332,0.029958333333333333,0.0,0.0,1.24166863142092,1.3811550818904015,0.0,0.0,0.8744517894260596,0.946996773476555
BCLL,Borda Coll,2026-07-21,0.0,0.0,0.06008333333333333,0.04527083333333334,0.06422916666666667,0.0,0.0,2.368464258411572,2.518937655398815,,,,
BCLL,Borda Coll,2026-07-22,0.0,0.0,0.05960416666666666,0.04499999999999999,0.06402083333333333,0.0,0.0,1.9400065084655351,2.06973451386313,,,,
BCLL,Borda Coll,2026-07-23,0.09073086461022031,1.6,0.059229166666666666,0.044875,0.064,0.0,0.0,1.7251659789878768,1.844664993591641,,,,
BCLL,Borda Coll,2026-07-24,0.0,0.0,0.05872916666666667,0.04454166666666667,0.06372916666666667,0.0,0.0,1.4115361667988844,1.5292609511458068,,,,
BCLL,Borda Coll,2026-07-25,0.40828889074599145,0.0,0.058875000000000004,0.044562499999999984,0.063,0.0,0.0,1.8676861751500677,1.9581100755525744,,,,
BCLL,Borda Coll,2026-07-26,0.0,0.0,0.05835416666666667,0.0443125,0.063,0.0,0.0,1.5942690246001705,1.6793286111769048,,,,
BCLL,Borda Coll,2026-07-27,0.0,0.0,0.05856250000000001,0.04433333333333333,0.063,0.0,0.0,1.3384320971705324,1.4264243854779965,,,,
BCLL,Borda Coll,2026-07-28,0.0,0.0,0.058770833333333335,0.04439583333333333,0.063,0.0,0.0,1.1013110936797093,1.1922554603231523,,,,
BCLL,Borda Coll,2026-07-29,0.0,0.0,0.05885416666666667,0.04449999999999999,0.063,0.0,0.0,0.902270775315093,0.9891555782062024,,,,
BCLL,Borda Coll,2026-07-30,0.0,0.0,0.058750000000000004,0.04452083333333332,0.063,0.0,0.0,0.7326355747534198,0.8146074584148292,,,,
BCLL,Borda Coll,2026-07-31,0.14658741706130632,0.3,0.058,0.04412499999999999,0.063,0.0,0.0,0.83515905615182,0.9193384164364617,,,,
BCLL,Borda Coll,2026-08-01,0.621851171321151,0.0,0.058020833333333334,0.04422916666666665,0.063,0.0,0.0,1.6697450371430338,1.7547640693521787,,,,
BCLL,Borda Coll,2026-08-02,0.13650391565586242,0.0,0.05808333333333334,0.04427083333333332,0.06297916666666667,0.0,0.0,1.5954619399182066,1.6911691458138869,,,,
BCLL,Borda Coll,2026-08-03,16.487431251866123,7.6,0.05797916666666667,0.04399999999999999,0.06270833333333332,19.281799811142587,20.18800944287063,27.400212145529693,27.856421010440563,,,,
BCLL,Borda Coll,2026-08-04,0.07533361680672215,0.1,0.05806250000000001,0.04399999999999999,0.06233333333333333,7.397856468366383,9.762842304060435,22.996372209194337,23.89445096288573,,,,
BCLL,Borda Coll,2026-08-05,0.0,0.0,0.05904166666666668,0.04435416666666666,0.062875,0.0,0.0,19.34710216006162,20.352163506745107,,,,
BCLL,Borda Coll,2026-08-06,29.20105663815766,57.89999999999999,0.06968750000000001,0.05154166666666667,0.11297916666666667,44.02233050047214,45.400810198300285,65.05332204468294,67.15211632497468,,,,
BCLL,Borda Coll,2026-08-07,12.298660804450115,5.1,0.08552083333333332,0.0615,0.16522916666666668,55.525722379603394,58.28759962228517,77.56093983335045,80.78642489928087,,,,
BCLL,Borda Coll,2026-08-08,25.9465425419797,38.3,0.09093749999999999,0.06754166666666667,0.16687500000000002,92.1708762983947,96.11332766761096,88.0171697708167,89.13029368130324,,,,
BCLL,Borda Coll,2026-08-09,0.1084653540118435,0.0,0.10364583333333333,0.08583333333333332,0.17525,80.78264400377715,86.44565250236072,77.62184294300432,80.21598831126651,,,,
BCLL,Borda Coll,2026-08-10,0.0,0.4,0.10520833333333335,0.08354166666666667,0.1692916666666667,70.10191690273844,77.25862889518415,68.38502573385975,72.1249983229374,,,,
BCLL,Borda Coll,2026-08-11,3.2657749201846054,19.5,0.10956250000000001,0.08618750000000001,0.17279166666666668,65.1458224740321,73.38732577903683,65.1093275517154,69.56418595667053,,,,
BCLL,Borda Coll,2026-08-12,0.4006230857268299,0.1,0.11847916666666668,0.0933958333333333,0.1766458333333333,53.930152974504246,64.6848045325779,56.228308996802284,62.45288749283658,,,,
BCLL,Borda Coll,2026-08-13,2.067387526793941,0.0,0.11860416666666666,0.09154166666666665,0.17139583333333333,45.28042681775259,58.25408876298395,50.390054989411375,57.979020494978464,,,,
BCLL,Borda Coll,2026-08-14,0.4428074712311424,4.7,0.11708333333333336,0.08997916666666665,0.16716666666666669,35.70019074598678,50.246417374881965,43.8249037820301,51.945535109693004,,,,
BCLL,Borda Coll,2026-08-15,1.9185100337441552,29.500000000000004,0.12162500000000002,0.09393749999999997,0.17535416666666667,34.385059490084984,49.273425873465534,44.060420628997264,52.03439397085919,,,,
BCLL,Borda Coll,2026-08-16,0.5133035635248465,15.6,0.1350416666666667,0.10037499999999999,0.1823125,31.72285552407932,46.86664400377715,42.642481058616134,50.442631900355195,,,,
BCLL,Borda Coll,2026-08-17,0.0,0.0,0.13943750000000002,0.0995625,0.1772291666666667,26.7753522190746,42.112215297450426,39.59244886171472,46.9717415128311,,,,
BCLL,Borda Coll,2026-08-18,0.0,0.0,0.13754166666666667,0.09658333333333331,0.17256250000000004,21.312547686496693,36.65189423984891,36.47752606766017,43.27786738992871,,,,
BCLL,Borda Coll,2026-08-19,0.1255111535169727,0.1,0.13527083333333334,0.09433333333333332,0.16866666666666666,14.971601510859301,30.317401322001885,33.264931977708834,39.43014215395933,,,,
BCLL,Borda Coll,2026-08-20,2.759803641659255,0.2,0.12972916666666667,0.09237499999999998,0.16512500000000002,15.593848914069877,31.230262511803584,35.91710424870139,41.854189879372285,,,,
BCLL,Borda Coll,2026-08-21,0.21916331925779964,3.6,0.1235625,0.09072916666666664,0.16297916666666667,11.981010387157696,27.223626062322943,34.20153399543886,39.55627960482616,,,,
BCLL,Borda Coll,2026-08-22,0.0,0.0,0.11947916666666665,0.08964583333333331,0.1603541666666667,8.180895184135977,23.358479697828137,32.30651034816665,37.328131756782426,,,,
BCLL,Borda Coll,2026-08-23,0.0,0.0,0.11491666666666667,0.08833333333333332,0.15808333333333335,3.3102983947119924,18.640071765816806,30.030388436013897,34.77751709758234,,,,
BCLL,Borda Coll,2026-08-24,5.153626334654321,19.400000000000002,0.11266666666666665,0.09197916666666665,0.1658125,8.488007554296505,24.42774881964117,37.13713088506099,41.952822734803284,,,,
BCLL,Borda Coll,2026-08-25,0.04845858133776182,0.1,0.11581250000000003,0.09770833333333333,0.17366666666666664,3.321552407932011,19.791935788479694,34.405243588827766,39.166226845451035,,,,
BCLL,Borda Coll,2026-08-26,0.0,0.0,0.11347916666666669,0.09433333333333332,0.1691666666666667,0.0,14.979833805476865,31.77179524827367,36.4387684521385,,,,
BCLL,Borda Coll,2026-08-27,0.0,0.0,0.11070833333333334,0.09212499999999997,0.1656041666666667,0.0,8.591484419263457,29.163286233179246,33.10909547809729,,,,
BCLL,Borda Coll,2026-08-28,0.0,0.0,0.10622916666666667,0.09002083333333333,0.1624375,0.0,3.403860245514636,27.207015831448096,30.630421104010402,,,,
BCLL,Borda Coll,2026-08-29,0.0,0.0,0.10104166666666665,0.08789583333333333,0.15887500000000002,0.0,0.0,25.01981058614328,28.229413881204813,,,,
BCLL,Borda Coll,2026-08-30,0.0,0.0,0.09660416666666666,0.08624999999999998,0.15620833333333334,0.0,0.0,22.891465758689936,25.92473089899779,,,,
BCLL,Borda Coll,2026-08-31,0.0,0.0,0.09268749999999999,0.08472916666666667,0.15406250000000002,0.0,0.0,21.174361338811167,23.920688336132187,,,,
BCLL,Borda Coll,2026-09-01,0.0,0.0,0.08977083333333331,0.08231250000000001,0.15197916666666667,0.0,0.0,19.729702538153973,22.192809402567452,,,,
BCLL,Borda Coll,2026-09-02,0.0,0.0,0.08685416666666664,0.0795,0.14947916666666666,0.0,0.0,18.09961373437421,20.296015009992605,,,,
BCLL,Borda Coll,2026-09-03,0.0,0.0,0.08427083333333334,0.07575,0.14635416666666667,0.0,0.0,16.6375023108323,18.66725456112441,,,,
BCLL,Borda Coll,2026-09-04,0.0,0.0,0.08139583333333333,0.07016666666666667,0.14316666666666666,0.0,0.0,15.542080127229319,17.261297945354244,,,,
BCLL,Borda Coll,2026-09-05,0.0,0.0,0.07904166666666668,0.06554166666666666,0.1395625,0.0,0.0,14.422553192535673,15.91838883238501,,,,
BCLL,Borda Coll,2026-09-06,0.0,0.0,0.07702083333333333,0.0624375,0.13622916666666665,0.0,0.0,13.226936751571882,14.5891902006465,,,,
BCLL,Borda Coll,2026-09-07,0.0,0.0,0.0750625,0.06025,0.13264583333333332,0.0,0.0,12.542862606748896,13.535422864198921,,,,
BCLL,Borda Coll,2026-09-08,0.05071912144283479,0.0,0.07375,0.05862499999999999,0.12910416666666666,0.0,0.0,11.883400813493957,12.705886635554954,,,,
BCLL,Borda Coll,2026-09-09,0.0,0.1,0.07258333333333333,0.05720833333333334,0.12614583333333332,0.0,0.0,11.29853440142105,11.859501420518711,,,,
BCLL,Borda Coll,2026-09-10,0.0,0.0,0.0713125,0.05604166666666668,0.12347916666666665,0.0,0.0,10.60261438058572,11.083840002532382,,,,
BCLL,Borda Coll,2026-09-11,0.0,0.0,0.0701875,0.05506249999999999,0.12054166666666666,0.0,0.0,9.343150159700869,9.904276051978595,,,,
BCLL,Borda Coll,2026-09-12,0.0,0.0,0.0693125,0.054291666666666676,0.11793749999999999,0.0,0.0,8.278142430236466,8.893411920755035,,,,
BCLL,Borda Coll,2026-09-13,0.0,0.0,0.06847916666666666,0.05375,0.11570833333333334,0.0,0.0,7.272176682680838,7.971551711788763,,,,
BCLL,Borda Coll,2026-09-14,0.0,,,,,0.0,0.0,6.334927340014802,7.1245663147879705,,,,
BCLL,Borda Coll,2026-09-15,0.0,,,,,0.0,0.0,5.538148045892562,6.358232956331568,,,,
BCLL,Borda Coll,2026-09-16,0.4076148520992422,,,,,0.0,0.0,5.71222596464069,6.496282557335565,,,,
BCLL,Borda Coll,2026-09-17,0.0,,,,,0.0,0.0,5.223936710758881,5.8934806937523225,,,,
BCLL,Borda Coll,2026-09-18,0.0,,,,,0.0,0.0,4.762313596073789,5.3354764422787,,,,
LLA,Llivia,2026-07-21,0.0,0.0,0.07804166666666668,0.11925000000000001,0.13989583333333333,0.0,0.0,0.9900769518979206,1.2369597778311725,0.0,0.0,0.9900769518979206,1.2369597778311725
LLA,Llivia,2026-07-22,0.0,0.0,0.07439583333333333,0.11512499999999999,0.13812500000000003,0.0,0.0,0.8074660504986471,1.0256991610421056,0.0,0.0,0.8074660504986471,1.0256991610421056
LLA,Llivia,2026-07-23,1.0997478472750488,0.6,0.07141666666666667,0.11108333333333335,0.13702083333333334,0.0,0.0,2.5673171582491405,2.8236274586136703,0.0,0.0,1.7002188505244575,1.9318454358332255
LLA,Llivia,2026-07-24,0.022321432341162035,0.0,0.06947916666666668,0.1075,0.1353125,0.0,0.0,2.1186040854087116,2.3980214194948437,0.0,0.0,1.3775994149815245,1.6135474600471187
LLA,Llivia,2026-07-25,0.0032822183614409964,0.4,0.06758333333333334,0.10445833333333333,0.1537291666666667,0.0,0.0,1.7903750983523545,2.0595415979136087,0.0,0.0,1.8764401785123632,2.109817950658356
LLA,Llivia,2026-07-26,0.0030051906186380835,0.0,0.0658125,0.10154166666666668,0.18031250000000001,0.0,0.0,1.538856127701485,1.7977615304779289,0.0,0.0,1.607097068515351,1.8359536403362169
LLA,Llivia,2026-07-27,0.0,0.0,0.06483333333333334,0.09935416666666667,0.17802083333333332,0.0,0.0,1.3065669430817222,1.5618428012576813,0.0,0.0,1.3645069647817167,1.595022992754577
LLA,Llivia,2026-07-28,0.0,0.0,0.06364583333333333,0.09710416666666666,0.17197916666666668,0.0,0.0,1.081970751700602,1.3291250236531469,0.0,0.0,1.1299510019007417,1.3573612986307664
LLA,Llivia,2026-07-29,0.0,0.0,0.06264583333333333,0.09510416666666666,0.1667708333333333,0.0,0.0,0.8778528297875483,1.1149515350369776,0.0,0.0,0.9167814222156756,1.1386378531558659
LLA,Llivia,2026-07-30,0.0,0.0,0.06158333333333333,0.093625,0.16270833333333334,0.0,0.0,0.7110532285276188,0.9313582312118927,0.0,0.0,0.7425850529847486,0.9511442458088393
LLA,Llivia,2026-07-31,1.1036352009483312,2.3000000000000003,0.06012499999999999,0.09220833333333332,0.15877083333333333,0.0,0.0,2.6065777064013775,2.8539602018222223,0.0,0.0,4.801765838993575,5.085675313880646
LLA,Llivia,2026-08-01,1.7746234066900919,3.8000000000000003,0.059895833333333336,0.09158333333333331,0.15572916666666667,0.0,0.0,5.249354141044651,5.557138364638328,0.0,0.0,10.598752199677772,11.039383583967826
LLA,Llivia,2026-08-02,0.25817119831413043,0.0,0.06014583333333332,0.09093749999999999,0.15245833333333333,0.0,0.0,4.786615357010949,5.190318298826108,0.0,0.0,8.749832763862832,9.38409349669727
LLA,Llivia,2026-08-03,1.7099419467878432,12.599999999999998,0.060458333333333336,0.090625,0.1494375,0.0,0.0,7.018246670867659,7.518669673105621,14.632950053134962,16.102884165781084,29.611631295280347,30.812186428746728
LLA,Llivia,2026-08-04,0.008024196752699239,0.0,0.06137499999999999,0.09027083333333331,0.1470625,0.0,0.0,5.8965154134581494,6.476861478957824,2.861020191285866,6.008291179596174,24.818473756078795,26.48269173748403
LLA,Llivia,2026-08-05,0.0,0.0,0.06335416666666667,0.09064583333333331,0.1454791666666667,0.0,0.0,4.947910691186075,5.554835386737337,0.0,0.0,20.82578998374984,22.71269714156422
LLA,Llivia,2026-08-06,2.9362505930479035,6.699999999999999,0.06383333333333334,0.09070833333333332,0.14422916666666666,0.0,0.0,9.469561770704045,10.269271692542787,3.119239107332625,5.002488841657811,29.678322463157546,32.17140514480385
LLA,Llivia,2026-08-07,1.2113498965949827,31.0,0.08960416666666667,0.11362500000000002,0.14697916666666666,0.0,0.0,10.069953488889023,11.07117755201502,57.07165568544102,60.98839107332625,84.23674291657635,88.49217469082015
LLA,Llivia,2026-08-08,8.068196835391701,34.800000000000004,0.17575,0.1874375,0.18708333333333335,4.90356854410202,6.778943676939426,22.651209196092378,24.15445113197054,100.0,100.0,88.12272450359157,89.89502384617484
LLA,Llivia,2026-08-09,0.22910750193990279,0.0,0.19752083333333334,0.22162500000000004,0.24110416666666667,0.0,0.0,19.359591226086273,21.279858977458545,88.11366843783209,90.22221679064826,77.26803017455842,80.83454489367814
LLA,Llivia,2026-08-10,0.46221180007359147,0.2,0.1739375,0.20841666666666667,0.23347916666666668,0.0,0.0,17.326548322584834,19.38734280796545,77.84230818278428,81.4291838469713,68.4393527574469,73.09487048623963
LLA,Llivia,2026-08-11,18.606892533173742,29.3,0.18420833333333334,0.24660416666666665,0.25983333333333336,27.746837407013818,29.38858448459086,47.91531070075027,51.063334352754275,100.0,100.0,88.54114144701775,90.09519658592095
LLA,Llivia,2026-08-12,0.005474243844362671,0.0,0.211875,0.24864583333333334,0.3340416666666666,15.423407013815092,19.437951115834217,39.83125531652785,43.992171093845144,87.66493517534539,90.03773219978746,77.26413634890396,80.85826123273637
LLA,Llivia,2026-08-13,0.0,0.0,0.19222916666666667,0.2303125,0.2621875,3.11005738575983,9.309696068012753,33.113851498961154,37.79163809208576,75.35158554729013,79.90947715196599,66.67972685654459,71.92741165374179
LLA,Llivia,2026-08-14,0.6080860784706995,0.0,0.17822916666666666,0.22045833333333334,0.2344166666666667,0.0,0.5220892667375133,28.610690924801215,33.59960505603826,63.05434856535601,69.8294431455898,56.73993750603257,63.476982583290926
LLA,Llivia,2026-08-15,8.093368818210799,9.799999999999999,0.1816875,0.21324999999999997,0.22887500000000002,6.344675876726886,8.841426142401701,38.92741587813881,44.4680383528011,73.02629543039319,81.77605313496282,68.18651777619623,76.29968968918664
LLA,Llivia,2026-08-16,2.353316692687872,2.4000000000000004,0.21297916666666664,0.21408333333333332,0.2255,1.898136025504782,6.047974495217854,38.12438114187314,44.01075548106743,68.6789755579171,79.08182146652499,65.29149217420364,74.46639805976639
LLA,Llivia,2026-08-17,0.0604193586059481,0.1,0.2085416666666667,0.2157083333333333,0.22341666666666668,0.0,0.0,32.650594106985835,38.730450035135455,58.33460786397449,70.57959404888416,56.99453871459381,67.23095403183542
LLA,Llivia,2026-08-18,0.0,0.0,0.18720833333333334,0.21289583333333337,0.22187500000000004,0.0,0.0,27.651010865908525,33.71132593292996,47.254556854410204,61.32677789585548,48.547826063001665,59.670406548325225
LLA,Llivia,2026-08-19,0.0,0.0,0.1688333333333333,0.2072708333333333,0.2199791666666667,0.0,0.0,23.302315739781317,29.079296678838165,35.847253985122215,51.472952178533475,40.91267320699739,51.99423610150698
LLA,Llivia,2026-08-20,0.12828971702325676,1.5,0.15456250000000002,0.20108333333333336,0.21772916666666667,0.0,0.0,20.680337210865936,26.039568533859132,30.30183634431456,46.67823591923486,38.68587450733626,49.115626774415944
LLA,Llivia,2026-08-21,4.449975506344552,4.7,0.15545833333333334,0.19622916666666668,0.21570833333333336,0.9803761955366632,2.1294750265674818,26.539471851719927,31.80221529156694,31.813613177470778,49.339113708820406,42.862901876027614,53.38051792239635
LLA,Llivia,2026-08-22,0.0,0.0,0.14906250000000001,0.19227083333333336,0.21308333333333332,0.0,0.0,23.230299091493084,28.263741030577478,22.935232731137088,41.47536663124336,37.51838152894187,47.50935111259292
LLA,Llivia,2026-08-23,0.0,0.0,0.13702083333333334,0.1878333333333333,0.21081249999999999,0.0,0.0,19.960556790594474,24.873321436109567,12.821948990435708,32.95643570669501,32.237543832308084,41.8102953945856
LLA,Llivia,2026-08-24,6.7732437131007694,36.699999999999996,0.1660208333333333,0.20485416666666664,0.22493749999999998,5.214678002125399,6.701634431455898,29.936270812728438,34.98874556967823,81.64290967056324,100.0,91.02638176952722,92.45191468008206
LLA,Llivia,2026-08-25,0.1139955579632564,0.0,0.22243749999999998,0.236625,0.2535833333333333,0.0,0.0,26.452514731223424,31.49444606473439,72.85754941551542,92.5255961742827,82.81683348542283,85.39233503196175
LLA,Llivia,2026-08-26,0.001759251442533678,0.0,0.1986875,0.2281666666666667,0.24260416666666665,0.0,0.0,22.974694173755015,27.86159544865125,63.450935175345386,84.34688204038258,74.41746860530164,77.96390407466554
LLA,Llivia,2026-08-27,0.0,0.0,0.18295833333333333,0.22108333333333338,0.2305,0.0,0.0,20.024945180614857,24.515531752384433,54.28996174282678,75.81739213602552,66.60850907650175,70.53376081519423
LLA,Llivia,2026-08-28,0.0,0.0,0.1645,0.21352083333333338,0.22643750000000004,0.0,0.0,17.750499654489115,21.664295463911884,46.25228905419767,67.57463549415516,60.0455464239831,63.64828331003567
LLA,Llivia,2026-08-29,0.0,0.0,0.14641666666666667,0.2054583333333333,0.22283333333333336,0.0,0.0,15.404639559578635,19.216303217673243,36.80262699256111,59.58087141339002,52.65952724259949,57.23644329910347
LLA,Llivia,2026-08-30,0.0,0.0,0.13060416666666666,0.19810416666666666,0.21993750000000004,0.0,0.0,13.408405468830756,16.972428101028925,27.550163655685438,51.30294367693943,45.876846754096,50.861326831734495
LLA,Llivia,2026-08-31,0.0,0.0,0.11345833333333333,0.19089583333333335,0.2166875,0.0,0.0,11.661460808057013,15.012869991719992,18.24400850159405,43.12412327311371,39.899677233342246,44.993496331409474
LLA,Llivia,2026-09-01,0.0,0.0,0.0999375,0.18327083333333336,0.21335416666666665,0.0,0.0,10.130012469826008,13.324310652857495,8.858214665249735,35.169617428267806,34.659828178347524,39.93289243219641
LLA,Llivia,2026-09-02,0.0,0.0,0.09027083333333331,0.1760625,0.2089791666666667,0.0,0.0,8.723239566858666,11.713317136162777,0.0,26.5786950053135,29.8465560083439,35.10475291434904
LLA,Llivia,2026-09-03,0.0,0.0,0.08275,0.16783333333333336,0.20468750000000002,0.0,0.0,7.439325371003977,10.324708265200467,0.0,18.166259298618492,25.453644789664114,30.943099068291364
LLA,Llivia,2026-09-04,0.0,0.0,0.07714583333333334,0.1595,0.20062500000000003,0.0,0.0,6.304078938363283,9.01737433591836,0.0,9.140480340063762,21.569400183587707,27.025025816240074
LLA,Llivia,2026-09-05,0.0,0.0,0.07337500000000001,0.14875000000000002,0.19716666666666668,0.0,0.0,5.351777877017856,7.931400769660583,0.0,0.5855791710945802,18.311102994062388,23.770368465821697
LLA,Llivia,2026-09-06,0.0,0.0,0.07083333333333333,0.13810416666666667,0.1935625,0.0,0.0,4.59394024284445,6.984087460095567,0.0,0.0,15.718162238483359,20.931275211692633
LLA,Llivia,2026-09-07,0.0,0.0,0.06820833333333333,0.13022916666666667,0.18947916666666664,0.0,0.0,3.9399482410498305,6.08988458592095,0.0,0.0,13.480529216832757,18.251353666984574
LLA,Llivia,2026-09-08,0.02529145031213478,0.1,0.06614583333333333,0.12272916666666667,0.1856875,0.0,0.0,3.4698325235682423,5.4385952745451895,0.0,0.0,11.896893820329526,16.344977966699002
LLA,Llivia,2026-09-09,2.5775558436159627,2.7000000000000006,0.06489583333333333,0.11829166666666667,0.18314583333333334,0.0,0.1893708820403826,8.166708370135542,10.084304875817534,0.0,0.4496131774707758,16.095336273998107,20.399262313006382
LLA,Llivia,2026-09-10,0.0,0.0,0.064125,0.11443749999999998,0.1810625,0.0,0.0,7.166297885300548,9.083747058178666,0.0,0.0,14.123679832299372,18.375261488686817
LLA,Llivia,2026-09-11,0.010796920419671698,0.0,0.06358333333333334,0.10877083333333333,0.17885416666666662,0.0,0.0,6.286998044429146,8.148024874781612,0.0,0.0,12.351163374308626,16.440881209133927
LLA,Llivia,2026-09-12,0.0,0.0,0.06289583333333333,0.10318749999999999,0.17668749999999997,0.0,0.0,5.51120372245616,7.29900956429155,0.0,0.0,10.827071534636456,14.727759307934873
LLA,Llivia,2026-09-13,0.0,0.0,0.06166666666666667,0.09860416666666666,0.17416666666666666,0.0,0.0,4.811796566258734,6.52803656562617,0.0,0.0,9.453046604088007,13.172109235518151
LLA,Llivia,2026-09-14,0.0,0.0,0.06033333333333333,0.094625,0.17177083333333334,0.0,0.0,4.147306407097463,5.758699435259958,0.0,0.0,8.147618089807878,11.619759977322506
LLA,Llivia,2026-09-15,0.0,0.0,0.059395833333333335,0.090625,0.16945833333333335,0.0,0.0,3.5912567107368343,5.123510444333706,0.0,0.0,7.055227000220953,10.33809148641132
LLA,Llivia,2026-09-16,2.0298342580317095,0.1,0.05860416666666666,0.088125,0.1670625,0.0,0.0,7.027950626380906,8.53916818415111,0.0,0.0,6.461038887182207,9.54612370215398
LLA,Llivia,2026-09-17,0.0022167180127318073,0.0,0.05827083333333335,0.08625,0.16437500000000002,0.0,0.0,6.379422908256523,7.758571619165275,0.0,0.0,5.8608958143712995,8.668694779652842
LLA,Llivia,2026-09-18,0.0,0.0,0.05737500000000001,0.08397916666666667,0.16183333333333336,0.0,0.0,5.7643869551852855,6.984243320361386,0.0,0.0,5.295850716267242,7.803533508859426
CLLA,Clarella,2026-07-21,0.0,,,,,0.0,0.0,0.13678370682086344,0.16115435969679998,,,,
CLLA,Clarella,2026-07-22,0.0,,,,,0.0,0.0,0.11430335405752648,0.13569267094664098,,,,
CLLA,Clarella,2026-07-23,0.46018996449153693,,,,,0.0,0.0,0.8164898275799037,0.8361002203242858,,,,
CLLA,Clarella,2026-07-24,0.0022971831686037663,,,,,0.0,0.0,0.6970580407755694,0.7211358003716118,,,,
CLLA,Clarella,2026-07-25,0.5129141419513223,,,,,0.0,0.0,1.4555412346660566,1.4774092462933,,,,
CLLA,Clarella,2026-07-26,0.5128643380783379,,,,,0.0,0.0,2.152757686180055,2.2004152410662337,,,,
CLLA,Clarella,2026-07-27,0.08162739870906477,,,,,0.0,0.0,1.9796300244371148,2.0580952347730257,,,,
CLLA,Clarella,2026-07-28,0.0,,,,,0.0,0.0,1.6916600234841634,1.7888209937067505,,,,
CLLA,Clarella,2026-07-29,0.0,,,,,0.0,0.0,1.4360757621914004,1.5504482797337429,,,,
CLLA,Clarella,2026-07-30,0.0,0.0,0.04720833333333333,0.08314583333333335,0.141,0.0,0.0,1.2187940752600632,1.3296680612468206,,,,
CLLA,Clarella,2026-07-31,0.0,0.0,0.04618749999999999,0.08287500000000002,0.141,0.0,0.0,1.0391160242515405,1.1432465254730544,,,,
CLLA,Clarella,2026-08-01,1.4880741018966517,3.5,0.04499999999999999,0.08275,0.141,0.0,0.0,3.2884036468685482,3.423563282655689,,,,
CLLA,Clarella,2026-08-02,0.012685429334929171,0.0,0.04445833333333332,0.08216666666666668,0.141,0.0,0.0,2.8486816154786347,2.959809114708453,,,,
CLLA,Clarella,2026-08-03,0.001527397510108432,0.0,0.04502083333333332,0.08189583333333333,0.14072916666666666,0.0,0.0,2.4625304690053595,2.5798670726694786,,,,
CLLA,Clarella,2026-08-04,42.050170326342034,69.4,0.05833333333333333,0.15916666666666668,0.18702083333333333,69.1063834586466,69.6543552631579,72.70801062164584,73.29381087790019,,,,
CLLA,Clarella,2026-08-05,0.001873903656703816,0.0,0.10202083333333334,0.30006249999999995,0.3003125,57.75587781954887,59.20047744360902,63.17979381753255,64.4689521256557,,,,
CLLA,Clarella,2026-08-06,22.62828681174612,24.2,0.12827083333333333,0.30422916666666666,0.30245833333333333,89.1128402255639,91.22342669172932,89.12918654926877,89.76002353591214,,,,
CLLA,Clarella,2026-08-07,7.720873451088002,5.8999999999999995,0.17202083333333337,0.3203333333333333,0.3116666666666667,92.56630639097745,95.14712030075187,89.24076656500861,89.68622080109057,,,,
CLLA,Clarella,2026-08-08,0.016781903102685954,0.0,0.19006249999999994,0.30945833333333334,0.308,81.22345112781954,84.39747368421052,78.80838860702973,79.76160577894079,,,,
CLLA,Clarella,2026-08-09,0.0,0.0,0.19295833333333334,0.291,0.3014375,70.29758834586465,73.54669924812029,69.30223049761985,70.2686856667223,,,,
CLLA,Clarella,2026-08-10,0.04817248076289913,0.0,0.18881249999999997,0.2693541666666667,0.29416666666666663,59.608708646616535,62.88683270676692,60.50466533464525,61.443829684809295,,,,
CLLA,Clarella,2026-08-11,0.9042504589566719,1.5,0.18135416666666662,0.24762499999999998,0.28610416666666666,50.353917293233074,53.50541353383459,53.55896409476653,54.35031367028541,,,,
CLLA,Clarella,2026-08-12,0.5394131239871914,1.3,0.17385416666666664,0.22645833333333334,0.27745833333333336,39.97668233082707,44.01722180451128,46.12001618440177,47.46071315829254,,,,
CLLA,Clarella,2026-08-13,0.6411665622939429,0.4,0.16597916666666668,0.20370833333333335,0.2682291666666667,32.00025187969924,36.70583458646617,41.23629428972484,42.829624895777606,,,,
CLLA,Clarella,2026-08-14,0.957547444862,2.2,0.1575416666666667,0.18135416666666668,0.2593125,23.83188721804511,29.20768609022556,37.05923364611593,38.819586348957806,,,,
CLLA,Clarella,2026-08-15,0.21717950204689604,0.30000000000000004,0.14964583333333334,0.16370833333333334,0.2516875,15.911272556390978,21.0367969924812,33.067147319481265,34.491031451576205,,,,
CLLA,Clarella,2026-08-16,0.35779597774665384,1.7,0.142875,0.151125,0.245125,9.348511278195488,14.343765037593984,30.269645726586084,31.485502019517988,,,,
CLLA,Clarella,2026-08-17,0.2828165466584805,0.0,0.13760416666666667,0.140375,0.2384583333333333,1.9234154135338346,7.4432218045112775,27.336010196268745,28.639538031982685,,,,
CLLA,Clarella,2026-08-18,0.002320807433209657,0.0,0.1325625,0.13122916666666665,0.23191666666666666,0.0,0.0,24.391228191710752,25.52995889931236,,,,
CLLA,Clarella,2026-08-19,0.06033770716827784,0.0,0.12731250000000002,0.12191666666666667,0.22472916666666667,0.0,0.0,21.397797759406103,22.53347521321178,,,,
CLLA,Clarella,2026-08-20,0.015722769248251993,0.1,0.1215,0.11520833333333336,0.21837499999999999,0.0,0.0,19.588049805951826,20.575046349322104,,,,
CLLA,Clarella,2026-08-21,0.6152716706740874,0.1,0.1160625,0.11056250000000001,0.21285416666666665,0.0,0.0,18.985369452493398,20.000792416376378,,,,
CLLA,Clarella,2026-08-22,0.23172480412719465,0.30000000000000004,0.11156250000000001,0.10672916666666667,0.20714583333333333,0.0,0.0,17.755510477288816,18.905638996247077,,,,
CLLA,Clarella,2026-08-23,0.0,0.0,0.10820833333333335,0.10329166666666667,0.20147916666666668,0.0,0.0,15.882640431785095,17.150932579595906,,,,
CLLA,Clarella,2026-08-24,0.8650222130114688,8.299999999999999,0.10454166666666669,0.10133333333333333,0.19629166666666667,0.0,0.0,15.882517761061877,17.251878151340794,,,,
CLLA,Clarella,2026-08-25,0.013910960783232413,0.0,0.10254166666666668,0.09941666666666665,0.1928541666666667,0.0,0.0,14.304291884775912,15.528437967638778,,,,
CLLA,Clarella,2026-08-26,0.0,0.0,0.09968749999999998,0.09789583333333333,0.18925,0.0,0.0,12.997039216239987,14.17375370199625,,,,
CLLA,Clarella,2026-08-27,0.0,0.0,0.09789583333333333,0.09633333333333333,0.18497916666666667,0.0,0.0,11.646313253841662,12.53040896583957,,,,
CLLA,Clarella,2026-08-28,0.0028979918162958846,0.0,0.09435416666666667,0.09483333333333333,0.18070833333333333,0.0,0.0,10.710017729653632,11.317505819125385,,,,
CLLA,Clarella,2026-08-29,0.0,0.0,0.09129166666666666,0.09318749999999998,0.17679166666666668,0.0,0.0,9.64287032832339,10.170191713813992,,,,
CLLA,Clarella,2026-08-30,0.0,0.0,0.08914583333333333,0.09247916666666667,0.17322916666666666,0.0,0.0,8.70050329923981,9.13229103200868,,,,
CLLA,Clarella,2026-08-31,0.0022735059888566115,0.0,0.08687499999999998,0.09143749999999999,0.1700625,0.0,0.0,7.815221051534026,8.224770412119184,,,,
CLLA,Clarella,2026-09-01,0.0,0.0,0.0845625,0.09097916666666665,0.16766666666666666,0.0,0.0,7.020605520665537,7.452442179242194,,,,
CLLA,Clarella,2026-09-02,0.0,0.0,0.08218750000000001,0.08987499999999998,0.16481250000000003,0.0,0.0,6.166365429812141,6.636510094318535,,,,
CLLA,Clarella,2026-09-03,0.0,0.0,0.08010416666666668,0.08924999999999998,0.16216666666666668,0.0,0.0,5.387211383447732,5.8938839322412795,,,,
CLLA,Clarella,2026-09-04,0.0,0.0,0.07831250000000001,0.08879166666666666,0.16025,0.0,0.0,4.633033292009608,5.188810872292254,,,,
CLLA,Clarella,2026-09-05,0.0,0.0,0.07604166666666667,0.08804166666666664,0.15833333333333335,0.0,0.0,3.9948079092010995,4.567789075974731,,,,
CLLA,Clarella,2026-09-06,0.0,0.0,0.0735,0.08714583333333333,0.1564375,0.0,0.0,3.4165167520062445,3.9734290042548213,,,,
CLLA,Clarella,2026-09-07,0.0,0.0,0.07097916666666666,0.0865833333333333,0.15466666666666667,0.0,0.0,2.9521059692303098,3.47031988244646,,,,
CLLA,Clarella,2026-09-08,0.6060620310354404,0.4,0.06814583333333334,0.086125,0.153375,0.0,0.0,3.5633073437223155,3.9968931109391463,,,,
CLLA,Clarella,2026-09-09,10.6352073639542,17.5,0.0671875,0.08527083333333334,0.15289583333333334,15.478454887218044,15.801936090225563,22.012716302507783,22.526965487352875,,,,
CLLA,Clarella,2026-09-10,0.015519639287196275,0.0,0.07016666666666667,0.08447916666666666,0.15177083333333333,8.998607142857141,9.772937969924811,19.991543480417896,20.596778262006737,,,,
CLLA,Clarella,2026-09-11,0.0,0.0,0.07168750000000002,0.08458333333333334,0.15145833333333333,1.1916466165413533,2.6338139097744357,17.782324356686672,18.50512626004441,,,,
CLLA,Clarella,2026-09-12,0.0,0.0,0.07270833333333333,0.08510416666666666,0.15097916666666666,0.0,0.0,15.958685261703451,16.861671938358764,,,,
CLLA,Clarella,2026-09-13,0.003109999116103437,0.0,0.07266666666666667,0.0850625,0.15066666666666667,0.0,0.0,14.188729377228182,15.265455024764155,,,,
CLLA,Clarella,2026-09-14,0.0,0.0,0.0721875,0.08483333333333333,0.15045833333333333,0.0,0.0,12.468576622617839,13.686337355948496,,,,
CLLA,Clarella,2026-09-15,0.0,0.0,0.07179166666666667,0.08483333333333333,0.15,0.0,0.0,10.994234180238276,12.19114968654364,,,,
CLLA,Clarella,2026-09-16,1.81625002375127,2.1999999999999997,0.0704375,0.084625,0.15,0.0,0.0,12.99532080472777,14.202079062206996,,,,
CLLA,Clarella,2026-09-17,0.4269018453739508,0.1,0.0684375,0.08395833333333334,0.149625,0.0,0.0,12.88721399450034,14.061184327218038,,,,
CLLA,Clarella,2026-09-18,0.022757368340348725,0.0,0.0674375,0.08295833333333334,0.1484791666666667,0.0,0.0,11.969888174564579,13.062265346149038,,,,
CLLP,Cantallops,2026-07-21,0.2366200162595967,0.2,0.07864583333333335,0.10662500000000001,0.118,0.0,0.0,0.3790124646381404,0.3775261367677245,0.0,0.0,0.3224315218027398,0.32040252903042976
CLLP,Cantallops,2026-07-22,0.0,0.0,0.07820833333333334,0.106,0.11693749999999999,0.0,0.0,0.3207979551439509,0.3198919575047466,0.0,0.0,0.2729075756572422,0.2714889969699656
CLLP,Cantallops,2026-07-23,0.0,0.2,0.0773125,0.10502083333333334,0.116,0.0,0.0,0.2689021632823782,0.27022406214361,0.0,0.0,0.5418231250145406,0.5448304497016618
CLLP,Cantallops,2026-07-24,0.0,0.0,0.07714583333333334,0.10429166666666667,0.11485416666666669,0.0,0.0,0.22819378432364834,0.22695799688612853,0.0,0.0,0.4597979719534509,0.4575966571072501
CLLP,Cantallops,2026-07-25,2.5862177306145013,0.7,0.07614583333333334,0.103375,0.11397916666666667,0.0,0.0,4.322566711094618,4.324264771005004,0.0,0.0,1.5101475055156477,1.5092274225096474
CLLP,Cantallops,2026-07-26,4.424943828651945,0.5,0.07508333333333334,0.10220833333333335,0.11260416666666667,0.0,0.0,10.916537007387756,10.716560830427948,0.0,0.0,2.119729838431387,2.07983521388714
CLLP,Cantallops,2026-07-27,0.0,0.1,0.07502083333333333,0.10124999999999999,0.11164583333333333,0.0,0.0,9.25333351112947,9.154198036413137,0.0,0.0,1.9550657180182516,1.9361333528334899
CLLP,Cantallops,2026-07-28,0.0,0.5,0.07495833333333334,0.10099999999999999,0.11052083333333333,0.0,0.0,7.87875361383634,7.894074259205346,0.0,0.0,2.459646246949136,2.4747914907650874
CLLP,Cantallops,2026-07-29,0.0,0.0,0.07479166666666666,0.10077083333333332,0.11,0.0,0.0,6.734242064755784,6.884003265599218,0.0,0.0,2.1023443595868785,2.158134335287972
CLLP,Cantallops,2026-07-30,0.0,0.0,0.074625,0.10033333333333333,0.10929166666666668,0.0,0.0,5.727484099545391,5.979808026936751,0.0,0.0,1.7880473816528089,1.8746692183969338
CLLP,Cantallops,2026-07-31,0.0,0.0,0.07408333333333333,0.09939583333333334,0.10825,0.0,0.0,4.923731309436353,5.223797588069061,0.0,0.0,1.5371260265041011,1.6376600214214196
CLLP,Cantallops,2026-08-01,0.05264334153841986,0.1,0.07360416666666668,0.09889583333333334,0.10739583333333334,0.0,0.0,4.291014352354481,4.602111051446502,0.0,0.0,1.47293577064231,1.5775898055681208
CLLP,Cantallops,2026-08-02,0.0,0.1,0.07314583333333334,0.09831249999999998,0.10645833333333334,0.0,0.0,3.6051620031377167,3.888289987719814,0.0,0.0,1.394403385568915,1.4906705079255516
CLLP,Cantallops,2026-08-03,0.0,0.0,0.0728125,0.09741666666666667,0.10545833333333333,0.0,0.0,3.103454133465852,3.3860611455027656,0.0,0.0,1.2003529791161285,1.2981288699080689
CLLP,Cantallops,2026-08-04,0.0,0.1,0.0724375,0.09695833333333333,0.10502083333333334,0.0,0.0,2.6134936374002398,2.887209334660361,0.0,0.0,1.1681056275511394,1.2661115714101707
CLLP,Cantallops,2026-08-05,0.0,0.2,0.0725,0.09677083333333332,0.1036875,0.0,0.0,2.21163926866852,2.4311236123066435,0.0,0.0,1.3045516128230528,1.3805914119963352
CLLP,Cantallops,2026-08-06,2.1829518292847983,0.7,0.072,0.09622916666666666,0.10327083333333333,0.0,0.0,5.340712998334292,5.5568019792097525,0.0,0.0,2.2182424729000205,2.295081442881414
CLLP,Cantallops,2026-08-07,0.007785621615963174,0.0,0.07075,0.09520833333333334,0.1020625,0.0,0.0,4.54121103009106,4.761556897879089,0.0,0.0,1.8810519530623595,1.961495619011565
CLLP,Cantallops,2026-08-08,0.0,0.0,0.07091666666666667,0.09466666666666666,0.1015625,0.0,0.0,3.841725099241422,4.017150263032782,0.0,0.0,1.5913121969387662,1.6548416433624331
CLLP,Cantallops,2026-08-09,0.0,0.4,0.07089583333333334,0.09433333333333332,0.1004375,0.0,0.0,3.1882878843135027,3.3567912608140826,0.0,0.0,1.9405611042933935,2.006986182446914
CLLP,Cantallops,2026-08-10,0.0,0.0,0.07070833333333333,0.09385416666666664,0.09983333333333333,0.0,0.0,2.728964744037524,2.877630889203736,0.0,0.0,1.6609926799027004,1.7205018078525658
CLLP,Cantallops,2026-08-11,0.004289611106390652,0.0,0.07039583333333334,0.09356249999999999,0.09935416666666667,0.0,0.0,2.347947138629223,2.4877552393624334,0.0,0.0,1.4249025633461074,1.4832707331835975
CLLP,Cantallops,2026-08-12,0.0,0.0,0.06981250000000001,0.09322916666666665,0.09814583333333332,0.0,0.0,1.9784434119601668,2.1182063003799456,0.0,0.0,1.2006612256113651,1.2629351000799751
CLLP,Cantallops,2026-08-13,0.0,0.0,0.06966666666666667,0.09270833333333332,0.09779166666666667,0.0,0.0,1.6607715519369088,1.7840358576851656,0.0,0.0,1.007875178513928,1.0636931370035738
CLLP,Cantallops,2026-08-14,0.0,0.0,0.06954166666666667,0.09254166666666665,0.09677083333333332,0.0,0.0,1.4001430942449478,1.5027226015359285,0.0,0.0,0.8497071553347387,0.8959661383420491
CLLP,Cantallops,2026-08-15,0.0,0.0,0.06922916666666667,0.09210416666666665,0.0960625,0.0,0.0,1.2315277920918026,1.3266909088418983,0.0,0.0,0.7473793080401596,0.7910110150427249
CLLP,Cantallops,2026-08-16,0.8477368884113032,0.0,0.06852083333333334,0.09193749999999999,0.0955625,0.0,0.0,2.457552114844421,2.5214633423284036,0.0,0.0,0.652569282218577,0.6854520436080325
CLLP,Cantallops,2026-08-17,0.0,0.0,0.06795833333333334,0.09149999999999998,0.09477083333333332,0.0,0.0,2.139994738312197,2.1796223964293606,0.0,0.0,0.5682462731498694,0.5925236353215066
CLLP,Cantallops,2026-08-18,0.0,0.0,0.06785416666666667,0.09122916666666665,0.09422916666666666,0.0,0.0,1.8882580073762167,1.914887353107526,0.0,0.0,0.5014010344171219,0.5205562291675692
CLLP,Cantallops,2026-08-19,0.0,0.0,0.06741666666666667,0.09075,0.09320833333333334,0.0,0.0,1.6342397508726687,1.677610406780841,0.0,0.0,0.4339499678392607,0.4560532221119479
CLLP,Cantallops,2026-08-20,0.029193389198485582,0.0,0.067125,0.09072916666666665,0.09256249999999999,0.0,0.0,1.5237358136560863,1.562793453374814,0.0,0.0,0.39154570158008234,0.41146935489765263
CLLP,Cantallops,2026-08-21,4.137935737308949,0.6000000000000001,0.06558333333333334,0.08956249999999999,0.09206249999999999,1.3177684407096173,0.1314827264239029,8.402982779235918,8.289631994140626,0.0,0.0,1.3733969354962972,1.366952653254871
CLLP,Cantallops,2026-08-22,0.010094118475826716,0.0,0.06514583333333333,0.08902083333333333,0.09106249999999999,0.0,0.0,7.617237021001982,7.494784042053096,0.0,0.0,1.242186871544605,1.233079047320348
CLLP,Cantallops,2026-08-23,0.0,0.0,0.06520833333333334,0.08899999999999998,0.09068749999999999,0.0,0.0,6.769743727591653,6.760732911556337,0.0,0.0,1.1039812413543117,1.1123093141834588
CLLP,Cantallops,2026-08-24,2.345612862473499,0.6,0.0651875,0.08899999999999998,0.08974999999999998,0.0,0.0,9.860827757700124,9.900263379996968,0.0,0.0,1.967243782203111,1.9841093220807593
CLLP,Cantallops,2026-08-25,0.18174450568790074,0.1,0.0644375,0.08829166666666666,0.08927083333333331,0.0,0.0,8.998134630305882,9.154529350328865,0.0,0.0,1.9001402393559756,1.9407992995020023
CLLP,Cantallops,2026-08-26,0.010094118475826716,0.0,0.06410416666666667,0.08783333333333332,0.08899999999999998,0.0,0.0,7.9851467648213985,8.137553515823654,0.0,0.0,1.6827020877489922,1.7216510668264895
CLLP,Cantallops,2026-08-27,0.0,0.2,0.064375,0.08772916666666665,0.08831249999999997,0.0,0.0,6.951692856428406,6.959861961399813,0.0,0.0,1.7900692003751788,1.7919196430883053
CLLP,Cantallops,2026-08-28,0.0,0.0,0.06447916666666667,0.08795833333333332,0.08770833333333332,0.0,0.0,6.331562911582349,6.26331204117076,0.0,0.0,1.6303850000767188,1.6125825396554383
CLLP,Cantallops,2026-08-29,0.0,0.0,0.064375,0.08787499999999998,0.08733333333333332,0.0,0.0,5.6738378973766395,5.588711571414202,0.0,0.0,1.4610200245862928,1.4388966476510163
CLLP,Cantallops,2026-08-30,0.0,0.1,0.06441666666666666,0.08783333333333332,0.08697916666666665,0.0,0.0,5.010013009016177,4.9054794431528554,0.0,0.0,1.4549774135141724,1.426900233156649
CLLP,Cantallops,2026-08-31,0.0,0.0,0.06458333333333334,0.08779166666666666,0.08649999999999998,0.0,0.0,4.520762094150794,4.318112949452709,0.0,0.0,1.3128921475898703,1.2560477412602669
CLLP,Cantallops,2026-09-01,0.0,0.0,0.064625,0.08779166666666664,0.08599999999999998,0.0,0.0,4.066693560997606,3.8802554837127725,0.0,0.0,1.181024334325422,1.128684263909287
CLLP,Cantallops,2026-09-02,0.0,0.0,0.06458333333333334,0.08772916666666665,0.0855625,0.0,0.0,3.578561058371065,3.418477351772857,0.0,0.0,1.0392638708604318,0.994362770614391
CLLP,Cantallops,2026-09-03,0.0,0.0,0.06495833333333334,0.08756249999999999,0.08502083333333332,0.0,0.0,3.1588052221393776,2.992183192039534,0.0,0.0,0.9173609417046071,0.8703628144498938
CLLP,Cantallops,2026-09-04,0.0,0.0,0.06464583333333333,0.08772916666666665,0.08504166666666667,0.0,0.0,2.804417808930788,2.6299158407449506,0.0,0.0,0.8144419111702998,0.7649869028763968
CLLP,Cantallops,2026-09-05,0.0,0.0,0.06485416666666667,0.08760416666666665,0.085,0.0,0.0,2.46255646637411,2.2836334022540177,0.0,0.0,0.7151606256569768,0.6642606644023059
CLLP,Cantallops,2026-09-06,0.0,0.0,0.06464583333333333,0.087625,0.085,0.0,0.0,2.187701507846852,2.0220021955793133,0.0,0.0,0.6353389254079259,0.5881576791321751
CLLP,Cantallops,2026-09-07,0.0,0.0,0.06447916666666667,0.08747916666666666,0.08454166666666667,0.0,0.0,1.9740219836098472,1.832071924445854,0.0,0.0,0.5732834215727478,0.5329109797413295
CLLP,Cantallops,2026-09-08,0.15308312265420324,0.2,0.06422916666666667,0.08739583333333333,0.084,0.0,0.0,1.9866517143390372,1.8554446996865237,0.0,0.0,0.8322942036100963,0.794055666747257
CLLP,Cantallops,2026-09-09,9.279166217456963,33.3,0.063,0.08683333333333332,0.08391666666666668,11.382618113912233,9.061056956115781,17.666757521701662,16.946224331977465,56.239450980392164,53.917889822595704,58.2424588524224,56.379540864765765
CLLP,Cantallops,2026-09-10,0.010094118475826716,8.3,0.0613125,0.08516666666666667,0.08329166666666667,5.463329598506069,0.43257142857142855,16.178433593137818,14.901274465963796,65.80084593837535,60.77008776844072,68.65929990710295,64.60595973260416
CLLP,Cantallops,2026-09-11,0.0,0.0,0.0615625,0.08504166666666667,0.08225,0.0,0.0,14.345218981774147,13.17469857010099,57.78335387488329,52.56018674136321,62.03190218423124,57.985773114308714
CLLP,Cantallops,2026-09-12,0.0,0.0,0.06225,0.08518750000000001,0.08227083333333333,0.0,0.0,12.77127927962801,11.454212873861952,50.03549579831934,43.23081232492997,55.874929626339465,50.78547228249048
CLLP,Cantallops,2026-09-13,0.0,0.0,0.06229166666666667,0.08545833333333334,0.082,0.0,0.0,11.28594370184091,10.082450951063834,41.79277497665733,34.72673015873016,49.582510883168396,44.70700707100981
CLLP,Cantallops,2026-09-14,0.0,0.0,0.06235416666666666,0.08560416666666666,0.082,0.0,0.0,9.80695650002964,8.66427428334183,32.4283716153128,24.620849673202617,43.084879761908006,38.41861205480603
CLLP,Cantallops,2026-09-15,0.0,0.0,0.06241666666666667,0.08579166666666667,0.082,0.0,0.0,8.707866867657517,7.63992044459554,24.504029878618113,16.23278431372549,38.25625177134137,33.87648291038264
CLLP,Cantallops,2026-09-16,2.9285173573772276,11.399999999999999,0.06191666666666667,0.08583333333333332,0.082,0.0,0.0,12.835187703515896,11.624595469468227,39.16563211951448,29.511234360410835,54.34494327255926,49.07910183396238
CLLP,Cantallops,2026-09-17,0.0,1.0,0.06089583333333334,0.085,0.08127083333333335,0.0,0.0,11.956819141627946,10.509555002087806,36.3071335200747,24.65609523809524,52.56439704571589,46.06509614588058
CLLP,Cantallops,2026-09-18,0.0,0.2,0.06066666666666667,0.08447916666666666,0.081,0.0,0.0,10.894592584975472,9.366227353080607,30.478270774976664,17.351279178338004,48.287726286824466,41.38655609924134
BOLV,Bolvir,2026-07-21,0.0,0.0,0.025458333333333333,,0.03197916666666667,0.0,0.0,1.3704518460294535,1.302306496858855,0.0,0.0,1.3704518460294535,1.302306496858855
BOLV,Bolvir,2026-07-22,0.0,0.0,0.024999999999999998,,0.0319375,0.0,0.0,1.0789951097943065,1.0144986379086962,0.0,0.0,1.0789951097943065,1.0144986379086962
BOLV,Bolvir,2026-07-23,8.548932699012152,8.299999999999999,0.02729166666666667,,0.03197916666666667,2.5104263392857145,2.428484375,15.724049870470955,15.654495337848607,1.9547723214285717,1.8728303571428573,15.290691764612303,15.221669558857435
BOLV,Bolvir,2026-07-24,0.0012351220127394403,0.0,0.03216666666666667,,0.03191666666666667,0.0,0.0,12.281909701372555,12.377612592499819,0.0,0.0,11.941323972759657,12.03326900026002
BOLV,Bolvir,2026-07-25,0.0018563160091258702,0.0,0.031125,,0.032,0.0,0.0,10.051276237983924,9.966116797930814,0.0,0.0,9.769251631865052,9.685618325546486
BOLV,Bolvir,2026-07-26,0.0,0.0,0.030791666666666665,,0.0329375,0.0,0.0,8.344289439830476,8.28247739378475,0.0,0.0,8.110160470842745,8.049365309748499
BOLV,Bolvir,2026-07-27,0.0,0.0,0.030958333333333334,,0.033,0.0,0.0,6.641067273236789,6.743006793278463,0.0,0.0,6.454728311139057,6.553223436014935
BOLV,Bolvir,2026-07-28,0.0,0.0,0.031083333333333334,,0.03397916666666667,0.0,0.0,5.216034267617219,5.412289477488113,0.0,0.0,5.0696797177076105,5.259959441495321
BOLV,Bolvir,2026-07-29,0.0,0.0,0.03102083333333333,,0.034,0.0,0.0,4.046912870586914,4.2458465911700705,0.0,0.0,3.9333622147993874,4.1263463377665905
BOLV,Bolvir,2026-07-30,0.0,0.0,0.030687499999999996,,0.034,0.0,0.0,3.152368197610357,3.3370817965117325,0.0,0.0,3.0639172011176936,3.243158921120845
BOLV,Bolvir,2026-07-31,3.920935756176518,1.3000000000000003,0.029895833333333333,,0.03404166666666667,0.0,0.0,9.652037838688388,10.04595247279512,0.0,0.0,4.83694389156383,5.1063736392274395
BOLV,Bolvir,2026-08-01,0.16674451958134684,0.0,0.029333333333333333,,0.03404166666666667,0.0,0.0,7.9650823992603135,8.268105509308356,0.0,0.0,3.8433511400761833,4.052546351442912
BOLV,Bolvir,2026-08-02,0.9773611376790396,2.6,0.0291875,,0.034,0.0,0.0,8.108204533727092,8.491792847995695,0.0,0.0,7.708839558620558,8.009415466211625
BOLV,Bolvir,2026-08-03,16.27417574517914,12.500000000000002,0.03189583333333334,,0.03589583333333334,22.403089285714284,22.571705357142857,36.05941577008294,36.462812394394724,13.978589285714285,14.147207589285715,28.89868549900268,29.21641110295248
BOLV,Bolvir,2026-08-04,0.16753569629700937,0.1,0.04029166666666667,0.011020833333333332,0.0405,8.579491071428572,9.542921875000001,29.444936690437714,30.128014934523623,0.0042433035714285715,0.9676718750000001,23.53590334216075,24.078042913515244
BOLV,Bolvir,2026-08-05,0.0,0.0,0.03895833333333334,0.008916666666666666,0.03927083333333334,0.0,0.0,23.91017307076818,24.570570727986702,0.0,0.0,19.111860494191106,19.636582685044388
BOLV,Bolvir,2026-08-06,26.596794425971304,24.599999999999998,0.059291666666666666,0.01872916666666667,0.08520833333333333,45.948169642857145,47.28333035714286,71.38386277887197,73.15349160457187,41.49104017857143,42.826200892857145,62.72906832543935,64.3130057968968
BOLV,Bolvir,2026-08-07,16.52828010037094,13.4,0.0961875,0.033,0.11370833333333331,68.30806919642858,71.32197991071429,85.98191586253691,87.54957244952449,56.86816964285715,59.88208035714286,79.13757920682488,82.13287830524919
BOLV,Bolvir,2026-08-08,9.122524199610504,8.200000000000001,0.12437500000000001,0.03704166666666667,0.104,74.48888392857144,78.34233258928573,86.30918084292027,87.09289263195916,60.989779017857146,64.84322767857144,83.92549519782158,87.09289263195916
BOLV,Bolvir,2026-08-09,0.32947894961688995,0.1,0.14331249999999998,0.03352083333333333,0.09602083333333333,60.98136383928571,66.31186607142858,74.1875170159368,76.2139519890414,46.97002901785715,52.30053348214286,71.49066154220942,75.73339597361418
BOLV,Bolvir,2026-08-10,0.09627204373637765,0.0,0.12685416666666668,0.03225,0.09114583333333333,48.15623883928572,54.69159375,63.39412723292792,66.29142409985946,33.93001116071429,40.465366071428576,60.66616840898804,65.63593491565327
BOLV,Bolvir,2026-08-11,11.58141232256707,9.9,0.118,0.030166666666666665,0.08775,60.78575669642858,68.43368973214285,77.13919595177858,80.85442899515904,42.806377232142864,50.45431026785714,71.0726903489353,76.70479438342531
BOLV,Bolvir,2026-08-12,0.1575484127907303,0.0,0.13412500000000002,0.0285,0.08487499999999999,46.976011160714286,56.65594642857143,65.35787680405299,70.54308847359701,28.64496205357143,38.32489508928572,59.37843682057942,66.30666106445636
BOLV,Bolvir,2026-08-13,0.0031661577810077404,0.0,0.11991666666666667,0.02754166666666667,0.08291666666666668,31.97053571428572,43.24528348214286,53.40662731637479,59.483549206176384,13.632417410714286,24.907167410714283,47.88361569610814,55.51540507435881
BOLV,Bolvir,2026-08-14,8.267835496667924,9.6,0.1110625,0.026416666666666668,0.0810625,35.22252455357143,47.544848214285715,59.281742921990535,65.7799110750005,19.857988839285714,32.1803125,56.91892519363642,64.85330737996868
BOLV,Bolvir,2026-08-15,12.386167737387133,8.299999999999999,0.12160416666666667,0.027437500000000004,0.08008333333333334,50.45791517857143,64.323375,75.68097072195673,83.19615829693355,25.972468750000004,39.83793080357143,64.88827551747883,73.6801126705272
BOLV,Bolvir,2026-08-16,3.8647809981600036,2.6,0.140375,0.027083333333333334,0.07883333333333334,48.74091964285714,63.9340736607143,75.01785991789158,83.367499879185,21.432301339285715,36.62545758928571,62.08828760394652,71.57218532542089
BOLV,Bolvir,2026-08-17,0.2110836860641901,0.2,0.13460416666666666,0.0270625,0.07825,37.08474553571429,53.904816964285715,65.16414681761479,74.43574233121988,9.751386160714286,26.571457589285714,52.97200001468589,63.22025612061575
BOLV,Bolvir,2026-08-18,0.0,0.0,0.11966666666666666,0.02664583333333333,0.077125,24.34511160714286,42.64525446428571,54.971563522149175,64.88670856549999,0.0,15.311895089285715,43.8067234411708,54.285185153418325
BOLV,Bolvir,2026-08-19,0.0,0.0,0.10370833333333333,0.0255,0.07616666666666667,10.757428571428571,30.069919642857144,44.97140280002056,54.838393971631554,0.0,2.736560267857143,35.729335115692884,45.05551238694445
BOLV,Bolvir,2026-08-20,0.6827513147339422,1.0,0.09091666666666665,0.023499999999999997,0.07552083333333333,2.2294285714285715,21.165412946428575,39.98776145906685,48.43480059813802,0.0,0.0,32.64827239543531,40.44009328002423
BOLV,Bolvir,2026-08-21,4.342298783949128,4.8,0.08168750000000001,0.021875000000000002,0.07458333333333333,2.4774263392857145,22.03047544642857,43.11801247750178,51.29981454378086,1.2696517857142857,1.886716517857143,37.634713033145744,44.817947318692426
BOLV,Bolvir,2026-08-22,0.000618106634577236,0.0,0.07387500000000001,0.01985416666666667,0.07333333333333333,0.0,13.264984375000001,37.30468300243876,44.98961107090014,0.0,0.0,32.559620361406566,39.29532684033202
BOLV,Bolvir,2026-08-23,0.0,0.0,0.06639583333333333,0.017208333333333336,0.07202083333333333,0.0,3.2949129464285716,31.567901968836935,38.74030538781381,0.0,0.0,27.55254356790099,33.83698871522521
BOLV,Bolvir,2026-08-24,34.979274610827325,33.3,0.10520833333333333,0.02420833333333333,0.08516666666666667,68.40002455357144,72.91987946428573,90.55174693222077,91.72240141786564,64.65164285714286,65.87658482142857,90.55174693222077,91.72240141786564
BOLV,Bolvir,2026-08-25,0.022479896505413273,0.1,0.1575,0.04072916666666667,0.11060416666666667,58.59365625000001,64.135765625,81.4362510112003,83.48606594127284,55.018310267857146,57.26550669642858,81.60096599590247,83.6516249847483
BOLV,Bolvir,2026-08-26,0.15464026161872624,0.0,0.13612499999999997,0.037270833333333336,0.10270833333333333,47.86639508928572,54.20206696428572,71.99111759104699,74.62202836231751,43.94587053571429,46.98662723214286,71.82037278848475,74.45140650604789
BOLV,Bolvir,2026-08-27,0.0,0.0,0.11910416666666668,0.034125,0.09733333333333333,37.33030133928572,43.37919642857143,63.16506625671143,65.42360000674164,33.409776785714286,36.16375892857143,63.003083548457276,65.26196586488304
BOLV,Bolvir,2026-08-28,0.0,0.0,0.10160416666666666,0.030458333333333334,0.09327083333333332,27.980892857142855,32.454053571428574,55.713117275862764,56.62959339338067,24.060368303571433,25.238616071428574,55.55853251684728,56.476551808523546
BOLV,Bolvir,2026-08-29,0.0,0.0,0.08764583333333335,0.026520833333333337,0.0895833333333333,17.596160714285716,22.42696205357143,47.86536185207547,48.97754603013389,13.675636160714287,15.211522321428571,47.7229477957065,48.83411949888277
BOLV,Bolvir,2026-08-30,0.0,0.0,0.0765,0.022375000000000003,0.08537499999999999,6.918475446428571,12.228696428571428,40.78142993713254,42.030182587452444,2.9979508928571432,5.013258928571429,40.66009273968645,41.90710081253745
BOLV,Bolvir,2026-08-31,0.0,0.0,0.06706250000000001,0.018375,0.08145833333333334,0.0,2.060455357142857,34.77800994861038,36.08453431287437,0.0,0.0,34.67453475741621,35.978863857577906
BOLV,Bolvir,2026-09-01,0.0,0.0,0.05983333333333333,0.014666666666666666,0.07758333333333334,0.0,0.0,29.811954604368974,31.43695611130639,0.0,0.0,29.72325494308538,31.344895689059744
BOLV,Bolvir,2026-09-02,0.0,0.0,0.054125,0.011395833333333334,0.07408333333333333,0.0,0.0,25.128541099120618,26.614262836469084,0.0,0.0,25.05377602203585,26.536325256703616
BOLV,Bolvir,2026-09-03,0.0,0.0,0.04914583333333333,0.0080625,0.07014583333333334,0.0,0.0,20.742620749104944,22.506018431250833,0.0,0.0,20.68090512330998,22.440111491897806
BOLV,Bolvir,2026-09-04,0.0,0.0,0.04477083333333332,0.005,0.065875,0.0,0.0,17.092394589965114,19.11844204117212,0.0,0.0,17.041539500764312,19.062455327930017
BOLV,Bolvir,2026-09-05,0.0,0.0,0.04093750000000001,0.002416666666666667,0.06187499999999999,0.0,0.0,14.077115226691706,16.18699703933449,0.0,0.0,14.035231513630007,16.139594810662285
BOLV,Bolvir,2026-09-06,0.0,0.0,0.03825,,0.05802083333333333,0.0,0.0,11.753688523435711,13.73441672970506,0.0,0.0,11.718717713748886,13.694196671536222
BOLV,Bolvir,2026-09-07,0.0,0.0,0.035958333333333335,,0.05491666666666667,0.0,0.0,9.868093602790157,11.68542557363743,0.0,0.0,9.83873301333206,11.651205809846308
BOLV,Bolvir,2026-09-08,0.059582485551871706,0.30000000000000004,0.03383333333333333,,0.052145833333333336,0.0,0.0,8.45617783458594,10.087278295117445,0.0,0.0,8.885100837810928,10.516110129128869
BOLV,Bolvir,2026-09-09,3.3435771468151745,1.2,0.03264583333333334,,0.0504375,2.4418616071428576,1.690415178571429,14.764472828924994,16.094786407749968,0.0,0.0,10.724665593549355,12.100175360592738
BOLV,Bolvir,2026-09-10,0.0,0.0,0.03129166666666667,,0.048375,0.0,0.0,12.722983506126432,13.993689396434748,0.0,0.0,9.241761967154844,10.520555622719767
BOLV,Bolvir,2026-09-11,0.013375059729244831,0.0,0.030125,,0.04649999999999999,0.0,0.0,10.997356885622368,12.23115560268359,0.0,0.0,7.9695947066983654,9.175893683254218
BOLV,Bolvir,2026-09-12,0.0,0.0,0.029187499999999995,,0.04489583333333332,0.0,0.0,9.440142724778426,10.690676643800447,0.0,0.0,6.841108483823978,8.020216198054007
BOLV,Bolvir,2026-09-13,0.0,0.0,0.028333333333333335,,0.04345833333333332,0.0,0.0,8.053084935478891,9.24094415054712,0.0,0.0,5.835931646293283,6.932617310477682
BOLV,Bolvir,2026-09-14,0.0,0.0,0.028,,0.04197916666666666,0.0,0.0,6.804262296940688,8.05264742435628,0.0,0.0,4.930931436405496,6.041149261351249
BOLV,Bolvir,2026-09-15,0.0,0.0,0.02704166666666667,,0.04058333333333334,0.0,0.0,5.75697709910904,6.976119383143824,0.0,0.0,4.171981931006198,5.233530817592745
BOLV,Bolvir,2026-09-16,2.1730958208927635,0.6,0.026729166666666665,,0.03968750000000001,0.0,0.0,9.340571656093044,10.393464832372088,0.0,0.0,4.852955314135011,5.776241649902737
BOLV,Bolvir,2026-09-17,0.017208906497298906,0.0,0.026020833333333337,,0.03872916666666667,0.0,0.0,8.40712896881745,9.350483933737406,0.0,0.0,4.3500894652055395,5.177462482847964
BOLV,Bolvir,2026-09-18,0.0,0.0,0.0251875,,0.03766666666666667,0.0,0.0,7.487412774807197,8.28270921222896,0.0,0.0,3.8742019486249903,4.586224253904908
GGUE,Garriguella,2026-07-21,0.0,0.0,0.0395625,0.08031250000000001,0.068,0.0,0.0,0.025972964574346925,0.032480212132964634,0.0,0.0,0.025972964574346925,0.032480212132964634
GGUE,Garriguella,2026-07-22,0.0,0.0,0.03914583333333333,0.08004166666666666,0.068,0.0,0.0,0.022504305020206544,0.02862669395519285,0.0,0.0,0.022504305020206544,0.02862669395519285
GGUE,Garriguella,2026-07-23,0.0,0.0,0.03868750000000001,0.07979166666666666,0.06766666666666667,0.0,0.0,0.019205472913802743,0.02507976385413332,0.0,0.0,0.019205472913802743,0.02507976385413332
GGUE,Garriguella,2026-07-24,0.0,0.0,0.03864583333333333,0.079625,0.06741666666666667,0.0,0.0,0.016607866354946103,0.02197484220244031,0.0,0.0,0.016607866354946103,0.02197484220244031
GGUE,Garriguella,2026-07-25,4.037191689185113,8.2,0.038375,0.07935416666666667,0.06739583333333334,0.0,0.0,6.084519433854754,6.099032436059738,4.557575652173913,4.665582608695653,12.34355274918852,12.368214184292656
GGUE,Garriguella,2026-07-26,4.89568413219397,3.4000000000000004,0.04408333333333333,0.07843750000000001,0.06777083333333334,0.0,0.0,12.657425866564939,12.443797416304598,0.9578173913043478,0.0,15.828853187589033,15.567243584787397
GGUE,Garriguella,2026-07-27,0.0,0.0,0.048666666666666664,0.07835416666666667,0.06722916666666667,0.0,0.0,10.935046839113447,10.879793468696873,0.0,0.0,13.674917225702107,13.610667982867252
GGUE,Garriguella,2026-07-28,0.0,0.0,0.050125,0.07883333333333334,0.067,0.0,0.0,9.485120784133182,9.66017464517869,0.0,0.0,11.861699680595414,12.084919638441242
GGUE,Garriguella,2026-07-29,0.0,0.0,0.051416666666666666,0.07945833333333334,0.0678125,0.0,0.0,8.270434961449855,8.652017854946898,0.0,0.0,10.342663838790548,10.823711198593756
GGUE,Garriguella,2026-07-30,0.0,0.0,0.052125000000000005,0.08018750000000001,0.06741666666666667,0.0,0.0,7.172043150981145,7.711099476721225,0.0,0.0,8.969060477914002,9.646618298636215
GGUE,Garriguella,2026-07-31,0.03084154058441192,0.0,0.05197916666666667,0.08077083333333333,0.06722916666666667,0.0,0.0,6.316398832223916,6.955010314943175,0.0,0.0,7.840391260576721,8.640644274469071
GGUE,Garriguella,2026-08-01,0.0048634399153098746,0.0,0.05216666666666667,0.08104166666666668,0.06745833333333334,0.0,0.0,5.501051563560524,6.172760623224217,0.0,0.0,6.819189221301243,7.659491668041991
GGUE,Garriguella,2026-08-02,0.0,0.0,0.052208333333333336,0.081625,0.068,0.0,0.0,4.695550155094826,5.402091751879619,0.0,0.0,5.8206771261342904,6.703204496193103
GGUE,Garriguella,2026-08-03,0.01011105600061969,0.0,0.05222916666666667,0.08233333333333334,0.068,0.0,0.0,4.116981827007914,4.835891343534295,0.0,0.0,5.08443402986679,5.981163342274434
GGUE,Garriguella,2026-08-04,0.0,0.0,0.051875000000000004,0.08252083333333333,0.06808333333333334,0.0,0.0,3.56046271040973,4.280267833701462,0.0,0.0,4.397138128743112,5.293952912378959
GGUE,Garriguella,2026-08-05,0.0,0.0,0.051479166666666666,0.08283333333333334,0.06889583333333334,0.0,0.0,3.054339624012196,3.6892477832584896,0.0,0.0,3.7720808533139767,4.562963068079614
GGUE,Garriguella,2026-08-06,2.522740380585471,2.1999999999999997,0.050375,0.08281250000000001,0.069,0.0,0.0,6.379474238865395,7.056195259246785,0.0,0.0,6.513595457926238,7.329149784148609
GGUE,Garriguella,2026-08-07,0.04631382414028003,0.0,0.04908333333333333,0.08229166666666668,0.06860416666666667,0.0,0.0,5.532464916853464,6.263074564168274,0.0,0.0,5.578347782530642,6.431928989784814
GGUE,Garriguella,2026-08-08,0.0,0.0,0.04922916666666666,0.08231250000000001,0.06833333333333334,0.0,0.0,4.738342746088079,5.495581956780546,0.0,0.0,4.777639650274295,5.643744544537322
GGUE,Garriguella,2026-08-09,0.0,0.0,0.049166666666666664,0.08243750000000001,0.06841666666666667,0.0,0.0,3.9914543384279964,4.7277591038429385,0.0,0.0,4.024557008940879,4.8552209502178725
GGUE,Garriguella,2026-08-10,0.0,0.0,0.048687499999999995,0.08245833333333334,0.068625,0.0,0.0,3.4770275694137864,4.2036384452131035,0.0,0.0,3.5058639002935834,4.3169698366716895
GGUE,Garriguella,2026-08-11,0.0048634399153098746,0.0,0.04820833333333333,0.08241666666666668,0.06875,0.0,0.0,3.0370590193702953,3.7461999931308543,0.0,0.0,3.0548154308287776,3.8394732842523642
GGUE,Garriguella,2026-08-12,0.0,0.0,0.0478125,0.08241666666666668,0.06870833333333333,0.0,0.0,2.6174964467802866,3.3190071394673644,0.0,0.0,2.6327998516873743,3.401644136883827
GGUE,Garriguella,2026-08-13,0.0,0.0,0.047291666666666655,0.08237500000000002,0.06864583333333334,0.0,0.0,2.238959686599067,2.92065024857615,0.0,0.0,2.252049945688747,2.9933689131960493
GGUE,Garriguella,2026-08-14,0.0,0.0,0.046875,0.08235416666666667,0.06860416666666667,0.0,0.0,1.9147249028506317,2.5692059399522,0.0,0.0,1.9259194970247908,2.6331743063041517
GGUE,Garriguella,2026-08-15,0.0,0.0,0.04614583333333333,0.08179166666666667,0.06854166666666667,0.0,0.0,1.7079517200457484,2.332435530447243,0.0,0.0,1.717937398064822,2.390508761628832
GGUE,Garriguella,2026-08-16,1.141297939699946,0.0,0.045375,0.08093750000000001,0.06839583333333334,0.0,0.0,3.2778700083109045,3.8944061960447276,0.0,0.0,1.5248993932249448,2.1563497721802882
GGUE,Garriguella,2026-08-17,0.006219807039772236,0.0,0.044770833333333336,0.08045833333333334,0.068,0.0,0.0,2.882456336161765,3.450952447862034,0.0,0.0,1.3365382088441153,1.9055147542171966
GGUE,Garriguella,2026-08-18,0.0,0.0,0.044625,0.0805,0.068,0.0,0.0,2.5831529353794633,3.0759676955812316,0.0,0.0,1.1977571192005494,1.6984591691655313
GGUE,Garriguella,2026-08-19,0.0,0.0,0.04414583333333333,0.08039583333333333,0.068,0.0,0.0,2.2790760328870703,2.772087342005188,0.0,0.0,1.0567626508683006,1.5306653481829713
GGUE,Garriguella,2026-08-20,0.10919632628795822,0.0,0.04322916666666665,0.08014583333333335,0.068,0.0,0.0,2.2718364654851757,2.7350297860474306,0.0,0.0,0.9723810288155273,1.4133773818624722
GGUE,Garriguella,2026-08-21,12.876345117983579,25.5,0.10252083333333334,0.08466666666666667,0.06783333333333334,15.93086956521739,15.387022608695652,22.386611798626376,22.621714145223454,37.885052173913046,37.3412052173913,41.13302790815305,41.19584207537348
GGUE,Garriguella,2026-08-22,0.02006942925445991,0.0,0.10564583333333333,0.10366666666666667,0.0678125,10.60919304347826,10.22804,20.690450861051527,20.95848729584161,32.528471304347825,32.14731999999999,37.95733191357089,38.1081833049932
GGUE,Garriguella,2026-08-23,0.0,0.0,0.09897916666666666,0.11447916666666669,0.06764583333333334,3.6671617391304347,4.517293913043478,18.64432505535462,19.23790380930772,25.58644,26.436572173913046,34.203644917316964,34.979698411458585
GGUE,Garriguella,2026-08-24,0.169784425309843,0.0,0.09406249999999998,0.11747916666666665,0.06760416666666667,0.0,0.0,17.13982597726481,17.817993654512883,18.92975130434783,20.309520000000003,30.953370185185882,31.908169082942543
GGUE,Garriguella,2026-08-25,0.0,0.0,0.08931249999999998,0.117375,0.06733333333333334,0.0,0.0,15.474215810901395,16.364741563906556,12.114443478260869,14.637539130434783,27.945390516544972,29.30570921420968
GGUE,Garriguella,2026-08-26,0.0,0.0,0.08568749999999999,0.11575000000000002,0.06741666666666667,0.0,0.0,13.979131890692004,14.982125173100588,5.340476521739131,8.752787826086957,25.245369751949955,26.82974259136206
GGUE,Garriguella,2026-08-27,0.0,0.0,0.08308333333333334,0.11395833333333334,0.06791666666666667,0.0,0.0,12.475916200153149,13.159411331342284,0.0,0.10474434782608695,22.530663558366165,23.565656713886558
GGUE,Garriguella,2026-08-28,0.0,0.0,0.07918750000000001,0.11091666666666666,0.068,0.0,0.0,11.508996851842086,12.140616752286164,0.0,0.0,20.784472402913888,21.741216189345536
GGUE,Garriguella,2026-08-29,0.0,0.0,0.0751875,0.10722916666666667,0.06804166666666667,0.0,0.0,10.488300651347714,11.162196018005563,0.0,0.0,18.941163877936855,19.989076479958282
GGUE,Garriguella,2026-08-30,0.0,0.0,0.07229166666666666,0.10414583333333333,0.06804166666666667,0.0,0.0,9.368689786142095,10.113120603647639,0.0,0.0,16.919222137102672,18.110409535118933
GGUE,Garriguella,2026-08-31,0.0,0.0,0.06947916666666666,0.10097916666666666,0.069,0.0,0.0,8.467882095710834,9.133592777498519,0.0,0.0,15.292424178677264,16.356287263877853
GGUE,Garriguella,2026-09-01,0.0,0.0,0.0665,0.09849999999999999,0.06895833333333334,0.0,0.0,7.682459495553667,8.40005884990254,0.0,0.0,13.874003914275276,15.042686807864708
GGUE,Garriguella,2026-09-02,0.0,0.0,0.06425,0.09564583333333332,0.06897916666666667,0.0,0.0,6.864634487353042,7.6354699699201465,0.0,0.0,12.397067085446611,13.67347365544916
GGUE,Garriguella,2026-09-03,0.0,0.0,0.06220833333333333,0.09372916666666666,0.06895833333333334,0.0,0.0,6.147455335849623,6.890941596520913,0.0,0.0,11.101889888488548,12.340184527273165
GGUE,Garriguella,2026-09-04,0.0,0.0,0.060145833333333336,0.09181249999999998,0.06895833333333334,0.0,0.0,5.493990532606966,6.264975327477738,0.0,0.0,9.921776509006765,11.219214459591635
GGUE,Garriguella,2026-09-05,0.0,0.0,0.058562499999999997,0.09035416666666667,0.069,0.0,0.0,4.886200820229948,5.688383636386106,0.0,0.0,8.824149264313135,10.18666357154528
GGUE,Garriguella,2026-09-06,0.0,0.0,0.05725,0.08916666666666666,0.069,0.0,0.0,4.428249118745619,5.224438490406797,0.0,0.0,7.997119365539202,9.355838258092055
GGUE,Garriguella,2026-09-07,0.0,0.0,0.05585416666666667,0.08818749999999999,0.069,0.0,0.0,4.053157204192396,4.857093596928006,0.0,0.0,7.319728655736394,8.698003083147539
GGUE,Garriguella,2026-09-08,0.5330894854854049,0.4,0.05477083333333333,0.08756249999999999,0.069,0.0,0.0,4.441700807289747,5.209889075493476,0.0,0.0,7.14859397741703,8.460954546776726
GGUE,Garriguella,2026-09-09,10.526302558002506,14.0,0.06033333333333333,0.08608333333333335,0.069,13.022079999999999,10.500452173913043,21.014717423325266,20.91799915187447,19.06329217391304,16.54166608695652,29.09615055015488,29.183508629582743
GGUE,Garriguella,2026-09-10,0.3607565303225255,0.0,0.077,0.08437499999999999,0.06847916666666667,7.840676521739131,3.4684591304347823,19.836215676743283,19.206936181522195,13.25448695652174,8.882269565217392,26.668252251423493,26.016028508466068
GGUE,Garriguella,2026-09-11,0.019500352990406786,0.0,0.0754375,0.08441666666666665,0.06783333333333334,0.10241217391304348,0.0,17.683551340037397,17.370897655131216,5.482309565217391,2.0663113043478263,23.733585217655072,23.487619954288423
GGUE,Garriguella,2026-09-12,0.0,0.0,0.07125,0.08529166666666665,0.06754166666666667,0.0,0.0,15.882934980788406,15.629541362390812,0.0,0.0,21.316928009790775,21.13308908196971
GGUE,Garriguella,2026-09-13,0.0,0.0,0.06708333333333334,0.08587499999999999,0.06754166666666668,0.0,0.0,14.159407248767,14.297048275865714,0.0,0.0,19.00373358880886,19.33139225378228
GGUE,Garriguella,2026-09-14,0.0,0.0,0.06356250000000001,0.08635416666666666,0.06754166666666667,0.0,0.0,12.429208602117967,12.956441136939818,0.0,0.0,16.681585948094654,17.518724214845548
GGUE,Garriguella,2026-09-15,0.0,0.0,0.06095833333333333,0.08670833333333332,0.067625,0.0,0.0,11.179521044521627,11.91387309768133,0.0,0.0,15.004345580855546,16.10904220711363
GGUE,Garriguella,2026-09-16,3.296897241388075,4.0,0.05897916666666666,0.08695833333333332,0.068,0.0,0.0,15.330122213728602,15.882355908879205,0.404655652173913,0.0,19.905262022195366,20.758366100070003
GGUE,Garriguella,2026-09-17,0.005633196475455696,0.0,0.05660416666666667,0.08589583333333332,0.06766666666666667,0.0,0.0,14.249786450072548,14.440310243103598,0.0,0.0,18.490692918404854,18.86196608600019
GGUE,Garriguella,2026-09-18,0.0,0.0,0.05629166666666666,0.08554166666666667,0.06772916666666667,0.0,0.0,13.056687794389727,13.01574542464552,0.0,0.0,16.94251386737912,17.00119627976297
AGDS,Aguilar de Segarra,2026-07-21,0.0,0.0,0.08,0.10839583333333334,0.147875,0.0,0.0,0.013110406103722725,0.015352125548492765,0.0,0.0,0.013110406103722725,0.015352125548492765
AGDS,Aguilar de Segarra,2026-07-22,0.0,0.0,0.07941666666666668,0.1079375,0.14758333333333334,0.0,0.0,0.010446486351302825,0.012533842299357585,0.0,0.0,0.010446486351302825,0.012533842299357585
AGDS,Aguilar de Segarra,2026-07-23,0.0,0.0,0.079125,0.10766666666666667,0.14731249999999999,0.0,0.0,0.008233908907543292,0.009879876727861035,0.0,0.0,0.008233908907543292,0.009879876727861035
AGDS,Aguilar de Segarra,2026-07-24,0.0,0.0,0.07879166666666668,0.1075,0.14720833333333333,0.0,0.0,0.006612421725742988,0.008052919910326648,0.0,0.0,0.006612421725742988,0.008052919910326648
AGDS,Aguilar de Segarra,2026-07-25,0.0,0.0,0.07877083333333333,0.1075625,0.147,0.0,0.0,0.005553471785760918,0.006561359558483803,0.0,0.0,0.005553471785760918,0.006561359558483803
AGDS,Aguilar de Segarra,2026-07-26,0.0,0.0,0.07789583333333334,0.10677083333333333,0.14666666666666667,0.0,0.0,0.004631995220788293,0.00543466185934944,0.0,0.0,0.004631995220788293,0.00543466185934944
AGDS,Aguilar de Segarra,2026-07-27,0.0,0.0,0.07752083333333333,0.10620833333333334,0.14633333333333334,0.0,0.0,0.003764614704929351,0.004457294442737732,0.0,0.0,0.003764614704929351,0.004457294442737732
AGDS,Aguilar de Segarra,2026-07-28,0.0,0.0,0.07741666666666668,0.10604166666666666,0.145625,0.0,0.0,0.0030079573490453433,0.0036344264249724397,0.0,0.0,0.0030079573490453433,0.0036344264249724397
AGDS,Aguilar de Segarra,2026-07-29,0.0,0.0,0.07764583333333334,0.1060625,0.1455625,0.0,0.0,0.0023905435981900684,0.0029640304201528763,0.0,0.0,0.0023905435981900684,0.0029640304201528763
AGDS,Aguilar de Segarra,2026-07-30,0.0,0.0,0.07752083333333333,0.10610416666666667,0.14545833333333333,0.0,0.0,0.0018968988692492042,0.002417171870930892,0.0,0.0,0.0018968988692492042,0.002417171870930892
AGDS,Aguilar de Segarra,2026-07-31,0.0,0.0,0.07710416666666668,0.10585416666666665,0.145,0.0,0.0,0.0015198789170345654,0.001984456706313795,0.0,0.0,0.0015198789170345654,0.001984456706313795
AGDS,Aguilar de Segarra,2026-08-01,0.0,0.0,0.07733333333333334,0.10595833333333333,0.145,0.0,0.0,0.00123517304814121,0.0016560131814021381,0.0,0.0,0.00123517304814121,0.0016560131814021381
AGDS,Aguilar de Segarra,2026-08-02,0.0,0.0,0.07737500000000001,0.10602083333333334,0.145,0.0,0.0,0.0009986210684666509,0.0013656096224175613,0.0,0.0,0.0009986210684666509,0.0013656096224175613
AGDS,Aguilar de Segarra,2026-08-03,0.32988954479872545,0.0,0.07714583333333334,0.10579166666666667,0.145,0.0,0.0,0.5685696954450316,0.5816853942927689,0.0,0.0,0.0008206575240370238,0.001147524449648584
AGDS,Aguilar de Segarra,2026-08-04,0.9707493624374942,0.0,0.0769375,0.10541666666666667,0.145,0.0,0.0,2.119607240653568,2.1742170826466225,0.0,0.0,0.0006686282623389418,0.000954219398038688
AGDS,Aguilar de Segarra,2026-08-05,0.033477026721081896,0.0,0.07695833333333334,0.10560416666666667,0.145,0.0,0.0,1.7694605946682755,1.836920090459603,0.0,0.0,0.000540303517066227,0.0007810027386406686
AGDS,Aguilar de Segarra,2026-08-06,32.92669050322672,0.4,0.07639583333333334,0.10552083333333333,0.14491666666666667,55.616670157068064,56.965099476439796,59.710128987690915,60.85409087756223,0.0,0.0,0.6862240540464474,0.7004463325785627
AGDS,Aguilar de Segarra,2026-08-07,0.0842052505040686,0.0,0.0761875,0.10470833333333333,0.14452083333333332,42.45460942408376,45.040728795811525,49.5723454338841,51.57640366965047,0.0,0.0,0.5617899859406662,0.5841787400485621
AGDS,Aguilar de Segarra,2026-08-08,0.0,0.0,0.07652083333333333,0.10479166666666666,0.144,28.848925654450262,32.45302827225131,40.420936056589376,42.71589277062251,0.0,0.0,0.4580795381010619,0.4836644998267137
AGDS,Aguilar de Segarra,2026-08-09,0.14762929228500757,0.0,0.07660416666666668,0.10485416666666665,0.144,15.945478534031412,20.70092565445026,33.40742866173678,35.90453964868845,0.0,0.0,0.37572352459717306,0.4036194155368501
AGDS,Aguilar de Segarra,2026-08-10,1.584198816434984,3.7,0.07620833333333334,0.10425,0.143625,6.2564146596858645,12.255817801047122,30.21564046234798,32.87793337638252,0.0,0.0,6.684372288390912,6.833652702143032
AGDS,Aguilar de Segarra,2026-08-11,0.0,0.0,0.07702083333333333,0.10364583333333333,0.143,0.0,0.0,24.765885746196698,27.21059033083439,0.0,0.0,5.4787652303984515,5.655699888813172
AGDS,Aguilar de Segarra,2026-08-12,0.0,0.0,0.07752083333333333,0.10364583333333333,0.143,0.0,0.0,20.037114379516925,22.5125600280468,0.0,0.0,4.432655738827063,4.679217969896203
AGDS,Aguilar de Segarra,2026-08-13,0.0,0.0,0.07797916666666667,0.10397916666666666,0.143,0.0,0.0,16.212443224526567,18.75626314659208,0.0,0.0,3.5865533398895635,3.8984746050336265
AGDS,Aguilar de Segarra,2026-08-14,0.0,0.0,0.07772916666666667,0.10395833333333333,0.143,0.0,0.0,13.02142113091659,15.183719597378794,0.0,0.0,2.880628218734208,3.1559242263610363
AGDS,Aguilar de Segarra,2026-08-15,18.12305382588487,1.8,0.07652083333333333,0.1035625,0.14275000000000002,27.17492565445026,28.091750785340317,43.37062390229938,45.88767278806792,0.0,0.0,5.657428719951364,5.973208815428679
AGDS,Aguilar de Segarra,2026-08-16,0.018535734299066558,0.0,0.07622916666666667,0.10264583333333333,0.14160416666666667,16.734596858638742,18.7618554973822,37.09528100371301,39.905389656024,0.0,0.0,4.8345221112737,5.190103133773955
AGDS,Aguilar de Segarra,2026-08-17,0.0,0.0,0.07689583333333334,0.10308333333333335,0.141,5.2908984293193715,7.840879581151833,31.244216542602263,33.87565920058699,0.0,0.0,4.071969577734562,4.405875158497144
AGDS,Aguilar de Segarra,2026-08-18,0.0,0.0,0.07725,0.10347916666666666,0.14102083333333335,0.0,0.0,26.526830058753653,29.09387769536658,0.0,0.0,3.457166059699288,3.7839556787177933
AGDS,Aguilar de Segarra,2026-08-19,0.03738715833112139,0.0,0.07733333333333334,0.10360416666666666,0.141,0.0,0.0,22.291878068107902,24.760072601887465,0.0,0.0,2.8966868688964493,3.2116568618325725
AGDS,Aguilar de Segarra,2026-08-20,3.9928078562726483,12.0,0.08068750000000001,0.10360416666666666,0.141,0.0,0.666517277486911,26.99317129958566,29.511091524275813,16.65275392670157,17.435505759162304,24.68058429633931,25.252706836221357
AGDS,Aguilar de Segarra,2026-08-21,0.5060656586614863,0.4,0.09199999999999998,0.10266666666666667,0.141,0.0,0.0,24.858776642136277,27.040108961197774,9.431482722513088,10.091350785340314,22.612674547000722,23.077076595782362
AGDS,Aguilar de Segarra,2026-08-22,0.0,0.0,0.09389583333333333,0.103,0.141,0.0,0.0,22.05508180135603,24.386230404878386,1.4536272251308902,3.2045089005235603,20.06230612475883,20.812153817254696
AGDS,Aguilar de Segarra,2026-08-23,0.0,0.0,0.09481250000000001,0.10289583333333334,0.14035416666666667,0.0,0.0,19.048187116829833,21.56598534215819,0.0,0.0,17.327097877099288,18.405247416667915
AGDS,Aguilar de Segarra,2026-08-24,0.0,0.0,0.09477083333333332,0.1035625,0.14,0.0,0.0,16.819580483034223,19.299870801764108,0.0,0.0,15.29985585997257,16.471257472376884
AGDS,Aguilar de Segarra,2026-08-25,0.0,0.0,0.09364583333333332,0.1035,0.1398125,0.0,0.0,14.581530777656925,16.786235331186983,0.0,0.0,13.26402399518461,14.326023576625072
AGDS,Aguilar de Segarra,2026-08-26,0.0,0.0,0.09233333333333332,0.10352083333333334,0.14,0.0,0.0,12.774750865073278,14.845766692044066,0.0,0.0,11.620494760843277,12.669952460880904
AGDS,Aguilar de Segarra,2026-08-27,0.0,0.0,0.09224999999999998,0.10422916666666666,0.14,0.0,0.0,11.034579611319565,12.75230067438111,0.0,0.0,10.037555793907963,10.8833074547679
AGDS,Aguilar de Segarra,2026-08-28,0.0,0.0,0.09010416666666665,0.10381250000000002,0.13997916666666668,0.0,0.0,9.871444903918281,11.007326193429419,0.0,0.0,8.979515530244937,9.39407862760625
AGDS,Aguilar de Segarra,2026-08-29,0.0,0.0,0.08837499999999998,0.10302083333333334,0.13935416666666667,0.0,0.0,8.547030491024923,9.583954757882383,0.0,0.0,7.7747679066892825,8.179318299180686
AGDS,Aguilar de Segarra,2026-08-30,0.0,0.0,0.08789583333333333,0.1030625,0.1386875,0.0,0.0,7.366309181000844,8.341475203853907,0.0,0.0,6.700730068921075,7.1189381106927705
AGDS,Aguilar de Segarra,2026-08-31,0.0,0.0,0.08706249999999999,0.10293750000000002,0.13852083333333334,0.0,0.0,6.367452323874599,7.341799132970741,0.0,0.0,5.792124414089675,6.2657758215967405
AGDS,Aguilar de Segarra,2026-09-01,0.0,0.0,0.086625,0.10335416666666668,0.13839583333333336,0.0,0.0,5.662030902859004,6.642627500180497,0.0,0.0,5.150440986077763,5.669075662338803
AGDS,Aguilar de Segarra,2026-09-02,0.0,0.0,0.08574999999999999,0.10306249999999999,0.1385,0.0,0.0,4.9074538417710905,5.8522887246755975,0.0,0.0,4.464043350801899,4.9945699314219745
AGDS,Aguilar de Segarra,2026-09-03,0.0,0.0,0.08537499999999998,0.10318749999999999,0.13833333333333334,0.0,0.0,4.264480919935321,5.156044960526124,0.0,0.0,3.879165919651009,4.400368528695765
AGDS,Aguilar de Segarra,2026-09-04,0.0,0.0,0.08512499999999999,0.10331249999999999,0.13825,0.0,0.0,3.6272770640864396,4.409777886636648,0.0,0.0,3.2995362934697563,3.763475295396643
AGDS,Aguilar de Segarra,2026-09-05,0.0,0.0,0.08458333333333333,0.10347916666666666,0.13804166666666667,0.0,0.0,3.1226630639077033,3.825958404234972,0.0,0.0,2.840516434119134,3.2652211303403242
AGDS,Aguilar de Segarra,2026-09-06,0.0,0.0,0.083625,0.10318749999999999,0.1378125,0.0,0.0,2.6486698103332853,3.26595029597242,0.0,0.0,2.4093505994181394,2.7872885144925497
AGDS,Aguilar de Segarra,2026-09-07,0.0,0.0,0.08268750000000001,0.10266666666666667,0.1375,0.0,0.0,2.270134508096468,2.832925760582351,0.0,0.0,2.065017661508283,2.417728599427509
AGDS,Aguilar de Segarra,2026-09-08,0.20632708922255943,0.30000000000000004,0.08193750000000001,0.10264583333333333,0.137,0.0,0.0,2.328982989281252,2.84233692026397,0.0,0.0,2.321275072760425,2.65166800555638
AGDS,Aguilar de Segarra,2026-09-09,0.6369277936834884,0.30000000000000004,0.08089583333333333,0.10220833333333333,0.137,0.0,0.0,3.3569495259955935,3.76174783426161,0.0,0.0,2.703208116179354,2.9544221034728695
AGDS,Aguilar de Segarra,2026-09-10,0.0,0.0,0.07922916666666667,0.10118749999999999,0.13662500000000002,0.0,0.0,3.0132618530167696,3.3383730211340787,0.0,0.0,2.4264511081181097,2.621909675455961
AGDS,Aguilar de Segarra,2026-09-11,0.0,0.0,0.07854166666666668,0.1004375,0.136,0.0,0.0,2.5949989086209455,2.8829166643102324,0.0,0.0,2.0896418182457697,2.2642008690570004
AGDS,Aguilar de Segarra,2026-09-12,0.02126534984475173,0.0,0.07847916666666667,0.10054166666666665,0.136,0.0,0.0,2.296864453279816,2.592812143774827,0.0,0.0,1.8183605922774797,2.005378279659172
AGDS,Aguilar de Segarra,2026-09-13,0.0,0.0,0.07835416666666667,0.10058333333333332,0.13562500000000002,0.0,0.0,1.9798184991707801,2.272981019522818,0.0,0.0,1.5673645580667257,1.7580088775704512
AGDS,Aguilar de Segarra,2026-09-14,0.0,0.0,0.07818750000000001,0.10035416666666667,0.13545833333333335,0.0,0.0,1.6820844003588904,1.9603502769470995,0.0,0.0,1.3316571564028126,1.5162085210655216
AGDS,Aguilar de Segarra,2026-09-15,0.0,0.0,0.07808333333333334,0.1005625,0.135,0.0,0.0,1.4308259643726193,1.6752769703211723,0.0,0.0,1.1327431813868696,1.2957221203863132
AGDS,Aguilar de Segarra,2026-09-16,2.6562463083806134,0.0,0.0773125,0.10052083333333332,0.135,0.0,0.0,6.141063879685564,6.396130884191777,0.0,0.0,0.9946526854397956,1.1449983172227767
AGDS,Aguilar de Segarra,2026-09-17,0.016388354515033263,0.0,0.0768125,0.099875,0.13491666666666668,0.0,0.0,5.555871451467958,5.768572977084536,0.0,0.0,0.8948692951929134,1.0271449510585295
AGDS,Aguilar de Segarra,2026-09-18,0.25397864721337865,0.0,0.07625,0.0994375,0.13435416666666666,0.0,0.0,5.461673747302111,5.631516444395415,0.0,0.0,0.8028373327210916,0.9180883134921813
TDLL,Torre del Lluvià,2026-07-21,0.0,0.0,0.0800625,0.07329166666666666,0.068,0.0,0.0,0.010076917155859098,0.014804578444662856,0.0,0.0,0.010076917155859098,0.014804578444662856
TDLL,Torre del Lluvià,2026-07-22,0.0,0.0,0.07958333333333334,0.07329166666666667,0.068,0.0,0.0,0.008146236709508871,0.012412228294918481,0.0,0.0,0.008146236709508871,0.012412228294918481
TDLL,Torre del Lluvià,2026-07-23,0.0,0.0,0.07914583333333335,0.07302083333333333,0.068,0.0,0.0,0.006588959178068811,0.01028104350274796,0.0,0.0,0.006588959178068811,0.01028104350274796
TDLL,Torre del Lluvià,2026-07-24,0.0,0.0,0.07872916666666667,0.07254166666666667,0.068,0.0,0.0,0.005337213440380377,0.008488552336993138,0.0,0.0,0.005337213440380377,0.008488552336993138
TDLL,Torre del Lluvià,2026-07-25,0.07357889237169361,0.0,0.07887500000000001,0.0726875,0.06772916666666667,0.0,0.0,0.1305291272719982,0.1354650470483404,0.0,0.0,0.004497847976669091,0.00727605891657894
TDLL,Torre del Lluvià,2026-07-26,0.0,0.0,0.07845833333333334,0.07227083333333333,0.06745833333333334,0.0,0.0,0.10904167840501097,0.11493229715885121,0.0,0.0,0.0037574210663691063,0.006173209870492604
TDLL,Torre del Lluvià,2026-07-27,0.0,0.0,0.07802083333333333,0.07202083333333333,0.06716666666666667,0.0,0.0,0.08959834297020221,0.09783207063225444,0.0,0.0,0.003087431396071863,0.0052547275135642925
TDLL,Torre del Lluvià,2026-07-28,0.0,0.0,0.07789583333333334,0.07210416666666668,0.0669375,0.0,0.0,0.07254738288661866,0.08197704784209603,0.0,0.0,0.0024998795759145222,0.004403127174890009
TDLL,Torre del Lluvià,2026-07-29,0.0,0.0,0.07791666666666668,0.07214583333333334,0.06695833333333334,0.0,0.0,0.058417162349877816,0.0687955398679619,0.0,0.0,0.0020129722841908146,0.003695125880689521
TDLL,Torre del Lluvià,2026-07-30,0.0,0.0,0.077625,0.07208333333333333,0.06697916666666667,0.0,0.0,0.047089197626140764,0.05734771684754976,0.0,0.0,0.0016226267400406094,0.0030802437647636043
TDLL,Torre del Lluvià,2026-07-31,0.0,0.0,0.07739583333333333,0.07183333333333333,0.06685416666666667,0.0,0.0,0.03821809453051007,0.048182975060232544,0.0,0.0,0.001316941151364608,0.0025879898390999806
TDLL,Torre del Lluvià,2026-08-01,0.0,0.0,0.07739583333333333,0.07185416666666666,0.066875,0.0,0.0,0.03164516759221351,0.04118251732449173,0.0,0.0,0.0010904474426569337,0.0022119833042918194
TDLL,Torre del Lluvià,2026-08-02,0.0,0.0,0.07762500000000001,0.07222916666666666,0.06672916666666667,0.0,0.0,0.025856202527206985,0.034857156005700884,0.0,0.0,0.0008909679444879957,0.0018722373504314984
TDLL,Torre del Lluvià,2026-08-03,0.0,0.0,0.07752083333333333,0.072125,0.06658333333333334,0.0,0.0,0.021532330410799966,0.02976855641872936,0.0,0.0,0.0007419734644312113,0.0015989199803465657
TDLL,Torre del Lluvià,2026-08-04,0.024260619474481625,0.0,0.077375,0.07204166666666667,0.06660416666666667,0.0,0.0,0.05866854421545442,0.06742143289182959,0.0,0.0,0.0006144684755091546,0.0013632165964571584
TDLL,Torre del Lluvià,2026-08-05,0.002821152263119971,0.0,0.07720833333333334,0.07210416666666668,0.06656250000000001,0.0,0.0,0.05234864581899613,0.06142645603077507,0.0,0.0,0.0004994611370117314,0.0011446519357992191
TDLL,Torre del Lluvià,2026-08-06,36.47585126651909,63.2,0.13233333333333333,0.07216666666666667,0.06647916666666667,61.50693495934959,63.41917276422764,63.52947824450557,65.1091170120481,100.0,100.0,87.75961455147593,89.56342916648786
TDLL,Torre del Lluvià,2026-08-07,0.17273378916498575,0.1,0.23847916666666666,0.07475,0.06664583333333333,49.17598373983739,53.309802845528445,53.81148147926563,57.028672177280825,87.52121544715446,89.74279674796746,76.41412996790928,80.09654056440077
TDLL,Torre del Lluvià,2026-08-08,0.0,0.0,0.2181666666666667,0.08502083333333332,0.06689583333333333,35.89038821138211,42.20351829268292,44.16869627509421,48.56038610755008,74.23561991869919,78.63651219512194,65.07604798207845,70.3681393298895
TDLL,Torre del Lluvià,2026-08-09,0.04764511364495292,0.0,0.19797916666666668,0.09502083333333333,0.06725,22.79329268292683,31.363908536585363,36.31741506437605,41.29550274025742,61.04168495934959,67.70006300813007,54.537469780432,61.302160704464015
TDLL,Torre del Lluvià,2026-08-10,0.2195414940786598,0.1,0.17991666666666664,0.09983333333333333,0.068,10.495249999999997,20.722018292682925,30.366658736108718,35.34579885988066,48.50067073170732,56.81520325203252,45.34074111265916,52.79514350556191
TDLL,Torre del Lluvià,2026-08-11,0.06425608886363737,0.0,0.16370833333333334,0.10099999999999999,0.068,0.0,9.906611788617885,25.217428620943974,30.10458730505877,35.827237804878045,45.86919308943089,37.491134688203594,44.84541074025866
TDLL,Torre del Lluvià,2026-08-12,0.0,0.0,0.14875000000000002,0.10012499999999998,0.068,0.0,0.0,20.539278697532172,25.45557377258392,22.147485772357726,34.68633739837398,30.536058042340734,37.91999039523963
TDLL,Torre del Lluvià,2026-08-13,0.0,0.0,0.13614583333333333,0.09845833333333333,0.06797916666666667,0.0,0.0,16.757307851599105,21.71073549028304,8.580510162601627,24.077813008130082,24.913344461861954,32.34147808334996
TDLL,Torre del Lluvià,2026-08-14,0.0,0.0,0.12527083333333333,0.09581250000000001,0.069,0.0,0.0,13.530582193300482,18.356624606976396,0.0,12.890056910569104,20.116122347126463,27.345014298411037
TDLL,Torre del Lluvià,2026-08-15,13.353852872710696,21.900000000000002,0.13083333333333333,0.09318749999999998,0.069,15.936030487804876,17.98381707317073,34.37963715274578,39.65865463052473,33.30624796747967,48.244091463414634,55.65788836644907,64.16518626280786
TDLL,Torre del Lluvià,2026-08-16,0.0,0.0,0.172125,0.09154166666666665,0.069,4.340113821138211,9.03755487804878,28.890871953790146,34.678339410960014,21.710331300813007,39.29782926829268,46.95361034809866,56.983678826854415
TDLL,Torre del Lluvià,2026-08-17,0.0020388236296907765,0.0,0.16785416666666667,0.09160416666666665,0.069,0.0,0.0,23.906420846037832,29.74279007903887,9.075528455284553,29.054630081300814,38.847279854140886,49.150874972734606
TDLL,Torre del Lluvià,2026-08-18,0.0,0.0,0.15456250000000002,0.09206249999999999,0.069,0.0,0.0,20.021634601200077,25.758191549181163,0.0,19.465693089430893,32.5346084844431,42.566203405704975
TDLL,Torre del Lluvià,2026-08-19,0.03293330597811807,0.3,0.13916666666666666,0.09185416666666667,0.069,0.0,0.0,16.652055085201482,22.26693922223903,0.0,10.192449186991869,27.47441574628463,37.22716970957311
TDLL,Torre del Lluvià,2026-08-20,6.668264000691549,27.600000000000005,0.14964583333333334,0.11933333333333333,0.07416666666666667,4.373560975609755,6.038103658536585,26.319882202329595,32.00160958359077,46.91773983739837,58.7747337398374,75.33663042746181,86.1950776374725
TDLL,Torre del Lluvià,2026-08-21,0.2323849503927816,0.30000000000000004,0.19477083333333334,0.13645833333333332,0.08252083333333333,0.0,0.0,23.53441460879861,28.785216205718942,38.8843394308943,51.34609552845528,68.5046834049361,79.44566106206527
TDLL,Torre del Lluvià,2026-08-22,0.0,0.0,0.1847291666666667,0.12320833333333332,0.08133333333333334,0.0,0.0,20.685091472238998,25.80396183002418,30.2809674796748,44.05717073170731,61.40983415985094,73.02356659378718
TDLL,Torre del Lluvià,2026-08-23,0.0,0.0,0.16714583333333335,0.11593749999999999,0.07991666666666668,0.0,0.0,17.62757883692378,22.687061861247336,19.61772967479675,35.47495325203251,53.02946664711805,65.75598358438647
TDLL,Torre del Lluvià,2026-08-24,0.0,0.0,0.150375,0.11062500000000001,0.07889583333333335,0.0,0.0,15.400754700422222,20.268972125100557,10.61452032520325,27.961384146341462,46.38427351135912,59.644405855578775
TDLL,Torre del Lluvià,2026-08-25,0.0,0.0,0.13439583333333335,0.10485416666666665,0.07810416666666668,0.0,0.0,13.169461954934327,17.780775136020065,0.18013008130081298,19.22982317073171,39.664025380416255,52.824632345169356
TDLL,Torre del Lluvià,2026-08-26,0.0,0.0,0.12202083333333331,0.09902083333333332,0.07704166666666667,0.0,0.0,11.380925364212706,15.691239498667475,0.0,10.895471544715448,34.2772783006234,46.66409715762021
TDLL,Torre del Lluvià,2026-08-27,0.0,0.0,0.11383333333333333,0.0944375,0.07637500000000001,0.0,0.0,9.718785490040526,13.599187668813673,0.0,1.3559715447154472,29.271215153885223,40.442554885235346
TDLL,Torre del Lluvià,2026-08-28,0.0,0.0,0.10668749999999999,0.08999999999999998,0.07547916666666667,0.0,0.0,8.64520610553678,11.992069674540575,0.0,0.0,26.037789209790866,35.663154874491234
TDLL,Torre del Lluvià,2026-08-29,0.0,0.0,0.10172916666666666,0.08654166666666664,0.07435416666666667,0.0,0.0,7.380080851262688,10.546276601341763,0.0,0.0,22.2274619263644,31.363518224162043
TDLL,Torre del Lluvià,2026-08-30,0.0,0.0,0.09920833333333334,0.08439583333333334,0.07322916666666666,0.0,0.0,6.285821906488234,9.257941046755807,0.0,0.0,18.931752905995545,27.532143685782145
TDLL,Torre del Lluvià,2026-08-31,0.0,0.0,0.09689583333333333,0.08293750000000001,0.07195833333333333,0.0,0.0,5.382282557144599,8.168841373581472,0.0,0.0,16.210456636853515,24.293275719509918
TDLL,Torre del Lluvià,2026-09-01,0.0,0.0,0.09566666666666666,0.08210416666666669,0.07108333333333333,0.0,0.0,4.758053175846424,7.367916828119129,0.0,0.0,14.330391216736976,21.911410296542446
TDLL,Torre del Lluvià,2026-09-02,0.0,0.0,0.09402083333333333,0.08106250000000001,0.07066666666666667,0.0,0.0,4.097788215019935,6.509843769182775,0.0,0.0,12.341793181856062,19.359591200674153
TDLL,Torre del Lluvià,2026-09-03,0.0,0.0,0.09279166666666665,0.08010416666666668,0.07027083333333334,0.0,0.0,3.506043813119739,5.75090573873016,0.0,0.0,10.559566614361822,17.102589260664175
TDLL,Torre del Lluvià,2026-09-04,0.0,0.0,0.09166666666666666,0.07952083333333333,0.06983333333333334,0.0,0.0,2.9266900962399354,4.991843606355595,0.0,0.0,8.814658537692136,14.845218254581125
TDLL,Torre del Lluvià,2026-09-05,0.0,0.0,0.09089583333333333,0.07904166666666666,0.0694375,0.0,0.0,2.486720203774002,4.351121617716837,0.0,0.0,7.489549202086421,12.939778398704751
TDLL,Torre del Lluvià,2026-09-06,0.0,0.0,0.08952083333333331,0.0779375,0.06852083333333335,0.0,0.0,2.0878124644402125,3.783561299372184,0.0,0.0,6.288111607177572,11.251913661167997
TDLL,Torre del Lluvià,2026-09-07,0.0,0.0,0.08797916666666665,0.0771875,0.06808333333333334,0.0,0.0,1.76786932683912,3.3328751758955697,0.0,0.0,5.32450103800432,9.911620495972862
TDLL,Torre del Lluvià,2026-09-08,0.029129329563762896,0.0,0.08733333333333332,0.0766875,0.06760416666666667,0.0,0.0,1.5569702987922662,2.9895644478917114,0.0,0.0,4.537355442983475,8.735471563792386
TDLL,Torre del Lluvià,2026-09-09,0.9962476758784717,1.4,0.08604166666666664,0.07616666666666667,0.0675,0.0,0.0,3.278324495675096,4.614478079117986,0.0,0.0,6.7572329595322875,10.657237467606773
TDLL,Torre del Lluvià,2026-09-10,0.0,0.0,0.08418750000000001,0.07504166666666667,0.0671875,0.0,0.0,2.9042221954939444,4.1797013788584545,0.0,0.0,5.986138946003173,9.653111223944137
TDLL,Torre del Lluvià,2026-09-11,0.0,0.0,0.08385416666666667,0.07452083333333333,0.066375,0.0,0.0,2.508649296928174,3.720422521466772,0.0,0.0,5.170790059212787,8.592396715574464
TDLL,Torre del Lluvià,2026-09-12,0.0,0.0,0.08397916666666666,0.07452083333333333,0.06606250000000001,0.0,0.0,2.1962808217333496,3.350362073322078,0.0,0.0,4.526940873785933,7.737734063454809
TDLL,Torre del Lluvià,2026-09-13,0.0,0.0,0.08377083333333334,0.07447916666666667,0.066,0.0,0.0,1.9076173409971011,3.0001027569487735,0.0,0.0,3.931952065076618,6.928802555745622
TDLL,Torre del Lluvià,2026-09-14,0.0,0.0,0.08354166666666667,0.07416666666666667,0.066,0.0,0.0,1.6199039504410506,2.662577808299245,0.0,0.0,3.338921567903769,6.149281347208997
TDLL,Torre del Lluvià,2026-09-15,0.0,0.0,0.08335416666666666,0.07427083333333333,0.06577083333333333,0.0,0.0,1.3870452852205921,2.348537659549957,0.0,0.0,2.858956802482842,5.423998794729428
TDLL,Torre del Lluvià,2026-09-16,5.9508251810129424,3.9,0.0825625,0.07375,0.0655,3.6896239837398372,5.406422764227641,11.885134663103937,13.06488151807314,0.0,1.2380792682926829,9.508117724419154,12.07632784449707
TDLL,Torre del Lluvià,2026-09-17,1.6649160359054962,0.1,0.08241666666666668,0.07320833333333333,0.065,0.41659959349593495,2.124571138211382,13.81806585532846,14.883728635071385,0.0,0.0,8.788484974398425,11.111163068108683
TDLL,Torre del Lluvià,2026-09-18,0.10053795188594447,0.0,0.08222916666666667,0.0730625,0.065,0.0,0.0,12.586891058903353,13.472080762455034,0.0,0.0,7.888778947460792,9.921112897922866
PDCE,Pobla de Cérvoles,2026-07-21,0.0,0.0,0.05887500000000001,0.13983333333333334,0.20300000000000004,0.0,0.0,0.005609753569717336,0.004536137023225274,0.0,0.0,0.005609753569717336,0.004536137023225274
PDCE,Pobla de Cérvoles,2026-07-22,0.0,0.0,0.058229166666666665,0.13908333333333334,0.2029791666666667,0.0,0.0,0.004751545106890071,0.003567070256735886,0.0,0.0,0.004751545106890071,0.003567070256735886
PDCE,Pobla de Cérvoles,2026-07-23,0.0,0.0,0.05833333333333334,0.13870833333333335,0.20260416666666667,0.0,0.0,0.003753957464524158,0.00277642853983623,0.0,0.0,0.003753957464524158,0.00277642853983623
PDCE,Pobla de Cérvoles,2026-07-24,0.0,0.0,0.057895833333333334,0.13854166666666667,0.20262500000000003,0.0,0.0,0.0031213341066371734,0.0022261707703302137,0.0,0.0,0.0031213341066371734,0.0022261707703302137
PDCE,Pobla de Cérvoles,2026-07-25,0.000827278272664021,0.0,0.057541666666666665,0.13772916666666668,0.20245833333333332,0.0,0.0,0.004149539888911188,0.003310012043752254,0.0,0.0,0.002624251483077185,0.0018237533610426192
PDCE,Pobla de Cérvoles,2026-07-26,0.0,0.0,0.05645833333333333,0.13639583333333336,0.20197916666666668,0.0,0.0,0.003489071019178461,0.002736080124522054,0.0,0.0,0.002206557845391198,0.0015075278449810034
PDCE,Pobla de Cérvoles,2026-07-27,0.0,0.0,0.0561875,0.1355,0.20172916666666665,0.0,0.0,0.0028577347546329948,0.0022198399034965358,0.0,0.0,0.0018072882461324282,0.0012230893517804209
PDCE,Pobla de Cérvoles,2026-07-28,0.0,0.0,0.05652083333333333,0.1355625,0.20089583333333336,0.0,0.0,0.002362425719044875,0.0017492263206514817,0.0,0.0,0.0014940449695230987,0.0009637902640064017
PDCE,Pobla de Cérvoles,2026-07-29,0.0,0.0,0.05633333333333334,0.1355,0.2009791666666667,0.0,0.0,0.0019530665897117703,0.0013704518738306634,0.0,0.0,0.00123515812157778,0.0007550927845605444
PDCE,Pobla de Cérvoles,2026-07-30,0.0,0.0,0.05579166666666668,0.13552083333333334,0.20072916666666665,0.0,0.0,0.001609781906395083,0.0010434706237411983,0.0,0.0,0.0010180580662875825,0.0005749323664212281
PDCE,Pobla de Cérvoles,2026-07-31,0.0,0.0,0.055041666666666676,0.13545833333333335,0.2007916666666667,0.0,0.0,0.0013405632470542513,0.0008202090803722074,0.0,0.0,0.0008477988363582111,0.0004519195239515722
PDCE,Pobla de Cérvoles,2026-08-01,0.0,0.0,0.05495833333333334,0.13497916666666668,0.20077083333333334,0.0,0.0,0.001113262791430566,0.0006759521400061746,0.0,0.0,0.0007040495114346006,0.0003724367074636789
PDCE,Pobla de Cérvoles,2026-08-02,0.0,0.0,0.0555,0.13479166666666667,0.20058333333333334,0.0,0.0,0.0009278367756812942,0.000552186874305829,0.0,0.0,0.0005867824143929569,0.0003042444119923116
PDCE,Pobla de Cérvoles,2026-08-03,0.0,0.0,0.05485416666666667,0.13431250000000003,0.20054166666666665,0.0,0.0,0.0008117226281709077,0.00047907830533866036,0.0,0.0,0.0005133495201521621,0.0002639629880541244
PDCE,Pobla de Cérvoles,2026-08-04,0.9783868422208352,0.8,0.05422916666666667,0.1328125,0.19999999999999998,0.0,0.0,1.7940883173042648,1.8114590935588455,0.0,0.0,1.4668509602116555,1.48107241204414
PDCE,Pobla de Cérvoles,2026-08-05,0.0,0.0,0.05552083333333333,0.131875,0.19935416666666672,0.0,0.0,1.4960541920575372,1.4904582839742229,0.0,0.0,1.2231775364579787,1.21861799338786
PDCE,Pobla de Cérvoles,2026-08-06,0.19873496795288692,0.5,0.05604166666666666,0.13208333333333333,0.19874999999999998,0.0,0.0,1.6214846288296065,1.6106890873699211,0.0,0.0,1.9469708673091708,1.935814124739162
PDCE,Pobla de Cérvoles,2026-08-07,0.0,0.0,0.05595833333333333,0.13166666666666668,0.1980625,0.0,0.0,1.3348709243950772,1.3313885687037608,0.0,0.0,1.602824199012736,1.6001355053702382
PDCE,Pobla de Cérvoles,2026-08-08,0.0030380678156974733,0.0,0.0561875,0.13179166666666667,0.19799999999999998,0.0,0.0,1.1350239817048422,1.0956048004873755,0.0,0.0,1.356092935864906,1.3102012879715843
PDCE,Pobla de Cérvoles,2026-08-09,0.3886254701836328,0.2,0.05597916666666667,0.13158333333333336,0.19799999999999998,0.0,0.0,1.6932115860117372,1.5605252174533077,0.0,0.0,1.5291251915332753,1.4010513832115932
PDCE,Pobla de Cérvoles,2026-08-10,0.005520852529365758,0.2,0.05575,0.13095833333333332,0.19799999999999998,0.0,0.0,1.4555807366598916,1.3004867972935743,0.0,0.0,1.6795557012546025,1.5212950261923193
PDCE,Pobla de Cérvoles,2026-08-11,0.0,0.0,0.05610416666666667,0.13102083333333334,0.19799999999999998,0.0,0.0,1.2174717035845597,1.0738508495329369,0.0,0.0,1.4048080531512197,1.2561788090941086
PDCE,Pobla de Cérvoles,2026-08-12,0.9673451371621036,1.0,0.055270833333333345,0.13095833333333332,0.19781250000000003,0.0,0.0,2.7562062289959726,2.5884091833585843,0.0,0.0,2.9699670651272494,2.794122396571722
PDCE,Pobla de Cérvoles,2026-08-13,0.0,0.0,0.05558333333333334,0.13014583333333332,0.19727083333333337,0.0,0.0,2.2012196517866514,2.0233697426290216,0.0,0.0,2.371937847081463,2.1841765787160314
PDCE,Pobla de Cérvoles,2026-08-14,0.9668996641547037,0.4,0.05579166666666666,0.13047916666666667,0.19700000000000004,0.0,0.0,3.5381752665824235,3.3767469095255587,0.0,0.0,2.6601161659384354,2.4947055010425743
PDCE,Pobla de Cérvoles,2026-08-15,0.0,0.0,0.05477083333333333,0.12964583333333335,0.19672916666666665,0.0,0.0,2.9735074581247662,2.866919766786705,0.0,0.0,2.235580394675152,2.118050509819043
PDCE,Pobla de Cérvoles,2026-08-16,0.12304655641083556,0.0,0.05466666666666667,0.12954166666666667,0.19668750000000002,0.0,0.0,2.741087251263692,2.61039555835716,0.0,0.0,1.8893821897999115,1.7626314807482981
PDCE,Pobla de Cérvoles,2026-08-17,0.0,0.0,0.05504166666666666,0.12945833333333334,0.19639583333333333,0.0,0.0,2.2605200083031622,2.152945701781379,0.0,0.0,1.558135824171718,1.4537451453104167
PDCE,Pobla de Cérvoles,2026-08-18,0.0,0.0,0.05506250000000001,0.12983333333333333,0.19633333333333333,0.0,0.0,1.873127112497589,1.7735189952488222,0.0,0.0,1.291112861858998,1.1975428025544281
PDCE,Pobla de Cérvoles,2026-08-19,0.0,0.0,0.05522916666666667,0.13008333333333333,0.1965416666666667,0.0,0.0,1.5042560612290137,1.4088403599204444,0.0,0.0,1.0368566741808003,0.9512988795105709
PDCE,Pobla de Cérvoles,2026-08-20,0.0,0.0,0.054,0.13031250000000003,0.19639583333333333,0.0,0.0,1.2911768077831545,1.1429050004030543,0.0,0.0,0.889984973438379,0.771729911493911
PDCE,Pobla de Cérvoles,2026-08-21,0.0,0.0,0.05322916666666666,0.12952083333333334,0.1963541666666667,0.0,0.0,1.1188552486607042,0.9720607949529135,0.0,0.0,0.7712068190493091,0.6563698566295187
PDCE,Pobla de Cérvoles,2026-08-22,0.0,0.0,0.05325,0.12945833333333334,0.19629166666666664,0.0,0.0,0.9979034285534605,0.8563434746218211,0.0,0.0,0.6878369027399486,0.5782334259148634
PDCE,Pobla de Cérvoles,2026-08-23,0.0,0.0,0.05314583333333334,0.1290625,0.19589583333333335,0.0,0.0,0.8537460433088758,0.7200483993847286,0.0,0.0,0.5884718073444349,0.48620216670024463
PDCE,Pobla de Cérvoles,2026-08-24,3.972946267423646,4.7,0.05252083333333333,0.12854166666666667,0.1955625,0.20779166666666668,0.0,8.42058525653723,8.191625027287358,1.8022083333333334,0.9026995614035087,9.590535669625634,9.373188869495898
PDCE,Pobla de Cérvoles,2026-08-25,0.0,0.0,0.05279166666666666,0.12691666666666668,0.19500000000000003,0.0,0.0,7.2741406504081265,6.9956200526871,0.0,0.0,8.284804826297943,8.004671575498476
PDCE,Pobla de Cérvoles,2026-08-26,0.00028186498734232687,0.0,0.05508333333333334,0.12610416666666666,0.19439583333333332,0.0,0.0,6.397686100332122,5.859908263824729,0.0,0.0,7.285957145486173,6.704551778161374
PDCE,Pobla de Cérvoles,2026-08-27,0.0,0.0,0.0581875,0.12641666666666665,0.19354166666666664,0.0,0.0,5.574380448184707,4.890368136491742,0.0,0.0,6.348341638080891,5.5952627428981385
PDCE,Pobla de Cérvoles,2026-08-28,0.0,0.0,0.058125,0.12627083333333333,0.1933541666666667,0.0,0.0,4.944395764109978,4.164222374924667,0.0,0.0,5.630888274708963,4.764450785145537
PDCE,Pobla de Cérvoles,2026-08-29,0.0,0.0,0.05775,0.12570833333333334,0.19314583333333335,0.0,0.0,4.185389346527521,3.568275529457582,0.0,0.0,4.7664994714871725,4.08260453387707
PDCE,Pobla de Cérvoles,2026-08-30,0.0,0.0,0.05781250000000001,0.12614583333333332,0.19264583333333332,0.0,0.0,3.6130092643259384,3.007056980196146,0.0,0.0,4.1146486797401245,3.4404922937219644
PDCE,Pobla de Cérvoles,2026-08-31,0.0,0.0,0.05710416666666667,0.12662500000000002,0.1929166666666667,0.0,0.0,3.096640840771631,2.5507790391866796,0.0,0.0,3.526586348094371,2.9184467354977905
PDCE,Pobla de Cérvoles,2026-09-01,0.0,0.0,0.05610416666666667,0.12683333333333333,0.19300000000000003,0.0,0.0,2.7806905768702608,2.2605113322787678,0.0,0.0,3.1667687442311676,2.5863400227517372
PDCE,Pobla de Cérvoles,2026-09-02,0.0,0.0,0.05604166666666668,0.12689583333333335,0.19295833333333334,0.0,0.0,2.33935786923218,1.906479901139892,0.0,0.0,2.6641602785570684,2.1812787224204055
PDCE,Pobla de Cérvoles,2026-09-03,0.0,0.0,0.05608333333333334,0.1273125,0.19300000000000003,0.0,0.0,1.9645041352659256,1.6140077316556156,0.0,0.0,2.237260896706837,1.8466497972401583
PDCE,Pobla de Cérvoles,2026-09-04,0.0,0.0,0.055875,0.12766666666666668,0.19300000000000003,0.0,0.0,1.627943661565328,1.3245280805282253,0.0,0.0,1.8539715089827686,1.515444730142246
PDCE,Pobla de Cérvoles,2026-09-05,0.0,0.0,0.055625,0.12802083333333333,0.19316666666666668,0.0,0.0,1.3640835695419984,1.0611994449224202,0.0,0.0,1.5534764092331548,1.2141600695971717
PDCE,Pobla de Cérvoles,2026-09-06,0.0,0.0,0.05431250000000001,0.1280416666666667,0.19310416666666666,0.0,0.0,1.1386037826777922,0.8509540611247131,0.0,0.0,1.296690434038048,0.9736100475954449
PDCE,Pobla de Cérvoles,2026-09-07,0.0,0.0,0.0534375,0.128,0.19300000000000003,0.0,0.0,0.9807741574172436,0.6868177137270791,0.0,0.0,1.1169473413163213,0.7858151896794517
PDCE,Pobla de Cérvoles,2026-09-08,0.4292310605585454,0.4,0.052333333333333336,0.127875,0.19300000000000003,0.0,0.0,1.6390004804006562,1.3340489776182265,0.0,0.0,1.7004564691417992,1.3626407544026702
PDCE,Pobla de Cérvoles,2026-09-09,0.002546413834819006,0.0,0.050416666666666665,0.12658333333333333,0.19300000000000003,0.0,0.0,1.4554466137933946,1.1511409465978508,0.0,0.0,1.504892741560663,1.1709112212601993
PDCE,Pobla de Cérvoles,2026-09-10,0.0,0.0,0.04954166666666667,0.124875,0.19249999999999998,0.0,0.0,1.2843076485837162,1.0132937186560411,0.0,0.0,1.3279396440705429,1.0306965355662288
PDCE,Pobla de Cérvoles,2026-09-11,0.0,0.0,0.04954166666666666,0.12422916666666667,0.19166666666666668,0.0,0.0,1.1172004183864335,0.8718139780729681,0.0,0.0,1.1551552523910997,0.8867869506285162
PDCE,Pobla de Cérvoles,2026-09-12,0.0008148388773463106,0.0,0.049749999999999996,0.12460416666666667,0.19066666666666665,0.0,0.0,1.0460948653076676,0.8063103130039473,0.0,0.0,1.0799067413498087,0.8184806806863248
PDCE,Pobla de Cérvoles,2026-09-13,0.0,0.0,0.05010416666666667,0.12477083333333333,0.18999999999999997,0.0,0.0,0.959832832565573,0.7226096587527602,0.0,0.0,0.9908565473663711,0.733516657083334
PDCE,Pobla de Cérvoles,2026-09-14,0.0,0.0,0.050229166666666665,0.12508333333333332,0.18999999999999997,0.0,0.0,0.8199820844746513,0.6347318883018866,0.0,0.0,0.8464855436890113,0.6443124683041246
PDCE,Pobla de Cérvoles,2026-09-15,0.0,0.0,0.050479166666666665,0.12564583333333332,0.18999999999999997,0.0,0.0,0.708225205497626,0.5257970907160023,0.0,0.0,0.7311164591041167,0.5337334197163073
PDCE,Pobla de Cérvoles,2026-09-16,0.2103700169300245,0.6,0.0493125,0.12552083333333333,0.18999999999999997,0.0,0.0,1.0461327543441097,0.875911480592215,0.0,0.0,1.8308850494291842,1.6411317467302762
PDCE,Pobla de Cérvoles,2026-09-17,0.0008111698904650757,0.0,0.04854166666666667,0.12429166666666665,0.18999999999999997,0.0,0.0,0.9426667565545694,0.7835575223853324,0.0,0.0,1.6470038239865585,1.4651193417993214
PDCE,Pobla de Cérvoles,2026-09-18,0.0,0.0,0.04835416666666666,0.12333333333333334,0.18947916666666673,0.0,0.0,0.8435068014177586,0.6936200737440735,0.0,0.0,1.4737540258356372,1.2969516045344738
VIL,Vilosell,2026-07-21,0.0,0.0,0.0674375,0.15406250000000002,0.15,0.0,0.0,0.0757508719973913,0.07291156536374102,0.0,0.0,0.0757508719973913,0.07291156536374102
VIL,Vilosell,2026-07-22,0.0,0.0,0.06675,0.1535416666666667,0.15,0.0,0.0,0.06333267086775267,0.05745563176207826,0.0,0.0,0.06333267086775267,0.05745563176207826
VIL,Vilosell,2026-07-23,0.0,0.0,0.0665,0.15297916666666667,0.14975000000000002,0.0,0.0,0.04974042191903842,0.04462367706060098,0.0,0.0,0.04974042191903842,0.04462367706060098
VIL,Vilosell,2026-07-24,0.0,0.0,0.0661875,0.15281250000000002,0.15,0.0,0.0,0.041172710810918875,0.035969868452188115,0.0,0.0,0.041172710810918875,0.035969868452188115
VIL,Vilosell,2026-07-25,0.017530010789208194,0.0,0.065375,0.15170833333333333,0.14958333333333332,0.0,0.0,0.06641828192279378,0.06083674612612521,0.0,0.0,0.03438407918745749,0.029440689254247313
VIL,Vilosell,2026-07-26,0.0,0.0,0.06422916666666667,0.1508125,0.1493125,0.0,0.0,0.055802703382334166,0.05030897401444114,0.0,0.0,0.02888850052162975,0.02434599095074088
VIL,Vilosell,2026-07-27,0.0,0.0,0.063625,0.15014583333333334,0.1484375,0.0,0.0,0.04550578448455266,0.04085376613124091,0.0,0.0,0.023557888760553144,0.019770337996743267
VIL,Vilosell,2026-07-28,0.0,0.0,0.06358333333333334,0.14991666666666667,0.148125,0.0,0.0,0.03712452724764983,0.03242624007330893,0.0,0.0,0.019218995850629517,0.01569201047838344
VIL,Vilosell,2026-07-29,0.0,0.0,0.06339583333333333,0.14964583333333334,0.148,0.0,0.0,0.030385828478244795,0.02552686719842478,0.0,0.0,0.015730439004534295,0.012353201192996294
VIL,Vilosell,2026-07-30,0.0,0.0,0.063875,0.15006250000000002,0.148,0.0,0.0,0.024862228471852182,0.01959846283666497,0.0,0.0,0.012870926615454184,0.009484272104871648
VIL,Vilosell,2026-07-31,0.0,0.0,0.063625,0.15010416666666668,0.14910416666666668,0.0,0.0,0.020528496638968205,0.015493546167862318,0.0,0.0,0.010627397059957666,0.007497782298032664
VIL,Vilosell,2026-08-01,0.0,0.0,0.063125,0.14945833333333333,0.15012499999999998,0.0,0.0,0.017010248476217495,0.012871014591014487,0.0,0.0,0.008806035231150233,0.006228662199903809
VIL,Vilosell,2026-08-02,0.0,0.0,0.06310416666666667,0.14914583333333334,0.15091666666666667,0.0,0.0,0.014169059907063965,0.01053742657181112,0.0,0.0,0.007335180371311595,0.005099370380476639
VIL,Vilosell,2026-08-03,0.0,0.0,0.06233333333333333,0.14879166666666668,0.151,0.0,0.0,0.012182173364815162,0.009099456027463516,0.0,0.0,0.0063065891125887305,0.00440349417655983
VIL,Vilosell,2026-08-04,0.8900329814064816,0.0,0.06164583333333334,0.14720833333333336,0.15102083333333335,0.0,0.0,1.621551281497514,1.642699718269046,0.0,0.0,0.005218278165524429,0.003696930655626889
VIL,Vilosell,2026-08-05,0.0,0.0,0.06254166666666666,0.14658333333333332,0.151,0.0,0.0,1.3384048454920767,1.3484360033173346,0.0,0.0,0.004307090908289668,0.0030346839062392696
VIL,Vilosell,2026-08-06,0.2352212619685275,0.3,0.062625,0.14670833333333333,0.151,0.0,0.0,1.5415316284754788,1.5588100616806702,0.0,0.0,0.5496622817199242,0.5517661167002432
VIL,Vilosell,2026-08-07,0.0,0.0,0.06297916666666667,0.14660416666666667,0.151,0.0,0.0,1.2637964681635039,1.2891696825132444,0.0,0.0,0.45063055307358746,0.4563225289430649
VIL,Vilosell,2026-08-08,0.03893424472784961,0.0,0.06297916666666667,0.14672916666666666,0.151,0.0,0.0,1.132012875307356,1.1298894795010104,0.0,0.0,0.37814878209434694,0.37515073311967534
VIL,Vilosell,2026-08-09,0.2866669373525251,0.1,0.06279166666666668,0.1465,0.151,0.0,0.0,1.4795582859264595,1.4077903942389522,0.0,0.0,0.5020470152981297,0.4758698841001613
VIL,Vilosell,2026-08-10,0.09053010293607415,0.0,0.06260416666666667,0.14602083333333335,0.151,0.0,0.0,1.4211166456804618,1.332772218733492,0.0,0.0,0.42527662667703947,0.3949382496554586
VIL,Vilosell,2026-08-11,0.0,0.0,0.0629375,0.14591666666666667,0.151,0.0,0.0,1.182844853223937,1.104067352484968,0.0,0.0,0.3539725402488048,0.32716650419567456
VIL,Vilosell,2026-08-12,0.46214472633837794,0.0,0.06216666666666667,0.14591666666666667,0.151,0.0,0.0,1.806495089273409,1.7254804301843936,0.0,0.0,0.29144019813482,0.2668712425982649
VIL,Vilosell,2026-08-13,0.0,0.0,0.06275,0.14552083333333332,0.151,0.0,0.0,1.4474273563484283,1.3587499850951483,0.0,0.0,0.23351212966187054,0.21015091829466048
VIL,Vilosell,2026-08-14,0.5275910427283917,0.0,0.06318750000000001,0.14564583333333334,0.151,0.0,0.0,2.1149011932466233,2.046354700435837,0.0,0.0,0.1898060298764814,0.1711127462887296
VIL,Vilosell,2026-08-15,0.0,0.3,0.06212499999999999,0.1446875,0.151,0.0,0.0,1.8310386984460796,1.7875854870907621,0.0,0.0,0.7326758148659176,0.7229188306342167
VIL,Vilosell,2026-08-16,1.2315752466996954,0.7,0.06141666666666667,0.143625,0.15039583333333334,0.0,0.0,3.915467383302681,3.821087589481737,0.0,0.0,1.958969615814782,1.9219650750265043
VIL,Vilosell,2026-08-17,0.0,0.0,0.06270833333333334,0.1431875,0.14945833333333333,0.0,0.0,3.3237301880566568,3.2771345717633373,0.0,0.0,1.6629142353057393,1.6483626835534952
VIL,Vilosell,2026-08-18,0.0,0.0,0.06416666666666666,0.14389583333333333,0.14922916666666666,0.0,0.0,2.836899123684275,2.807301131276839,0.0,0.0,1.419345034038167,1.4120416250725853
VIL,Vilosell,2026-08-19,0.0,0.0,0.064625,0.14460416666666667,0.15,0.0,0.0,2.3613918047744695,2.3200703991840843,0.0,0.0,1.1814412798620462,1.166969920058652
VIL,Vilosell,2026-08-20,0.0,0.0,0.06372916666666667,0.14464583333333333,0.15,0.0,0.0,2.0703279043247704,1.9635878431450904,0.0,0.0,1.0358174548052916,0.9876631110629301
VIL,Vilosell,2026-08-21,0.0,0.0,0.06258333333333334,0.14372916666666666,0.15,0.0,0.0,1.8321278336407647,1.7278365432854172,0.0,0.0,0.9166422311921907,0.8690827974449824
VIL,Vilosell,2026-08-22,0.0,0.0,0.06237499999999999,0.14314583333333333,0.1494791666666667,0.0,0.0,1.6592374139849992,1.5613679591693599,0.0,0.0,0.8301424481993797,0.7853509286333675
VIL,Vilosell,2026-08-23,0.0,0.0,0.06147916666666667,0.142625,0.149,0.0,0.0,1.454387496309787,1.3690915290231882,0.0,0.0,0.7276528281251065,0.6886379968207162
VIL,Vilosell,2026-08-24,3.2684866386456948,3.5,0.0613125,0.14185416666666664,0.14908333333333332,0.0,0.0,7.670129932809944,7.618219453433315,0.0,0.19147045951859953,7.473938507263774,7.462782326980802
VIL,Vilosell,2026-08-25,0.0,0.0,0.061375000000000006,0.14097916666666668,0.14852083333333332,0.0,0.0,6.719517534547382,6.6320140798325875,0.0,0.0,6.547641473042074,6.496698837542317
VIL,Vilosell,2026-08-26,0.0027844704027235124,0.0,0.06212500000000001,0.14097916666666668,0.148,0.0,0.0,6.003895883862904,5.798023965299223,0.0,0.0,5.845024459625762,5.674511646515121
VIL,Vilosell,2026-08-27,0.0,0.0,0.0631875,0.14131249999999998,0.148,0.0,0.0,5.30557344454934,4.917388180197201,0.0,0.0,5.165180601995917,4.8126355920511905
VIL,Vilosell,2026-08-28,0.0,0.0,0.06216666666666667,0.14112499999999997,0.1479375,0.0,0.0,4.760954837616443,4.262198058206451,0.0,0.0,4.63497335985401,4.171402647832703
VIL,Vilosell,2026-08-29,0.0,0.0,0.061687500000000006,0.14029166666666668,0.14775000000000002,0.0,0.0,4.149330322860933,3.760255294862844,0.0,0.0,4.039533279278768,3.6801525126963104
VIL,Vilosell,2026-08-30,0.0,0.0,0.06195833333333334,0.14091666666666666,0.14764583333333334,0.0,0.0,3.634293263313321,3.233003296668071,0.0,0.0,3.538124815690849,3.1641322923055513
VIL,Vilosell,2026-08-31,0.0,0.0,0.06187499999999999,0.14110416666666667,0.14791666666666667,0.0,0.0,3.18390050441844,2.8413246414154494,0.0,0.0,3.099650074772271,2.780797365747054
VIL,Vilosell,2026-09-01,0.0,0.0,0.06154166666666666,0.14122916666666666,0.14789583333333334,0.0,0.0,2.8848367107623307,2.577197590688543,0.0,0.0,2.808499924482898,2.5222968775669967
VIL,Vilosell,2026-09-02,0.0,0.0,0.06183333333333333,0.14072916666666668,0.14760416666666668,0.0,0.0,2.495332962128394,2.2572455376346445,0.0,0.0,2.4293029860415736,2.2091605983368927
VIL,Vilosell,2026-09-03,0.0,0.0,0.06233333333333333,0.141375,0.14764583333333334,0.0,0.0,2.1600249574259474,1.9802422910752726,0.0,0.0,2.1028676968717814,1.9380582092934668
VIL,Vilosell,2026-09-04,0.0,0.0,0.06252083333333333,0.14172916666666666,0.147125,0.0,0.0,1.8361838747409467,1.6725021197500118,0.0,0.0,1.7875958990357983,1.6368736683641627
VIL,Vilosell,2026-09-05,0.0,0.0,0.06297916666666666,0.14212499999999997,0.148,0.0,0.0,1.5792864731992557,1.385705093660917,0.0,0.0,1.5374963595582125,1.3561861316329342
VIL,Vilosell,2026-09-06,0.0,0.0,0.06233333333333333,0.14216666666666666,0.148,0.0,0.0,1.3482172694495147,1.1373578106944,0.0,0.0,1.312541567884759,1.1131292629466112
VIL,Vilosell,2026-09-07,0.0,0.0,0.06172916666666667,0.14214583333333333,0.14864583333333334,0.0,0.0,1.1758595276458017,0.9415785042556062,0.0,0.0,1.1447446513265758,0.9215205422544307
VIL,Vilosell,2026-09-08,0.7870497808575747,1.2000000000000002,0.06114583333333334,0.14210416666666667,0.149,0.0,0.0,2.517192957986391,2.2545005532833566,0.0,0.0,3.275022039662245,3.0022968143508026
VIL,Vilosell,2026-09-09,0.0410098575017734,0.0,0.05964583333333332,0.14012500000000003,0.1484375,0.0,0.0,2.36539070185862,2.071307999695057,0.0,0.0,2.9715820871560203,2.6527521149787825
VIL,Vilosell,2026-09-10,0.0,0.0,0.05935416666666667,0.1383541666666667,0.14731249999999999,0.0,0.0,2.13109577388198,1.86835478767289,0.0,0.0,2.677243139032216,2.392827196756672
VIL,Vilosell,2026-09-11,0.0,0.0,0.059520833333333335,0.1376875,0.14641666666666667,0.0,0.0,1.8459662017446543,1.609516301341338,0.0,0.0,2.319041879335043,2.061329253353267
VIL,Vilosell,2026-09-12,0.012765929908011986,0.0,0.05991666666666667,0.13779166666666667,0.14597916666666666,0.0,0.0,1.6664701800732935,1.459325057496093,0.0,0.0,2.062337001669017,1.8370933513176828
VIL,Vilosell,2026-09-13,0.0,0.0,0.06,0.13789583333333336,0.14597916666666666,0.0,0.0,1.4652290305885614,1.284317116689516,0.0,0.0,1.8132913998914229,1.616781966385254
VIL,Vilosell,2026-09-14,0.0,0.0,0.06008333333333333,0.1380625,0.14597916666666666,0.0,0.0,1.252195792074483,1.129529380309104,0.0,0.0,1.5496525207644998,1.421925090660888
VIL,Vilosell,2026-09-15,0.0,0.0,0.0605,0.13845833333333335,0.14595833333333333,0.0,0.0,1.0706422814492638,0.9402492775409385,0.0,0.0,1.3249713190109635,1.1836469794573767
VIL,Vilosell,2026-09-16,0.2698689509628113,0.1,0.05975,0.1383541666666667,0.14595833333333333,0.0,0.0,1.4819258668334225,1.3652312491006158,0.0,0.0,1.3772151967623478,1.2507998269503682
VIL,Vilosell,2026-09-17,0.00748363337737612,0.0,0.05885416666666667,0.13710416666666667,0.14564583333333334,0.0,0.0,1.348469948354895,1.2390792720209347,0.0,0.0,1.2394924447957454,1.1217664264397489
VIL,Vilosell,2026-09-18,0.0,0.0,0.05858333333333334,0.13608333333333333,0.14466666666666667,0.0,0.0,1.203078351521517,1.0998211309536692,0.0,0.0,1.1058507674030713,0.9956928887855494
MDF,Mas dels Frares,2026-07-21,0.005635435294110534,0.0,0.023562499999999997,0.10604166666666666,0.15270833333333333,0.0,0.0,2.6213428951700957,2.7446534190656386,0.0,0.0,2.6121458450149295,2.735280716141869
MDF,Mas dels Frares,2026-07-22,0.0,0.0,0.022916666666666665,0.10581250000000002,0.1525,0.0,0.0,2.2822244365272693,2.4313459926653,0.0,0.0,2.2742171923598766,2.423043201669595
MDF,Mas dels Frares,2026-07-23,0.0,0.0,0.02258333333333333,0.10589583333333334,0.1526875,0.0,0.0,1.9839702539687458,2.1529401863152144,0.0,0.0,1.977009442406959,2.145588121883762
MDF,Mas dels Frares,2026-07-24,0.0,0.0,0.02220833333333333,0.1060625,0.15241666666666667,0.0,0.0,1.7389301737435134,1.9053797215266137,0.0,0.0,1.732829091716542,1.898873050060268
MDF,Mas dels Frares,2026-07-25,0.0,0.0,0.0224375,0.106375,0.1523958333333333,0.0,0.0,1.462900712524639,1.6078134483845736,0.0,0.0,1.457768087086774,1.6023229344625354
MDF,Mas dels Frares,2026-07-26,0.0,0.0,0.020770833333333332,0.10570833333333333,0.15256250000000002,0.0,0.0,1.2544306187463468,1.373249790550034,0.0,0.0,1.250029416088715,1.3685602868635047
MDF,Mas dels Frares,2026-07-27,0.010839512928588393,0.0,0.01966666666666667,0.10502083333333334,0.1525,0.0,0.0,1.1054523579797173,1.215387561973976,0.0,0.0,1.0840000679580861,1.193561394060137
MDF,Mas dels Frares,2026-07-28,0.0,0.0,0.01954166666666667,0.10458333333333332,0.152625,0.0,0.0,0.9702226754613481,1.0848794752548443,0.0,0.0,0.9513946381702632,1.0653969971268538
MDF,Mas dels Frares,2026-07-29,0.0,0.0,0.02004166666666667,0.10470833333333333,0.15239583333333334,0.0,0.0,0.8504531955124798,0.9679531167284435,0.0,0.0,0.8339493919172717,0.950570425050963
MDF,Mas dels Frares,2026-07-30,0.0,0.0,0.02008333333333334,0.10475000000000001,0.15247916666666667,0.0,0.0,0.7481893557142533,0.8670661488251937,0.0,0.0,0.7336700732376998,0.8514952050795399
MDF,Mas dels Frares,2026-07-31,0.0,0.0,0.019875000000000004,0.10447916666666668,0.15254166666666666,0.0,0.0,0.6630718131571681,0.7827442474770532,0.0,0.0,0.6502043125920489,0.7686875729531853
MDF,Mas dels Frares,2026-08-01,0.0,0.0,0.019791666666666666,0.10414583333333333,0.15272916666666667,0.0,0.0,0.5972247151674585,0.713883704120428,0.0,0.0,0.5856350363311196,0.70106364072289
MDF,Mas dels Frares,2026-08-02,0.0,0.0,0.020083333333333335,0.103875,0.152625,0.0,0.0,0.523151656111767,0.6370681959662068,0.0,0.0,0.5129994311233318,0.6256276005110903
MDF,Mas dels Frares,2026-08-03,0.0,0.0,0.0199375,0.10383333333333333,0.1523125,0.0,0.0,0.467562981593499,0.5779286619744927,0.0,0.0,0.4584895044670371,0.567550105855333
MDF,Mas dels Frares,2026-08-04,0.0,0.0,0.02004166666666667,0.10345833333333332,0.15256250000000002,0.0,0.0,0.412806451996241,0.51993056700263,0.0,0.0,0.40479557421657064,0.5105935520339184
MDF,Mas dels Frares,2026-08-05,0.0,0.0,0.020291666666666666,0.1036875,0.1525,0.0,0.0,0.3546115888755793,0.4581174229412506,0.0,0.0,0.34773003437467515,0.4498904605218468
MDF,Mas dels Frares,2026-08-06,0.0,0.0,0.01947916666666667,0.10372916666666666,0.15277083333333333,0.0,0.0,0.31284652566200677,0.4104918733589495,0.0,0.0,0.30677545950314816,0.4031201798880643
MDF,Mas dels Frares,2026-08-07,0.0,0.0,0.01985416666666667,0.10345833333333333,0.1526875,0.0,0.0,0.2750379189393332,0.367462737223226,0.0,0.0,0.2697005625517495,0.3608637694078184
MDF,Mas dels Frares,2026-08-08,0.0,0.0,0.019437500000000003,0.10354166666666668,0.15289583333333334,0.0,0.0,0.24241523861733447,0.3301278861187032,0.0,0.0,0.23771095446891038,0.3241993848727593
MDF,Mas dels Frares,2026-08-09,0.050693304092500585,0.0,0.01979166666666667,0.1035,0.153,0.0,0.0,0.2934636955334334,0.37796355131173986,0.0,0.0,0.20667983771875814,0.2881580664290757
MDF,Mas dels Frares,2026-08-10,0.09775555561086009,0.0,0.019458333333333338,0.10325,0.153,0.0,0.0,0.41941668179345876,0.5022538811813602,0.0,0.0,0.18177904527910935,0.25781311202729723
MDF,Mas dels Frares,2026-08-11,0.0,0.0,0.019645833333333335,0.10310638297872345,0.153,0.0,0.0,0.3712399179939432,0.4517533763457846,0.0,0.0,0.16089879299475757,0.23189058002020657
MDF,Mas dels Frares,2026-08-12,0.0,0.0,0.01947916666666667,0.10310416666666666,0.153,0.0,0.0,0.324361226623161,0.4025892795308426,0.0,0.0,0.1405811372332463,0.20665404273341031
MDF,Mas dels Frares,2026-08-13,0.0,0.0,0.019000000000000003,0.103,0.153,0.0,0.0,0.27868716331928417,0.35350562866578755,0.0,0.0,0.12078557834919376,0.18145879934491416
MDF,Mas dels Frares,2026-08-14,0.0,0.0,0.018937500000000003,0.10281249999999999,0.153,0.0,0.0,0.2430703861365612,0.3145201410839374,0.0,0.0,0.10534893971930148,0.16144706772078557
MDF,Mas dels Frares,2026-08-15,0.04943648319134429,0.0,0.018312500000000002,0.10225,0.153,0.0,0.0,0.2917773571659958,0.36243220275912724,0.0,0.0,0.09153199320133433,0.14367225299820618
MDF,Mas dels Frares,2026-08-16,0.08066739471323556,0.8,0.01947916666666667,0.10197916666666666,0.1526875,0.0,0.0,0.39060402388491927,0.4588070278395393,0.0,0.0,1.4037293955303898,1.4686470578984951
MDF,Mas dels Frares,2026-08-17,0.0,0.0,0.019687500000000004,0.10239583333333334,0.15275000000000002,0.0,0.0,0.3454454139083594,0.41244137098034717,0.0,0.0,1.2414410820232427,1.3202300080236642
MDF,Mas dels Frares,2026-08-18,0.011628250583152063,0.0,0.019250000000000003,0.10245833333333333,0.153,0.0,0.0,0.326099377597203,0.39062330501413817,0.0,0.0,1.1023006548031913,1.1875719903257038
MDF,Mas dels Frares,2026-08-19,0.0,0.0,0.019083333333333338,0.10235416666666668,0.153,0.0,0.0,0.28926596113279823,0.3529155405068561,0.0,0.0,0.9777941335503268,1.0729329394246698
MDF,Mas dels Frares,2026-08-20,0.00033007599685866206,0.0,0.018166666666666668,0.10154166666666666,0.15297916666666667,0.0,0.0,0.2546302842876349,0.3122487125445359,0.0,0.0,0.8588778015036737,0.9476348862438799
MDF,Mas dels Frares,2026-08-21,0.005663655845476167,0.0,0.018208333333333337,0.101125,0.15239583333333334,0.0,0.0,0.23178248596012768,0.28418325240711895,0.0,0.0,0.750492436161502,0.8340757481948653
MDF,Mas dels Frares,2026-08-22,11.859876574092594,9.399999999999999,0.03389583333333334,0.09999999999999999,0.1524791666666667,15.688140712945593,16.598632270168856,20.375069443379946,20.703389401876954,11.072986866791746,11.98347842401501,16.662688163531087,16.968606525341542
MDF,Mas dels Frares,2026-08-23,0.0,0.0,0.040208333333333325,0.10029166666666667,0.15233333333333335,8.334086303939962,10.491268292682928,18.24701036969426,18.891025726253194,3.7189324577861163,5.876116322701689,14.922366009688393,15.483183752503523
MDF,Mas dels Frares,2026-08-24,45.55482414271823,55.300000000000004,0.048374999999999994,0.10120833333333333,0.152,85.65779174484054,89.52278986866791,92.01861664587864,93.66529896667191,99.32627016885554,100.0,92.01861664587864,93.66529896667191
MDF,Mas dels Frares,2026-08-25,0.0018650974827398718,0.0,0.07337500000000001,0.10104166666666665,0.15125,76.82053283302064,81.61527392120074,83.71887986233152,86.15774399251004,90.48551219512196,92.08898499061915,83.71553192850872,86.154380458863
MDF,Mas dels Frares,2026-08-26,0.0,0.0,0.06364583333333333,0.10281250000000001,0.151,69.69290994371482,75.59315759849906,77.28678010589138,80.63597382861646,83.35788930581614,86.06686679174486,77.28354938508633,80.6327100633666
MDF,Mas dels Frares,2026-08-27,0.0,0.0,0.06058333333333333,0.10622916666666667,0.150875,63.3938311444653,69.99063789868669,71.79007788533258,75.64610686129663,77.05881050656662,80.46434709193247,71.78694733167036,75.64293325391547
MDF,Mas dels Frares,2026-08-28,0.0,0.0,0.05608333333333334,0.107375,0.151,56.298180112570364,62.08458536585366,65.8021149836275,68.83821543692315,69.96315947467167,72.55829455909945,65.79909354941746,68.83516483582355
MDF,Mas dels Frares,2026-08-29,0.0,0.0,0.0536875,0.10781250000000002,0.151,49.02289493433396,55.563313320825515,59.87920685642698,63.42180141133142,62.68787429643527,66.0370243902439,59.87629335616724,63.41884867503414
MDF,Mas dels Frares,2026-08-30,0.0,0.0,0.05177083333333333,0.109375,0.151,41.68798123827392,49.35717636022515,54.121924157763246,58.42858265231229,55.35296060037524,59.83088742964353,54.119115573239384,58.425720134444475
MDF,Mas dels Frares,2026-08-31,0.0,0.0,0.049979166666666665,0.11043750000000001,0.151,34.509108818011256,43.186574108818014,48.69936788757448,53.615219151892354,48.17408818011257,53.66028517823641,48.69670557072553,53.61244360279491
MDF,Mas dels Frares,2026-09-01,0.0,0.0,0.04712499999999999,0.11108333333333335,0.15195833333333333,28.990694183864917,38.25099437148218,44.830550184191004,49.8708228553162,42.65567354596623,48.724705440900564,44.828099369441645,49.86811967752239
MDF,Mas dels Frares,2026-09-02,0.006195071667566421,0.0,0.04610416666666667,0.11162500000000002,0.152,22.114849906191367,32.48249155722327,40.440714225465435,45.73972888626137,35.76820637898687,42.944577861163225,40.42802179687065,45.726592469957154
MDF,Mas dels Frares,2026-09-03,0.0,0.0,0.04441666666666666,0.1121875,0.152,15.164204502814258,26.58127392120075,36.4367315483919,41.86495148990598,28.817560975609755,37.04336022514072,36.425295780694356,41.85292790680398
MDF,Mas dels Frares,2026-09-04,0.0012899180063562987,0.0,0.04314583333333333,0.11260416666666667,0.1522916666666667,8.116686679174483,20.732397748592874,32.782496192820616,38.3493421064969,21.76762288930582,31.192065666041277,32.77003074840569,38.336112088417714
MDF,Mas dels Frares,2026-09-05,0.0027100216208007363,0.0,0.042020833333333334,0.11264583333333333,0.152875,1.0943095684803001,15.074795497185741,29.507305661618044,35.23111535648517,14.740161350844279,25.529378986866792,29.491511552101354,35.214292271353706
MDF,Mas dels Frares,2026-09-06,0.0,0.0,0.04075,0.11254166666666669,0.1526875,0.0,8.774307692307694,26.20118739767569,32.05401061648658,6.817951219512195,19.22888930581614,26.187162924280123,32.03870461938857
MDF,Mas dels Frares,2026-09-07,0.08950229236729165,0.0,0.039625,0.11210416666666667,0.15272916666666667,0.0,2.620581613508443,23.534136592597363,29.30688971459541,0.0,12.907242026266417,23.37175161276598,29.140238152707187
MDF,Mas dels Frares,2026-09-08,0.004455973257272569,0.0,0.03885416666666667,0.1118125,0.15270833333333333,0.0,0.0,21.300880475835193,26.979053578421162,0.0,7.370769230769231,21.146392947596738,26.81798890923873
MDF,Mas dels Frares,2026-09-09,0.01942985688517712,0.0,0.03704166666666667,0.11070833333333334,0.15277083333333333,0.0,0.0,19.4218877548128,24.429674417068366,0.0,0.6632701688555347,19.248087207460408,24.25106177864983
MDF,Mas dels Frares,2026-09-10,0.0,0.0,0.036312500000000004,0.10895833333333334,0.15233333333333335,0.0,0.0,17.248452647470177,21.702672722363396,0.0,0.0,17.094101507717077,21.543998006953878
MDF,Mas dels Frares,2026-09-11,0.0,0.0,0.03572916666666667,0.10835416666666668,0.15145833333333333,0.0,0.0,15.254720340760684,19.46859059962997,0.0,0.0,15.1182105030764,19.326249925172974
MDF,Mas dels Frares,2026-09-12,0.0,0.0,0.03554166666666667,0.1085625,0.151,0.0,0.0,13.741268070188475,17.839957390381556,0.0,0.0,13.618301655076591,17.709524139230894
MDF,Mas dels Frares,2026-09-13,0.0,0.0,0.034875,0.10839583333333334,0.151,0.0,0.0,12.458508320070731,16.4186454026245,0.0,0.0,12.347020930556491,16.298603787474185
MDF,Mas dels Frares,2026-09-14,0.0,0.0,0.034583333333333334,0.10804166666666666,0.151,0.0,0.0,11.190960974212123,14.99167997665598,0.0,0.0,11.090816479131545,14.88207133147952
MDF,Mas dels Frares,2026-09-15,0.0,0.0,0.034270833333333334,0.10781250000000002,0.151,0.0,0.0,10.00278171538987,13.65298537059737,0.0,0.0,9.91326987394951,13.553164321094219
MDF,Mas dels Frares,2026-09-16,0.022473167669565922,0.0,0.03333333333333333,0.10727083333333333,0.151,0.0,0.0,9.07341589043586,12.492930574127268,0.0,0.0,8.954475917918645,12.363409993478983
MDF,Mas dels Frares,2026-09-17,0.007641344702021886,0.0,0.03295833333333333,0.10685416666666668,0.151,0.0,0.0,8.376274397085236,11.412086613105512,0.0,0.0,8.253432124893235,11.280826182896039
MDF,Mas dels Frares,2026-09-18,0.0,0.0,0.0324375,0.10583333333333333,0.151,0.0,0.0,7.616480646226509,10.290033995653456,0.0,0.0,7.504781131103838,10.171679277981715
